"pitches","player_id","player_name","year","total_pitches","pitch_percent","ba","iso","babip","slg","woba","xwoba","xba","hits","abs","launch_speed","launch_angle","spin_rate","velocity","effective_speed","whiffs","swings","takes","eff_min_vel","release_extension","pos3_int_start_distance","pos4_int_start_distance","pos5_int_start_distance","pos6_int_start_distance","pos7_int_start_distance","pos8_int_start_distance","pos9_int_start_distance","pitcher_run_exp","run_exp","bat_speed","swing_length","pa","bip","singles","doubles","triples","hrs","so","k_percent","bb","bb_percent","api_break_z_with_gravity","api_break_z_induced","api_break_x_arm","api_break_x_batter_in","hyper_speed","bbdist","hardhit_percent","barrels_per_bbe_percent","barrels_per_pa_percent","release_pos_z","release_pos_x","plate_x","plate_z","obp","barrels_total","batter_run_value_per_100","xobp","xslg","pitcher_run_value_per_100","xbadiff","xobpdiff","xslgdiff","wobadiff","swing_miss_percent","arm_angle","attack_angle","attack_direction","swing_path_tilt","rate_ideal_attack_angle","intercept_ball_minus_batter_pos_x_inches","intercept_ball_minus_batter_pos_y_inches"
2633,669392,"Taylor, Samad",2025,2672,98.5,0.282,0.172,0.334,0.454,0.359,0.302,0.229,151,535,86.4,12.6,2289,88.4,88.52,245,1082,1551,0.09999999999999432,6.33,102,148,106,145,298,322,288,"-27.211","27.211",,,617,418,100,27,7,17,122,19.8,73,11.8,2.3728,0.58286,0.27992,0.02427,"90.5",148,29.97601918465228,3.597122302158273,2.4311183144246353,5.81,-0.71,0.21,2.29,0.37,15,"1.033459932",0.326,0.342,"-1.033459932",0.053,0.043999999999999984,0.112,0.057,22.6,,,,,,,
2581,675085,"Long, Jonathon",2025,2581,100,0.304,0.173,0.357,0.478,0.384,0.373,0.274,156,513,90.9,10.3,2231,88.2,88.26,234,1056,1525,0.09999999999999432,6.31,104,150,121,146,295,316,283,"-40.047","40.047",,,606,401,110,23,3,20,116,19.1,79,13,2.35631,0.62433,0.24677,0.09994,"92.2",166,47.103274559193956,10.075566750629724,6.6006600660066,5.78,-0.84,0.13,2.44,0.403,40,"1.551607904",0.381,0.471,"-1.551607904",0.03,0.02200000000000002,0.007,0.011,22.2,,,,,,,
2537,669899,"Ward, Ryan",2025,2537,100,0.29,0.267,0.312,0.557,0.397,0.362,0.27,164,566,91.5,13.6,2205,88,88.06,232,1075,1462,0.09999999999999432,6.31,114,145,122,149,297,326,303,"-51.901","51.901",,,648,446,91,31,6,36,122,18.8,79,12.2,2.46702,0.52348,0.35053,-0.22933,"92.6",174,50.2262443438914,11.312217194570136,7.716049382716049,5.68,-0.66,-0.08,2.38,0.377,50,"2.045762712",0.361,0.467,"-2.045762712",0.02,0.016000000000000014,0.09,0.035,21.6,,,,,,,
2437,687867,"Dungan, Clay",2025,2450,99.5,0.27,0.176,0.34,0.446,0.353,0.309,0.234,141,522,87.5,8.5,2209,88.7,89.04,266,1063,1374,0.29999999999999716,6.31,115,145,108,149,293,323,302,"-19.389","19.389",,,611,387,85,34,8,14,142,23.2,72,11.8,2.39196,0.53546,0.37583,-0.24972,"91.2",155,38.28125,4.6875,2.9459901800327333,5.69,-0.91,-0.08,2.38,0.365,18,"0.795609356",0.336,0.348,"-0.795609356",0.036,0.02899999999999997,0.098,0.044,25,,,,,,,
2379,666632,"Perlaza, Yonathan",2025,2384,99.8,0.302,0.205,0.36,0.507,0.384,0.349,0.272,162,536,90.7,8.4,2161,87.7,87.95,327,1077,1302,0.20000000000000284,6.28,111,146,113,149,299,326,300,"-29.149","29.149",,,617,416,92,49,2,19,125,20.3,72,11.7,2.57103,0.42251,0.34951,-0.34951,"92.6",139,46.116504854368934,7.281553398058252,4.862236628849271,5.7,-0.82,-0.04,2.23,0.386,30,"1.225262715",0.36,0.435,"-1.225262715",0.03,0.026000000000000023,0.072,0.035,30.4,,,,,,,
2358,682617,"Luciano, Marco",2025,2358,100,0.215,0.2,0.277,0.415,0.33,0.325,0.202,99,460,91.2,13.3,2248,87.8,87.86,360,980,1378,0.10000000000000853,6.34,106,149,119,146,303,327,295,"-2.662","2.662",,,552,297,54,21,1,23,169,30.6,84,15.2,2.51199,0.50742,0.26239,0.04901,"92.6",155,45.42372881355932,12.54237288135593,6.702898550724639,5.74,-0.92,0.16,2.28,0.335,37,"0.112892282",0.328,0.401,"-0.112892282",0.013,0.007000000000000006,0.014,0.005,36.7,,,,,,,
2319,701678,"Lee, Hao-Yu ",2025,2319,100,0.243,0.163,0.292,0.406,0.329,0.339,0.243,121,497,89.8,11.6,2279,88.4,88.42,274,1072,1247,0,6.32,106,151,118,147,294,317,282,"-6.684","6.684",,,578,381,76,23,8,14,121,20.9,64,11.1,2.3591,0.62704,0.23959,0.09516,"91.9",175,44.80874316939891,9.289617486338798,5.88235294117647,5.78,-0.96,0.14,2.35,0.341,34,"0.288227684",0.347,0.414,"-0.288227684",0,-0.00599999999999995,-0.008,-0.01,25.6,,,,,,,
2276,681198,"Rumfield, T.J.",2025,2276,100,0.285,0.162,0.329,0.447,0.36,0.34,0.258,142,499,87.8,17,2217,87.9,87.85,242,1127,1149,0,6.3,113,145,122,150,289,324,294,"-17.195","17.195",,,586,399,94,31,1,16,108,18.4,69,11.8,2.47589,0.53446,0.32112,-0.26329,"91.5",164,36.868686868686865,6.313131313131313,4.266211604095563,5.7,-1.29,-0.14,2.44,0.377,25,"0.755492091",0.357,0.407,"-0.755492091",0.027,0.020000000000000018,0.04,0.02,21.5,,,,,,,
2243,621458,"Ríos, Edwin",2025,2243,100,0.246,0.222,0.331,0.468,0.347,0.331,0.226,116,472,92,13.4,2173,87.6,87.74,366,1003,1240,0.10000000000000853,6.35,114,144,123,150,292,320,293,"-7.787","7.787",,,546,298,65,23,2,26,180,33,63,11.5,2.49528,0.53266,0.2665,-0.22016,"92.4",158,52.20338983050847,14.237288135593221,7.6923076923076925,5.85,-0.94,-0.08,2.36,0.337,42,"0.34716897",0.322,0.437,"-0.34716897",0.02,0.015000000000000013,0.031,0.016,36.5,,,,,,,
2215,694359,"Kavadas, Niko",2025,2216,100,0.231,0.24,0.294,0.471,0.359,0.342,0.213,99,429,90.6,18.5,2211,88.5,88.82,264,829,1386,0.29999999999999716,6.3,114,145,120,150,298,332,303,"-17.873","17.873",,,519,272,53,16,3,27,161,31,72,13.9,2.4574,0.47604,0.32612,-0.23236,"92.3",174,46.666666666666664,14.814814814814813,7.7071290944123305,5.73,-1.03,-0.13,2.3,0.356,40,"0.806907449",0.344,0.428,"-0.806907449",0.018,0.01200000000000001,0.043,0.017,31.8,,,,,,,
2184,690984,"Halpin, Petey",2025,2193,99.6,0.244,0.167,0.326,0.411,0.317,0.295,0.223,118,484,87.7,23.3,2201,88.6,88.45,288,1110,1074,-0.09999999999999432,6.29,116,145,109,151,282,317,286,"2.944","-2.944",,,544,333,70,29,5,14,156,28.7,51,9.4,2.36643,0.61785,0.3321,-0.26051,"90.6",190,35.24096385542169,9.036144578313253,5.514705882352941,5.83,-1.03,-0.12,2.42,0.317,30,"-0.134798535",0.299,0.369,"0.134798535",0.021,0.018000000000000016,0.042,0.022,25.9,,,,,,,
2160,690976,"Freeland, Alex",2025,2160,100,0.263,0.188,0.315,0.451,0.364,0.354,0.252,109,415,91.6,12.4,2184,88.3,88.3,197,831,1329,0,6.27,112,147,114,148,296,323,296,"-20.405","20.405",,,507,311,63,30,0,16,111,21.9,82,16.2,2.43697,0.5259,0.40774,-0.40774,"92.2",160,47.58842443729904,7.717041800643088,4.733727810650888,5.68,-0.74,0.01,2.33,0.383,24,"0.944675926",0.378,0.412,"-0.944675926",0.011,0.0050000000000000044,0.039,0.01,23.7,,,,,,,
2145,690291,"Jung, Jace",2025,2145,100,0.252,0.194,0.318,0.447,0.357,0.356,0.239,104,412,90.5,19,2199,88.2,88.12,263,914,1231,-0.10000000000000853,6.27,115,145,119,151,287,319,291,"-13.038","13.038",,,495,291,59,27,1,17,125,25.3,78,15.8,2.4061,0.59746,0.36073,-0.29843,"91.8",186,46.808510638297875,12.76595744680851,7.2727272727272725,5.79,-0.85,-0.08,2.37,0.37,36,"0.607832168",0.361,0.451,"-0.607832168",0.013,0.009000000000000008,-0.004,0.001,28.8,,,,,,,
2142,670351,"Rojas, Jose",2025,2143,100,0.285,0.312,0.308,0.598,0.41,0.35,0.237,127,445,92.3,20.8,2200,88.3,88.28,221,975,1167,0,6.32,114,145,119,151,290,324,294,"-39.1","39.1",,,515,340,56,35,4,32,108,21,64,12.4,2.38356,0.59029,0.37248,-0.28202,"92.4",172,45.40059347181009,13.353115727002967,8.737864077669903,5.71,-1.19,-0.11,2.38,0.377,45,"1.825396825",0.337,0.472,"-1.825396825",0.048,0.03999999999999998,0.126,0.06,22.7,,,,,,,
2139,665846,"Bastidas, Jesús",2025,2141,99.9,0.262,0.178,0.33,0.44,0.346,0.309,0.228,131,500,86.9,19.9,2262,88.6,88.73,323,1096,1043,0.10000000000000853,6.3,106,151,119,146,298,320,289,"-13.382","13.382",,,574,365,76,37,2,16,138,24,53,9.2,2.36992,0.56955,0.27072,0.04631,"91.1",170,34.44444444444444,6.111111111111111,3.8327526132404177,5.74,-0.7,0.27,2.37,0.351,22,"0.625619448",0.323,0.365,"-0.625619448",0.034,0.02799999999999997,0.075,0.037,29.5,,,,,,,
2121,671976,"Peters, Tristan",2025,2125,99.8,0.264,0.165,0.304,0.429,0.342,0.31,0.236,126,478,86.5,16.9,2200,88.1,88.2,266,1019,1102,0.10000000000000853,6.35,115,146,114,151,285,319,292,"-13.19","13.19",,,550,380,80,28,3,15,102,18.5,64,11.6,2.41069,0.57706,0.29573,-0.26375,"91.0",157,29.551451187335093,5.013192612137203,3.4545454545454546,5.71,-1.16,-0.05,2.38,0.353,19,"0.621876473",0.33,0.364,"-0.621876473",0.028,0.022999999999999965,0.065,0.032,26.1,,,,,,,
2112,681047,"Franklin, Christian",2025,2114,99.9,0.273,0.155,0.336,0.428,0.363,0.357,0.262,121,444,91,9,2244,88.4,88.42,208,828,1284,0,6.3,105,150,116,147,295,316,282,"-20.339","20.339",,,532,336,81,23,5,12,109,20.5,80,15,2.34342,0.61991,0.26394,0.10959,"92.8",155,48.93617021276596,8.206686930091186,5.075187969924812,5.83,-0.88,0.22,2.37,0.391,27,"0.963020833",0.384,0.416,"-0.963020833",0.011,0.007000000000000006,0.012,0.006,25.1,,,,,,,
2106,687529,"McCray, Grant",2025,2127,99,0.235,0.174,0.301,0.409,0.317,0.302,0.221,100,425,90.6,10.7,2201,88.6,88.59,323,1004,1102,0,6.31,113,145,100,149,292,327,305,"2.786","-2.786",,,488,297,61,19,5,15,135,27.7,55,11.3,2.35575,0.60245,0.42384,-0.26521,"91.8",154,45.42372881355932,8.813559322033898,5.327868852459016,5.78,-0.81,-0.12,2.36,0.32,26,"-0.132288699",0.31,0.367,"0.132288699",0.014,0.010000000000000009,0.042,0.015,32.2,,,,,,,
2080,687208,"Hickey, Nathan",2025,2080,100,0.234,0.174,0.299,0.408,0.319,0.304,0.224,105,448,90.6,13.7,2199,87.6,87.57,241,872,1208,0,6.31,115,145,122,151,288,321,293,"-2.298","2.298",,,511,311,63,23,2,17,141,27.6,56,11,2.50733,0.53148,0.30513,-0.28243,"92.3",159,44.983818770226534,6.796116504854369,4.10958904109589,5.77,-1.3,-0.12,2.3,0.321,21,"0.110480769",0.314,0.365,"-0.110480769",0.01,0.007000000000000006,0.043,0.015,27.6,,,,,,,
2069,687605,"Pinckney, Andrew",2025,2073,99.8,0.268,0.163,0.356,0.432,0.342,0.306,0.221,120,447,89.8,7.3,2268,87.9,87.86,321,923,1146,0,6.32,106,149,117,146,299,321,289,"-9.702","9.702",,,505,301,89,9,2,20,148,29.3,44,8.7,2.4545,0.54872,0.1792,0.06929,"92.3",146,40.666666666666664,10.333333333333334,6.138613861386139,5.71,-1.13,0.18,2.33,0.349,31,"0.468922185",0.309,0.38,"-0.468922185",0.047,0.03999999999999998,0.052,0.036,34.8,,,,,,,
2067,670148,"Mondou, Nate",2025,2078,99.5,0.307,0.114,0.356,0.421,0.362,0.336,0.278,142,463,85,13.5,2230,88.9,89.23,173,992,1075,0.29999999999999716,6.31,115,146,111,150,290,321,301,"-21.406","21.406",,,539,388,105,27,4,6,79,14.7,63,11.7,2.3585,0.55336,0.35513,-0.25987,"90.1",171,23.711340206185564,2.3195876288659796,1.6697588126159555,5.69,-0.87,-0.07,2.39,0.397,9,"1.03560716",0.375,0.37,"-1.03560716",0.029,0.02200000000000002,0.051,0.026,17.4,,,,,,,
2053,695020,"Murray, Tanner",2025,2056,99.9,0.24,0.16,0.291,0.4,0.304,0.306,0.241,125,520,90.6,12.1,2259,87.8,87.91,302,1069,984,0.10000000000000853,6.35,106,151,119,147,292,319,288,"5.165","-5.165",,,569,386,78,29,0,18,138,24.3,39,6.9,2.45936,0.54466,0.16522,0.10272,"92.4",148,47.91666666666667,7.03125,4.745166959578207,5.75,-1,0.13,2.37,0.299,27,"-0.251583049",0.302,0.393,"0.251583049",-0.001,-0.0030000000000000027,0.007,-0.002,28.3,,,,,,,
2044,670097,"Short, Zack",2025,2044,100,0.201,0.164,0.243,0.365,0.318,0.318,0.198,77,384,89.7,24.3,2249,88.8,88.89,199,779,1265,0.10000000000000853,6.29,107,151,117,146,296,318,284,"-1.447","1.447",,,473,270,44,18,0,15,119,25.2,77,16.3,2.3026,0.62289,0.35205,0.12124,"91.5",162,39.39393939393939,9.090909090909092,5.07399577167019,5.73,-0.82,0.23,2.4,0.34,24,"0.070792564",0.342,0.36,"-0.070792564",0.003,-0.0020000000000000018,0.005,0,25.5,,,,,,,
2041,666801,"Castro, Rodolfo",2025,2043,99.9,0.233,0.187,0.27,0.421,0.324,0.3,0.222,106,454,88,15.4,2237,87.4,87.32,275,965,1076,-0.10000000000000853,6.3,105,150,118,146,293,319,286,"-1.052","1.052",,,523,341,60,26,1,19,119,22.8,54,10.3,2.54978,0.50995,0.2057,0.10529,"91.8",141,38.18181818181819,7.2727272727272725,4.588910133843212,5.82,-1.21,0.19,2.31,0.323,24,"0.051543361",0.316,0.356,"-0.051543361",0.011,0.007000000000000006,0.065,0.024,28.5,,,,,,,
2022,689070,"Packard, Spencer",2025,2022,100,0.278,0.135,0.308,0.413,0.358,0.349,0.271,115,414,88.5,13.2,2241,88.4,88.54,145,825,1197,0.09999999999999432,6.3,115,145,119,150,287,322,296,"-18.396","18.396",,,493,351,80,24,1,10,65,13.2,63,12.8,2.35796,0.59273,0.36967,-0.24783,"91.1",164,33.14285714285714,3.7142857142857144,2.636916835699797,5.73,-0.78,-0.07,2.28,0.389,13,"0.909792285",0.385,0.389,"-0.909792285",0.007,0.0040000000000000036,0.024,0.009,17.6,,,,,,,
2018,689288,"Koperniak, Matt",2025,2018,100,0.246,0.136,0.283,0.382,0.307,0.313,0.237,118,479,88.4,9.5,2222,88.1,88.33,250,1001,1017,0.20000000000000284,6.35,113,145,110,150,284,318,294,"2.199","-2.199",,,535,381,83,19,2,14,103,19.3,47,8.8,2.37913,0.59921,0.318,-0.24924,"91.6",163,39.37007874015748,7.611548556430446,5.420560747663552,5.69,-1.11,-0.08,2.35,0.316,29,"-0.108969277",0.311,0.403,"0.108969277",0.009,0.0050000000000000044,-0.021,-0.006,25,,,,,,,
2012,687282,"Rincones Jr., Gabriel",2025,2012,100,0.24,0.189,0.283,0.43,0.35,0.364,0.248,99,412,92.3,12,2172,87.9,87.79,255,883,1129,-0.10000000000000853,6.28,114,146,121,150,289,321,294,"-14.654","14.654",,,503,304,58,22,1,18,114,22.7,77,15.3,2.47081,0.53102,0.37156,-0.34308,"93.3",159,48.09688581314879,11.072664359861593,6.36182902584493,5.81,-1.47,-0.1,2.34,0.366,32,"0.72833002",0.381,0.433,"-0.72833002",-0.008,-0.015000000000000013,-0.003,-0.014,28.9,,,,,,,
1991,683679,"Rodriguez, Jesus",2025,1992,99.9,0.32,0.102,0.364,0.422,0.365,0.329,0.271,147,460,87.9,7.8,2249,88.6,88.67,153,952,1039,0.10000000000000853,6.33,106,150,119,146,299,323,288,"-17.666","17.666",,,531,392,117,20,3,7,72,13.6,61,11.5,2.34665,0.60679,0.30167,0.09834,"91.1",158,36.734693877551024,3.061224489795918,2.2598870056497176,5.72,-1,0.17,2.35,0.403,12,"0.887292818",0.362,0.371,"-0.887292818",0.049,0.041000000000000036,0.051,0.036,16.1,,,,,,,
1984,570560,"Sánchez, Yolmer",2025,1993,99.5,0.24,0.082,0.322,0.322,0.309,0.295,0.222,97,404,86.9,15,2179,88.8,89.09,253,957,1027,0.29999999999999716,6.32,113,146,109,149,295,326,299,"3.876","-3.876",,,478,293,75,15,3,4,113,23.6,67,14,2.3651,0.55595,0.41337,-0.41337,"90.3",159,29.411764705882355,3.1141868512110724,1.882845188284519,5.74,-0.89,-0.03,2.38,0.354,9,"-0.195362903",0.34,0.3,"0.195362903",0.018,0.013999999999999957,0.022,0.014,26.4,,,,,,,
1981,572138,"Singleton, Jon",2025,1981,100,0.202,0.176,0.245,0.378,0.319,0.319,0.201,79,392,89.8,18.7,2186,87.9,88.01,235,833,1148,0.09999999999999432,6.33,115,145,126,151,292,320,292,"0.819","-0.819",,,472,267,46,15,0,18,126,26.7,77,16.3,2.44384,0.54349,0.34758,-0.33843,"92.6",164,46.7680608365019,9.505703422053232,5.296610169491525,5.8,-0.99,-0.2,2.29,0.335,25,"-0.041342756",0.336,0.372,"0.041342756",0.001,-0.0010000000000000009,0.006,0,28.2,,,,,,,
1980,677060,"Stevens, Chad",2025,1980,100,0.29,0.19,0.351,0.48,0.369,0.359,0.276,133,458,88.9,12.5,2249,88.3,88.71,287,1003,977,0.4000000000000057,6.36,106,150,119,146,305,331,295,"-26.752","26.752",,,526,346,87,23,5,18,117,22.2,56,10.6,2.44519,0.50688,0.24123,0.06235,"91.7",163,44.57478005865102,9.090909090909092,5.893536121673003,5.71,-0.72,0.2,2.32,0.373,31,"1.351111111",0.362,0.461,"-1.351111111",0.014,0.01100000000000001,0.019,0.01,28.6,,,,,,,
1980,694514,"Thompson, Sterlin",2025,1980,100,0.296,0.223,0.353,0.519,0.392,0.327,0.241,130,439,87.8,9.1,2199,87.7,88.16,230,929,1051,0.5,6.35,114,146,118,151,299,329,305,"-29.791","29.791",,,513,335,76,28,8,18,107,20.9,53,10.3,2.53841,0.4493,0.27832,-0.20921,"91.8",145,40,6.969696969696971,4.483430799220272,5.65,-0.92,-0.09,2.33,0.392,23,"1.50459596",0.347,0.377,"-1.50459596",0.055,0.04500000000000004,0.142,0.065,24.8,,,,,,,
1971,694728,"Matthews, Brice",2025,1978,99.6,0.253,0.202,0.336,0.455,0.359,0.342,0.223,104,411,89.8,15.1,2208,88.2,88.4,309,876,1095,0.20000000000000284,6.32,106,150,115,146,298,320,286,"-16.216","16.216",,,490,276,62,18,7,17,138,28.2,70,14.3,2.40829,0.5599,0.34921,0.12345,"92.2",170,42.20532319391635,12.167300380228136,6.530612244897959,5.74,-0.76,0.1,2.34,0.367,32,"0.822729579",0.347,0.426,"-0.822729579",0.03,0.020000000000000018,0.029,0.017,35.3,,,,,,,
1969,622268,"Walton, Donovan",2025,1970,99.9,0.27,0.127,0.288,0.397,0.333,0.333,0.261,117,433,87.7,13.5,2196,87.5,87.53,197,948,1021,0,6.32,114,145,112,150,283,316,290,"-7.434","7.434",,,501,374,88,16,0,13,66,13.2,54,10.8,2.50365,0.52305,0.30152,-0.2585,"91.4",157,35.81267217630854,5.5096418732782375,3.992015968063872,5.84,-1.28,-0.1,2.29,0.355,20,"0.377552057",0.352,0.402,"-0.377552057",0.009,0.0030000000000000027,-0.005,0,20.8,,,,,,,
1967,665923,"Ruiz, Esteury",2025,1977,99.5,0.302,0.21,0.353,0.512,0.4,0.361,0.265,122,404,85.4,13.7,2221,88.5,88.55,215,876,1091,0,6.3,105,150,107,146,297,320,288,"-29.302","29.302",,,484,316,75,25,6,16,89,18.4,64,13.2,2.3955,0.56143,0.3951,0.06786,"90.9",151,28.075709779179807,7.886435331230284,5.1652892561983474,5.69,-0.6,0.16,2.33,0.412,25,"1.489679715",0.381,0.434,"-1.489679715",0.037,0.030999999999999972,0.078,0.039,24.5,,,,,,,
1956,689041,"Thomas, Rhylan",2025,1976,99,0.32,0.087,0.326,0.407,0.344,0.298,0.271,172,538,85.7,10.9,2230,88.7,88.86,103,1011,945,0.20000000000000284,6.3,112,145,101,148,279,316,294,"-15.784","15.784",,,597,513,140,24,1,7,32,5.4,45,7.5,2.28493,0.648,0.41548,-0.24827,"89.9",152,19.367588932806324,0.1976284584980237,0.16750418760469013,5.79,-0.77,-0.07,2.32,0.374,1,"0.806952965",0.331,0.333,"-0.806952965",0.049,0.04299999999999998,0.074,0.046,10.2,,,,,,,
1956,702789,"Gauthier, Austin",2025,1956,100,0.259,0.095,0.328,0.354,0.346,0.346,0.249,98,378,89.4,2.8,2250,88.7,88.83,153,751,1205,0.09999999999999432,6.32,106,149,115,146,302,321,289,"-12.906","12.906",,,477,291,72,20,2,4,92,19.3,92,19.3,2.40232,0.53297,0.3719,0.10493,"91.7",166,44.94773519163763,3.1358885017421603,1.8867924528301887,5.69,-0.84,0.12,2.36,0.403,9,"0.659815951",0.397,0.359,"-0.659815951",0.01,0.006000000000000005,-0.005,0,20.4,,,,,,,
1954,677578,"Rodríguez, Carlos",2025,1960,99.7,0.244,0.076,0.269,0.321,0.285,0.308,0.263,115,471,87,13.2,2212,88.9,88.97,160,959,995,0.09999999999999432,6.3,112,147,109,150,288,316,299,"14.418","-14.418",,,526,406,96,10,1,8,68,12.9,48,9.1,2.26922,0.64739,0.3767,-0.26547,"90.7",170,32.02933985330073,2.689486552567237,2.091254752851711,5.8,-0.93,-0.12,2.46,0.314,11,"-0.737871034",0.331,0.359,"0.737871034",-0.019,-0.017000000000000015,-0.038,-0.023,16.7,,,,,,,
1949,688760,"Crim, Blaine",2025,1949,100,0.281,0.213,0.31,0.494,0.37,0.328,0.252,120,427,89.6,14.1,2250,87.7,88.01,196,833,1116,0.29999999999999716,6.36,107,150,121,146,301,326,292,"-21.011","21.011",,,487,340,72,26,1,21,90,18.5,51,10.5,2.51329,0.49738,0.22292,0.03483,"92.3",164,42.38805970149254,7.164179104477612,4.9281314168377826,5.68,-1.14,0.26,2.23,0.363,24,"1.078040021",0.339,0.402,"-1.078040021",0.029,0.023999999999999966,0.092,0.042,23.5,,,,,,,
1938,605353,"Machín, Vimael",2025,1941,99.8,0.287,0.191,0.32,0.478,0.353,0.33,0.263,129,450,91.8,12.5,2201,88.6,88.69,221,933,1005,0.10000000000000853,6.32,113,146,114,151,286,318,290,"-13.679","13.679",,,498,365,81,28,2,18,90,18.1,41,8.2,2.32809,0.61171,0.31494,-0.24177,"92.1",167,46.7032967032967,8.516483516483516,6.2248995983935735,5.8,-1.04,-0.05,2.34,0.344,31,"0.705830753",0.325,0.44,"-0.705830753",0.024,0.01899999999999996,0.038,0.023,23.7,,,,,,,
1936,675455,"Tolentino, Milan",2025,1940,99.8,0.212,0.222,0.284,0.434,0.322,0.285,0.187,83,392,89.9,17,2211,88.9,88.71,289,861,1075,-0.20000000000000284,6.3,114,145,110,150,283,317,286,"3.68","-3.68",,,455,239,40,20,2,21,158,34.7,54,11.9,2.31614,0.63071,0.35158,-0.26877,"91.3",172,41.27659574468085,10.212765957446807,5.274725274725275,5.81,-1.02,-0.12,2.4,0.31,24,"-0.190082645",0.292,0.345,"0.190082645",0.025,0.018000000000000016,0.089,0.037,33.6,,,,,,,
1932,666915,"Dalbec, Bobby",2025,1932,100,0.269,0.256,0.373,0.525,0.373,0.372,0.259,108,402,92.9,14.8,2274,88.4,88.53,313,834,1098,0.09999999999999432,6.34,106,149,120,145,297,321,288,"-13.033","13.033",,,454,249,55,27,2,24,155,34.1,44,9.7,2.38716,0.56856,0.1849,0.0575,"93.4",174,56.048387096774185,18.14516129032258,9.911894273127754,5.81,-0.9,0.2,2.36,0.348,45,"0.674585921",0.34,0.531,"-0.674585921",0.01,0.007999999999999952,-0.006,0.001,37.5,,,,,,,
1931,669134,"Campusano, Luis",2025,1931,100,0.336,0.26,0.37,0.595,0.441,0.403,0.3,132,393,93.4,10.5,2239,88.4,88.75,172,773,1158,0.3999999999999915,6.34,106,151,121,147,307,328,300,"-57.827","57.827",,,475,314,81,25,1,25,82,17.3,72,15.2,2.48187,0.47251,0.29957,0.09768,"94.0",158,53.35463258785943,12.779552715654951,8.421052631578947,5.7,-0.89,0.14,2.33,0.441,40,"2.994665976",0.412,0.522,"-2.994665976",0.036,0.029000000000000026,0.073,0.038,22.3,,,,,,,
1921,691185,"Acosta, Maximo",2025,1921,100,0.224,0.141,0.287,0.366,0.302,0.282,0.207,92,410,87.4,10.3,2281,88.7,88.75,212,784,1137,0,6.34,106,149,116,145,299,318,281,"5.692","-5.692",,,465,288,63,13,3,13,123,26.5,50,10.8,2.32787,0.60829,0.2411,0.09084,"91.1",159,36.23693379790941,5.923344947735192,3.655913978494624,5.75,-1.22,0.22,2.34,0.314,17,"-0.296304008",0.299,0.326,"0.296304008",0.017,0.015000000000000013,0.04,0.02,27,,,,,,,
1921,702222,"Crawford, Justin",2025,1938,99.1,0.326,0.122,0.398,0.448,0.376,0.315,0.255,139,426,89.8,2.6,2204,88.9,88.85,177,964,957,0,6.28,111,147,101,149,282,315,294,"-22.583","22.583",,,487,339,105,23,4,7,89,18.3,58,11.9,2.23693,0.68707,0.38457,-0.28907,"91.4",155,45.3125,3.4375000000000004,2.2587268993839835,5.85,-1.22,-0.05,2.44,0.407,11,"1.175585632",0.35,0.344,"-1.175585632",0.071,0.056999999999999995,0.104,0.061,18.4,,,,,,,
1914,695670,"Ford, Harry",2025,1914,100,0.284,0.177,0.33,0.461,0.383,0.363,0.256,106,373,88.8,9.8,2258,88.8,88.95,177,762,1152,0.20000000000000284,6.35,105,149,118,145,298,322,287,"-26.342","26.342",,,457,289,72,18,0,16,87,19,74,16.2,2.32076,0.60748,0.35934,0.10463,"91.6",152,41.86851211072664,8.650519031141869,5.470459518599562,5.79,-0.86,0.16,2.27,0.409,25,"1.376280042",0.388,0.425,"-1.376280042",0.028,0.020999999999999963,0.036,0.02,23.2,,,,,,,
1912,640458,"Mercado, Óscar",2025,1918,99.7,0.251,0.124,0.273,0.376,0.335,0.318,0.239,97,386,85.2,19.1,2245,87.8,87.85,163,816,1096,0,6.33,104,150,117,145,292,320,286,"-10.147","10.147",,,468,326,72,13,1,11,66,14.1,68,14.5,2.41971,0.58153,0.2241,0.07934,"90.7",144,27.32919254658385,2.7950310559006213,1.9230769230769231,5.8,-1.14,0.21,2.34,0.37,9,"0.530700837",0.364,0.326,"-0.530700837",0.012,0.006000000000000005,0.05,0.017,20,,,,,,,
1912,667452,"Julks, Corey",2025,1912,100,0.3,0.177,0.36,0.477,0.369,0.301,0.244,131,436,86.1,14,2268,88.4,88.55,179,810,1102,0.19999999999998863,6.34,106,150,120,147,296,320,285,"-20.442","20.442",,,485,337,85,30,1,15,99,20.4,46,9.5,2.38394,0.56533,0.19607,0.05936,"91.0",160,34.036144578313255,3.614457831325301,2.4742268041237114,5.72,-1.04,0.13,2.36,0.371,12,"1.069142259",0.321,0.352,"-1.069142259",0.056,0.04999999999999999,0.125,0.068,22.1,,,,,,,
1911,686554,"Dunn, Oliver",2025,1917,99.7,0.208,0.132,0.307,0.339,0.296,0.288,0.202,82,395,90.2,8.2,2195,88.5,88.78,261,797,1114,0.29999999999999716,6.35,115,145,109,150,288,319,297,"12.499","-12.499",,,459,249,51,18,5,8,146,31.8,54,11.8,2.33544,0.60652,0.38723,-0.2897,"91.9",157,42.10526315789473,6.882591093117409,3.7037037037037033,5.73,-1.13,-0.07,2.38,0.317,17,"-0.654055468",0.312,0.319,"0.654055468",0.006,0.0050000000000000044,0.02,0.008,32.7,,,,,,,
1899,694661,"Tirotta, Riley",2025,1899,100,0.268,0.149,0.375,0.417,0.341,0.301,0.221,108,403,87,13.3,2273,88.5,88.54,291,831,1068,0,6.33,106,150,120,146,296,315,284,"-9.905","9.905",,,462,268,74,20,2,12,137,29.7,52,11.3,2.35441,0.59788,0.24854,0.13056,"91.6",154,37.453183520599254,8.239700374531834,4.761904761904762,5.74,-1.09,0.18,2.32,0.357,22,"0.521590311",0.317,0.353,"-0.521590311",0.047,0.03999999999999998,0.064,0.04,35,,,,,,,
1867,701496,"Cowles, Ben",2025,1871,99.8,0.231,0.137,0.32,0.368,0.292,0.275,0.21,110,476,88.8,18.1,2243,88.6,88.67,332,1017,850,0.10000000000000853,6.31,104,151,118,146,294,317,284,"20.413","-20.413",,,521,325,67,30,4,9,152,29.2,37,7.1,2.32563,0.62446,0.25868,0.11763,"91.1",167,37.84615384615385,7.6923076923076925,4.798464491362764,5.78,-0.89,0.22,2.39,0.296,25,"-1.093358329",0.277,0.344,"1.093358329",0.021,0.01899999999999996,0.024,0.017,32.6,,,,,,,
1866,672463,"Lantigua, Rafael",2025,1884,99,0.227,0.103,0.257,0.33,0.314,0.317,0.226,88,388,87.2,14.3,2254,88.5,88.44,154,745,1121,-0.09999999999999432,6.29,103,150,110,146,296,316,281,"-0.228","0.228",,,477,322,64,15,2,7,73,15.3,77,16.1,2.33295,0.62129,0.33131,0.18215,"90.4",167,27.564102564102566,3.5256410256410255,2.3060796645702304,5.83,-1.13,0.14,2.35,0.356,11,"0.01221865",0.36,0.33,"-0.01221865",0.001,-0.0040000000000000036,0,-0.003,20.7,,,,,,,
1865,668731,"Baddoo, Akil",2025,1867,99.9,0.278,0.2,0.35,0.478,0.373,0.35,0.246,113,406,88.2,16.9,2202,88,87.97,242,837,1028,0,6.29,114,145,111,150,286,319,290,"-21.54","21.54",,,481,293,70,21,6,16,117,24.3,69,14.3,2.42818,0.5827,0.35535,-0.37819,"91.6",168,38.79003558718861,9.9644128113879,5.8212058212058215,5.78,-1.08,-0.09,2.35,0.383,28,"1.154959786",0.359,0.438,"-1.154959786",0.032,0.02400000000000002,0.04,0.023,28.9,,,,,,,
1862,703149,"Arias, Roderick",2025,1862,100,0.209,0.107,0.295,0.316,0.293,0.305,0.215,82,393,88.9,10.7,2192,88.3,87.86,328,930,932,-0.3999999999999915,6.22,111,145,115,145,282,310,286,"12.457","-12.457",,,463,261,55,19,1,7,133,28.7,64,13.8,2.25938,0.74359,0.48884,-0.48884,"91.2",148,35.24904214559387,6.130268199233716,3.455723542116631,5.7,-1.03,-0.09,2.41,0.325,16,"-0.669011815",0.33,0.343,"0.669011815",-0.006,-0.0050000000000000044,-0.027,-0.012,35.3,,,,,,,
1861,669256,"Solak, Nick",2025,1863,99.9,0.329,0.161,0.361,0.489,0.388,0.343,0.278,137,417,88.7,2.8,2241,88.3,88.41,160,799,1062,0.10000000000000853,6.33,106,150,118,146,297,319,285,"-30.847","30.847",,,476,355,99,23,1,14,66,13.9,44,9.2,2.3889,0.57305,0.27849,0.09704,"92.1",142,39.94334277620396,5.6657223796034,4.201680672268908,5.8,-0.82,0.08,2.33,0.403,20,"1.657549704",0.361,0.415,"-1.657549704",0.051,0.04200000000000004,0.074,0.045,20,,,,,,,
1852,694376,"Whitcomb, Shay",2025,1852,100,0.266,0.241,0.313,0.506,0.372,0.333,0.232,107,403,89,17.8,2244,88.5,88.58,232,798,1054,0.09999999999999432,6.3,106,151,119,146,296,320,288,"-16.62","16.62",,,466,287,60,22,0,25,119,25.5,51,10.9,2.3829,0.56664,0.32713,0.12809,"92.2",153,44.85294117647059,11.029411764705882,6.437768240343347,5.74,-0.73,0.16,2.31,0.358,30,"0.897408207",0.334,0.422,"-0.897408207",0.034,0.023999999999999966,0.084,0.039,29.1,,,,,,,
1851,691021,"Vukovich, A.J.",2025,1851,100,0.284,0.213,0.359,0.498,0.366,0.317,0.243,120,422,90.5,8.9,2240,88.4,88.79,296,908,943,0.3999999999999915,6.34,106,150,121,146,307,330,298,"-17.912","17.912",,,468,295,77,18,3,22,128,27.4,43,9.2,2.4978,0.47762,0.29367,0.05973,"92.1",168,44.52054794520548,8.904109589041095,5.555555555555555,5.72,-0.95,0.14,2.36,0.353,26,"0.967693139",0.316,0.405,"-0.967693139",0.041,0.03699999999999998,0.093,0.049,32.6,,,,,,,
1846,678760,"Leonard, Eddys",2025,1847,99.9,0.239,0.196,0.255,0.435,0.318,0.327,0.254,105,439,88.4,13.9,2262,88.3,88.35,257,925,921,0,6.31,105,151,120,146,302,319,291,"2.19","-2.19",,,493,353,63,18,4,20,95,19.3,36,7.3,2.41188,0.55057,0.22784,0.06591,"92.0",144,39.94334277620396,8.21529745042493,5.88235294117647,5.78,-1.04,0.26,2.36,0.304,29,"-0.118634886",0.321,0.424,"0.118634886",-0.015,-0.017000000000000015,0.011,-0.009,27.8,,,,,,,
1841,693409,"Prieto, César",2025,1857,99.1,0.289,0.157,0.323,0.446,0.348,0.312,0.259,129,446,89.2,11,2210,88.2,88.31,196,1018,823,0.09999999999999432,6.33,113,146,106,150,284,317,293,"-14.468","14.468",,,498,381,81,35,4,9,69,13.9,39,7.8,2.4121,0.56004,0.27785,-0.229,"91.1",161,37.994722955145114,3.95778364116095,3.0120481927710845,5.71,-1.15,-0.11,2.37,0.355,15,"0.785877241",0.329,0.373,"-0.785877241",0.03,0.025999999999999968,0.073,0.036,19.3,,,,,,,
1834,669004,"Melendez, MJ",2025,1835,99.9,0.26,0.23,0.327,0.49,0.346,0.324,0.24,112,431,93.3,18.2,2192,87.8,87.94,323,959,875,0.10000000000000853,6.33,116,145,118,151,290,320,292,"-4.067","4.067",,,478,301,56,33,3,20,135,28.2,39,8.2,2.45223,0.5628,0.30689,-0.21888,"93.0",160,55.70469798657718,11.073825503355705,6.903765690376569,5.77,-0.7,-0.11,2.37,0.322,33,"0.221755725",0.308,0.436,"-0.221755725",0.02,0.014000000000000012,0.054,0.022,33.7,,,,,,,
1827,680769,"Alexander, CJ",2025,1827,100,0.255,0.194,0.333,0.449,0.338,0.317,0.236,105,412,88.5,19.4,2201,88.1,88.25,272,915,912,0.10000000000000853,6.28,114,145,120,150,298,328,303,"-7.427","7.427",,,463,285,61,23,6,15,129,27.9,49,10.6,2.47291,0.50733,0.31864,-0.21514,"91.5",162,41.281138790035584,9.608540925266903,5.831533477321814,5.66,-0.8,-0.01,2.45,0.333,27,"0.40651341",0.317,0.404,"-0.40651341",0.019,0.016000000000000014,0.045,0.021,29.7,,,,,,,
1823,642727,"Alcántara, Sergio",2025,1826,99.8,0.251,0.09,0.323,0.342,0.323,0.306,0.231,92,366,86.7,12.1,2179,89.2,89.34,156,747,1076,0.09999999999999432,6.35,112,146,111,149,291,323,297,"1.093","-1.093",,,437,281,66,21,3,2,87,19.9,67,15.3,2.31332,0.60481,0.50154,-0.50154,"90.2",152,26.353790613718413,2.166064981949458,1.3729977116704806,5.7,-0.99,0,2.32,0.368,6,"-0.059956116",0.353,0.312,"0.059956116",0.02,0.015000000000000013,0.03,0.017,20.9,,,,,,,
1810,676812,"McCusker, Carson",2025,1810,100,0.246,0.233,0.332,0.479,0.341,0.329,0.228,96,390,92.4,12.2,2248,88.1,88.13,273,796,1014,0,6.31,107,151,122,147,297,319,284,"-11.183","11.183",,,438,245,49,25,0,22,148,33.8,36,8.2,2.42396,0.56651,0.2196,0.0821,"93.1",167,54.03225806451613,16.532258064516128,9.360730593607306,5.81,-0.86,0.16,2.41,0.316,41,"0.617845304",0.302,0.458,"-0.617845304",0.018,0.014000000000000012,0.021,0.012,34.3,,,,,,,
1810,682983,"Fabian, Jud",2025,1814,99.8,0.181,0.167,0.239,0.348,0.303,0.311,0.199,63,348,88,15.3,2243,88.3,88.36,293,784,1026,0.10000000000000853,6.29,106,151,119,146,296,320,285,"5.75","-5.75",,,426,216,36,11,1,15,136,31.9,72,16.9,2.3779,0.58132,0.20499,0.02882,"91.5",163,37.2093023255814,9.30232558139535,4.694835680751173,5.84,-1.07,0.14,2.37,0.322,20,"-0.317679558",0.337,0.348,"0.317679558",-0.018,-0.015000000000000013,0,-0.008,37.4,,,,,,,
1808,807276,"Nori, Dante",2025,1814,99.7,0.26,0.119,0.303,0.379,0.329,0.327,0.261,109,420,87,10.6,2250,88.7,88.31,161,831,977,-0.4000000000000057,6.22,113,145,106,146,276,304,285,"-10.529","10.529",,,496,351,78,16,11,4,75,15.1,66,13.3,2.14759,0.80636,0.47488,-0.37504,"90.7",156,31.71428571428571,3.1428571428571432,2.217741935483871,5.8,-1.04,-0.08,2.4,0.361,11,"0.582356195",0.363,0.364,"-0.582356195",-0.001,-0.0020000000000000018,0.015,0.002,19.4,,,,,,,
1807,668723,"Vilade, Ryan",2025,1808,99.9,0.29,0.222,0.332,0.511,0.382,0.378,0.285,115,397,90.4,11.1,2254,88.3,88.41,169,834,973,0.10000000000000853,6.33,107,151,121,147,299,320,285,"-26.854","26.854",,,460,312,65,29,4,17,89,19.3,50,10.9,2.35032,0.61622,0.25182,0.03944,"92.0",173,45.51282051282051,9.615384615384617,6.521739130434782,5.82,-0.9,0.15,2.46,0.378,30,"1.486109574",0.377,0.491,"-1.486109574",0.005,0.0010000000000000009,0.02,0.004,20.3,,,,,,,
1807,683090,"Lugo, Matthew",2025,1810,99.8,0.26,0.184,0.354,0.444,0.329,0.295,0.232,109,419,87.8,9.6,2276,88.2,88.58,291,948,859,0.3999999999999915,6.33,105,150,117,146,302,329,298,"-0.746","0.746",,,454,284,63,28,5,13,135,29.7,31,6.8,2.4619,0.49343,0.20951,0.01801,"91.5",152,41.843971631205676,9.574468085106384,5.947136563876652,5.72,-0.85,0.14,2.31,0.317,27,"0.041283896",0.291,0.378,"-0.041283896",0.028,0.026000000000000023,0.066,0.034,30.7,,,,,,,
1804,678489,"Barrosa, Jorge",2025,1816,99.3,0.295,0.134,0.376,0.429,0.355,0.306,0.241,112,380,88.7,10.8,2177,88.3,88.63,198,824,980,0.29999999999999716,6.33,111,146,107,149,295,327,301,"-12.069","12.069",,,437,288,75,29,2,6,95,21.7,53,12.1,2.49448,0.4728,0.37851,-0.37859,"91.2",154,32.86713286713287,3.146853146853147,2.059496567505721,5.76,-1.02,-0.02,2.3,0.38,9,"0.669013304",0.336,0.335,"-0.669013304",0.054,0.043999999999999984,0.094,0.049,24,,,,,,,
1799,542208,"Pérez, Carlos",2025,1799,100,0.287,0.287,0.291,0.574,0.4,0.323,0.238,115,401,86.6,20.8,2249,88.4,88.55,164,784,1015,0.19999999999998863,6.3,104,151,121,146,291,316,284,"-34.497","34.497",,,464,329,55,32,1,27,77,16.6,51,11,2.39609,0.59265,0.27958,0.14174,"91.8",147,36.17021276595745,7.90273556231003,5.603448275862069,5.76,-1.05,0.17,2.37,0.373,26,"1.917565314",0.333,0.396,"-1.917565314",0.049,0.03999999999999998,0.178,0.077,20.9,,,,,,,
1798,805672,"Price, Collin",2025,1798,100,0.235,0.199,0.306,0.434,0.328,0.294,0.204,92,392,86.2,21.7,2255,88.4,88.51,269,839,959,0.09999999999999432,6.28,106,150,120,146,296,319,287,"-0.426","0.426",,,448,260,53,18,3,18,136,30.4,44,9.8,2.41308,0.54146,0.31991,0.06056,"91.5",165,37.5,9.765625,5.580357142857143,5.71,-0.57,0.15,2.35,0.321,25,"0.023692992",0.297,0.361,"-0.023692992",0.031,0.02400000000000002,0.073,0.034,32.1,,,,,,,
1798,669386,"Hauver, Trevor",2025,1798,100,0.275,0.171,0.352,0.446,0.366,0.339,0.244,100,363,90.5,12.6,2174,87.9,88.07,176,683,1115,0.19999999999998863,6.31,114,145,118,150,291,322,297,"-17.131","17.131",,,438,262,65,20,3,12,106,24.2,65,14.8,2.45123,0.53601,0.37829,-0.22707,"91.6",174,42.36641221374045,6.870229007633588,4.10958904109589,5.7,-0.74,-0.18,2.39,0.388,18,"0.952780868",0.364,0.39,"-0.952780868",0.031,0.02400000000000002,0.056,0.027,25.8,,,,,,,
1796,694208,"Ballesteros, Moisés",2025,1796,100,0.316,0.158,0.342,0.474,0.371,0.344,0.283,140,443,90.2,9.1,2177,87.9,87.94,188,930,866,0,6.3,114,146,124,151,284,317,292,"-24.038","24.038",,,504,384,97,29,1,13,67,13.3,47,9.3,2.43588,0.56306,0.31418,-0.24738,"91.9",151,42.89473684210526,6.315789473684211,4.761904761904762,5.75,-0.73,-0.1,2.36,0.383,24,"1.338418708",0.357,0.425,"-1.338418708",0.033,0.026000000000000023,0.049,0.027,20.2,,,,,,,
1792,683357,"Caissie, Owen",2025,1793,99.9,0.283,0.264,0.361,0.548,0.397,0.379,0.261,104,367,92.1,12,2161,88.1,88.09,232,825,967,0,6.26,116,145,123,151,285,316,293,"-24.21","24.21",,,430,249,53,27,2,22,120,27.9,57,13.3,2.3919,0.58987,0.32575,-0.28512,"92.2",165,53.441295546558706,17.00404858299595,9.767441860465116,5.8,-0.76,-0.16,2.47,0.384,42,"1.351004464",0.366,0.514,"-1.351004464",0.022,0.018000000000000016,0.034,0.018,28.1,,,,,,,
1792,682239,"Ritter, Luke",2025,1792,100,0.225,0.141,0.323,0.366,0.312,0.296,0.206,85,377,88,9.8,2250,87.2,87.31,308,836,956,0.09999999999999432,6.34,106,150,119,146,292,317,284,"-1.494","1.494",,,437,240,56,16,2,11,138,31.6,50,11.4,2.53242,0.52007,0.19422,0.09689,"91.3",148,41.84100418410041,8.786610878661087,4.805491990846682,5.87,-1.22,0.17,2.3,0.33,21,"0.083370536",0.313,0.341,"-0.083370536",0.019,0.017000000000000015,0.025,0.016,36.8,,,,,,,
1789,703154,"De Los Santos, Yordany",2025,1804,99.2,0.239,0.142,0.313,0.381,0.297,0.272,0.205,104,436,86.8,10.1,2259,87.8,87.31,324,937,852,-0.5,6.19,105,146,113,145,292,309,276,"1.998","-1.998",,,482,308,66,25,2,11,134,27.8,36,7.5,2.35442,0.66447,0.31681,0.07241,"91.2",136,33.33333333333333,8.169934640522875,5.186721991701245,5.68,-0.98,0.18,2.34,0.299,25,"-0.111682504",0.273,0.335,"0.111682504",0.034,0.025999999999999968,0.046,0.025,34.6,,,,,,,
1788,700246,"Williams, Carson",2025,1790,99.9,0.214,0.235,0.283,0.448,0.333,0.318,0.208,83,388,88.9,15.9,2259,87.7,87.84,326,842,946,0.09999999999999432,6.36,105,151,120,146,293,319,287,"-8.475","8.475",,,449,235,43,12,5,23,154,34.3,56,12.5,2.49172,0.51607,0.154,0.02864,"91.9",157,38.46153846153847,11.538461538461538,6.013363028953229,5.7,-0.96,0.21,2.3,0.318,27,"0.473993289",0.314,0.409,"-0.473993289",0.006,0.0040000000000000036,0.039,0.015,38.7,,,,,,,
1787,669384,"Delgado, Raynel",2025,1795,99.6,0.277,0.098,0.347,0.375,0.327,0.296,0.235,113,408,84.3,9.9,2194,88.6,88.81,192,915,872,0.20000000000000284,6.37,113,145,107,150,285,317,297,"-0.31","0.31",,,465,316,86,19,3,5,95,20.4,47,10.1,2.32209,0.6181,0.36573,-0.28221,"90.6",141,30.69620253164557,3.481012658227848,2.3655913978494625,5.73,-1.09,-0.05,2.33,0.359,11,"0.01734751",0.323,0.332,"-0.01734751",0.042,0.035999999999999976,0.043,0.031,21,,,,,,,
1783,694377,"Yorke, Nick",2025,1783,100,0.287,0.12,0.362,0.406,0.331,0.292,0.244,115,401,87.5,4.6,2239,88.2,88.28,226,896,887,0.09999999999999432,6.34,105,150,120,147,298,318,284,"-7.563","7.563",,,439,305,84,21,3,7,97,22.1,35,8,2.38024,0.60439,0.23868,0.06813,"91.3",151,36.51315789473684,3.9473684210526314,2.733485193621868,5.83,-0.82,0.24,2.34,0.346,12,"0.424172743",0.307,0.347,"-0.424172743",0.043,0.03899999999999998,0.059,0.039,25.2,,,,,,,
1779,664670,"Lopez, Alejo",2025,1782,99.8,0.266,0.085,0.305,0.351,0.323,0.292,0.232,110,413,82.6,9.7,2207,89.6,89.93,194,962,817,0.30000000000001137,6.31,110,146,107,148,290,319,294,"0.415","-0.415",,,478,349,87,16,2,5,66,13.8,47,9.8,2.18969,0.67201,0.42094,-0.42094,"89.4",146,17.101449275362317,2.318840579710145,1.6736401673640167,5.7,-0.91,-0.03,2.45,0.362,8,"-0.023327712",0.334,0.302,"0.023327712",0.034,0.02799999999999997,0.049,0.031,20.2,,,,,,,
1779,694351,"Berry, Jacob",2025,1780,99.9,0.261,0.133,0.31,0.394,0.327,0.317,0.246,106,406,88.7,17.5,2185,88.8,88.9,176,829,950,0.10000000000000853,6.35,113,146,111,149,290,319,287,"3.408","-3.408",,,466,324,69,28,1,8,87,18.7,47,10.1,2.26398,0.6634,0.41657,-0.4165,"91.5",160,36.41975308641975,5.555555555555555,3.862660944206009,5.69,-1.32,-0.17,2.37,0.345,18,"-0.191568297",0.334,0.372,"0.191568297",0.015,0.010999999999999954,0.022,0.01,21.2,,,,,,,
1775,680716,"Ornelas, Jonathan",2025,1781,99.7,0.194,0.109,0.244,0.302,0.27,0.283,0.207,75,387,89.4,2.8,2266,88.5,88.69,199,665,1110,0.20000000000000284,6.32,107,151,117,148,303,321,290,"18.99","-18.99",,,446,276,56,6,3,10,115,25.8,49,11,2.36062,0.57725,0.24011,0.06187,"92.7",134,44.16058394160584,5.474452554744526,3.3632286995515694,5.82,-0.94,0.21,2.35,0.291,15,"-1.069859155",0.305,0.315,"1.069859155",-0.013,-0.014000000000000012,-0.013,-0.013,29.9,,,,,,,
1773,668472,"Pratto, Nick",2025,1775,99.9,0.197,0.135,0.269,0.332,0.279,0.264,0.19,73,370,86.8,16.7,2190,88.2,88.4,244,752,1021,0.20000000000000284,6.38,115,145,119,151,285,317,291,"16.043","-16.043",,,420,247,43,19,2,9,124,29.5,46,11,2.35627,0.60858,0.34824,-0.28331,"90.8",160,30.48780487804878,4.471544715447155,2.619047619047619,5.72,-0.9,-0.08,2.33,0.29,11,"-0.904850536",0.286,0.291,"0.904850536",0.007,0.0040000000000000036,0.041,0.015,32.4,,,,,,,
1771,682868,"Ramos, Bryan",2025,1773,99.9,0.214,0.181,0.24,0.395,0.309,0.307,0.221,79,370,89.1,15.6,2262,88.2,88.33,212,768,1003,0.09999999999999432,6.33,106,151,121,147,295,320,285,"1.625","-1.625",,,429,278,45,17,1,16,96,22.4,42,9.8,2.39813,0.58692,0.21501,0.0844,"91.5",172,39.784946236559136,6.810035842293908,4.428904428904429,5.78,-1.1,0.16,2.36,0.308,19,"-0.09175607",0.316,0.374,"0.09175607",-0.007,-0.008000000000000007,0.021,0.002,27.6,,,,,,,
1770,679822,"Foscue, Justin",2025,1771,99.9,0.261,0.213,0.266,0.474,0.351,0.312,0.236,104,399,88.2,17,2195,88,88.26,145,828,942,0.29999999999999716,6.34,106,150,118,146,300,322,290,"-10.468","10.468",,,452,339,57,28,0,19,63,13.9,45,10,2.43902,0.5414,0.3253,0.06429,"91.6",160,36.09467455621302,7.988165680473373,5.9734513274336285,5.76,-0.67,0.14,2.35,0.341,27,"0.591412429",0.32,0.383,"-0.591412429",0.025,0.02100000000000002,0.091,0.039,17.5,,,,,,,
1768,669722,"Davidson, Logan",2025,1771,99.8,0.247,0.147,0.346,0.394,0.348,0.339,0.233,84,340,89.3,12.9,2193,87.9,88.16,232,728,1040,0.29999999999999716,6.34,112,146,118,149,297,325,298,"-9.806","9.806",,,417,224,55,18,1,10,118,28.3,71,17,2.49361,0.49207,0.30744,-0.30744,"91.7",144,43.77880184331797,7.834101382488479,4.07673860911271,5.71,-0.77,0.05,2.36,0.381,17,"0.554638009",0.373,0.376,"-0.554638009",0.014,0.008000000000000007,0.018,0.009,31.9,,,,,,,
1765,669374,"Hiura, Keston",2025,1767,99.9,0.27,0.236,0.343,0.507,0.376,0.352,0.238,103,381,89.8,18.3,2255,88.9,89.38,292,857,908,0.5,6.36,107,150,120,146,308,330,299,"-18.275","18.275",,,442,260,58,21,3,21,123,27.8,46,10.4,2.3294,0.57233,0.32578,0.12343,"91.9",170,47.286821705426355,14.728682170542637,8.597285067873303,5.67,-0.91,0.09,2.43,0.367,38,"1.035410765",0.34,0.473,"-1.035410765",0.032,0.02699999999999997,0.034,0.024,34.1,,,,,,,
1750,815551,"Snyder, Trey",2025,1751,99.9,0.218,0.045,0.265,0.263,0.281,0.282,0.207,82,376,85.9,5.9,2288,88.3,87.9,150,695,1055,-0.3999999999999915,6.24,107,146,117,145,291,305,277,"13.31","-13.31",,,448,301,71,8,0,3,79,17.6,63,14.1,2.26613,0.71723,0.38166,0.20492,"90.4",141,27.333333333333332,1.3333333333333335,0.8928571428571428,5.7,-0.92,0.12,2.3,0.335,4,"-0.760571429",0.329,0.267,"0.760571429",0.011,0.006000000000000005,-0.004,-0.001,21.6,,,,,,,
1747,683021,"Stefanic, Michael",2025,1747,100,0.287,0.097,0.308,0.384,0.355,0.344,0.272,104,362,87.4,6.3,2239,88.9,89,49,600,1147,0.09999999999999432,6.36,106,150,118,147,296,313,280,"-13.11","13.11",,,441,324,81,17,0,6,43,9.8,59,13.4,2.30236,0.62106,0.34791,0.20672,"91.2",148,32.098765432098766,2.1604938271604937,1.5873015873015872,5.76,-1.17,0.1,2.38,0.404,7,"0.750429307",0.396,0.355,"-0.750429307",0.015,0.008000000000000007,0.029,0.011,8.2,,,,,,,
1736,686765,"Sogard, Nick",2025,1743,99.6,0.266,0.11,0.326,0.376,0.343,0.314,0.235,89,335,85.5,18.3,2213,87.9,87.87,134,677,1059,0,6.3,113,146,110,150,287,320,290,"-8.58","8.58",,,401,263,62,22,0,5,73,18.2,63,15.7,2.42815,0.58373,0.30612,-0.30612,"90.2",158,23.282442748091604,2.6717557251908395,1.7456359102244388,5.78,-1.19,-0.06,2.3,0.384,7,"0.494239631",0.359,0.324,"-0.494239631",0.031,0.025000000000000022,0.052,0.029,19.8,,,,,,,
1735,687637,"Beavers, Dylan",2025,1742,99.6,0.301,0.214,0.337,0.515,0.403,0.378,0.273,101,336,89.7,16.6,2213,88.2,88.01,140,712,1023,-0.20000000000000284,6.21,116,146,113,152,288,319,290,"-28.647","28.647",,,410,264,67,14,2,18,76,18.5,67,16.3,2.4029,0.59443,0.31122,-0.27223,"91.6",177,41.312741312741316,9.266409266409266,5.853658536585367,5.78,-1.28,-0.16,2.44,0.417,24,"1.651123919",0.397,0.465,"-1.651123919",0.028,0.019999999999999962,0.05,0.025,19.7,,,,,,,
1725,672279,"Siani, Michael",2025,1731,99.7,0.205,0.121,0.262,0.326,0.283,0.272,0.201,75,365,84.3,13.2,2218,88.6,88.73,213,758,967,0.10000000000000853,6.34,114,146,107,151,281,315,293,"14.084","-14.084",,,424,264,51,12,4,8,106,25,50,11.8,2.30421,0.65324,0.33673,-0.25597,"90.4",148,25.190839694656486,2.6717557251908395,1.650943396226415,5.69,-1.11,-0.12,2.38,0.304,7,"-0.816463768",0.303,0.286,"0.816463768",0.004,0.0010000000000000009,0.04,0.011,28.1,,,,,,,
1725,682183,"Avans, Drew",2025,1739,99.2,0.281,0.12,0.342,0.401,0.338,0.293,0.241,105,374,87.1,8.4,2216,88.2,88.47,169,798,927,0.29999999999999716,6.34,112,145,104,149,285,319,297,"-6.711","6.711",,,427,292,77,19,1,8,85,19.9,47,11,2.38107,0.58651,0.355,-0.23508,"90.3",159,27.586206896551722,2.413793103448276,1.639344262295082,5.72,-0.93,-0.06,2.37,0.363,7,"0.389043478",0.332,0.308,"-0.389043478",0.04,0.030999999999999972,0.093,0.045,21.2,,,,,,,
1719,687069,"Rivera, Josh",2025,1722,99.8,0.224,0.104,0.333,0.328,0.299,0.297,0.213,75,335,88.7,7.5,2298,88,88.06,173,595,1124,0.09999999999999432,6.34,106,150,120,147,296,314,282,"10.588","-10.588",,,391,213,53,15,1,6,124,31.7,53,13.6,2.44213,0.54179,0.16848,0.08326,"91.4",162,36.32075471698113,7.0754716981132075,3.8363171355498724,5.71,-1.31,0.29,2.3,0.33,15,"-0.6159395",0.322,0.332,"0.6159395",0.011,0.008000000000000007,-0.004,0.002,29.1,,,,,,,
1715,691277,"De Los Santos, Deyvison",2025,1715,100,0.242,0.121,0.291,0.363,0.299,0.297,0.236,98,405,90.4,6.3,2257,87.6,87.71,273,882,833,0.10000000000000853,6.33,106,150,122,146,298,323,286,"2.339","-2.339",,,451,308,74,11,1,12,100,22.2,37,8.2,2.51473,0.49783,0.12832,-0.02661,"92.6",130,43.83116883116883,5.844155844155844,3.9911308203991127,5.66,-1.02,0.15,2.32,0.313,18,"-0.13638484",0.309,0.358,"0.13638484",0.006,0.0040000000000000036,0.005,0.002,31,,,,,,,
1715,805300,"Marsee, Jakob",2025,1729,99.2,0.24,0.195,0.273,0.435,0.357,0.341,0.227,81,338,87.3,18,2203,88.9,88.9,147,717,998,0,6.29,116,146,105,151,289,318,289,"-11.316","11.316",,,414,259,48,14,5,14,81,19.6,67,16.2,2.26569,0.65254,0.43324,-0.31202,"90.9",167,32.04633204633205,9.266409266409266,5.797101449275362,5.68,-1.2,-0.12,2.41,0.374,24,"0.659825073",0.364,0.398,"-0.659825073",0.013,0.010000000000000009,0.037,0.016,20.5,,,,,,,
1714,663609,"Baker, Luken",2025,1714,100,0.223,0.217,0.26,0.441,0.338,0.326,0.22,77,345,90.3,22.4,2255,88.1,88.17,229,759,955,0.10000000000000853,6.33,106,150,121,145,296,325,292,"-5.719","5.719",,,409,245,38,21,0,18,104,25.4,58,14.2,2.42178,0.55779,0.25208,-0.0203,"92.1",172,42.857142857142854,11.020408163265307,6.601466992665037,5.61,-0.77,0.23,2.41,0.335,27,"0.333663944",0.335,0.397,"-0.333663944",0.003,0,0.044,0.012,30.2,,,,,,,
1711,702358,"Lipscomb, Trey",2025,1714,99.8,0.248,0.143,0.292,0.391,0.302,0.28,0.235,111,447,86.7,9.5,2276,88,87.94,245,914,797,-0.09999999999999432,6.31,106,150,119,147,298,319,287,"10.822","-10.822",,,484,354,70,29,1,11,95,19.6,33,6.8,2.41097,0.58167,0.18833,0.06518,"91.1",151,33.903133903133906,3.9886039886039883,2.8925619834710745,5.72,-1.18,0.16,2.4,0.302,14,"-0.632495617",0.29,0.344,"0.632495617",0.013,0.01200000000000001,0.047,0.022,26.8,,,,,,,
1706,666150,"Fletcher, Dominic",2025,1710,99.8,0.254,0.195,0.281,0.449,0.327,0.302,0.248,102,401,86.3,17.8,2222,88.7,88.75,203,910,796,0.09999999999999432,6.34,114,145,110,151,282,316,292,"-4.046","4.046",,,442,319,62,19,4,17,87,19.7,29,6.6,2.30353,0.6424,0.34306,-0.256,"91.5",164,35.01577287066246,4.416403785488959,3.167420814479638,5.74,-1.02,-0.17,2.31,0.312,14,"0.237162954",0.31,0.366,"-0.237162954",0.006,0.0020000000000000018,0.083,0.025,22.3,,,,,,,
1702,687005,"Strahm, Kellen",2025,1708,99.6,0.242,0.103,0.299,0.345,0.312,0.307,0.235,87,359,89,6.5,2242,88.6,88.79,143,675,1027,0.20000000000000284,6.3,108,150,116,147,302,322,287,"2.027","-2.027",,,422,272,66,13,0,8,91,21.6,58,13.7,2.35105,0.59002,0.31307,0.10022,"91.3",154,38.059701492537314,3.3582089552238807,2.132701421800948,5.77,-0.82,0.13,2.42,0.346,9,"-0.119095182",0.344,0.325,"0.119095182",0.007,0.0020000000000000018,0.02,0.005,21.2,,,,,,,
1702,663494,"Torres, Bryan",2025,1712,99.4,0.329,0.137,0.371,0.466,0.4,0.346,0.265,108,328,86.3,10.6,2242,88.8,88.93,112,655,1047,0.10000000000000853,6.36,110,145,105,150,279,314,293,"-28.172","28.172",,,404,276,82,16,1,9,57,14.1,70,17.3,2.25939,0.665,0.35317,-0.26455,"90.1",157,27.37226277372263,2.5547445255474455,1.7326732673267329,5.68,-1.1,-0.05,2.4,0.443,7,"1.655229142",0.393,0.369,"-1.655229142",0.064,0.04999999999999999,0.097,0.054,17.1,,,,,,,
1701,686551,"Cairo, Christian",2025,1709,99.5,0.233,0.095,0.312,0.328,0.301,0.295,0.22,81,348,87.4,7.8,2234,88.9,88.83,176,667,1034,-0.10000000000000853,6.33,105,150,108,146,293,315,276,"7.379","-7.379",,,408,255,55,21,3,2,97,23.8,45,11,2.33446,0.61042,0.33895,0.16575,"91.0",140,33.86454183266932,2.788844621513944,1.715686274509804,5.79,-0.95,0.08,2.35,0.336,7,"-0.433803645",0.329,0.307,"0.433803645",0.013,0.007000000000000006,0.021,0.006,26.4,,,,,,,
1699,650559,"De La Cruz, Bryan",2025,1699,100,0.263,0.168,0.323,0.431,0.332,0.342,0.264,97,369,90.3,14.9,2257,87.9,87.94,221,798,901,0,6.32,106,151,120,146,299,325,290,"-4.532","4.532",,,411,269,66,15,1,15,103,25.1,35,8.5,2.48743,0.52109,0.20823,0.10137,"91.9",176,46.616541353383454,10.526315789473683,6.81265206812652,5.72,-1.24,0.18,2.4,0.331,28,"0.266745144",0.333,0.46,"-0.266745144",-0.001,-0.0020000000000000018,-0.029,-0.01,27.7,,,,,,,
1699,687478,"Devanney, Cam",2025,1700,99.9,0.266,0.227,0.318,0.493,0.364,0.351,0.236,101,379,89.3,16.8,2248,88.3,88.4,291,861,838,0.10000000000000853,6.29,105,151,120,146,296,319,287,"-10.249","10.249",,,434,275,58,20,3,20,107,24.7,44,10.1,2.37257,0.5914,0.25833,0.09372,"91.8",169,44,14.181818181818182,8.986175115207374,5.75,-0.85,0.13,2.34,0.353,39,"0.603237198",0.33,0.471,"-0.603237198",0.03,0.022999999999999965,0.022,0.013,33.8,,,,,,,
1693,668664,"Strumpf, Chase",2025,1694,99.9,0.222,0.184,0.305,0.406,0.337,0.313,0.194,71,320,89.1,15.3,2251,89,89.11,244,705,988,0.09999999999999432,6.33,105,150,120,146,292,314,282,"-4.269","4.269",,,390,203,40,16,2,13,120,30.8,62,15.9,2.29353,0.62419,0.25212,0.14543,"91.1",168,41.584158415841586,9.405940594059405,4.871794871794872,5.75,-1.1,0.12,2.36,0.354,19,"0.252155936",0.333,0.355,"-0.252155936",0.028,0.020999999999999963,0.051,0.024,34.6,,,,,,,
1691,678545,"Basabe, Osleivis",2025,1695,99.8,0.249,0.163,0.278,0.412,0.314,0.288,0.242,107,430,88.5,8.4,2219,88.1,88.21,175,854,837,0.10000000000000853,6.36,106,150,117,146,303,325,292,"6.437","-6.437",,,473,349,67,24,2,14,84,17.8,33,7,2.44072,0.55438,0.34127,0.08215,"91.8",151,39.017341040462426,4.046242774566474,2.9598308668076108,5.73,-0.7,0.04,2.35,0.309,14,"-0.38066233",0.304,0.344,"0.38066233",0.007,0.0050000000000000044,0.068,0.026,20.5,,,,,,,
1691,682634,"Alcántara, Kevin",2025,1691,100,0.269,0.205,0.357,0.475,0.358,0.314,0.225,101,375,90.4,9.2,2258,87.5,87.61,227,745,946,0.09999999999999432,6.31,107,151,121,147,295,317,283,"-12.584","12.584",,,426,252,58,26,0,17,125,29.3,48,11.3,2.51121,0.51259,0.11742,0.0016,"92.3",150,44.97991967871486,11.244979919678714,6.572769953051644,5.79,-0.91,0.2,2.36,0.352,28,"0.744175044",0.316,0.391,"-0.744175044",0.044,0.035999999999999976,0.084,0.044,30.5,,,,,,,
1690,694362,"Dunn, Blake",2025,1699,99.5,0.287,0.112,0.386,0.398,0.355,0.321,0.234,100,349,89.4,8.7,2238,88.5,88.73,170,699,991,0.20000000000000284,6.36,105,151,112,147,299,318,285,"-13.493","13.493",,,413,248,77,14,2,7,102,24.7,54,13.1,2.29161,0.66216,0.27532,0.07927,"91.5",151,41.70040485829959,6.477732793522267,3.87409200968523,5.86,-0.86,0.22,2.44,0.395,16,"0.798402367",0.352,0.351,"-0.798402367",0.053,0.04300000000000004,0.047,0.034,24.3,,,,,,,
1689,685744,"Corona, Kenedy",2025,1697,99.5,0.217,0.107,0.276,0.324,0.282,0.292,0.232,81,373,86.9,10,2261,88.7,88.86,218,800,889,0.20000000000000284,6.29,105,150,113,145,295,316,282,"10.046","-10.046",,,422,275,58,13,3,7,100,23.7,44,10.4,2.35366,0.58777,0.34453,0.0695,"91.1",148,35.11450381679389,3.435114503816794,2.132701421800948,5.7,-0.65,0.17,2.4,0.303,9,"-0.594789816",0.319,0.327,"0.594789816",-0.015,-0.016000000000000014,-0.003,-0.01,27.3,,,,,,,
1684,815793,"Johnson, Carter",2025,1684,100,0.186,0.086,0.267,0.272,0.252,0.24,0.173,67,360,85.2,16.2,2239,88.1,87.7,227,779,905,-0.3999999999999915,6.21,113,144,115,145,272,302,282,"26.621","-26.621",,,410,245,44,17,4,2,118,28.8,40,9.8,2.23834,0.76754,0.49488,-0.41452,"90.4",142,27.755102040816325,3.2653061224489797,1.951219512195122,5.68,-1.18,-0.18,2.37,0.278,8,"-1.580819477",0.268,0.246,"1.580819477",0.013,0.010000000000000009,0.026,0.012,29.1,,,,,,,
1683,665482,"Celestino, Gilberto",2025,1683,100,0.272,0.11,0.341,0.382,0.332,0.303,0.238,101,372,89.6,-1.7,2268,87.7,87.76,202,732,951,0.09999999999999432,6.31,105,149,118,146,295,316,280,"-3.6","3.6",,,425,279,79,12,1,9,93,21.9,50,11.8,2.46192,0.55366,0.16729,0.06926,"92.1",131,45.48736462093863,3.9711191335740073,2.588235294117647,5.88,-1.14,0.08,2.34,0.361,11,"0.213903743",0.333,0.338,"-0.213903743",0.034,0.02799999999999997,0.044,0.029,27.6,,,,,,,
1674,691002,"Morales, Yohandy",2025,1674,100,0.249,0.152,0.346,0.401,0.319,0.305,0.221,95,382,92,5.9,2277,87.8,87.83,299,832,842,0,6.29,105,149,120,146,301,322,290,"3.191","-3.191",,,431,254,61,21,2,11,131,30.4,44,10.2,2.48403,0.51127,0.15917,0.03132,"92.5",163,48.818897637795274,7.874015748031496,4.640371229698376,5.74,-1.13,0.2,2.38,0.327,20,"-0.190621266",0.306,0.381,"0.190621266",0.028,0.02100000000000002,0.02,0.014,35.9,,,,,,,
1670,677956,"Hinds, Rece",2025,1670,100,0.302,0.261,0.362,0.563,0.389,0.363,0.274,118,391,90.4,13.5,2239,87.4,87.49,318,933,737,0.09999999999999432,6.35,105,150,120,145,298,322,289,"-21.268","21.268",,,436,284,66,26,2,24,113,25.9,33,7.6,2.50922,0.52707,0.13567,-0.05233,"92.5",160,46.478873239436616,13.028169014084506,8.486238532110093,5.83,-0.77,0.24,2.38,0.359,37,"1.273532934",0.335,0.514,"-1.273532934",0.028,0.023999999999999966,0.049,0.026,34.1,,,,,,,
1668,691003,"Morgan, Tre'",2025,1668,100,0.274,0.137,0.332,0.412,0.359,0.342,0.256,90,328,87.8,10.7,2195,88.9,89.05,221,801,867,0.09999999999999432,6.38,115,146,117,152,282,316,296,"-12.089","12.089",,,400,255,64,15,3,8,77,19.3,62,15.5,2.27769,0.66328,0.35809,-0.29108,"90.7",162,37.40157480314961,4.330708661417323,2.75,5.72,-1.02,-0.11,2.41,0.395,11,"0.724760192",0.382,0.37,"-0.724760192",0.018,0.013000000000000012,0.042,0.017,27.6,,,,,,,
1664,699625,"Crooks, Jimmy",2025,1664,100,0.274,0.167,0.352,0.441,0.338,0.31,0.244,107,390,89.7,10.2,2226,87.8,88.01,248,800,864,0.20000000000000284,6.38,113,145,123,150,287,319,296,"-3.214","3.214",,,430,278,71,21,1,14,114,26.5,36,8.4,2.47331,0.52027,0.2346,-0.18527,"92.0",153,42.086330935251794,7.913669064748201,5.116279069767442,5.69,-1.3,-0.12,2.32,0.337,22,"0.193149038",0.31,0.396,"-0.193149038",0.03,0.027000000000000024,0.045,0.028,31,,,,,,,
1663,682119,"Jordan, Levi",2025,1665,99.9,0.237,0.109,0.266,0.346,0.291,0.289,0.232,98,413,86.5,11.1,2226,88.6,88.78,160,766,897,0.20000000000000284,6.38,105,150,117,146,294,315,284,"11.598","-11.598",,,459,349,69,20,2,7,67,14.6,36,7.8,2.31274,0.63611,0.31278,0.18104,"91.0",143,30.08595988538682,4.011461318051576,3.0501089324618738,5.85,-0.94,0.16,2.34,0.307,14,"-0.697414311",0.303,0.341,"0.697414311",0.005,0.0040000000000000036,0.005,0.002,20.9,,,,,,,
1663,671284,"Elko, Tim",2025,1663,100,0.292,0.26,0.367,0.552,0.387,0.349,0.261,109,373,91.6,5.6,2255,88,88.07,259,775,888,0.09999999999999432,6.31,106,150,122,147,297,321,286,"-26.447","26.447",,,414,252,64,19,0,26,123,29.7,34,8.2,2.4564,0.53863,0.20349,0.09122,"93.2",162,51.39442231075697,12.749003984063744,7.729468599033816,5.8,-1.22,0.06,2.36,0.357,32,"1.590318701",0.33,0.478,"-1.590318701",0.031,0.02699999999999997,0.074,0.038,33.4,,,,,,,
1662,814297,"Perez, Edgleen",2025,1662,100,0.201,0.024,0.26,0.225,0.29,0.318,0.215,67,333,87.7,6.2,2290,88.4,88.05,138,634,1028,-0.30000000000001137,6.22,105,146,117,145,290,306,277,"7.53","-7.53",,,423,258,59,8,0,0,78,18.4,78,18.4,2.23132,0.76716,0.41267,0.17738,"90.4",148,31.782945736434108,3.875968992248062,2.3640661938534278,5.69,-0.83,0.19,2.36,0.364,10,"-0.453068592",0.377,0.29,"0.453068592",-0.014,-0.013000000000000012,-0.065,-0.028,21.8,,,,,,,
1656,691907,"Cheng, Tsung-Che",2025,1666,99.4,0.194,0.062,0.267,0.255,0.256,0.268,0.196,66,341,86.1,6.1,2208,88.8,88.95,207,687,969,0.10000000000000853,6.37,111,145,102,150,277,313,291,"26.223","-26.223",,,396,244,50,12,3,1,101,25.5,48,12.1,2.22518,0.70185,0.36925,-0.24352,"90.6",146,30.327868852459016,3.278688524590164,2.0202020202020203,5.78,-0.81,-0.1,2.34,0.295,8,"-1.583514493",0.3,0.276,"1.583514493",-0.002,-0.0050000000000000044,-0.021,-0.012,30.1,,,,,,,
1653,656541,"Hilliard, Sam",2025,1653,100,0.288,0.277,0.361,0.565,0.391,0.347,0.259,104,361,91.2,15.8,2227,88.2,88.63,248,747,906,0.3999999999999915,6.35,113,145,119,150,300,330,307,"-20.651","20.651",,,412,258,50,25,12,17,108,26.2,45,10.9,2.42989,0.52084,0.32677,-0.2615,"92.8",167,48.4375,11.328125,7.038834951456311,5.67,-0.87,-0.09,2.46,0.364,29,"1.249304295",0.344,0.45,"-1.249304295",0.029,0.020000000000000018,0.115,0.044,33.2,,,,,,,
1648,701649,"Triantos, James",2025,1649,99.9,0.256,0.111,0.29,0.367,0.3,0.284,0.241,104,406,86.3,5.7,2242,88.3,88.43,148,808,840,0.10000000000000853,6.35,105,150,117,146,292,313,280,"3.567","-3.567",,,443,341,75,20,2,7,67,15.1,31,7,2.39258,0.58279,0.24139,0.12051,"91.3",145,34.9112426035503,3.2544378698224854,2.4830699774266365,5.77,-0.91,0.13,2.31,0.314,11,"-0.216444175",0.301,0.333,"0.216444175",0.015,0.013000000000000012,0.034,0.016,18.3,,,,,,,
1647,687957,"Harris, Dustin",2025,1653,99.6,0.283,0.152,0.327,0.435,0.352,0.309,0.242,104,368,84.6,17.8,2160,87.9,88.3,168,781,866,0.3999999999999915,6.34,114,145,109,151,293,325,296,"-7.848","7.848",,,418,295,72,19,2,11,74,17.7,43,10.3,2.4576,0.52897,0.35519,-0.21962,"90.7",154,24.489795918367346,4.421768707482993,3.110047846889952,5.69,-0.88,-0.12,2.3,0.366,13,"0.476502732",0.331,0.357,"-0.476502732",0.041,0.034999999999999976,0.078,0.043,21.5,,,,,,,
1646,807007,"Rodriguez, Jeremy",2025,1651,99.7,0.207,0.039,0.263,0.245,0.256,0.255,0.199,75,363,85.9,3.3,2244,88.4,87.93,96,600,1046,-0.5,6.23,114,145,109,146,276,302,288,"19.352","-19.352",,,422,282,65,7,2,1,87,20.6,49,11.6,2.22933,0.75154,0.49494,-0.4108,"90.5",127,25.622775800711743,0.3558718861209964,0.23696682464454977,5.67,-1.04,-0.09,2.34,0.303,1,"-1.175698663",0.299,0.243,"1.175698663",0.008,0.0040000000000000036,0.002,0.001,16,,,,,,,
1642,687231,"Hernaiz, Darell",2025,1647,99.7,0.306,0.119,0.341,0.425,0.356,0.31,0.256,118,386,87.3,11,2248,88.3,88.57,149,804,838,0.29999999999999716,6.34,106,150,116,147,305,323,290,"-12.987","12.987",,,440,338,83,28,3,4,51,11.6,46,10.5,2.46568,0.49273,0.23404,0.04492,"91.0",153,31.626506024096386,2.108433734939759,1.5909090909090908,5.68,-0.82,0.14,2.36,0.384,7,"0.7909257",0.343,0.342,"-0.7909257",0.05,0.04099999999999998,0.083,0.046,18.5,,,,,,,
1638,680911,"Miller, Owen",2025,1638,100,0.277,0.152,0.303,0.429,0.326,0.318,0.273,109,394,86.7,14.5,2250,88.8,89.21,145,806,832,0.4000000000000057,6.36,106,150,118,147,305,326,293,"2.403","-2.403",,,441,334,72,25,1,11,71,16.1,29,6.6,2.36743,0.5426,0.29799,0.09545,"91.0",172,33.23262839879154,3.927492447129909,2.947845804988662,5.71,-0.9,0.2,2.37,0.329,13,"-0.146703297",0.332,0.386,"0.146703297",0.004,-0.0030000000000000027,0.043,0.008,18,,,,,,,
1638,668843,"Capel, Conner",2025,1646,99.5,0.226,0.128,0.264,0.354,0.293,0.309,0.245,81,359,86.7,12.6,2196,88.6,88.63,165,756,882,0,6.3,115,145,111,151,291,318,297,"6.066","-6.066",,,405,279,58,10,3,10,83,20.5,41,10.1,2.35455,0.5891,0.39176,-0.34909,"90.7",166,31.899641577060933,5.376344086021505,3.7037037037037033,5.76,-1.11,-0.09,2.43,0.306,15,"-0.37032967",0.326,0.368,"0.37032967",-0.019,-0.020000000000000018,-0.014,-0.016,21.8,,,,,,,
1635,682988,"Locklear, Tyler",2025,1635,100,0.316,0.225,0.375,0.542,0.403,0.356,0.265,118,373,90.2,7.9,2249,88.2,88.34,230,810,825,0.09999999999999432,6.31,106,150,121,146,300,325,292,"-26.8","26.8",,,433,283,73,25,1,19,95,21.9,46,10.6,2.44673,0.51851,0.31624,0.0384,"92.0",148,44.48398576512456,9.608540925266903,6.235565819861432,5.74,-0.73,0.1,2.29,0.4,27,"1.639143731",0.358,0.456,"-1.639143731",0.051,0.04200000000000004,0.086,0.047,28.4,,,,,,,
1631,683227,"Freeman, Cody",2025,1633,99.9,0.336,0.214,0.328,0.549,0.395,0.309,0.266,129,384,88.3,10.4,2186,87.9,88.09,77,723,908,0.19999999999998863,6.35,106,149,116,146,300,320,287,"-30.236","30.236",,,423,354,85,25,0,19,37,8.7,31,7.3,2.47586,0.52016,0.30622,0.1035,"91.5",157,40,3.1428571428571432,2.6004728132387704,5.71,-0.71,0.05,2.26,0.381,11,"1.853832005",0.321,0.379,"-1.853832005",0.07,0.06,0.17,0.086,10.7,,,,,,,
1630,703160,"Mercedes, Yasser",2025,1630,100,0.186,0.122,0.229,0.308,0.276,0.277,0.186,61,328,89.4,18.7,2292,87.8,87.52,187,699,931,-0.29999999999999716,6.24,104,147,119,146,291,309,279,"15.469","-15.469",,,389,236,39,13,0,9,98,25.2,52,13.4,2.2848,0.7249,0.33245,0.14394,"91.3",157,36.016949152542374,6.3559322033898304,3.8560411311053984,5.75,-0.94,0.14,2.39,0.298,15,"-0.949018405",0.3,0.305,"0.949018405",0,-0.0020000000000000018,0.003,-0.001,26.8,,,,,,,
1623,703177,"Severino, Jhonny",2025,1626,99.8,0.214,0.146,0.266,0.36,0.279,0.272,0.213,88,411,86.4,15.2,2296,87.7,87.18,278,881,742,-0.5,6.16,104,146,116,145,289,309,281,"17.793","-17.793",,,452,300,52,23,2,11,115,25.4,31,6.9,2.36987,0.64788,0.27153,0.05145,"91.2",130,32.77591973244147,7.357859531772576,4.867256637168142,5.67,-0.84,0.23,2.33,0.277,22,"-1.096303142",0.276,0.335,"1.096303142",0.001,0.0010000000000000009,0.025,0.007,31.6,,,,,,,
1621,829035,"Salas, Andrew",2025,1633,99.3,0.172,0.049,0.232,0.221,0.256,0.271,0.191,56,326,81.1,22.8,2242,88.5,88.11,153,615,1006,-0.4000000000000057,6.2,112,145,110,145,272,301,278,"20.004","-20.004",,,395,231,47,5,1,3,98,24.8,64,16.2,2.14646,0.82719,0.5047,-0.5047,"89.1",150,9.130434782608695,1.3043478260869565,0.7594936708860759,5.67,-1.14,-0.01,2.41,0.309,3,"-1.234053054",0.325,0.24,"1.234053054",-0.019,-0.016000000000000014,-0.019,-0.015,24.9,,,,,,,
1618,664731,"Higgins, P.J.",2025,1620,99.9,0.241,0.105,0.282,0.346,0.285,0.274,0.226,89,370,86.9,13.5,2215,88.2,88.34,175,784,834,0.09999999999999432,6.34,105,150,119,146,296,316,282,"15.41","-15.41",,,405,298,65,16,1,7,75,18.5,28,6.9,2.41418,0.62084,0.27833,0.10599,"90.6",162,28.95622895622896,3.7037037037037033,2.7160493827160495,5.86,-0.85,0.11,2.37,0.299,11,"-0.952410383",0.288,0.326,"0.952410383",0.015,0.01100000000000001,0.02,0.011,22.3,,,,,,,
1617,687272,"Flint, Tucker",2025,1622,99.7,0.225,0.195,0.353,0.42,0.327,0.296,0.2,76,338,89.1,10.3,2206,88.5,88.81,300,750,867,0.29999999999999716,6.32,114,145,112,149,296,330,303,"2.303","-2.303",,,390,188,42,17,2,15,151,38.7,47,12.1,2.4896,0.44845,0.32683,-0.22537,"91.5",151,42.473118279569896,9.67741935483871,4.615384615384616,5.69,-1.03,-0.05,2.33,0.326,18,"-0.142424242",0.305,0.357,"0.142424242",0.025,0.02100000000000002,0.063,0.031,40,,,,,,,
1617,572204,"Thompson, Trayce",2025,1617,100,0.226,0.179,0.315,0.405,0.312,0.294,0.21,77,341,87.9,19.2,2266,87.8,87.74,259,745,872,-0.09999999999999432,6.31,105,151,121,146,295,323,289,"1.493","-1.493",,,387,216,43,20,1,13,128,33.1,41,10.6,2.48195,0.52848,0.18797,0.10261,"91.0",156,37.2093023255814,9.767441860465116,5.426356589147287,5.81,-1.16,0.08,2.31,0.31,21,"-0.092331478",0.297,0.369,"0.092331478",0.016,0.013000000000000012,0.036,0.018,34.8,,,,,,,
1616,642197,"Westbrook, Jamie",2025,1617,99.9,0.267,0.135,0.308,0.402,0.331,0.319,0.242,99,371,86.9,8.8,2248,88.9,88.98,185,764,852,0.09999999999999432,6.35,106,150,120,147,293,317,287,"-0.091","0.091",,,427,306,63,29,0,7,70,16.4,42,9.8,2.26871,0.65471,0.27667,0.13754,"91.1",158,34.65346534653465,5.2805280528052805,3.747072599531616,5.74,-1.1,0.05,2.43,0.35,16,"0.005631188",0.333,0.377,"-0.005631188",0.025,0.01699999999999996,0.025,0.012,24.2,,,,,,,
1616,694184,"Santana, Cristian",2025,1616,100,0.194,0.184,0.23,0.378,0.339,0.32,0.185,58,299,84.4,29,2283,87.4,86.92,183,692,924,-0.5,6.2,105,147,119,145,286,307,279,"-5.206","5.206",,,389,205,32,11,1,14,98,25.2,74,19,2.39434,0.65385,0.28932,0.0949,"90.9",155,32.19512195121951,5.853658536585367,3.0848329048843186,5.76,-0.86,0.3,2.31,0.37,12,"0.322153465",0.363,0.323,"-0.322153465",0.009,0.007000000000000006,0.055,0.019,26.4,,,,,,,
1615,686531,"Lipcius, Andre",2025,1615,100,0.24,0.208,0.253,0.447,0.331,0.303,0.224,89,371,86.2,20.5,2272,88.4,88.53,229,800,815,0.09999999999999432,6.32,105,150,120,145,295,318,284,"-6.215","6.215",,,421,299,49,21,1,18,77,18.3,37,8.8,2.36828,0.58439,0.22551,0.04443,"90.5",172,26.845637583892618,7.38255033557047,5.225653206650831,5.81,-0.98,0.19,2.36,0.318,22,"0.384829721",0.306,0.379,"-0.384829721",0.016,0.01200000000000001,0.068,0.028,28.6,,,,,,,
1614,823356,"Eeles, Payton",2025,1617,99.8,0.257,0.071,0.309,0.327,0.325,0.313,0.227,87,339,85.8,7.1,2194,88.9,88.88,139,676,938,0,6.27,113,146,104,149,279,314,291,"-1.941","1.941",,,412,273,73,8,2,4,70,17,51,12.4,2.28253,0.63726,0.44299,-0.29032,"90.3",158,26.865671641791046,2.9850746268656714,1.9417475728155338,5.76,-1.06,-0.06,2.37,0.379,8,"0.120260223",0.358,0.314,"-0.120260223",0.03,0.02100000000000002,0.013,0.012,20.6,,,,,,,
1612,678391,"Vivas, Jorbit",2025,1614,99.9,0.272,0.094,0.296,0.366,0.342,0.354,0.274,101,372,85.5,14.1,2216,88.6,88.54,117,756,856,-0.09999999999999432,6.29,115,146,112,150,283,319,292,"-7.392","7.392",,,455,332,75,21,1,4,44,9.7,63,13.8,2.32698,0.62051,0.39719,-0.29226,"91.0",158,30.909090909090907,3.939393939393939,2.857142857142857,5.71,-1.15,-0.09,2.43,0.389,13,"0.458560794",0.394,0.391,"-0.458560794",-0.002,-0.0050000000000000044,-0.025,-0.012,15.5,,,,,,,
1609,687627,"Huff, Kody",2025,1613,99.8,0.217,0.109,0.287,0.326,0.28,0.257,0.2,78,359,88.8,7.9,2263,89,88.88,192,748,861,-0.09999999999999432,6.32,106,150,119,146,294,317,278,"12.692","-12.692",,,403,257,52,19,1,6,104,25.8,37,9.2,2.33544,0.59076,0.28642,0.11216,"91.5",143,41.015625,4.296875,2.729528535980149,5.8,-1.06,0.14,2.34,0.298,11,"-0.788812927",0.283,0.279,"0.788812927",0.017,0.015000000000000013,0.047,0.023,25.7,,,,,,,
1604,663796,"Montes, Coco",2025,1604,100,0.219,0.115,0.3,0.333,0.276,0.287,0.231,82,375,86,13.1,2258,88.4,88.49,282,819,785,0.09999999999999432,6.33,106,151,120,147,292,316,287,"16.427","-16.427",,,415,255,55,19,0,8,123,29.6,32,7.7,2.38046,0.57444,0.23976,0.14871,"90.5",164,28.968253968253972,4.365079365079365,2.6506024096385543,5.68,-1.17,0.18,2.38,0.287,11,"-1.024127182",0.299,0.345,"1.024127182",-0.012,-0.01200000000000001,-0.012,-0.011,34.4,,,,,,,
1601,691740,"Susac, Daniel",2025,1601,100,0.275,0.208,0.342,0.483,0.358,0.307,0.231,99,360,86.9,11.4,2250,88.3,88.57,232,813,788,0.29999999999999716,6.29,105,150,119,147,305,326,294,"-18.099","18.099",,,407,255,61,19,1,18,109,26.8,35,8.6,2.47429,0.48591,0.27755,0.12856,"91.2",155,39.285714285714285,7.936507936507936,4.914004914004914,5.69,-0.97,0.13,2.36,0.349,20,"1.130480949",0.313,0.375,"-1.130480949",0.044,0.035999999999999976,0.108,0.051,28.5,,,,,,,
1601,668952,"Kreidler, Ryan",2025,1605,99.8,0.231,0.152,0.327,0.383,0.331,0.343,0.238,76,329,87.7,16.5,2248,88.3,88.33,247,738,863,0,6.35,106,150,118,145,294,320,283,"-4.419","4.419",,,397,222,40,27,4,5,109,27.5,58,14.6,2.42316,0.55404,0.25309,0.14566,"91.1",159,38.46153846153847,10.85972850678733,6.045340050377834,5.76,-0.98,0.19,2.29,0.358,24,"0.276014991",0.364,0.406,"-0.276014991",-0.007,-0.006000000000000005,-0.023,-0.012,33.5,,,,,,,
1599,691788,"Mack, Joe",2025,1600,99.9,0.248,0.209,0.304,0.457,0.333,0.311,0.232,90,363,89.1,13.9,2205,87.7,87.77,263,817,782,0.09999999999999432,6.32,113,145,119,150,292,319,290,"-0.491","0.491",,,411,255,52,18,2,18,115,28,35,8.5,2.45365,0.54718,0.32055,-0.22174,"91.9",154,43.13725490196079,9.411764705882353,5.839416058394161,5.7,-1.07,-0.17,2.41,0.319,24,"0.030706692",0.309,0.395,"-0.030706692",0.016,0.010000000000000009,0.062,0.022,32.2,,,,,,,
1588,676044,"Seymour, Bob",2025,1588,100,0.263,0.29,0.292,0.553,0.37,0.319,0.229,106,403,90.1,13.6,2175,87.9,87.92,308,920,668,0,6.32,115,145,128,151,288,322,296,"-20.606","20.606",,,439,290,52,21,3,30,114,26,34,7.7,2.47556,0.53143,0.32418,-0.34916,"92.2",163,44.94773519163763,11.498257839721255,7.517084282460136,5.7,-1.01,-0.29,2.41,0.321,33,"1.297607053",0.291,0.449,"-1.297607053",0.034,0.030000000000000027,0.104,0.051,33.5,,,,,,,
1579,687093,"Grissom, Vaughn",2025,1580,99.9,0.268,0.171,0.299,0.439,0.339,0.34,0.272,99,369,88.4,10.9,2254,87.5,87.36,179,745,834,-0.09999999999999432,6.29,105,150,120,146,299,321,286,"-4.818","4.818",,,417,301,62,24,0,13,73,17.5,37,8.9,2.51468,0.5455,0.20982,0.04699,"91.7",160,39.261744966442954,8.053691275167784,5.755395683453238,5.78,-1.1,0.16,2.3,0.341,24,"0.305129829",0.347,0.429,"-0.305129829",-0.004,-0.00599999999999995,0.01,-0.001,24,,,,,,,
1577,687551,"Gilbert, Drew",2025,1577,100,0.262,0.204,0.285,0.466,0.363,0.328,0.24,90,343,89.1,16.4,2195,87.3,87.28,147,701,876,0,6.28,115,145,116,151,285,318,291,"-18.64","18.64",,,408,281,52,20,4,14,66,16.2,50,12.3,2.56509,0.47249,0.29817,-0.22996,"92.4",150,38.79003558718861,7.473309608540925,5.147058823529411,5.79,-1.16,-0.1,2.3,0.369,21,"1.181991122",0.351,0.38,"-1.181991122",0.022,0.018000000000000016,0.086,0.035,21,,,,,,,
1577,672284,"Kelenic, Jarred",2025,1577,100,0.213,0.097,0.294,0.309,0.267,0.294,0.225,77,362,88.9,11.6,2212,88.2,88.33,240,789,788,0.09999999999999432,6.31,116,146,118,151,293,321,298,"21.749","-21.749",,,399,252,53,17,3,4,110,27.6,36,9,2.3654,0.59573,0.38645,-0.30645,"91.3",152,38.55421686746988,8.835341365461847,5.513784461152882,5.72,-0.92,-0.09,2.33,0.286,22,"-1.379137603",0.297,0.369,"1.379137603",-0.012,-0.01100000000000001,-0.06,-0.027,30.4,,,,,,,
1575,678010,"Schnell, Nick",2025,1576,99.9,0.244,0.246,0.327,0.49,0.346,0.318,0.218,87,357,89.5,19.2,2206,87.3,87.21,353,834,741,-0.09999999999999432,6.28,114,145,113,151,289,321,296,"-7.566","7.566",,,399,223,46,15,5,21,136,34.1,35,8.8,2.58126,0.46951,0.24444,-0.21931,"91.7",168,41.81818181818181,14.09090909090909,7.769423558897243,5.69,-1.22,-0.15,2.3,0.318,31,"0.480380952",0.297,0.436,"-0.480380952",0.026,0.02100000000000002,0.054,0.028,42.3,,,,,,,
1570,681546,"Outman, James",2025,1570,100,0.281,0.296,0.36,0.578,0.397,0.357,0.243,94,334,91.4,17.8,2224,87.7,87.69,262,749,821,0,6.24,116,146,117,150,297,326,298,"-25.344","25.344",,,387,220,45,22,4,23,119,30.7,43,11.1,2.5207,0.49665,0.28375,-0.17852,"92.5",171,50,14.09090909090909,8.010335917312661,5.7,-0.86,-0.08,2.32,0.367,31,"1.614267516",0.336,0.491,"-1.614267516",0.038,0.030999999999999972,0.087,0.04,35,,,,,,,
1565,682619,"Martinez, Orelvis",2025,1566,99.9,0.176,0.173,0.216,0.349,0.285,0.297,0.192,59,335,86.8,21.9,2286,87.6,87.66,275,781,784,0.10000000000000853,6.32,106,150,120,145,294,315,287,"18.826","-18.826",,,393,226,28,17,1,13,112,28.5,47,12,2.54996,0.46164,0.1254,-0.01284,"91.6",163,37.333333333333336,8.88888888888889,5.089058524173027,5.74,-1.15,0.29,2.28,0.288,20,"-1.202939297",0.304,0.359,"1.202939297",-0.016,-0.016000000000000014,-0.01,-0.012,35.2,,,,,,,
1558,685382,"Navigato, Andrew",2025,1558,100,0.209,0.158,0.277,0.367,0.284,0.269,0.193,70,335,86.9,17.4,2254,88,88.02,241,748,810,0,6.32,106,150,116,146,292,317,280,"14.811","-14.811",,,376,224,41,16,2,11,116,30.9,28,7.4,2.41295,0.58485,0.24495,0.10381,"91.1",163,34.70319634703196,7.30593607305936,4.25531914893617,5.78,-0.96,0.12,2.35,0.282,16,"-0.950641849",0.272,0.328,"0.950641849",0.016,0.009999999999999953,0.039,0.015,32.2,,,,,,,
1553,694202,"Beltre, Manuel",2025,1553,100,0.237,0.098,0.279,0.335,0.293,0.267,0.212,89,376,83,13.3,2284,87.6,87.18,186,775,778,-0.3999999999999915,6.18,104,147,118,145,287,305,277,"9.289","-9.289",,,430,306,63,20,1,5,76,17.7,43,10,2.37606,0.66814,0.36001,0.1303,"90.4",134,23.934426229508198,1.639344262295082,1.1627906976744187,5.73,-1.09,0.2,2.3,0.319,5,"-0.598132646",0.3,0.279,"0.598132646",0.025,0.019000000000000017,0.056,0.026,24,,,,,,,
1553,669398,"Workman, Gage",2025,1554,99.9,0.227,0.247,0.348,0.474,0.344,0.316,0.199,70,308,91.1,22.4,2167,87.9,87.85,283,724,829,-0.10000000000000853,6.27,116,145,118,151,288,321,292,"-5.568","5.568",,,357,173,30,19,6,15,137,38.4,44,12.3,2.45142,0.58673,0.36605,-0.34309,"91.8",178,50,15.11627906976744,7.282913165266107,5.78,-1.14,-0.11,2.4,0.328,26,"0.358531874",0.304,0.419,"-0.358531874",0.028,0.02400000000000002,0.055,0.028,39.1,,,,,,,
1548,668965,"Zamora, Freddy",2025,1550,99.9,0.257,0.091,0.31,0.348,0.316,0.3,0.235,87,339,85.9,10.8,2269,88.5,88.69,128,596,952,0.20000000000000284,6.33,104,150,115,145,296,317,286,"-0.86","0.86",,,394,272,64,19,0,4,70,17.8,50,12.7,2.36879,0.57699,0.26093,0.1375,"90.6",147,27.205882352941174,2.5735294117647056,1.7766497461928936,5.71,-1.1,0.17,2.34,0.353,7,"0.055555556",0.336,0.319,"-0.055555556",0.022,0.01699999999999996,0.029,0.016,21.5,,,,,,,
1540,681987,"Eaton, Nate",2025,1540,100,0.29,0.193,0.353,0.483,0.369,0.333,0.255,101,348,88.2,12.6,2253,87.7,87.67,165,662,878,0,6.3,106,151,117,146,294,320,287,"-15.262","15.262",,,399,264,61,25,3,12,88,22.1,36,9,2.4713,0.55799,0.24645,0.15295,"92.2",151,40,8.846153846153847,5.764411027568922,5.78,-1.2,0.14,2.3,0.371,23,"0.991038961",0.343,0.414,"-0.991038961",0.035,0.02799999999999997,0.069,0.036,24.9,,,,,,,
1539,670092,"Brooks, Trenton",2025,1546,99.5,0.27,0.219,0.285,0.489,0.374,0.308,0.22,86,319,86.5,21.8,2194,89,89.29,128,677,862,0.29999999999999716,6.31,116,145,112,150,293,323,302,"-22.525","22.525",,,389,264,47,23,1,15,63,16.2,61,15.7,2.37459,0.53514,0.36141,-0.23357,"90.8",168,30.15267175572519,4.580152671755725,3.0848329048843186,5.73,-0.85,-0.1,2.35,0.38,12,"1.463612736",0.343,0.332,"-1.463612736",0.05,0.03699999999999998,0.157,0.066,18.9,,,,,,,
1534,671117,"Baker, Darren",2025,1543,99.4,0.253,0.063,0.315,0.315,0.298,0.28,0.232,85,336,86.6,0.3,2227,89.1,89.02,121,697,837,-0.09999999999999432,6.31,110,146,101,149,275,311,295,"9.511","-9.511",,,383,268,68,14,2,1,70,18.3,43,11.2,2.23419,0.69042,0.37872,-0.29785,"90.1",138,30.075187969924812,0,0,5.77,-1.24,0,2.41,0.339,0,"-0.620013038",0.324,0.28,"0.620013038",0.021,0.015000000000000013,0.035,0.018,17.4,,,,,,,
1530,676701,"Trejo, Alan",2025,1535,99.7,0.257,0.206,0.305,0.463,0.336,0.254,0.199,87,339,85.6,19,2213,87.8,87.96,230,788,742,0.20000000000000284,6.31,106,150,114,146,300,322,288,"-3.032","3.032",,,376,253,46,26,1,14,90,23.9,30,8,2.47912,0.51144,0.24009,-0.02831,"89.9",173,23.107569721115535,3.187250996015936,2.127659574468085,5.74,-0.65,0.14,2.37,0.319,8,"0.198169935",0.268,0.299,"-0.198169935",0.058,0.05099999999999999,0.164,0.082,29.2,,,,,,,
1530,605612,"Castro, Harold",2025,1539,99.4,0.299,0.234,0.33,0.533,0.375,0.33,0.265,109,364,88.6,15.1,2212,88.7,88.78,160,746,784,0.09999999999999432,6.34,116,146,110,151,283,315,293,"-15.448","15.448",,,394,288,68,18,2,21,78,19.8,26,6.6,2.2491,0.6855,0.35066,-0.24566,"90.9",168,36.84210526315789,7.719298245614035,5.583756345177665,5.78,-0.87,-0.15,2.4,0.348,22,"1.009673203",0.319,0.437,"-1.009673203",0.034,0.02899999999999997,0.096,0.045,21.4,,,,,,,
1527,808516,"Valor, Andres",2025,1527,100,0.237,0.15,0.323,0.387,0.324,0.279,0.202,82,346,85.2,19,2289,87.6,87.22,228,758,769,-0.3999999999999915,6.24,106,146,118,145,286,306,275,"3.564","-3.564",,,411,235,51,19,3,9,117,28.5,47,11.4,2.30106,0.73183,0.30362,0.14379,"90.7",147,32.05128205128205,3.418803418803419,1.9464720194647203,5.69,-1.04,0.22,2.39,0.343,8,"-0.233398821",0.317,0.28,"0.233398821",0.035,0.026000000000000023,0.107,0.045,30.1,,,,,,,
1524,669222,"Senzel, Nick",2025,1524,100,0.252,0.156,0.283,0.408,0.327,0.311,0.241,89,353,86.9,15.1,2267,88.6,88.65,154,714,810,0,6.29,105,149,118,146,300,323,292,"-7.879","7.879",,,410,284,60,15,2,12,76,18.5,44,10.7,2.41817,0.52387,0.31408,0.03318,"91.0",155,30.604982206405694,4.98220640569395,3.414634146341464,5.7,-0.79,0.13,2.31,0.339,14,"0.516994751",0.333,0.361,"-0.516994751",0.011,0.006000000000000005,0.047,0.016,21.6,,,,,,,
1518,685133,"Meckler, Wade",2025,1528,99.3,0.274,0.085,0.344,0.359,0.332,0.309,0.24,90,329,88.1,4.2,2186,88,88.13,126,558,960,0.09999999999999432,6.35,114,145,105,150,289,322,302,"-1.641","1.641",,,389,260,66,21,2,1,72,18.5,55,14.1,2.4077,0.59069,0.37441,-0.20307,"91.2",127,29.230769230769234,2.6923076923076925,1.7994858611825193,5.75,-0.84,-0.08,2.27,0.378,7,"0.108102767",0.351,0.321,"-0.108102767",0.034,0.027000000000000024,0.038,0.023,22.6,,,,,,,
1517,682210,"Hoese, Kody",2025,1517,100,0.264,0.147,0.317,0.411,0.339,0.305,0.236,92,348,88.7,14.7,2233,88.2,88.25,126,664,853,0,6.31,107,150,119,147,302,323,292,"-4.999","4.999",,,403,273,58,25,1,8,78,19.4,50,12.4,2.43662,0.54017,0.36548,0.02011,"91.0",173,36.26373626373626,2.564102564102564,1.7369727047146404,5.69,-0.64,0.15,2.43,0.357,7,"0.329531971",0.334,0.339,"-0.329531971",0.028,0.022999999999999965,0.072,0.034,19,,,,,,,
1516,676946,"Batten, Matthew",2025,1519,99.8,0.189,0.136,0.233,0.326,0.262,0.267,0.215,68,359,86.8,15.2,2239,88.8,88.93,187,678,838,0.10000000000000853,6.33,107,151,118,147,302,317,289,"18.258","-18.258",,,396,256,42,14,1,11,104,26.3,34,8.6,2.30259,0.62485,0.32893,0.15564,"91.3",165,36.71875,3.90625,2.525252525252525,5.76,-1.1,0.17,2.37,0.263,10,"-1.204353562",0.286,0.307,"1.204353562",-0.026,-0.022999999999999965,0.019,-0.005,27.6,,,,,,,
1514,669200,"McCoy, Mason",2025,1524,99.3,0.264,0.181,0.339,0.445,0.343,0.269,0.2,86,326,87,16.9,2263,88.9,89.17,164,665,849,0.29999999999999716,6.31,106,150,111,146,303,325,293,"-5.104","5.104",,,375,232,51,22,2,11,99,26.4,42,11.2,2.34316,0.57446,0.28674,0.08366,"90.6",158,33.33333333333333,5.194805194805195,3.2,5.75,-0.9,0.1,2.28,0.347,12,"0.337120211",0.293,0.298,"-0.337120211",0.064,0.05399999999999999,0.147,0.074,24.7,,,,,,,
1507,666931,"Oliva, Jared",2025,1513,99.6,0.244,0.163,0.29,0.407,0.324,0.283,0.222,84,344,84.8,13.3,2265,88.3,88.49,182,691,816,0.20000000000000284,6.32,107,151,114,147,298,320,287,"-3.399","3.399",,,392,263,54,15,4,11,82,20.9,35,8.9,2.36311,0.59504,0.24107,0.03566,"90.8",136,29.166666666666668,3.4090909090909087,2.295918367346939,5.79,-1.02,0.2,2.4,0.329,9,"0.225547445",0.31,0.314,"-0.225547445",0.022,0.019000000000000017,0.093,0.041,26.3,,,,,,,
1506,641856,"McKinney, Billy",2025,1509,99.8,0.239,0.167,0.294,0.406,0.323,0.319,0.245,80,335,89.2,14.7,2172,88.2,88.33,212,723,783,0.09999999999999432,6.32,115,146,116,152,291,321,293,"-0.014","0.014",,,379,243,51,14,3,12,92,24.3,41,10.8,2.37477,0.59029,0.34024,-0.27268,"91.4",165,40.082644628099175,6.6115702479338845,4.221635883905013,5.79,-1.12,-0.11,2.32,0.327,16,"0.000929615",0.333,0.387,"-0.000929615",-0.006,-0.006000000000000005,0.019,0.004,29.3,,,,,,,
1505,688005,"Urbaez, Francisco",2025,1506,99.9,0.315,0.15,0.34,0.465,0.366,0.314,0.266,113,359,89.3,10.6,2259,88.1,88.25,115,670,835,0.20000000000000284,6.35,104,150,117,146,294,315,283,"-18.624","18.624",,,409,325,72,32,5,4,40,9.8,37,9,2.37611,0.63318,0.21616,0.07586,"91.5",156,34.25925925925926,2.7777777777777777,2.2004889975550124,5.89,-0.8,0.17,2.37,0.381,9,"1.237475083",0.342,0.357,"-1.237475083",0.049,0.03899999999999998,0.108,0.052,17.2,,,,,,,
1497,681581,"Weber, Andy",2025,1500,99.8,0.311,0.124,0.356,0.435,0.35,0.302,0.269,113,363,85.9,9.5,2212,88.8,89.14,137,731,766,0.29999999999999716,6.3,114,145,111,150,291,326,300,"-9.037","9.037",,,401,310,83,19,7,4,56,14,35,8.7,2.40805,0.52679,0.38809,-0.25179,"90.6",149,28.387096774193548,0.967741935483871,0.7481296758104738,5.69,-1,-0.1,2.29,0.369,3,"0.603674015",0.333,0.337,"-0.603674015",0.042,0.035999999999999976,0.098,0.048,18.7,,,,,,,
1489,813620,"Rucker, Carson",2025,1489,100,0.24,0.061,0.325,0.301,0.276,0.297,0.249,91,379,88.1,9.9,2295,87.8,87.28,229,764,725,-0.5,6.19,105,147,119,145,287,306,277,"9.624","-9.624",,,420,278,73,14,3,1,103,24.5,29,6.9,2.3658,0.65402,0.29407,0.09289,"91.7",141,42.805755395683455,3.237410071942446,2.142857142857143,5.79,-0.96,0.14,2.35,0.31,9,"-0.646339825",0.318,0.343,"0.646339825",-0.009,-0.008000000000000007,-0.042,-0.021,30,,,,,,,
1486,691728,"Veen, Zac",2025,1491,99.7,0.286,0.18,0.343,0.466,0.352,0.323,0.26,105,367,90.7,10.8,2203,88.4,88.91,197,760,726,0.5,6.38,114,143,107,149,297,330,307,"-7.521","7.521",,,406,285,66,23,5,11,84,20.7,34,8.4,2.40168,0.52862,0.35196,-0.25457,"92.2",150,47.87234042553192,4.964539007092199,3.4482758620689653,5.64,-0.91,-0.11,2.41,0.35,14,"0.506123822",0.329,0.402,"-0.506123822",0.026,0.020999999999999963,0.064,0.029,25.9,,,,,,,
1484,665750,"Taveras, Leody",2025,1486,99.9,0.279,0.167,0.304,0.446,0.347,0.356,0.289,90,323,90.5,16,2224,88.1,88.24,128,636,848,0.10000000000000853,6.31,113,146,114,149,292,324,294,"-6.121","6.121",,,369,271,61,15,3,11,57,15.4,40,10.8,2.40779,0.57153,0.3974,-0.3974,"92.4",159,42.592592592592595,6.296296296296296,4.607046070460704,5.75,-0.71,-0.04,2.31,0.355,17,"0.412466307",0.367,0.447,"-0.412466307",-0.01,-0.01200000000000001,-0.001,-0.009,20.1,,,,,,,
1483,666198,"Kieboom, Carter",2025,1483,100,0.317,0.131,0.377,0.448,0.353,0.286,0.253,116,366,87.9,10,2250,87.9,88.13,197,754,729,0.19999999999998863,6.31,107,150,121,146,306,331,297,"-10.415","10.415",,,396,293,88,17,2,9,75,18.9,28,7.1,2.5425,0.44208,0.21814,0.09524,"91.9",138,40.97222222222222,3.8194444444444446,2.7777777777777777,5.73,-0.91,0.15,2.27,0.364,11,"0.70229265",0.306,0.339,"-0.70229265",0.064,0.057999999999999996,0.109,0.067,26.1,,,,,,,
1480,800140,"Chirinos, Kendry",2025,1480,100,0.255,0.115,0.339,0.37,0.325,0.324,0.237,82,322,88,4.3,2289,87.4,87.1,245,711,769,-0.30000000000001137,6.23,105,146,118,146,290,305,274,"-3.474","3.474",,,381,230,60,13,3,6,97,25.5,48,12.6,2.40299,0.65145,0.33895,0.18275,"91.3",135,38.32599118942731,7.048458149779736,4.199475065616798,5.73,-1.1,0.25,2.3,0.357,16,"0.23472973",0.346,0.377,"-0.23472973",0.018,0.01100000000000001,-0.007,0.001,34.5,,,,,,,
1477,676551,"Hicklen, Brewer",2025,1477,100,0.224,0.185,0.291,0.409,0.32,0.312,0.207,75,335,90.7,17.9,2242,88.6,88.59,246,683,794,0,6.3,105,151,120,146,296,319,283,"-0.014","0.014",,,387,219,47,10,2,16,119,30.7,40,10.3,2.35867,0.58714,0.32834,0.21681,"92.5",154,46.08294930875576,11.981566820276496,6.718346253229974,5.8,-1.01,0.11,2.4,0.32,26,"0.000947867",0.307,0.404,"-0.000947867",0.017,0.013000000000000012,0.005,0.008,36,,,,,,,
1474,670276,"Stevenson, Cal",2025,1483,99.4,0.231,0.114,0.295,0.344,0.322,0.329,0.233,63,273,88.5,14.6,2191,88.4,88.39,117,538,936,0,6.33,113,146,107,151,283,316,293,"-0.851","0.851",,,336,199,45,11,1,6,78,23.2,58,17.3,2.37907,0.5881,0.43294,-0.34227,"90.9",170,37.17277486910995,5.2356020942408374,2.976190476190476,5.76,-1.43,-0.08,2.32,0.363,10,"0.057734057",0.37,0.35,"-0.057734057",-0.002,-0.007000000000000006,-0.006,-0.007,21.7,,,,,,,
1473,687714,"Cluff, Jackson",2025,1486,99.1,0.219,0.187,0.29,0.406,0.324,0.291,0.19,68,310,89.1,20.6,2206,88.2,88.19,233,656,817,0,6.3,113,145,105,151,286,318,293,"0.619","-0.619",,,368,205,38,14,4,12,109,29.6,50,13.6,2.40277,0.59485,0.34448,-0.30188,"91.9",156,37.93103448275862,9.852216748768473,5.434782608695652,5.7,-1.24,-0.06,2.35,0.332,20,"-0.042023082",0.311,0.324,"0.042023082",0.029,0.02100000000000002,0.082,0.033,35.5,,,,,,,
1473,700720,"Pino, Luis",2025,1473,100,0.207,0.139,0.303,0.346,0.302,0.297,0.197,64,309,87.8,15.2,2316,88,87.77,196,581,892,-0.20000000000000284,6.27,106,146,117,146,287,308,276,"2.555","-2.555",,,365,193,39,15,2,8,118,32.3,44,12.1,2.32001,0.68721,0.31333,0.16274,"92.0",148,39.37823834196891,9.32642487046632,4.931506849315069,5.66,-1.07,0.12,2.34,0.323,18,"-0.173455533",0.315,0.338,"0.173455533",0.01,0.008000000000000007,0.008,0.005,33.7,,,,,,,
1471,680672,"Waddell, Luke",2025,1472,99.9,0.272,0.068,0.31,0.34,0.318,0.306,0.249,88,324,86.7,8.4,2191,88.8,88.89,82,616,855,0.10000000000000853,6.31,114,146,110,151,285,315,297,"2.361","-2.361",,,379,282,69,17,1,1,47,12.4,46,12.1,2.27711,0.64707,0.40016,-0.26263,"90.2",162,23.131672597864767,0.7117437722419928,0.5277044854881267,5.77,-0.97,-0.06,2.37,0.364,2,"-0.160503059",0.349,0.315,"0.160503059",0.023,0.015000000000000013,0.025,0.012,13.3,,,,,,,
1470,608841,"Meneses, Joey",2025,1470,100,0.265,0.182,0.291,0.447,0.331,0.325,0.265,102,385,89.7,15.4,2246,87.2,87.38,142,711,759,0.20000000000000284,6.34,106,150,121,147,293,318,286,"-4.732","4.732",,,417,324,55,35,1,11,62,14.9,27,6.5,2.53384,0.4979,0.2117,0.10087,"92.5",159,45.794392523364486,7.165109034267912,5.515587529976019,5.85,-1.18,0.15,2.33,0.319,23,"0.321904762",0.319,0.43,"-0.321904762",0,0,0.017,0.006,20,,,,,,,
1467,671286,"Rodríguez, Johnathan",2025,1467,100,0.312,0.204,0.379,0.515,0.393,0.336,0.257,101,324,92.3,6.6,2267,88.5,88.37,173,621,846,-0.09999999999999432,6.31,105,150,121,147,295,319,281,"-25.977","25.977",,,372,240,68,16,1,16,86,23.1,42,11.3,2.40691,0.55315,0.25688,0.13297,"93.7",145,50.210970464135016,10.548523206751055,6.720430107526881,5.87,-1.03,0.13,2.32,0.395,25,"1.770756646",0.35,0.408,"-1.770756646",0.055,0.04500000000000004,0.107,0.057,27.9,,,,,,,
1444,663536,"English, Tristin",2025,1445,99.9,0.322,0.191,0.353,0.513,0.376,0.314,0.258,123,382,87.8,9.7,2246,87.9,88.3,198,845,599,0.3999999999999915,6.35,106,149,121,146,306,330,296,"-16.452","16.452",,,411,323,78,31,0,14,62,15.1,19,4.6,2.53652,0.44858,0.23316,0.07151,"91.6",162,39.56386292834891,6.853582554517133,5.35279805352798,5.69,-0.89,0.15,2.35,0.363,22,"1.13933518",0.306,0.413,"-1.13933518",0.064,0.056999999999999995,0.1,0.062,23.4,,,,,,,
1444,682818,"Pinango, Yohendrick",2025,1444,100,0.235,0.143,0.278,0.379,0.317,0.327,0.253,69,293,91.9,14.1,2158,88.3,88.37,118,584,860,0.10000000000000853,6.35,114,146,121,151,287,316,292,"0.538","-0.538",,,341,230,42,19,1,7,65,19.1,43,12.6,2.4124,0.55633,0.40565,-0.3633,"92.9",158,47.82608695652174,5.217391304347826,3.519061583577713,5.7,-1.24,-0.13,2.35,0.335,12,"-0.037257618",0.351,0.382,"0.037257618",-0.018,-0.01599999999999996,-0.003,-0.01,20.2,,,,,,,
1444,605346,"López, Jack",2025,1463,98.7,0.221,0.117,0.291,0.338,0.264,0.239,0.205,77,349,83.9,13.9,2279,88.4,88.67,241,782,662,0.29999999999999716,6.35,103,148,109,145,297,320,284,"24.342","-24.342",,,377,243,54,14,0,9,111,29.4,20,5.3,2.3785,0.57132,0.27204,0.04192,"90.4",146,28.512396694214875,2.8925619834710745,1.8567639257294428,5.75,-0.8,0.03,2.29,0.265,7,"-1.685734072",0.253,0.28,"1.685734072",0.016,0.01200000000000001,0.058,0.025,30.8,,,,,,,
1441,672359,"Ornelas, Tirso",2025,1443,99.9,0.287,0.161,0.331,0.448,0.363,0.318,0.255,91,317,86.7,8.5,2199,88.7,88.93,133,615,826,0.20000000000000284,6.3,115,145,117,150,294,324,301,"-10.458","10.458",,,368,255,60,21,0,10,64,17.4,45,12.2,2.41958,0.50944,0.33372,-0.22572,"91.7",147,35.294117647058826,2.3529411764705883,1.6304347826086956,5.69,-0.88,-0.11,2.37,0.38,6,"0.72574601",0.353,0.348,"-0.72574601",0.032,0.027000000000000024,0.1,0.045,21.6,,,,,,,
1432,702283,"Toman, Tucker",2025,1432,100,0.26,0.115,0.341,0.375,0.319,0.298,0.226,84,323,88.1,13.6,2215,87.6,87.19,189,681,751,-0.3999999999999915,6.17,111,144,118,144,281,306,282,"1.804","-1.804",,,370,235,60,17,1,6,92,24.9,35,9.5,2.33535,0.71768,0.48817,-0.48817,"91.1",156,37.93103448275862,5.172413793103448,3.2432432432432434,5.73,-1.25,-0.02,2.37,0.343,12,"-0.125977654",0.318,0.342,"0.125977654",0.034,0.025000000000000022,0.033,0.021,27.8,,,,,,,
1431,673995,"Wendzel, Davis",2025,1431,100,0.251,0.182,0.274,0.433,0.341,0.325,0.244,77,307,86.9,20.5,2227,88,88.11,136,622,809,0.09999999999999432,6.35,106,150,119,145,294,317,286,"-11.438","11.438",,,356,247,47,17,0,13,63,17.7,37,10.4,2.42754,0.62566,0.21738,0.03502,"91.2",167,31.983805668016196,6.477732793522267,4.49438202247191,5.92,-0.75,0.21,2.38,0.346,16,"0.799301188",0.34,0.391,"-0.799301188",0.007,0.00599999999999995,0.042,0.016,21.9,,,,,,,
1431,695257,"Cook, Billy",2025,1434,99.8,0.248,0.136,0.332,0.385,0.311,0.271,0.2,82,330,87.6,19.1,2258,88.9,89.02,203,688,743,0.09999999999999432,6.33,105,150,116,145,296,319,285,"5.69","-5.69",,,370,231,55,17,2,8,102,27.6,33,8.9,2.2638,0.66976,0.30368,0.07514,"91.1",162,36.24454148471616,6.550218340611353,4.054054054054054,5.76,-0.75,0.17,2.39,0.322,15,"-0.397624039",0.283,0.319,"0.397624039",0.048,0.039000000000000035,0.066,0.04,29.5,,,,,,,
1430,605361,"Martini, Nick",2025,1431,99.9,0.256,0.176,0.291,0.433,0.356,0.315,0.227,74,289,87.5,16,2202,89,89.37,102,558,872,0.4000000000000057,6.33,114,146,116,151,295,325,300,"-12.123","12.123",,,357,230,44,19,1,10,66,18.5,48,13.4,2.34103,0.57276,0.35515,-0.26339,"91.3",160,36.24454148471616,3.4934497816593884,2.2408963585434174,5.73,-1.01,-0.05,2.4,0.378,8,"0.847762238",0.359,0.325,"-0.847762238",0.029,0.019000000000000017,0.108,0.041,18.3,,,,,,,
1430,691182,"Amador, Adael",2025,1431,99.9,0.303,0.175,0.327,0.478,0.386,0.337,0.266,95,314,87.3,8.1,2207,88,88.54,102,617,813,0.5,6.36,113,147,107,149,299,326,301,"-22.894","22.894",,,370,268,65,16,3,11,47,12.7,50,13.5,2.43592,0.52858,0.37698,-0.37643,"92.0",147,41.44486692015209,3.041825095057034,2.1621621621621623,5.63,-0.9,-0.05,2.38,0.405,8,"1.600979021",0.376,0.367,"-1.600979021",0.037,0.029000000000000026,0.111,0.049,16.5,,,,,,,
1429,671083,"Kennedy, Buddy",2025,1429,100,0.28,0.131,0.313,0.412,0.35,0.319,0.251,92,328,88.5,17.8,2243,88,87.97,123,609,820,0,6.3,105,150,120,145,295,318,286,"-11.109","11.109",,,384,276,66,17,1,8,55,14.3,43,11.2,2.39326,0.59784,0.27174,0.11559,"91.6",158,35.76642335766424,3.2846715328467155,2.34375,5.8,-0.96,0.24,2.3,0.378,9,"0.777396781",0.354,0.351,"-0.777396781",0.029,0.02400000000000002,0.061,0.031,20.2,,,,,,,
1424,641796,"Locastro, Tim",2025,1435,99.2,0.272,0.164,0.31,0.436,0.352,0.304,0.227,93,342,85.9,17.6,2265,89,89.3,196,724,700,0.29999999999999716,6.34,105,149,108,146,304,324,294,"-10.258","10.258",,,401,280,59,21,4,9,66,16.5,35,8.7,2.3484,0.56561,0.2925,0.09152,"90.6",154,27.500000000000004,3.214285714285714,2.2443890274314215,5.68,-0.79,0.14,2.43,0.367,9,"0.720365169",0.331,0.34,"-0.720365169",0.045,0.035999999999999976,0.096,0.048,27.1,,,,,,,
1421,689172,"Wisely, Brett",2025,1427,99.6,0.255,0.136,0.302,0.391,0.318,0.305,0.237,77,302,86.8,17,2180,88.4,88.34,119,638,783,-0.10000000000000853,6.31,114,145,108,149,289,324,301,"-0.115","0.115",,,341,239,51,18,1,7,66,19.4,32,9.4,2.41647,0.55609,0.39469,-0.27409,"90.6",173,35.0210970464135,4.641350210970464,3.225806451612903,5.71,-0.95,-0.16,2.4,0.331,11,"0.008092892",0.317,0.366,"-0.008092892",0.018,0.014000000000000012,0.025,0.013,18.7,,,,,,,
1417,690443,"Antico, Mike",2025,1432,99,0.26,0.147,0.339,0.407,0.334,0.308,0.231,81,312,86,16.1,2209,88.5,88.69,222,742,675,0.20000000000000284,6.34,110,144,106,150,284,316,292,"-4.345","4.345",,,366,225,51,21,2,7,93,25.4,42,11.5,2.31748,0.64094,0.31803,-0.26058,"91.3",160,34.66666666666667,8,4.918032786885246,5.7,-1.18,-0.08,2.37,0.352,18,"0.306633733",0.332,0.354,"-0.306633733",0.029,0.019999999999999962,0.053,0.026,29.9,,,,,,,
1416,702977,"Head, Dillon",2025,1421,99.6,0.225,0.088,0.278,0.314,0.298,0.277,0.209,69,306,85.1,13.1,2225,88,87.65,122,605,811,-0.29999999999999716,6.23,113,145,110,145,275,305,281,"4.886","-4.886",,,362,240,55,4,7,3,68,18.8,50,13.8,2.23447,0.77261,0.47466,-0.38714,"90.9",131,28.749999999999996,1.6666666666666667,1.1049723756906076,5.68,-1.26,-0.18,2.36,0.338,4,"-0.345056497",0.325,0.264,"0.345056497",0.016,0.013000000000000012,0.05,0.021,20.2,,,,,,,
1414,808864,"Tello, Raider",2025,1416,99.9,0.281,0.115,0.361,0.396,0.329,0.316,0.26,93,331,89.2,5.6,2257,87.8,87.29,159,677,737,-0.5,6.17,106,147,119,147,293,306,275,"-6.499","6.499",,,370,245,69,17,0,7,88,23.8,29,7.8,2.31066,0.70874,0.38375,0.10885,"91.1",163,41.39344262295082,5.327868852459016,3.5135135135135136,5.8,-0.88,0.02,2.39,0.35,13,"0.459618105",0.333,0.376,"-0.459618105",0.021,0.01699999999999996,0.02,0.013,23.5,,,,,,,
1403,670869,"Soto, Livan",2025,1408,99.6,0.194,0.065,0.242,0.258,0.26,0.264,0.197,60,310,84.7,15.3,2178,88.9,88.94,155,661,742,0,6.28,113,145,110,151,283,316,287,"20.331","-20.331",,,359,232,50,5,0,5,80,22.3,42,11.7,2.26424,0.65831,0.35121,-0.30823,"89.7",164,18.26086956521739,1.3043478260869565,0.8356545961002786,5.82,-1.3,-0.1,2.42,0.298,3,"-1.449109052",0.302,0.265,"1.449109052",-0.003,-0.0040000000000000036,-0.007,-0.004,23.4,,,,,,,
1402,699014,"Rodriguez, Eddy",2025,1405,99.8,0.192,0.159,0.253,0.351,0.292,0.28,0.193,58,302,85.4,12.3,2287,88.6,88.06,226,695,707,-0.5,6.15,105,146,117,145,291,309,277,"6.577","-6.577",,,353,200,32,14,2,10,104,29.5,45,12.7,2.20061,0.75858,0.34741,0.18543,"90.6",141,31.313131313131315,7.575757575757576,4.2492917847025495,5.7,-1,0.18,2.4,0.301,15,"-0.469115549",0.304,0.306,"0.469115549",-0.001,-0.0030000000000000027,0.045,0.012,32.5,,,,,,,
1398,683770,"Robertson, Will",2025,1398,100,0.289,0.282,0.342,0.571,0.404,0.359,0.252,87,301,90.8,12.5,2240,88.1,88.11,190,665,733,0,6.27,114,145,120,151,286,315,292,"-27.949","27.949",,,352,216,44,21,2,20,88,25,46,13.1,2.42429,0.57347,0.27962,-0.19692,"93.2",162,49.056603773584904,12.735849056603774,7.670454545454546,5.81,-1.34,-0.08,2.39,0.384,27,"1.999213162",0.357,0.461,"-1.999213162",0.037,0.027000000000000024,0.11,0.045,28.6,,,,,,,
1397,665782,"De Los Santos, Luis",2025,1398,99.9,0.242,0.098,0.307,0.34,0.277,0.263,0.226,86,356,87.3,4.1,2281,87.3,87.5,203,706,691,0.20000000000000284,6.33,106,150,119,147,292,317,283,"11.998","-11.998",,,381,262,67,11,0,8,95,24.9,18,4.7,2.55039,0.4729,0.12629,0.02982,"92.5",129,38.46153846153847,3.4615384615384617,2.3622047244094486,5.83,-1.21,0.15,2.3,0.287,9,"-0.858840372",0.273,0.319,"0.858840372",0.016,0.013999999999999957,0.021,0.014,28.8,,,,,,,
1388,800246,"Urena, Engelth",2025,1388,100,0.212,0.13,0.242,0.342,0.302,0.277,0.205,67,316,83.5,19.1,2288,87.6,87.18,147,619,769,-0.3999999999999915,6.24,105,145,119,145,286,308,282,"0.957","-0.957",,,376,249,44,14,0,9,71,18.9,47,12.5,2.3551,0.71361,0.31275,0.10755,"90.1",141,21.774193548387096,0.8064516129032258,0.5319148936170213,5.72,-0.82,0.31,2.34,0.327,2,"-0.068948127",0.323,0.264,"0.068948127",0.007,0.0040000000000000036,0.078,0.025,23.7,,,,,,,
1388,800254,"Ramirez, Abrahan",2025,1388,100,0.235,0.056,0.319,0.291,0.313,0.296,0.208,67,285,85.5,7.4,2236,88.5,88.06,142,553,835,-0.4000000000000057,6.2,112,145,112,145,270,301,281,"2.021","-2.021",,,354,210,51,16,0,0,78,22,62,17.5,2.1595,0.82427,0.50565,-0.38406,"89.9",144,19.617224880382775,0.4784688995215311,0.2824858757062147,5.7,-1.21,-0.09,2.4,0.376,1,"-0.145605187",0.358,0.259,"0.145605187",0.027,0.018000000000000016,0.032,0.017,25.7,,,,,,,
1382,687515,"Thomas, Colby",2025,1382,100,0.293,0.239,0.362,0.532,0.382,0.329,0.239,97,331,89.4,14.3,2228,88.2,88.48,220,723,659,0.29999999999999716,6.34,105,149,117,145,304,327,298,"-17.163","17.163",,,382,236,56,21,2,18,102,26.7,32,8.4,2.46465,0.49637,0.27553,0.05438,"91.6",158,41.201716738197426,9.871244635193133,6.020942408376963,5.64,-0.76,0.07,2.38,0.367,23,"1.241895803",0.326,0.418,"-1.241895803",0.054,0.04099999999999998,0.114,0.053,30.4,,,,,,,
1381,651016,"Lloyd, Matt",2025,1382,99.9,0.271,0.163,0.342,0.434,0.35,0.326,0.242,78,288,90.5,13.3,2231,88.4,88.45,150,555,826,0,6.34,115,145,119,150,288,318,294,"-6.37","6.37",,,336,211,50,18,1,9,80,23.8,45,13.4,2.3949,0.56733,0.32623,-0.29832,"92.1",159,46.666666666666664,6.666666666666667,4.166666666666666,5.66,-1.04,-0.08,2.31,0.366,14,"0.461259957",0.343,0.392,"-0.461259957",0.029,0.022999999999999965,0.042,0.024,27,,,,,,,
1380,666194,"Johnson, Cooper",2025,1381,99.9,0.21,0.11,0.28,0.32,0.29,0.279,0.199,57,272,84.2,17.3,2223,88.1,88.32,177,593,787,0.20000000000000284,6.3,105,151,118,147,300,323,289,"8.439","-8.439",,,320,188,40,10,1,6,87,27.2,42,13.1,2.44412,0.53953,0.26862,-0.02862,"90.1",167,27.419354838709676,3.225806451612903,1.875,5.76,-0.58,0.19,2.4,0.319,6,"-0.611521739",0.312,0.29,"0.611521739",0.011,0.007000000000000006,0.03,0.011,29.8,,,,,,,
1377,691373,"Garcia, Jhostynxon",2025,1378,99.9,0.271,0.227,0.342,0.498,0.357,0.315,0.234,86,317,86.4,14.6,2285,88,87.98,232,678,699,0,6.3,104,150,120,146,296,321,287,"-5.911","5.911",,,350,217,53,12,3,18,102,29.1,27,7.7,2.47181,0.51609,0.27442,0.16327,"91.3",160,34.57943925233645,10.2803738317757,6.2857142857142865,5.76,-1.44,0.16,2.31,0.334,22,"0.429266521",0.301,0.421,"-0.429266521",0.037,0.03300000000000003,0.077,0.042,34.2,,,,,,,
1377,800266,"Pena, Yordalin",2025,1377,100,0.226,0.133,0.297,0.358,0.289,0.256,0.198,75,332,86.9,14.9,2318,88.1,87.78,230,731,646,-0.29999999999999716,6.26,106,146,118,146,286,308,276,"14.099","-14.099",,,373,238,46,20,3,6,99,26.5,32,8.6,2.30811,0.69158,0.29773,0.16756,"91.1",147,33.47280334728033,5.02092050209205,3.2171581769436997,5.69,-1.26,0.15,2.36,0.298,12,"-1.02389252",0.274,0.292,"1.02389252",0.028,0.023999999999999966,0.066,0.033,31.5,,,,,,,
1374,668853,"Shenton, Austin",2025,1374,100,0.217,0.197,0.259,0.413,0.322,0.316,0.217,65,300,88.2,19.1,2214,88.5,88.61,202,641,733,0.09999999999999432,6.3,113,145,121,149,288,322,297,"1.414","-1.414",,,351,211,34,17,0,14,92,26.2,44,12.5,2.35935,0.58757,0.37773,-0.29851,"91.7",175,37.44075829383886,10.42654028436019,6.267806267806268,5.74,-0.94,-0.1,2.33,0.322,22,"-0.102911208",0.323,0.394,"0.102911208",0,-0.0010000000000000009,0.019,0.006,31.5,,,,,,,
1372,669234,"Malloy, Justyn-Henry",2025,1372,100,0.322,0.18,0.399,0.502,0.415,0.396,0.285,84,261,89,14.5,2230,88.1,88.1,135,507,865,0,6.29,107,150,120,145,294,320,284,"-25.651","25.651",,,327,197,55,20,0,9,67,20.5,55,16.8,2.45005,0.54568,0.28023,0.10119,"91.8",157,36.41025641025641,9.230769230769232,5.5045871559633035,5.77,-0.81,0.17,2.37,0.45,18,"1.869606414",0.423,0.469,"-1.869606414",0.037,0.027000000000000024,0.033,0.019,26.6,,,,,,,
1371,670712,"Brosseau, Mike",2025,1372,99.9,0.219,0.136,0.251,0.355,0.293,0.271,0.201,66,301,87.1,13.9,2260,88.8,89.15,149,612,759,0.4000000000000057,6.33,106,150,118,146,304,325,296,"7.298","-7.298",,,342,236,43,14,0,9,68,19.9,32,9.4,2.3859,0.52706,0.29422,0.05366,"90.7",165,27.659574468085108,4.680851063829787,3.216374269005848,5.66,-0.86,0.09,2.41,0.304,11,"-0.532312181",0.289,0.311,"0.532312181",0.018,0.015000000000000013,0.044,0.022,24.3,,,,,,,
1364,686894,"Wiemer, Joey",2025,1364,100,0.203,0.154,0.246,0.357,0.3,0.301,0.205,58,286,87.5,12.9,2261,88.1,88.26,185,617,747,0.20000000000000284,6.3,106,150,121,146,294,319,290,"5.307","-5.307",,,336,202,36,11,0,11,87,25.9,40,11.9,2.44474,0.53766,0.18714,0.0389,"91.6",143,35.148514851485146,8.91089108910891,5.357142857142857,5.76,-0.94,0.24,2.31,0.313,18,"-0.389076246",0.317,0.341,"0.389076246",-0.002,-0.0040000000000000036,0.016,-0.001,30,,,,,,,
1362,553988,"Machado, Dixon",2025,1365,99.8,0.222,0.081,0.265,0.304,0.301,0.316,0.245,60,270,84.5,6.4,2251,88.8,88.91,102,492,870,0.10000000000000853,6.33,105,150,116,147,293,313,280,"6.805","-6.805",,,326,215,46,10,0,4,58,17.8,50,15.3,2.31645,0.60748,0.31953,0.16078,"90.1",129,23.004694835680752,2.3474178403755865,1.5337423312883436,5.76,-1.1,0.13,2.28,0.347,5,"-0.499632893",0.366,0.321,"0.499632893",-0.023,-0.019000000000000017,-0.017,-0.015,20.7,,,,,,,
1361,621008,"De Goti, Alex",2025,1370,99.3,0.219,0.073,0.281,0.292,0.282,0.274,0.208,60,274,85.6,16.3,2228,88.1,88.36,143,588,773,0.30000000000001137,6.32,106,150,115,147,300,320,285,"9.725","-9.725",,,326,206,46,11,0,3,74,22.7,41,12.6,2.40613,0.57499,0.27235,0.03148,"89.8",168,24.390243902439025,0.4878048780487805,0.3067484662576687,5.74,-0.67,0.06,2.39,0.323,1,"-0.714548126",0.317,0.269,"0.714548126",0.011,0.006000000000000005,0.023,0.008,24.3,,,,,,,
1355,682729,"Clase, Jonatan",2025,1364,99.3,0.251,0.152,0.333,0.403,0.324,0.284,0.207,76,303,87.8,14.4,2164,88.2,88.23,160,619,736,0,6.33,112,147,103,150,286,313,289,"3.276","-3.276",,,342,214,44,25,0,7,90,26.3,35,10.2,2.36983,0.60055,0.37782,-0.37782,"91.2",154,35.2112676056338,5.164319248826291,3.216374269005848,5.8,-1.34,-0.09,2.39,0.333,11,"-0.241771218",0.295,0.339,"0.241771218",0.044,0.038000000000000034,0.064,0.04,25.8,,,,,,,
1353,828319,"Toole, Marshall",2025,1353,100,0.308,0.166,0.381,0.474,0.383,0.304,0.23,93,302,87.5,5.3,2250,88.7,88.27,127,543,810,-0.4000000000000057,6.21,111,144,113,145,277,307,287,"-20.764","20.764",,,356,236,64,13,11,5,68,19.1,49,13.8,2.14605,0.81768,0.47346,-0.37296,"91.4",129,33.89830508474576,3.389830508474576,2.247191011235955,5.7,-0.94,-0.05,2.31,0.407,8,"1.53466371",0.343,0.317,"-1.53466371",0.078,0.06399999999999995,0.157,0.079,23.4,,,,,,,
1352,666183,"Bishop, Hunter",2025,1354,99.9,0.252,0.155,0.349,0.407,0.314,0.275,0.216,80,317,90.2,5.9,2132,87.8,87.76,208,665,687,0,6.3,113,145,116,150,293,327,302,"5.042","-5.042",,,352,216,51,16,6,7,105,29.8,26,7.4,2.47804,0.53882,0.39231,-0.33449,"92.1",146,41.1214953271028,7.009345794392523,4.261363636363636,5.78,-1.02,-0.15,2.31,0.315,15,"-0.372928994",0.285,0.326,"0.372928994",0.036,0.030000000000000027,0.081,0.039,31.3,,,,,,,
1350,808365,"Pena, Dameury",2025,1352,99.9,0.228,0.081,0.235,0.309,0.278,0.269,0.224,79,346,83,11.1,2286,88.5,88.06,107,650,700,-0.4000000000000057,6.18,104,147,115,146,290,306,277,"3.192","-3.192",,,390,316,63,10,0,6,34,8.7,32,8.2,2.14783,0.82111,0.4016,0.18487,"89.8",133,18.152866242038215,1.5923566878980893,1.282051282051282,5.74,-0.93,0.15,2.41,0.305,5,"-0.236444444",0.302,0.288,"0.236444444",0.004,0.0030000000000000027,0.021,0.009,16.5,,,,,,,
1350,694388,"Loperfido, Joey",2025,1354,99.7,0.264,0.137,0.329,0.401,0.327,0.328,0.261,87,329,88.5,14.5,2188,88.1,88.17,179,696,654,0.10000000000000853,6.3,114,145,117,151,287,315,291,"-1.37","1.37",,,368,250,57,22,1,7,80,21.7,28,7.6,2.40176,0.5724,0.31337,-0.24859,"91.4",161,39.67611336032389,5.263157894736842,3.532608695652174,5.78,-1.25,-0.06,2.41,0.34,13,"0.101481481",0.338,0.404,"-0.101481481",0.003,0.0020000000000000018,-0.003,-0.001,25.7,,,,,,,
1349,669304,"Miranda, Jose",2025,1349,100,0.195,0.102,0.214,0.296,0.257,0.257,0.202,65,334,85.2,12.8,2250,88.4,88.52,154,676,673,0.09999999999999432,6.33,105,150,121,146,293,319,285,"17.424","-17.424",,,371,278,45,13,0,7,57,15.4,30,8.1,2.40164,0.55286,0.2643,0.11199,"90.7",141,28.467153284671532,2.9197080291970803,2.15633423180593,5.76,-1.13,0.16,2.31,0.272,8,"-1.291623425",0.28,0.287,"1.291623425",-0.007,-0.008000000000000007,0.009,0,22.8,,,,,,,
1342,660844,"Rivas, Leo",2025,1353,99.2,0.312,0.193,0.382,0.505,0.422,0.34,0.226,68,218,87.1,16,2223,88.3,88.44,92,454,888,0.10000000000000853,6.28,112,146,108,149,289,319,291,"-27.04","27.04",,,285,162,48,8,2,10,59,20.7,59,20.7,2.34016,0.62535,0.41867,-0.41867,"90.2",150,27.32919254658385,3.1055900621118013,1.7543859649122806,5.72,-0.94,-0.09,2.35,0.463,5,"2.01490313",0.401,0.322,"-2.01490313",0.086,0.062,0.183,0.082,20.3,,,,,,,
1340,681909,"Dean, Justin",2025,1350,99.3,0.279,0.146,0.369,0.425,0.351,0.291,0.22,82,294,85.8,4.3,2259,88.6,88.72,151,596,744,0.10000000000000853,6.32,104,149,105,146,301,322,288,"-7.343","7.343",,,337,212,57,13,6,6,82,24.3,39,11.6,2.42507,0.52527,0.32502,0.11483,"90.4",149,30.660377358490564,4.716981132075472,2.967359050445104,5.74,-0.95,0.13,2.33,0.371,10,"0.547985075",0.319,0.318,"-0.547985075",0.059,0.05199999999999999,0.107,0.06,25.3,,,,,,,
1340,676439,"Feduccia, Hunter",2025,1340,100,0.29,0.178,0.355,0.467,0.377,0.364,0.273,80,276,90.2,10.6,2230,88.6,88.61,121,547,793,0,6.26,114,145,121,150,294,325,301,"-17.478","17.478",,,333,209,53,14,4,9,71,21.3,52,15.6,2.40231,0.54255,0.35081,-0.22308,"91.9",163,43.269230769230774,7.211538461538461,4.504504504504505,5.71,-0.75,-0.06,2.3,0.399,15,"1.304328358",0.386,0.442,"-1.304328358",0.017,0.013000000000000012,0.025,0.013,22.1,,,,,,,
1334,657088,"Wall, Forrest",2025,1344,99.3,0.279,0.143,0.356,0.421,0.35,0.326,0.244,78,280,87.7,14.7,2215,88.5,88.7,147,564,770,0.20000000000000284,6.29,113,145,107,149,291,323,299,"-5.808","5.808",,,329,208,52,18,2,6,76,23.1,39,11.9,2.42741,0.51403,0.29228,-0.22633,"91.0",162,34.95145631067961,6.796116504854369,4.25531914893617,5.66,-1.02,-0.15,2.4,0.374,14,"0.435382309",0.346,0.387,"-0.435382309",0.035,0.028000000000000025,0.034,0.024,26.1,,,,,,,
1333,660634,"Hernández, Yonny",2025,1342,99.3,0.319,0.081,0.358,0.4,0.357,0.309,0.268,99,310,85.7,7.6,2203,88.5,88.57,71,595,738,0.09999999999999432,6.29,112,147,105,150,277,311,287,"-11.325","11.325",,,351,275,79,16,3,1,35,10,34,9.7,2.32718,0.62674,0.40034,-0.40034,"90.1",141,21.323529411764707,0.3676470588235294,0.2849002849002849,5.81,-1.22,-0.05,2.43,0.399,1,"0.849587397",0.354,0.325,"-0.849587397",0.051,0.04500000000000004,0.075,0.048,11.9,,,,,,,
1328,600869,"Candelario, Jeimer",2025,1328,100,0.204,0.148,0.273,0.352,0.288,0.276,0.192,58,284,86.2,17.3,2203,87.7,87.75,203,637,691,0,6.33,113,146,121,150,289,323,292,"10.354","-10.354",,,322,191,32,18,0,8,94,29.2,31,9.6,2.46763,0.5419,0.33123,-0.33123,"91.2",155,31.216931216931215,6.878306878306878,4.037267080745342,5.7,-1.23,-0.02,2.36,0.295,13,"-0.779668675",0.285,0.328,"0.779668675",0.012,0.010000000000000009,0.024,0.012,31.9,,,,,,,
1328,623205,"Velazquez, Andrew",2025,1349,98.4,0.219,0.108,0.292,0.327,0.272,0.273,0.214,69,315,86.2,12,2212,88.6,88.54,278,762,566,-0.09999999999999432,6.3,109,146,105,149,285,319,290,"15.475","-15.475",,,347,224,45,19,0,5,93,26.8,28,8.1,2.35647,0.59779,0.40647,-0.40647,"90.9",146,36.65158371040724,5.429864253393665,3.45821325648415,5.64,-1.21,-0.08,2.42,0.285,12,"-1.165286145",0.284,0.327,"1.165286145",0.005,0.0010000000000000009,0,-0.001,36.5,,,,,,,
1324,800510,"Gil, Samuel",2025,1324,100,0.243,0.063,0.285,0.306,0.309,0.3,0.225,73,301,86.6,8.7,2293,88.7,88.34,123,597,727,-0.4000000000000057,6.25,105,147,116,145,288,303,274,"-2.035","2.035",,,357,254,58,12,2,1,47,13.2,50,14,2.17105,0.77828,0.3787,0.20453,"90.6",145,28.968253968253972,1.1904761904761905,0.8403361344537815,5.79,-1,0.21,2.38,0.361,3,"0.153700906",0.348,0.296,"-0.153700906",0.018,0.013000000000000012,0.01,0.009,20.6,,,,,,,
1317,677592,"Pereira, Everson",2025,1317,100,0.256,0.253,0.309,0.508,0.373,0.364,0.239,76,297,92.2,9.3,2253,88.2,88.19,262,656,661,0,6.32,105,150,119,146,298,323,289,"-19.646","19.646",,,348,199,44,10,1,21,100,28.7,43,12.4,2.38908,0.58876,0.24614,0.09664,"93.1",166,50,14.14141414141414,8.045977011494253,5.72,-1.23,0.13,2.35,0.359,28,"1.491723614",0.347,0.493,"-1.491723614",0.017,0.01200000000000001,0.015,0.009,39.9,,,,,,,
1313,676724,"Young, Jared",2025,1314,99.9,0.3,0.265,0.318,0.565,0.41,0.411,0.299,85,283,93.2,16.3,2176,87.4,87.45,150,622,691,0,6.33,116,145,118,150,286,319,291,"-30.49","30.49",,,335,229,49,15,3,18,57,17,45,13.4,2.54405,0.4836,0.34271,-0.27582,"92.8",147,52.838427947598255,13.973799126637553,9.55223880597015,5.79,-1.35,-0.09,2.37,0.4,32,"2.322162986",0.4,0.561,"-2.322162986",0.001,0,0.004,-0.001,24.1,,,,,,,
1313,801276,"Matheus, Juan",2025,1314,99.9,0.274,0.105,0.336,0.379,0.33,0.304,0.231,86,314,89.5,14.9,2201,88.5,88.02,124,616,697,-0.5,6.23,111,144,113,145,281,308,285,"-5.19","5.19",,,368,252,59,23,2,2,68,18.5,45,12.2,2.19966,0.79467,0.50393,-0.50567,"91.0",153,33.46613545816733,3.5856573705179287,2.4456521739130435,5.68,-1,-0.14,2.42,0.364,9,"0.395277989",0.332,0.339,"-0.395277989",0.043,0.03199999999999997,0.04,0.026,20.1,,,,,,,
1304,805249,"Kemp, Otto",2025,1304,100,0.311,0.261,0.383,0.572,0.421,0.359,0.243,88,283,90.9,19.6,2198,87.5,87.43,212,626,678,-0.09999999999999432,6.29,104,149,118,144,296,321,288,"-30.006","30.006",,,341,204,47,24,1,16,83,24.3,35,10.3,2.43176,0.60171,0.26662,0.12052,"92.3",160,45.22613065326633,12.562814070351758,7.331378299120235,5.91,-1.03,0.21,2.37,0.416,25,"2.30107362",0.365,0.45,"-2.30107362",0.068,0.05099999999999999,0.122,0.062,33.9,,,,,,,
1300,675961,"Williams, Alika",2025,1305,99.6,0.267,0.126,0.308,0.394,0.317,0.299,0.245,93,348,86.5,12.8,2224,88.5,88.71,152,687,613,0.20000000000000284,6.39,106,151,113,147,295,316,282,"-0.93","0.93",,,386,282,70,11,3,9,70,18.1,27,7,2.31764,0.64606,0.3233,0.11332,"90.9",157,31.428571428571427,4.285714285714286,3.1088082901554404,5.84,-0.88,0.13,2.4,0.329,12,"0.071538462",0.312,0.359,"-0.071538462",0.022,0.017000000000000015,0.035,0.018,22.1,,,,,,,
1296,692225,"Campbell, Kristian",2025,1296,100,0.273,0.144,0.369,0.417,0.356,0.288,0.212,74,271,84.1,4.6,2289,88.3,88.4,139,508,788,0.10000000000000853,6.34,105,149,120,147,296,319,285,"-9.241","9.241",,,319,187,53,11,2,8,84,26.3,38,11.9,2.43296,0.53494,0.23418,0.17945,"90.9",139,29.946524064171122,3.7433155080213902,2.19435736677116,5.75,-1.44,0.15,2.3,0.382,7,"0.713040123",0.331,0.286,"-0.713040123",0.061,0.05099999999999999,0.131,0.068,27.4,,,,,,,
1294,668845,"Schunk, Aaron",2025,1298,99.7,0.291,0.188,0.333,0.478,0.356,0.312,0.257,93,320,86.7,14.4,2235,88.3,88.74,164,669,625,0.4000000000000057,6.33,106,151,116,147,305,326,294,"-11.351","11.351",,,358,259,60,16,7,10,66,18.4,29,8.1,2.43287,0.51151,0.27868,0.07428,"90.9",167,32.677165354330704,3.543307086614173,2.5139664804469275,5.64,-0.76,0.15,2.35,0.352,9,"0.877202473",0.326,0.376,"-0.877202473",0.034,0.025999999999999968,0.102,0.044,24.5,,,,,,,
1287,825924,"Strong, Jackson",2025,1288,99.9,0.277,0.15,0.393,0.427,0.353,0.28,0.197,72,260,85.9,18.4,2204,88,87.54,161,535,752,-0.5,6.21,113,145,112,146,280,307,283,"-6.995","6.995",,,307,177,47,15,6,4,86,28,35,11.4,2.2766,0.72918,0.45688,-0.39562,"90.4",148,28.651685393258425,3.932584269662921,2.2801302931596092,5.72,-1.01,-0.08,2.36,0.376,7,"0.543512044",0.31,0.295,"-0.543512044",0.08,0.066,0.132,0.073,30.1,,,,,,,
1287,691458,"Jordan, Blaze",2025,1287,100,0.248,0.175,0.247,0.423,0.307,0.28,0.232,85,343,85.5,6.7,2270,88.3,88.4,130,690,597,0.10000000000000853,6.34,104,150,120,146,295,321,287,"1.774","-1.774",,,368,305,53,17,2,13,41,11.1,21,5.7,2.47579,0.48804,0.22355,0.11309,"91.9",132,34.53947368421053,4.605263157894736,3.804347826086957,5.76,-1.37,0.13,2.29,0.291,14,"-0.137839938",0.279,0.353,"0.137839938",0.016,0.011999999999999955,0.07,0.027,18.8,,,,,,,
1284,686798,"Valdes, Yordys",2025,1296,99.1,0.176,0.118,0.25,0.294,0.222,0.204,0.171,54,306,87.7,16.2,2187,88.6,88.45,211,643,641,-0.19999999999998863,6.31,111,146,108,149,283,316,283,"29.94","-29.94",,,325,201,30,17,2,5,108,33.2,13,4,2.36606,0.59023,0.36421,-0.3644,"91.0",160,34.51776649746193,3.0456852791878175,1.8461538461538463,5.81,-0.92,-0.07,2.38,0.215,6,"-2.331775701",0.211,0.248,"2.331775701",0.005,0.0040000000000000036,0.046,0.018,32.8,,,,,,,
1282,666397,"Julien, Edouard",2025,1282,100,0.276,0.188,0.372,0.464,0.385,0.35,0.242,66,239,88.9,13.6,2209,87.9,87.96,128,482,800,0.09999999999999432,6.34,115,146,119,151,283,317,294,"-15.316","15.316",,,297,159,45,8,2,11,82,27.6,51,17.2,2.5019,0.50459,0.23866,-0.18192,"91.4",168,42.405063291139236,7.59493670886076,4.040404040404041,5.73,-0.92,-0.07,2.32,0.411,12,"1.194695788",0.384,0.396,"-1.194695788",0.034,0.02699999999999997,0.068,0.035,26.6,,,,,,,
1280,660710,"Durán, Rodolfo",2025,1290,99.2,0.292,0.218,0.325,0.51,0.367,0.344,0.277,91,312,89.3,10.5,2271,88.1,88.41,143,613,667,0.30000000000001137,6.34,106,150,117,146,305,323,294,"-11.394","11.394",,,342,247,57,16,2,16,67,19.6,27,7.9,2.49032,0.49106,0.28343,0.0938,"92.0",157,43.26530612244898,8.16326530612245,5.847953216374268,5.65,-0.95,0.14,2.29,0.348,20,"0.89015625",0.335,0.46,"-0.89015625",0.015,0.012999999999999956,0.05,0.023,23.3,,,,,,,
1280,687859,"Johnston, Troy",2025,1280,100,0.252,0.188,0.285,0.439,0.336,0.346,0.274,79,314,90.9,16.2,2181,88.6,88.66,174,679,601,0.10000000000000853,6.32,117,146,111,150,288,320,295,"0.764","-0.764",,,353,247,48,15,4,12,68,19.3,27,7.6,2.34891,0.59086,0.38476,-0.28122,"91.5",171,40.40816326530612,6.530612244897959,4.53257790368272,5.7,-1.14,-0.13,2.47,0.331,16,"-0.0596875",0.352,0.436,"0.0596875",-0.022,-0.020999999999999963,0.003,-0.01,25.6,,,,,,,
1279,801464,"Pintar, Andrew",2025,1279,100,0.269,0.114,0.386,0.384,0.319,0.279,0.219,80,297,87.7,6.4,2267,88.1,88.1,166,574,705,0,6.32,106,150,117,146,301,319,283,"5.748","-5.748",,,332,201,56,18,2,4,98,29.5,27,8.1,2.41701,0.57147,0.19391,0.05147,"91.6",136,40.7035175879397,7.035175879396985,4.216867469879518,5.69,-1.13,0.17,2.35,0.338,14,"-0.449413604",0.296,0.323,"0.449413604",0.05,0.04200000000000004,0.061,0.04,28.9,,,,,,,
1274,694355,"Gentry, Tyler",2025,1275,99.9,0.207,0.166,0.258,0.372,0.287,0.255,0.193,60,290,87.4,12,2243,87.9,87.85,169,584,690,0,6.31,106,150,117,146,295,318,284,"9.588","-9.588",,,330,207,32,17,2,9,89,27,28,8.5,2.4131,0.57846,0.23406,0.04309,"91.1",133,33.980582524271846,2.912621359223301,1.8181818181818181,5.75,-0.69,0.2,2.32,0.285,6,"-0.752590267",0.276,0.283,"0.752590267",0.014,0.008999999999999952,0.089,0.032,28.9,,,,,,,
1273,624513,"Nuñez, Dom",2025,1275,99.8,0.173,0.173,0.222,0.346,0.306,0.259,0.143,41,237,84.3,25.1,2192,88.8,88.67,136,459,814,-0.09999999999999432,6.31,113,144,118,150,283,317,284,"4.984","-4.984",,,296,153,18,14,0,9,87,29.4,51,17.2,2.34711,0.61068,0.36478,-0.27231,"90.3",172,22.36842105263158,5.263157894736842,2.7027027027027026,5.79,-1.21,-0.18,2.34,0.328,8,"-0.391516104",0.305,0.228,"0.391516104",0.03,0.02300000000000002,0.118,0.047,29.6,,,,,,,
1270,667803,"Martinez Jr., Ernesto",2025,1270,100,0.256,0.134,0.339,0.389,0.331,0.328,0.241,67,262,89.8,13.8,2163,88.1,88.33,161,546,724,0.20000000000000284,6.37,114,145,126,151,291,325,299,"-2.968","2.968",,,309,186,46,13,2,6,80,25.9,38,12.3,2.4212,0.55038,0.32356,-0.29846,"92.7",149,42.473118279569896,9.13978494623656,5.501618122977346,5.76,-1.11,-0.08,2.42,0.356,17,"0.233700787",0.346,0.387,"-0.233700787",0.015,0.010000000000000009,0.002,0.003,29.5,,,,,,,
1269,682987,"Jones, Spencer",2025,1269,100,0.274,0.281,0.379,0.555,0.378,0.359,0.241,72,263,94.8,14.7,2210,88.2,88.22,271,652,617,0,6.33,113,146,122,151,292,327,298,"-12.289","12.289",,,298,159,37,15,1,19,109,36.6,26,8.7,2.38697,0.60859,0.36557,-0.32255,"93.4",190,54.71698113207547,17.61006289308176,9.395973154362416,5.73,-1.08,-0.04,2.58,0.342,28,"0.968400315",0.317,0.521,"-0.968400315",0.033,0.025000000000000022,0.034,0.019,41.6,,,,,,,
1269,681333,"Baker, Dru",2025,1274,99.6,0.251,0.104,0.34,0.355,0.299,0.282,0.224,75,299,87.9,11.3,2264,88.2,88.24,197,631,638,0,6.31,104,150,111,147,293,316,282,"9.357","-9.357",,,330,209,58,9,2,6,91,27.6,24,7.3,2.37341,0.604,0.21707,0.09129,"90.9",159,34.92822966507177,5.263157894736842,3.3333333333333335,5.75,-0.83,0.16,2.35,0.318,11,"-0.737352246",0.295,0.337,"0.737352246",0.027,0.02300000000000002,0.018,0.017,31.2,,,,,,,
1265,800257,"Henriquez, Yonatan",2025,1268,99.8,0.256,0.123,0.302,0.379,0.321,0.318,0.249,77,301,90.2,10.5,2235,88.1,87.69,181,627,638,-0.3999999999999915,6.23,113,146,112,147,281,305,284,"-5.321","5.321",,,348,239,55,14,1,7,66,19,43,12.4,2.29081,0.70994,0.49154,-0.49154,"91.9",155,41.35021097046413,4.641350210970464,3.1609195402298855,5.68,-0.97,-0.05,2.37,0.345,11,"0.420632411",0.341,0.371,"-0.420632411",0.007,0.003999999999999948,0.008,0.003,28.9,,,,,,,
1263,642020,"Robinson, Chuckie",2025,1264,99.9,0.261,0.102,0.342,0.363,0.307,0.287,0.229,74,284,87.7,11.5,2225,88.6,88.83,183,636,627,0.20000000000000284,6.38,105,149,119,146,304,324,291,"3.517","-3.517",,,316,207,57,10,2,5,79,25,25,7.9,2.37751,0.56321,0.3403,0.07834,"91.2",154,39.21568627450981,4.901960784313726,3.1645569620253164,5.72,-0.75,0.12,2.32,0.329,10,"-0.278463975",0.304,0.332,"0.278463975",0.032,0.025000000000000022,0.031,0.02,28.8,,,,,,,
1257,678011,"Seigler, Anthony",2025,1259,99.8,0.283,0.194,0.341,0.478,0.389,0.381,0.275,70,247,91.7,16.8,2152,88.2,88.36,118,534,723,0.20000000000000284,6.29,112,146,112,150,291,319,294,"-20.103","20.103",,,305,190,42,16,4,8,59,19.3,52,17,2.35959,0.61072,0.35792,-0.32248,"91.3",177,46.31578947368421,9.473684210526317,5.901639344262295,5.76,-0.99,-0.07,2.45,0.413,18,"1.59928401",0.407,0.458,"-1.59928401",0.008,0.006000000000000005,0.02,0.008,22.1,,,,,,,
1256,682927,"Simon, Ronny",2025,1260,99.7,0.296,0.156,0.337,0.451,0.367,0.357,0.281,76,257,89.3,6.3,2175,88.9,89.07,110,535,721,0.19999999999998863,6.35,112,147,106,149,286,318,289,"-10.075","10.075",,,303,210,55,10,3,8,51,16.8,41,13.5,2.26627,0.65076,0.42388,-0.42388,"91.8",157,42.857142857142854,6.190476190476191,4.29042904290429,5.79,-1.02,-0.06,2.38,0.389,13,"0.802149682",0.379,0.432,"-0.802149682",0.015,0.010000000000000009,0.019,0.01,20.6,,,,,,,
1252,678225,"Bae, Ji Hwan",2025,1262,99.2,0.28,0.133,0.364,0.413,0.346,0.32,0.251,76,271,89.3,7.6,2204,88.9,88.99,142,557,695,0.09999999999999432,6.35,113,146,103,150,278,313,296,"-6.229","6.229",,,314,207,49,19,7,1,66,21,36,11.5,2.24326,0.69573,0.40334,-0.27844,"91.2",160,40.57971014492754,3.864734299516908,2.547770700636943,5.74,-1.12,-0.12,2.38,0.373,8,"0.497523962",0.348,0.367,"-0.497523962",0.029,0.025000000000000022,0.046,0.026,25.5,,,,,,,
1252,691770,"Bishop, Braylon",2025,1258,99.5,0.191,0.086,0.292,0.276,0.267,0.279,0.196,49,257,87,10.1,2198,89,88.56,175,562,690,-0.4000000000000057,6.18,112,145,103,145,278,309,283,"13.244","-13.244",,,302,163,33,12,2,2,97,32.1,35,11.6,2.11764,0.81299,0.49842,-0.38989,"90.6",141,34.355828220858896,6.134969325153374,3.3112582781456954,5.68,-1.09,-0.16,2.43,0.301,10,"-1.057827476",0.309,0.29,"1.057827476",-0.005,-0.008000000000000007,-0.014,-0.012,31.1,,,,,,,
1252,676116,"Noda, Ryan",2025,1253,99.9,0.188,0.178,0.267,0.366,0.359,0.37,0.189,38,202,89.1,21.5,2200,88.9,89.02,183,458,794,0.09999999999999432,6.33,118,146,125,151,298,328,300,"-11.321","11.321",,,283,115,22,6,0,10,90,31.8,64,22.6,2.28866,0.6256,0.40129,-0.25353,"92.1",152,40.35087719298245,12.280701754385964,4.946996466431095,5.76,-1.08,-0.12,2.45,0.41,14,"0.904233227",0.415,0.376,"-0.904233227",-0.001,-0.0050000000000000044,-0.01,-0.011,40,,,,,,,
1248,801629,"McGee, Cade",2025,1248,100,0.214,0.132,0.264,0.346,0.307,0.294,0.201,55,257,85.3,20.8,2323,88.1,87.81,130,532,716,-0.29999999999999716,6.26,105,145,117,145,286,307,274,"3.704","-3.704",,,311,189,35,13,0,7,73,23.5,43,13.8,2.31909,0.6978,0.3208,0.18427,"90.5",145,28.04232804232804,6.349206349206349,3.858520900321544,5.68,-1.09,0.12,2.37,0.334,12,"-0.296794872",0.327,0.304,"0.296794872",0.013,0.007000000000000006,0.042,0.013,24.4,,,,,,,
1245,672642,"Berroa, Steward",2025,1257,99,0.232,0.077,0.318,0.309,0.296,0.287,0.213,57,246,87,14.7,2199,89.1,89.23,158,546,699,0.10000000000000853,6.31,109,146,102,149,287,316,290,"2.626","-2.626",,,297,175,42,13,0,2,78,26.3,43,14.5,2.2517,0.65123,0.41555,-0.41555,"90.9",145,33.14285714285714,2.2857142857142856,1.3468013468013467,5.78,-0.9,-0.01,2.37,0.34,4,"-0.210923695",0.329,0.287,"0.210923695",0.019,0.01100000000000001,0.022,0.009,28.9,,,,,,,
1245,668791,"Prato, Anthony",2025,1246,99.9,0.246,0.088,0.299,0.335,0.336,0.344,0.247,64,260,85.9,9.1,2259,88.5,88.66,109,521,724,0.20000000000000284,6.37,107,150,117,146,294,314,281,"-6.146","6.146",,,325,205,50,9,1,4,57,17.5,43,13.2,2.32572,0.64601,0.26641,0.13739,"90.7",153,31.70731707317073,3.414634146341464,2.1538461538461537,5.85,-0.94,0.11,2.39,0.391,7,"0.493654618",0.391,0.354,"-0.493654618",-0.001,0,-0.019,-0.008,20.9,,,,,,,
1245,677941,"Adams, Jordyn",2025,1252,99.4,0.213,0.169,0.281,0.382,0.294,0.25,0.184,57,267,87.1,12.1,2268,88.6,88.61,189,572,673,0,6.27,104,150,115,147,296,317,282,"3.682","-3.682",,,301,177,36,7,4,10,93,30.9,28,9.3,2.35552,0.58883,0.20439,0.1111,"90.8",159,35.39325842696629,3.932584269662921,2.3255813953488373,5.85,-1.21,0.15,2.39,0.29,7,"-0.295742972",0.268,0.279,"0.295742972",0.029,0.021999999999999964,0.103,0.044,33,,,,,,,
1239,691783,"Lawlar, Jordan",2025,1243,99.7,0.32,0.26,0.406,0.58,0.421,0.333,0.245,80,250,88.8,14.3,2222,88.5,88.91,149,546,693,0.4000000000000057,6.4,104,150,118,145,306,329,299,"-22.241","22.241",,,288,181,42,22,5,11,69,24,35,12.2,2.46738,0.47083,0.25759,0.04536,"91.9",152,43.646408839779006,10.497237569060774,6.597222222222222,5.76,-0.93,0.14,2.28,0.41,19,"1.795076675",0.345,0.407,"-1.795076675",0.075,0.065,0.173,0.088,27.3,,,,,,,
1238,694212,"Basallo, Samuel",2025,1238,100,0.271,0.32,0.287,0.591,0.406,0.43,0.281,73,269,94.2,14.8,2189,87.9,87.89,176,576,662,0,6.27,114,144,127,150,294,322,292,"-24.122","24.122",,,318,197,33,17,0,23,75,23.6,42,13.2,2.49919,0.50263,0.28187,-0.28041,"94.4",164,57.43589743589743,21.025641025641026,12.89308176100629,5.8,-0.98,-0.16,2.33,0.374,41,"1.948465267",0.387,0.625,"-1.948465267",-0.01,-0.013000000000000012,-0.034,-0.024,30.6,,,,,,,
1236,806953,"Tait, Eduardo",2025,1236,100,0.251,0.186,0.278,0.436,0.327,0.326,0.241,73,291,89.5,15.7,2202,87.9,87.5,160,668,568,-0.4000000000000057,6.21,114,144,119,143,286,313,289,"-3.463","3.463",,,332,234,42,19,1,11,64,19.3,30,9,2.33498,0.67454,0.39912,-0.32888,"91.9",156,41.37931034482759,9.913793103448276,6.927710843373494,5.8,-0.97,-0.19,2.38,0.322,23,"0.280177994",0.318,0.426,"-0.280177994",0.01,0.0040000000000000036,0.01,0.001,24,,,,,,,
1235,703158,"Mejia, Jonathan",2025,1237,99.8,0.178,0.104,0.257,0.283,0.273,0.277,0.185,41,230,83.9,9,2242,88.7,88.38,168,546,689,-0.29999999999999716,6.27,111,145,112,145,278,305,280,"9.054","-9.054",,,275,145,30,3,3,5,87,31.6,41,14.9,2.20206,0.7545,0.50669,-0.50669,"90.1",128,27.586206896551722,6.206896551724138,3.272727272727273,5.65,-1.13,-0.09,2.33,0.305,9,"-0.733117409",0.313,0.278,"0.733117409",-0.007,-0.008000000000000007,0.005,-0.004,30.8,,,,,,,
1233,656248,"Bouchard, Sean",2025,1233,100,0.234,0.172,0.331,0.406,0.348,0.323,0.202,57,244,87.3,21.1,2270,88.2,88.63,170,505,728,0.3999999999999915,6.32,106,150,120,146,306,330,299,"-4.252","4.252",,,300,154,35,11,2,9,91,30.3,50,16.7,2.45071,0.49992,0.22627,0.0706,"91.1",172,33.33333333333333,9.803921568627452,5,5.61,-0.8,0.22,2.45,0.373,15,"0.344849959",0.349,0.362,"-0.344849959",0.032,0.02400000000000002,0.044,0.025,33.7,,,,,,,
1228,699027,"Suarez, Jose",2025,1228,100,0.248,0.073,0.345,0.322,0.291,0.291,0.242,71,286,89.5,2.5,2318,87.6,87.23,188,587,641,-0.3999999999999915,6.23,107,146,118,146,289,308,275,"6.324","-6.324",,,319,200,58,8,2,3,87,27.3,26,8.2,2.42792,0.61463,0.2698,0.11199,"92.2",123,43.21608040201005,4.522613065326634,2.8213166144200628,5.63,-1.09,0.18,2.26,0.323,9,"-0.514983713",0.319,0.322,"0.514983713",0.006,0.0040000000000000036,0,0,32,,,,,,,
1223,694215,"Montero, Hans",2025,1225,99.8,0.266,0.162,0.395,0.428,0.341,0.297,0.219,74,278,88.5,16.8,2274,87.6,87.03,209,563,660,-0.5999999999999943,6.17,103,146,117,144,287,308,280,"-5.077","5.077",,,317,172,51,11,2,10,108,34.1,33,10.4,2.33354,0.69775,0.31983,0.06047,"91.7",149,40.35087719298245,9.35672514619883,5.047318611987381,5.71,-0.79,0.26,2.34,0.35,16,"0.415126738",0.31,0.356,"-0.415126738",0.047,0.03999999999999998,0.072,0.044,37.1,,,,,,,
1216,546991,"Almora Jr., Albert",2025,1218,99.8,0.271,0.124,0.318,0.395,0.32,0.309,0.266,79,291,88.1,10.5,2273,88.9,89.01,124,558,658,0.09999999999999432,6.24,106,151,115,146,301,325,289,"-2.237","2.237",,,323,238,57,13,4,5,56,17.3,27,8.4,2.36383,0.5447,0.2696,0.05897,"91.4",149,39.148936170212764,2.9787234042553195,2.1671826625387,5.79,-0.94,0.2,2.3,0.334,7,"0.183963816",0.332,0.362,"-0.183963816",0.005,0.0020000000000000018,0.033,0.011,22.2,,,,,,,
1212,624415,"Biggio, Cavan",2025,1212,100,0.269,0.133,0.36,0.402,0.346,0.278,0.205,67,249,85.3,18,2192,88.2,88.45,93,488,724,0.20000000000000284,6.32,114,145,114,150,291,322,292,"-5.164","5.164",,,295,177,46,14,2,5,74,25.1,36,12.2,2.42578,0.52968,0.27267,-0.17299,"90.0",154,20.903954802259886,1.694915254237288,1.0169491525423728,5.72,-1,-0.11,2.36,0.376,3,"0.426072607",0.322,0.271,"-0.426072607",0.064,0.05399999999999999,0.131,0.068,19.1,,,,,,,
1211,690987,"Hassell III, Robert",2025,1214,99.8,0.305,0.147,0.351,0.452,0.363,0.311,0.248,89,292,90.2,9.3,2203,87.5,87.49,136,582,629,0,6.31,114,145,105,150,283,315,302,"-11.592","11.592",,,326,235,66,13,0,10,57,17.5,34,10.4,2.52755,0.50091,0.31179,-0.25116,"91.7",152,37.66233766233766,5.194805194805195,3.6809815950920246,5.73,-1.3,-0.14,2.44,0.377,12,"0.957225434",0.327,0.371,"-0.957225434",0.057,0.04999999999999999,0.081,0.052,23.4,,,,,,,
1210,666126,"Cortes, Carlos",2025,1210,100,0.322,0.281,0.333,0.603,0.429,0.37,0.284,86,267,90.7,14,2194,88.5,88.88,116,542,668,0.4000000000000057,6.37,112,145,116,150,291,323,297,"-28.168","28.168",,,313,224,45,24,0,17,46,14.7,40,12.8,2.40524,0.54132,0.32268,-0.23656,"92.1",165,43.63636363636363,6.363636363636363,4.472843450479233,5.68,-0.88,0.01,2.29,0.412,14,"2.327933884",0.384,0.459,"-2.327933884",0.038,0.02799999999999997,0.144,0.059,21.4,,,,,,,
1207,620449,"Castro, Luis",2025,1207,100,0.28,0.206,0.339,0.486,0.364,0.316,0.243,72,257,88.3,11.5,2264,88.8,88.93,138,525,682,0.10000000000000853,6.29,105,150,120,146,300,320,288,"-8.812","8.812",,,291,191,43,16,2,11,68,23.4,27,9.3,2.42884,0.49577,0.33034,0.13432,"91.9",152,41.84782608695652,7.065217391304348,4.4673539518900345,5.72,-0.73,0.27,2.25,0.357,13,"0.730074565",0.33,0.375,"-0.730074565",0.037,0.02699999999999997,0.111,0.048,26.3,,,,,,,
1207,686523,"Wilson, Peyton",2025,1211,99.7,0.225,0.087,0.311,0.313,0.282,0.257,0.194,62,275,87.4,14.6,2207,88.3,88.46,194,603,604,0.20000000000000284,6.33,111,146,107,149,286,316,289,"11.585","-11.585",,,314,193,45,13,1,3,85,27.1,34,10.8,2.33847,0.61711,0.34004,-0.34004,"90.8",139,29.6875,2.604166666666667,1.5923566878980893,5.71,-1.1,-0.08,2.4,0.312,5,"-0.95981773",0.288,0.267,"0.95981773",0.031,0.02400000000000002,0.046,0.025,32.2,,,,,,,
1204,672012,"Black, Tyler",2025,1204,100,0.243,0.117,0.338,0.36,0.331,0.268,0.174,54,222,87.2,11.2,2223,88.4,88.58,146,510,694,0.19999999999998863,6.3,113,145,113,151,284,318,295,"-3.96","3.96",,,268,152,38,10,2,4,71,26.5,43,16,2.30931,0.6531,0.3779,-0.27152,"90.5",151,31.333333333333336,3.3333333333333335,1.8656716417910446,5.75,-1.12,-0.13,2.48,0.369,5,"0.328903654",0.314,0.244,"-0.328903654",0.069,0.05499999999999999,0.116,0.063,28.6,,,,,,,
1197,676480,"Barrero, José",2025,1197,100,0.223,0.174,0.287,0.397,0.307,0.303,0.222,63,282,88.8,19.4,2240,87.8,87.88,222,619,578,0.10000000000000853,6.31,106,150,120,145,294,320,288,"4.071","-4.071",,,319,190,39,11,1,12,95,29.8,29,9.1,2.45511,0.54713,0.16303,0.03549,"92.2",152,40.526315789473685,7.368421052631578,4.38871473354232,5.81,-0.9,0.11,2.38,0.304,14,"-0.340100251",0.305,0.38,"0.340100251",0.001,-0.0010000000000000009,0.017,0.004,35.9,,,,,,,
1197,663662,"Cameron, Daz",2025,1197,100,0.283,0.295,0.314,0.579,0.405,0.38,0.258,72,254,92.3,16.8,2288,88.2,88.37,148,522,675,0.20000000000000284,6.32,106,151,118,146,297,321,288,"-17.909","17.909",,,298,190,36,15,3,18,67,22.5,34,11.4,2.38398,0.59333,0.2325,0.06191,"92.7",178,50.264550264550266,12.698412698412698,8.053691275167784,5.73,-1.11,0.29,2.39,0.379,24,"1.496157059",0.36,0.524,"-1.496157059",0.025,0.019000000000000017,0.055,0.025,28.4,,,,,,,
1191,595751,"Alfaro, Jorge",2025,1191,100,0.244,0.186,0.345,0.43,0.309,0.313,0.231,75,307,89.5,11.1,2245,88.8,88.94,321,749,442,0.10000000000000853,6.32,106,150,120,147,302,323,292,"4.309","-4.309",,,326,189,49,10,1,15,119,36.5,11,3.4,2.29065,0.63744,0.27038,0.07288,"92.4",154,43.91534391534391,13.756613756613756,7.975460122699387,5.79,-0.9,0.21,2.44,0.285,26,"-0.361796809",0.276,0.444,"0.361796809",0.013,0.008999999999999952,-0.014,-0.004,42.9,,,,,,,
1190,806987,"Gutierrez, Daiverson",2025,1190,100,0.235,0.063,0.272,0.298,0.295,0.309,0.243,67,285,85.6,10.6,2271,88.1,87.69,127,591,599,-0.3999999999999915,6.22,105,146,119,145,290,307,277,"6.721","-6.721",,,337,238,55,9,0,3,51,15.1,37,11,2.29767,0.69611,0.37148,0.19732,"90.6",142,30.672268907563026,2.100840336134454,1.483679525222552,5.74,-0.94,0.18,2.29,0.341,5,"-0.564789916",0.352,0.316,"0.564789916",-0.008,-0.010999999999999954,-0.018,-0.014,21.5,,,,,,,
1188,641820,"Mancini, Trey",2025,1188,100,0.304,0.215,0.346,0.519,0.379,0.365,0.273,89,293,90.5,14.3,2216,88.3,88.65,182,613,575,0.4000000000000057,6.38,106,150,121,145,304,328,299,"-14.304","14.304",,,326,227,58,15,0,16,69,21.2,22,6.7,2.49288,0.47508,0.28038,0.1057,"93.0",158,47.11111111111111,13.777777777777779,9.509202453987731,5.75,-1.06,0.09,2.39,0.365,31,"1.204040404",0.338,0.517,"-1.204040404",0.031,0.02699999999999997,0.002,0.014,29.7,,,,,,,
1184,641645,"Guillorme, Luis",2025,1184,100,0.247,0.065,0.311,0.312,0.322,0.311,0.233,53,215,85.4,9.4,2159,90.1,90.2,67,459,725,0.10000000000000853,6.26,115,147,117,149,282,314,290,"-1.641","1.641",,,262,166,43,8,0,2,49,18.7,45,17.2,2.09855,0.73616,0.49927,-0.33509,"89.6",163,20.625,1.25,0.7633587786259541,5.76,-0.87,-0.04,2.43,0.379,2,"0.138597973",0.372,0.29,"-0.138597973",0.014,0.007000000000000006,0.022,0.011,14.6,,,,,,,
1183,803679,"Hernandez, Sammy",2025,1187,99.7,0.223,0.056,0.281,0.279,0.298,0.287,0.206,56,251,84.5,18.3,2322,88.2,87.8,128,552,631,-0.4000000000000057,6.22,106,146,117,145,285,305,273,"2.47","-2.47",,,304,194,46,8,0,2,58,19.1,38,12.5,2.30547,0.68575,0.33862,0.24316,"90.3",139,23.589743589743588,1.5384615384615385,0.9868421052631579,5.66,-1.31,0.15,2.39,0.353,3,"-0.208791209",0.34,0.261,"0.208791209",0.017,0.012999999999999956,0.018,0.011,23.2,,,,,,,
1180,691452,"Hurtado, Ricardo",2025,1181,99.9,0.251,0.144,0.328,0.395,0.317,0.306,0.236,75,299,88.8,14.8,2260,87.6,87.18,191,587,593,-0.3999999999999915,6.22,104,146,118,144,288,307,278,"0.859","-0.859",,,335,210,50,16,0,9,90,26.9,28,8.4,2.34567,0.68438,0.31453,0.0728,"92.2",151,44.54976303317535,6.6350710900473935,4.179104477611941,5.81,-0.93,0.23,2.32,0.324,14,"-0.07279661",0.312,0.38,"0.07279661",0.015,0.01200000000000001,0.015,0.011,32.5,,,,,,,
1173,811765,"Ortiz, Deniel",2025,1173,100,0.273,0.156,0.378,0.429,0.359,0.362,0.244,63,231,91.5,18.2,2329,88.2,87.95,158,494,679,-0.20000000000000284,6.28,106,146,120,145,287,309,276,"-11.354","11.354",,,280,152,46,7,1,9,83,29.6,40,14.3,2.28799,0.71191,0.29633,0.11508,"92.0",172,49.34210526315789,12.5,6.785714285714286,5.7,-1.02,0.25,2.34,0.386,19,"0.967945439",0.366,0.459,"-0.967945439",0.029,0.020000000000000018,-0.03,-0.003,32,,,,,,,
1171,703159,"Juan, Simon",2025,1171,100,0.228,0.094,0.318,0.322,0.278,0.277,0.21,68,298,88.3,8.2,2274,87.9,87.52,233,637,534,-0.4000000000000057,6.25,105,147,119,145,292,308,280,"8.697","-8.697",,,334,205,50,12,2,4,97,29,27,8.1,2.35021,0.66647,0.3188,0.16972,"91.9",134,42.64705882352941,6.862745098039216,4.191616766467066,5.72,-0.92,0.24,2.33,0.299,14,"-0.742698548",0.29,0.32,"0.742698548",0.018,0.009000000000000008,0.002,0.001,36.6,,,,,,,
1169,553882,"Narváez, Omar",2025,1169,100,0.254,0.098,0.298,0.352,0.332,0.326,0.247,62,244,84.6,13.2,2209,88.6,88.79,94,513,656,0.20000000000000284,6.3,112,145,123,150,288,318,294,"-1.88","1.88",,,295,196,48,9,0,5,50,16.9,43,14.6,2.35091,0.59837,0.34897,-0.23487,"90.0",166,25.128205128205128,2.564102564102564,1.694915254237288,5.79,-0.78,-0.1,2.39,0.376,5,"0.160821215",0.372,0.341,"-0.160821215",0.007,0.0040000000000000036,0.011,0.006,18.3,,,,,,,
1168,688682,"Bowman, Cooper",2025,1173,99.6,0.237,0.14,0.301,0.377,0.312,0.263,0.201,61,257,84.6,10.7,2225,88.3,88.52,140,506,662,0.20000000000000284,6.29,104,149,114,146,303,325,294,"0.731","-0.731",,,296,189,40,12,3,6,71,24,32,10.8,2.44783,0.51613,0.29873,0.08141,"90.6",148,28.342245989304814,2.6737967914438503,1.6891891891891893,5.72,-0.93,0.1,2.33,0.328,5,"-0.062585616",0.298,0.266,"0.062585616",0.036,0.030000000000000027,0.111,0.049,27.7,,,,,,,
1165,694834,"Wilson, Tyler",2025,1166,99.9,0.291,0.097,0.37,0.389,0.346,0.328,0.249,72,247,88.2,12.9,2165,88.1,87.61,109,499,666,-0.5,6.23,109,145,116,144,282,309,287,"-12.416","12.416",,,290,186,58,9,0,5,63,21.7,39,13.4,2.27385,0.74915,0.48034,-0.48253,"91.2",151,39.784946236559136,6.989247311827956,4.482758620689655,5.73,-0.83,0,2.32,0.385,13,"1.065751073",0.351,0.384,"-1.065751073",0.042,0.03400000000000003,0.005,0.018,21.8,,,,,,,
1165,805811,"Eldridge, Bryce",2025,1165,100,0.249,0.265,0.298,0.514,0.351,0.378,0.277,63,253,95.7,13.2,2191,88,88.07,181,537,628,0.09999999999999432,6.32,115,146,126,151,297,328,304,"-7.044","7.044",,,283,169,32,13,0,18,88,31.1,25,8.8,2.4883,0.51472,0.36206,-0.30672,"94.2",175,63.47305389221557,16.766467065868262,9.89399293286219,5.73,-0.76,-0.1,2.33,0.314,28,"0.604635193",0.342,0.548,"-0.604635193",-0.028,-0.028000000000000025,-0.034,-0.027,33.7,,,,,,,
1164,678742,"Nunez, Rainer",2025,1164,100,0.252,0.122,0.318,0.374,0.309,0.286,0.23,68,270,90.3,2.8,2259,87.8,87.87,171,579,585,0.10000000000000853,6.31,106,150,121,146,299,315,284,"5.499","-5.499",,,300,199,49,12,0,7,72,24,24,8,2.48306,0.52631,0.1642,0.06346,"92.6",136,47.20812182741117,6.091370558375635,4,5.75,-1.06,0.18,2.3,0.323,12,"-0.47242268",0.304,0.33,"0.47242268",0.022,0.019000000000000017,0.044,0.023,29.5,,,,,,,
1159,694812,"McDonough, Tyler",2025,1160,99.9,0.251,0.116,0.326,0.367,0.307,0.287,0.232,67,267,88.5,11.7,2206,87.9,87.83,133,521,638,-0.10000000000000853,6.31,114,147,109,151,285,317,292,"5.466","-5.466",,,298,195,48,12,2,5,73,24.5,26,8.7,2.44991,0.59716,0.35804,-0.35804,"91.5",149,39.26701570680628,3.664921465968586,2.348993288590604,5.75,-1.32,-0.13,2.41,0.326,7,"-0.47161346",0.312,0.319,"0.47161346",0.019,0.014000000000000012,0.048,0.02,25.5,,,,,,,
1159,802353,"Martin, Christian",2025,1173,98.8,0.236,0.092,0.279,0.328,0.294,0.274,0.207,59,250,85.7,13.9,2285,88.9,88.65,98,494,665,-0.30000000000001137,6.28,112,145,106,145,274,303,282,"5.955","-5.955",,,292,206,41,15,1,2,49,16.8,32,11,2.16868,0.76665,0.43971,-0.3562,"90.4",155,26.21359223300971,0.9708737864077669,0.684931506849315,5.65,-1.17,-0.01,2.34,0.326,2,"-0.513805004",0.307,0.286,"0.513805004",0.029,0.019000000000000017,0.042,0.02,19.8,,,,,,,
1158,605244,"Garcia, Aramis",2025,1159,99.9,0.267,0.217,0.333,0.483,0.376,0.358,0.247,64,240,89.7,16.4,2257,88.5,88.91,137,486,672,0.4000000000000057,6.39,105,151,121,146,305,329,296,"-16.687","16.687",,,294,164,40,10,0,14,81,27.6,44,15,2.48142,0.47119,0.27909,-0.01741,"91.7",158,41.46341463414634,13.414634146341465,7.482993197278912,5.71,-0.82,0.16,2.36,0.384,22,"1.441018998",0.372,0.439,"-1.441018998",0.02,0.01200000000000001,0.044,0.018,28.2,,,,,,,
1155,682515,"Porter, Logan",2025,1159,99.7,0.213,0.104,0.272,0.317,0.306,0.322,0.219,49,230,86,8.3,2244,88.7,88.76,108,431,724,0.09999999999999432,6.32,106,151,120,147,301,324,291,"2.918","-2.918",,,282,164,37,6,0,6,69,24.5,47,16.7,2.34789,0.5981,0.31597,0.11536,"90.8",154,31.901840490797547,6.134969325153374,3.546099290780142,5.77,-1.07,0.13,2.35,0.348,10,"-0.252640693",0.354,0.352,"0.252640693",-0.006,-0.006000000000000005,-0.035,-0.016,25.1,,,,,,,
1153,688875,"Willhoite, Trace",2025,1153,100,0.255,0.206,0.289,0.462,0.364,0.379,0.248,63,247,90.7,14,2285,88.6,88.21,152,510,643,-0.3999999999999915,6.26,105,145,118,144,293,308,282,"-12.141","12.141",,,296,186,39,10,1,13,63,21.3,42,14.2,2.26036,0.70432,0.34758,0.20082,"92.9",156,45.69892473118279,14.516129032258066,9.121621621621621,5.73,-1.01,0.11,2.39,0.372,27,"1.052992194",0.371,0.483,"-1.052992194",0.007,0.0010000000000000009,-0.021,-0.015,29.8,,,,,,,
1152,699031,"Encarnacion, Anyelo",2025,1153,99.9,0.21,0.112,0.316,0.321,0.313,0.312,0.212,47,224,90.1,4.2,2292,88.4,88.04,181,482,670,-0.4000000000000057,6.23,106,145,115,145,286,306,273,"-2.038","2.038",,,275,140,33,7,3,4,84,30.5,47,17.1,2.27362,0.70131,0.38416,0.25213,"92.0",133,45.32374100719424,4.316546762589928,2.181818181818182,5.66,-1.23,0.1,2.29,0.356,6,"0.176909722",0.358,0.309,"-0.176909722",-0.002,-0.0020000000000000018,0.012,0.001,37.6,,,,,,,
1149,621006,"Martin, Richie",2025,1154,99.6,0.256,0.112,0.328,0.368,0.32,0.313,0.262,66,258,86.7,8.2,2196,88.1,88.3,177,606,543,0.20000000000000284,6.33,105,150,112,146,300,320,286,"0.908","-0.908",,,298,195,50,6,7,3,63,21.1,23,7.7,2.40504,0.57208,0.32181,0.04328,"90.8",141,33.33333333333333,2.525252525252525,1.6778523489932886,5.76,-0.68,0.11,2.34,0.347,5,"-0.079025239",0.353,0.334,"0.079025239",-0.006,-0.006000000000000005,0.034,0.007,29.2,,,,,,,
1149,679631,"Vavra, Terrin",2025,1160,99.1,0.248,0.084,0.314,0.332,0.305,0.295,0.232,62,250,86.8,10.3,2210,88.8,88.84,137,550,599,0,6.32,113,146,110,151,285,316,293,"3.884","-3.884",,,287,193,46,13,1,2,58,20.2,34,11.8,2.30993,0.62332,0.33796,-0.26053,"90.1",154,26.17801047120419,3.1413612565445024,2.0905923344947737,5.75,-1.2,-0.09,2.4,0.341,6,"-0.338033072",0.328,0.32,"0.338033072",0.016,0.013000000000000012,0.012,0.01,24.9,,,,,,,
1149,665877,"Fermín, José",2025,1150,99.9,0.3,0.186,0.311,0.485,0.399,0.333,0.249,71,237,86.7,14.4,2278,88.7,88.69,43,415,734,0,6.3,105,150,114,145,292,316,284,"-21.428","21.428",,,291,213,41,23,0,7,25,8.6,44,15.1,2.30117,0.63812,0.23697,0.1038,"91.6",149,35.68075117370892,2.3474178403755865,1.718213058419244,5.72,-1.11,0.11,2.44,0.426,5,"1.864926023",0.385,0.337,"-1.864926023",0.051,0.04099999999999998,0.148,0.066,10.4,,,,,,,
1142,665506,"Pache, Cristian",2025,1148,99.5,0.24,0.128,0.333,0.368,0.318,0.289,0.208,58,242,88.2,9,2260,88.7,89,144,497,645,0.29999999999999716,6.33,105,150,114,145,301,326,296,"-0.227","0.227",,,280,166,37,15,2,4,76,27.1,34,12.1,2.45579,0.50749,0.35178,0.02266,"91.4",142,38.18181818181819,4.848484848484849,2.857142857142857,5.72,-0.74,0.07,2.36,0.343,8,"0.019877408",0.316,0.319,"-0.019877408",0.032,0.027000000000000024,0.049,0.029,29,,,,,,,
1139,681468,"Rosier, Corey",2025,1143,99.7,0.244,0.114,0.297,0.358,0.327,0.303,0.224,60,246,86.4,16.2,2213,87.9,87.97,123,458,681,0.09999999999999432,6.31,113,146,103,151,283,317,291,"-1.068","1.068",,,292,190,42,13,0,5,56,19.2,42,14.4,2.46661,0.56054,0.33827,-0.31612,"91.3",152,34.75935828877005,2.13903743315508,1.36986301369863,5.74,-1.27,-0.17,2.29,0.363,4,"0.093766462",0.348,0.305,"-0.093766462",0.02,0.015000000000000013,0.053,0.024,26.9,,,,,,,
1136,688449,"Bowens, TT",2025,1136,100,0.25,0.235,0.315,0.485,0.344,0.331,0.232,67,268,91.4,12.2,2253,87.9,87.84,204,557,579,-0.10000000000000853,6.26,106,151,122,147,298,323,285,"-3.152","3.152",,,296,178,37,13,1,16,91,30.7,23,7.8,2.45566,0.54731,0.18037,0.01629,"92.6",161,46.02272727272727,13.068181818181818,7.77027027027027,5.87,-1.13,0.2,2.33,0.318,23,"0.277464789",0.302,0.465,"-0.277464789",0.018,0.016000000000000014,0.02,0.013,36.6,,,,,,,
1136,669699,"Shewmake, Braden",2025,1139,99.7,0.238,0.119,0.277,0.357,0.297,0.278,0.218,66,277,87.6,14.9,2215,88.4,88.33,141,614,522,-0.10000000000000853,6.33,114,145,109,150,285,321,293,"10.781","-10.781",,,312,228,45,13,4,4,52,16.7,30,9.6,2.39097,0.57465,0.36441,-0.23453,"91.0",157,31.277533039647576,3.9647577092511015,2.8846153846153846,5.76,-1.06,0.01,2.38,0.314,9,"-0.94903169",0.298,0.317,"0.94903169",0.02,0.016000000000000014,0.04,0.019,23,,,,,,,
1134,681371,"Keegan, Dominic",2025,1134,100,0.241,0.188,0.32,0.429,0.317,0.301,0.222,64,266,91.4,13.7,2260,88.2,88.47,165,497,637,0.29999999999999716,6.37,105,150,120,147,291,319,286,"0.738","-0.738",,,297,179,36,16,2,10,91,30.6,24,8.1,2.41748,0.58742,0.23601,0.13286,"92.8",170,48.0225988700565,10.16949152542373,6.0606060606060606,5.79,-1.06,0.1,2.41,0.306,18,"-0.065079365",0.294,0.391,"0.065079365",0.019,0.01200000000000001,0.038,0.016,33.2,,,,,,,
1130,596117,"Stubbs, Garrett",2025,1150,98.3,0.244,0.146,0.291,0.39,0.322,0.302,0.236,60,246,86.9,18.8,2196,88.6,88.59,128,537,593,0,6.33,113,146,107,150,284,316,290,"-3.249","3.249",,,287,187,40,12,0,8,62,21.6,30,10.5,2.34726,0.60722,0.38907,-0.30545,"91.0",156,31.521739130434785,3.260869565217391,2.0905923344947737,5.83,-1.34,-0.13,2.28,0.337,6,"0.287522124",0.333,0.333,"-0.287522124",0.008,0.0040000000000000036,0.057,0.02,23.8,,,,,,,
1128,800169,"Escobar, Aroon",2025,1128,100,0.285,0.167,0.311,0.452,0.361,0.345,0.266,77,270,89.2,10,2267,88.4,88.05,127,565,563,-0.4000000000000057,6.24,106,147,120,147,293,311,279,"-15.857","15.857",,,315,223,54,12,0,11,51,16.2,31,9.8,2.22748,0.74553,0.39577,0.20591,"92.0",158,43.946188340807176,7.623318385650224,5.396825396825397,5.8,-1.09,0.17,2.43,0.375,17,"1.405762411",0.363,0.409,"-1.405762411",0.019,0.01200000000000001,0.043,0.016,22.5,,,,,,,
1126,676463,"Cantrelle, Hayden",2025,1131,99.6,0.235,0.098,0.364,0.333,0.306,0.258,0.189,55,234,82.1,15.6,2184,88.4,88.54,150,496,630,0.09999999999999432,6.34,111,147,109,150,282,310,286,"4.469","-4.469",,,273,144,41,9,1,4,91,33.3,33,12.1,2.39633,0.55901,0.40464,-0.40464,"89.2",151,9.722222222222223,0.6944444444444444,0.3663003663003663,5.7,-1,-0.01,2.32,0.341,1,"-0.396891652",0.301,0.242,"0.396891652",0.046,0.040000000000000036,0.091,0.048,30.2,,,,,,,
1125,641468,"Collins, Gavin",2025,1126,99.9,0.221,0.076,0.24,0.297,0.268,0.267,0.217,58,263,85.6,15.4,2288,88.9,89.11,66,539,586,0.19999999999998863,6.36,106,151,120,147,294,316,282,"13.174","-13.174",,,297,235,44,10,2,2,32,10.8,27,9.1,2.26442,0.6512,0.22068,0.08167,"90.2",165,29.184549356223176,0.8583690987124464,0.6734006734006733,5.7,-1.07,0.2,2.41,0.296,2,"-1.171022222",0.297,0.282,"1.171022222",0.004,-0.0010000000000000009,0.015,0.001,12.2,,,,,,,
1124,800463,"Joseph, Jean",2025,1125,99.9,0.242,0.119,0.287,0.361,0.303,0.285,0.226,69,285,86.4,10.4,2289,87.3,87.01,175,612,512,-0.29999999999999716,6.26,104,147,118,146,289,307,277,"-0.057","0.057",,,322,228,45,19,0,5,60,18.6,19,5.9,2.44061,0.61587,0.3146,0.13257,"91.1",137,35.11111111111111,4.888888888888889,3.4161490683229814,5.75,-1.12,0.12,2.38,0.32,11,"0.005071174",0.306,0.328,"-0.005071174",0.016,0.014000000000000012,0.033,0.018,28.6,,,,,,,
1122,802511,"Shaw, Sam",2025,1123,99.9,0.25,0.165,0.299,0.415,0.351,0.349,0.252,56,224,88.1,17.1,2242,88.1,87.7,72,398,724,-0.3999999999999915,6.21,112,145,112,144,280,304,281,"-11.542","11.542",,,271,171,36,10,3,7,54,19.9,43,15.9,2.25684,0.74217,0.44895,-0.41332,"91.5",153,36.470588235294116,9.411764705882353,5.904059040590406,5.73,-1.33,-0.09,2.39,0.376,16,"1.028698752",0.379,0.401,"-1.028698752",-0.002,-0.0030000000000000027,0.014,0.002,18.1,,,,,,,
1122,680737,"Helman, Michael",2025,1124,99.8,0.232,0.175,0.263,0.407,0.303,0.25,0.196,65,280,84.5,20.7,2218,88,88.23,154,600,522,0.20000000000000284,6.33,105,150,115,146,297,321,288,"7.431","-7.431",,,308,222,35,20,1,9,61,19.8,20,6.5,2.45241,0.52728,0.28087,0.0608,"90.6",155,29.72972972972973,4.504504504504505,3.2467532467532463,5.76,-0.79,0.17,2.38,0.292,10,"-0.662299465",0.26,0.299,"0.662299465",0.036,0.03199999999999997,0.108,0.053,25.7,,,,,,,
1120,692216,"Kayfus, C.J.",2025,1122,99.8,0.281,0.245,0.356,0.526,0.38,0.348,0.253,70,249,89,12.4,2195,88.2,88.14,149,537,583,-0.10000000000000853,6.34,113,145,111,149,283,317,287,"-12.54","12.54",,,287,173,39,14,4,13,79,27.5,33,11.5,2.39954,0.57919,0.27249,-0.1964,"92.0",158,47.674418604651166,11.046511627906977,6.620209059233449,5.78,-1.15,-0.24,2.38,0.366,19,"1.119642857",0.343,0.457,"-1.119642857",0.028,0.022999999999999965,0.069,0.032,27.7,,,,,,,
1118,804726,"Carr, Peyton",2025,1118,100,0.224,0.1,0.28,0.324,0.298,0.309,0.23,56,250,86.4,12.1,2275,88.1,87.75,89,444,674,-0.29999999999999716,6.21,104,147,119,146,292,309,278,"0.959","-0.959",,,291,190,41,9,2,4,61,21,34,11.7,2.25691,0.73278,0.35531,0.19141,"90.6",152,29.47368421052631,4.736842105263158,3.0927835051546393,5.75,-1,0.2,2.42,0.33,9,"-0.085778175",0.336,0.349,"0.085778175",-0.006,-0.006000000000000005,-0.025,-0.011,20,,,,,,,
1115,802219,"Hadeen, Woody",2025,1115,100,0.229,0.115,0.282,0.344,0.326,0.308,0.224,52,227,84,16.1,2216,89,88.58,82,444,671,-0.4000000000000057,6.24,112,146,110,145,279,308,282,"-0.435","0.435",,,276,174,36,10,2,4,53,19.2,33,12,2.10822,0.82552,0.52585,-0.52585,"89.4",148,16.091954022988507,1.1494252873563218,0.7246376811594203,5.79,-1.2,-0.06,2.39,0.366,2,"0.039013453",0.362,0.29,"-0.039013453",0.005,0.0040000000000000036,0.054,0.018,18.5,,,,,,,
1109,809975,"Shojinaga, Kodey",2025,1109,100,0.229,0.067,0.278,0.296,0.294,0.314,0.248,55,240,86.4,8.4,2294,88.6,88.21,99,479,630,-0.3999999999999915,6.22,105,146,118,146,291,304,272,"2.622","-2.622",,,283,195,42,11,1,1,46,16.3,39,13.8,2.16009,0.79682,0.34184,0.14877,"90.5",155,30.76923076923077,0.5128205128205128,0.35335689045936397,5.85,-0.98,0.07,2.37,0.34,1,"-0.236429216",0.359,0.321,"0.236429216",-0.019,-0.01899999999999996,-0.025,-0.02,20.7,,,,,,,
1108,678894,"Peguero, Liover",2025,1114,99.5,0.239,0.129,0.279,0.367,0.296,0.274,0.213,63,264,87.7,11.7,2193,88.2,88.35,145,547,561,0.20000000000000284,6.34,105,150,117,146,299,318,283,"7.879","-7.879",,,297,210,42,14,1,6,59,19.9,27,9.1,2.38679,0.59078,0.25698,0.0691,"91.9",140,35.88516746411483,5.263157894736842,3.7037037037037033,5.8,-0.88,0.17,2.3,0.306,11,"-0.711101083",0.291,0.312,"0.711101083",0.026,0.015000000000000013,0.055,0.022,26.5,,,,,,,
1100,809331,"Sanchez, Brian",2025,1100,100,0.263,0.143,0.348,0.406,0.336,0.289,0.203,59,224,88.9,12.2,2207,87.8,87.35,128,499,601,-0.5,6.25,110,144,116,144,279,309,288,"-2.98","2.98",,,265,162,38,14,3,4,66,24.9,33,12.5,2.34325,0.72416,0.45048,-0.33745,"90.8",147,38.036809815950924,6.134969325153374,3.7735849056603774,5.66,-1.02,-0.21,2.36,0.357,10,"0.270909091",0.309,0.326,"-0.270909091",0.06,0.04799999999999999,0.08,0.047,25.7,,,,,,,
1098,675448,"Hunt, Blake",2025,1098,100,0.272,0.18,0.331,0.452,0.357,0.326,0.242,65,239,87.3,16.8,2277,88.1,88.2,127,511,587,0.10000000000000853,6.3,105,149,120,145,298,323,287,"-9.307","9.307",,,280,180,40,15,2,8,62,22.1,35,12.5,2.41972,0.56282,0.29227,-0.03338,"91.4",158,40.55555555555556,6.111111111111111,3.9285714285714284,5.77,-0.42,0.11,2.28,0.368,11,"0.847632058",0.347,0.371,"-0.847632058",0.03,0.02100000000000002,0.081,0.031,24.9,,,,,,,
1097,670032,"Lopez, Nicky",2025,1097,100,0.267,0.066,0.304,0.333,0.308,0.292,0.243,69,258,84.3,6.8,2189,88.6,88.81,87,461,636,0.20000000000000284,6.34,112,146,108,150,280,316,298,"4.319","-4.319",,,301,227,55,11,3,0,37,12.3,33,11,2.37799,0.57644,0.36606,-0.29516,"90.1",137,18.502202643171806,0.4405286343612335,0.33222591362126247,5.69,-1.5,-0.01,2.28,0.352,1,"-0.393710119",0.336,0.299,"0.393710119",0.024,0.01599999999999996,0.034,0.016,18.9,,,,,,,
1089,670231,"Rave, John",2025,1096,99.4,0.277,0.234,0.329,0.511,0.375,0.314,0.222,64,231,87.8,12.8,2213,88.3,88.21,121,432,657,-0.09999999999999432,6.26,115,146,107,151,285,316,293,"-11.356","11.356",,,266,172,36,13,4,11,61,22.9,31,11.7,2.33712,0.68673,0.35639,-0.23565,"92.3",149,42.10526315789473,7.017543859649122,4.511278195488721,5.83,-0.95,-0.09,2.43,0.365,12,"1.042791552",0.318,0.388,"-1.042791552",0.055,0.046999999999999986,0.123,0.061,28,,,,,,,
1088,660636,"Castillo, Diego",2025,1088,100,0.263,0.134,0.309,0.397,0.327,0.294,0.241,61,232,85.8,11.5,2232,87.9,88,99,432,656,0.09999999999999432,6.29,105,150,115,146,295,317,281,"-1.471","1.471",,,262,182,44,10,0,7,51,19.5,29,11.1,2.39945,0.57887,0.20638,0.07325,"90.5",153,27.071823204419886,2.7624309392265194,1.9083969465648856,5.74,-0.85,0.14,2.29,0.344,5,"0.135202206",0.325,0.327,"-0.135202206",0.022,0.01899999999999996,0.07,0.033,22.9,,,,,,,
1085,665998,"Munguia, Ismael",2025,1094,99.2,0.245,0.099,0.254,0.343,0.291,0.315,0.283,67,274,87.5,10.1,2191,88.3,88.22,87,589,496,-0.09999999999999432,6.3,110,145,101,149,279,316,291,"6.771","-6.771",,,305,252,50,11,2,4,25,8.2,21,6.9,2.32561,0.65511,0.38201,-0.32193,"90.7",156,33.739837398373986,1.6260162601626018,1.3114754098360655,5.71,-1.21,-0.14,2.38,0.311,4,"-0.6240553",0.348,0.358,"0.6240553",-0.038,-0.03699999999999998,-0.015,-0.024,14.8,,,,,,,
1085,698927,"Duran, Edward",2025,1085,100,0.298,0.143,0.372,0.44,0.358,0.279,0.206,75,252,87.6,7.9,2290,87.2,86.85,129,488,597,-0.4000000000000057,6.21,105,146,119,145,289,305,274,"-15.12","15.12",,,289,193,54,11,5,5,62,21.5,25,8.7,2.4411,0.64686,0.32528,0.18617,"91.1",138,34.89583333333333,4.166666666666666,2.768166089965398,5.72,-1.28,0.16,2.28,0.377,8,"1.393548387",0.301,0.307,"-1.393548387",0.092,0.07600000000000001,0.133,0.079,26.4,,,,,,,
1085,676466,"Winkler, Jack",2025,1085,100,0.225,0.108,0.298,0.333,0.282,0.268,0.215,56,249,86.2,12.9,2256,88.5,88.55,165,497,588,0,6.3,106,151,118,146,299,319,283,"6.176","-6.176",,,281,174,41,9,0,6,79,28.1,26,9.3,2.41152,0.53583,0.22445,0.07101,"91.0",140,29.310344827586203,4.022988505747127,2.491103202846975,5.72,-1.24,0.14,2.38,0.299,7,"-0.56921659",0.293,0.295,"0.56921659",0.01,0.006000000000000005,0.038,0.014,33.2,,,,,,,
1080,669717,"Wilson, Will",2025,1080,100,0.246,0.188,0.286,0.435,0.331,0.308,0.226,64,260,89.2,13.1,2254,88.6,88.39,164,525,555,-0.19999999999998863,6.27,105,150,120,146,294,317,279,"-2.559","2.559",,,292,196,39,12,2,11,65,22.3,28,9.6,2.37372,0.58917,0.27053,0.08966,"91.9",142,39.89637305699482,8.290155440414509,5.47945205479452,5.79,-1.01,0.19,2.32,0.325,16,"0.236944444",0.309,0.39,"-0.236944444",0.02,0.016000000000000014,0.045,0.023,31.2,,,,,,,
1072,800508,"Montilla, Franyerber",2025,1072,100,0.274,0.129,0.372,0.403,0.34,0.308,0.237,68,248,87.8,15.4,2235,88.4,87.94,144,510,562,-0.5,6.21,109,145,113,145,278,307,283,"-3.582","3.582",,,285,176,46,16,2,4,73,25.6,34,11.9,2.23726,0.737,0.49331,-0.49331,"91.2",161,35.26011560693642,5.202312138728324,3.1578947368421053,5.77,-1.21,-0.04,2.38,0.365,9,"0.334141791",0.334,0.349,"-0.334141791",0.037,0.030999999999999972,0.054,0.032,28.2,,,,,,,
1070,680118,"Blanco, Dairon",2025,1081,99,0.244,0.144,0.3,0.388,0.316,0.301,0.23,61,250,87.4,10.3,2276,88.5,88.62,163,504,566,0.09999999999999432,6.33,105,150,112,146,295,317,283,"0.073","-0.073",,,283,187,40,13,1,7,64,22.6,24,8.5,2.32218,0.62401,0.22174,0.00939,"91.5",142,35.294117647058826,5.88235294117647,3.8869257950530036,5.79,-0.72,0.09,2.39,0.326,11,"-0.00682243",0.316,0.357,"0.00682243",0.014,0.010000000000000009,0.031,0.015,32.3,,,,,,,
1069,701350,"Anthony, Roman",2025,1069,100,0.288,0.203,0.345,0.491,0.398,0.441,0.293,61,212,95,5.5,2177,87.6,87.43,103,381,688,-0.19999999999998863,6.32,117,146,121,152,293,325,299,"-15.65","15.65",,,265,158,40,9,2,10,56,21.1,51,19.2,2.48734,0.53863,0.31958,-0.28134,"94.7",158,57.59493670886076,20.253164556962027,12.075471698113208,5.78,-0.78,-0.2,2.27,0.423,32,"1.463985033",0.43,0.599,"-1.463985033",-0.005,-0.007000000000000006,-0.108,-0.043,27,,,,,,,
1063,683735,"Holland, Will",2025,1065,99.8,0.204,0.146,0.26,0.35,0.29,0.272,0.188,46,226,85.3,17.2,2264,88.3,88.37,164,481,582,0.10000000000000853,6.31,106,151,116,146,293,317,283,"8.889","-8.889",,,263,154,29,9,0,8,76,28.9,26,9.9,2.41269,0.56701,0.22995,0.1044,"91.4",154,31.818181818181817,5.844155844155844,3.4220532319391634,5.76,-1.04,0.23,2.33,0.3,9,"-0.83621825",0.29,0.305,"0.83621825",0.016,0.010000000000000009,0.045,0.018,34.1,,,,,,,
1056,800412,"Rodriguez, Jose",2025,1056,100,0.15,0.173,0.188,0.322,0.264,0.291,0.186,32,214,93.4,13.4,2288,87.9,87.55,171,439,617,-0.4000000000000057,6.19,105,145,120,145,292,310,278,"12.204","-12.204",,,249,136,13,9,2,8,79,31.7,32,12.9,2.33367,0.6766,0.36214,0.16672,"93.4",157,55.88235294117647,11.029411764705882,6.024096385542169,5.72,-0.99,0.13,2.34,0.265,15,"-1.155681818",0.297,0.353,"1.155681818",-0.036,-0.03199999999999997,-0.031,-0.027,39,,,,,,,
1052,661531,"Serven, Brian",2025,1052,100,0.231,0.086,0.318,0.317,0.297,0.265,0.187,51,221,87.2,15.3,2294,88.2,88.22,153,485,567,0,6.35,106,148,118,145,292,316,281,"3.995","-3.995",,,260,154,38,10,0,3,70,26.9,31,11.9,2.3784,0.6051,0.23706,0.07956,"90.9",150,33.78378378378378,3.3783783783783785,1.9230769230769231,5.79,-1.07,0.21,2.28,0.335,5,"-0.379752852",0.301,0.268,"0.379752852",0.044,0.03400000000000003,0.049,0.032,31.5,,,,,,,
1050,693306,"Sabato, Aaron",2025,1050,100,0.237,0.195,0.291,0.431,0.308,0.32,0.256,62,262,90.3,10.7,2234,87.6,87.76,182,556,494,0.20000000000000284,6.31,106,150,121,146,297,321,286,"1.261","-1.261",,,286,179,40,7,1,14,87,30.4,18,6.3,2.47935,0.54812,0.23566,0.03241,"92.4",148,48.60335195530726,11.731843575418994,7.3426573426573425,5.76,-0.94,0.24,2.32,0.287,21,"-0.120095238",0.305,0.439,"0.120095238",-0.019,-0.018000000000000016,-0.008,-0.012,32.7,,,,,,,
1047,663731,"Kaiser, Connor",2025,1056,99.1,0.233,0.175,0.322,0.408,0.331,0.309,0.216,52,223,86.2,15.4,2250,88.4,88.84,148,487,560,0.3999999999999915,6.35,105,151,117,146,305,329,297,"-0.613","0.613",,,260,149,27,17,2,6,74,28.5,35,13.5,2.48331,0.48407,0.26817,0.08776,"90.7",158,34.45945945945946,8.108108108108109,4.615384615384616,5.77,-1.05,0.08,2.36,0.342,12,"0.058548233",0.328,0.357,"-0.058548233",0.017,0.014000000000000012,0.051,0.022,30.4,,,,,,,
1046,800953,"Day, Brady",2025,1048,99.8,0.258,0.087,0.289,0.345,0.306,0.301,0.25,59,229,85.7,12.3,2218,88.7,88.19,63,423,623,-0.5,6.19,113,145,109,145,278,307,284,"4.549","-4.549",,,267,199,45,10,2,2,36,13.5,31,11.6,2.16381,0.79423,0.49136,-0.37681,"90.9",146,27.63819095477387,1.0050251256281406,0.7490636704119851,5.8,-1.14,0.01,2.38,0.341,2,"-0.434894837",0.337,0.328,"0.434894837",0.008,0.0040000000000000036,0.017,0.005,14.9,,,,,,,
1045,640492,"Azocar, José",2025,1046,99.9,0.241,0.111,0.296,0.352,0.296,0.324,0.268,63,261,89.1,10.5,2250,87.7,87.84,140,577,468,0.09999999999999432,6.36,105,150,114,147,293,315,281,"4.095","-4.095",,,290,203,44,13,2,4,59,20.3,24,8.3,2.43092,0.57474,0.18977,0.07602,"90.7",150,35.5,6.5,4.482758620689655,5.87,-1.21,0.23,2.31,0.314,13,"-0.391866029",0.339,0.395,"0.391866029",-0.027,-0.025000000000000022,-0.043,-0.028,24.3,,,,,,,
1043,664954,"Sullivan, Brett",2025,1044,99.9,0.207,0.119,0.236,0.326,0.26,0.269,0.226,56,270,86.2,22,2224,88.9,88.96,99,521,522,0.09999999999999432,6.32,115,146,117,150,286,318,294,"13.834","-13.834",,,294,224,37,10,5,4,48,16.3,21,7.1,2.28696,0.62961,0.37083,-0.26525,"90.7",166,27.3542600896861,2.242152466367713,1.7006802721088436,5.81,-0.97,-0.12,2.36,0.265,5,"-1.326366251",0.283,0.321,"1.326366251",-0.019,-0.01799999999999996,0.005,-0.009,19,,,,,,,
1042,691181,"Rodriguez, Emmanuel",2025,1042,100,0.267,0.147,0.425,0.414,0.384,0.35,0.218,51,191,89.7,7.9,2244,87.4,87.35,146,397,645,0,6.33,113,145,120,150,282,314,285,"-15.931","15.931",,,248,112,36,8,1,6,79,31.9,53,21.4,2.49303,0.57046,0.15213,-0.14449,"92.6",137,46.42857142857143,11.607142857142858,5.241935483870968,5.89,-0.67,-0.09,2.38,0.435,13,"1.528886756",0.397,0.36,"-1.528886756",0.049,0.03799999999999998,0.054,0.034,36.8,,,,,,,
1040,699082,"Aponte, Yhoangel",2025,1040,100,0.209,0.154,0.274,0.362,0.277,0.242,0.181,53,254,86.4,12.7,2312,88.1,87.77,151,505,535,-0.29999999999999716,6.23,103,146,120,146,287,304,276,"12.859","-12.859",,,281,172,31,13,1,8,85,30.2,19,6.8,2.26306,0.72403,0.31856,0.17355,"91.2",136,33.33333333333333,5.263157894736842,3.202846975088968,5.74,-1.26,0.12,2.35,0.271,9,"-1.236442308",0.248,0.287,"1.236442308",0.028,0.02300000000000002,0.075,0.035,29.9,,,,,,,
1037,702302,"Schreck, RJ",2025,1041,99.6,0.231,0.19,0.267,0.421,0.362,0.353,0.229,45,195,86.6,18.4,2189,87.8,87.85,96,435,602,0,6.33,114,145,117,151,286,315,289,"-5.95","5.95",,,245,144,27,8,1,9,51,20.8,41,16.7,2.48312,0.52096,0.33542,-0.23149,"91.3",151,30.069930069930066,6.993006993006993,4.081632653061225,5.75,-1.3,-0.04,2.36,0.388,10,"0.573770492",0.387,0.391,"-0.573770492",0.002,0.0010000000000000009,0.03,0.009,22.1,,,,,,,
1036,664874,"Zavala, Seby",2025,1040,99.6,0.163,0.177,0.234,0.34,0.27,0.245,0.143,34,209,85.8,25.5,2274,87.5,87.49,176,465,571,0,6.32,105,150,119,146,293,321,286,"9.185","-9.185",,,243,119,14,11,1,8,93,38.3,30,12.3,2.55038,0.51984,0.17625,0.03418,"91.0",164,31.932773109243694,7.563025210084033,3.7037037037037033,5.76,-1.08,0.25,2.34,0.267,9,"-0.886583012",0.252,0.284,"0.886583012",0.02,0.015000000000000013,0.056,0.025,37.8,,,,,,,
1035,821273,"Florentino, Edward",2025,1036,99.9,0.262,0.241,0.311,0.503,0.38,0.324,0.21,51,195,89,25.6,2250,88.7,88.24,66,405,630,-0.5,6.19,114,145,114,146,283,307,287,"-10.89","10.89",,,237,142,24,17,0,10,56,23.6,33,13.9,2.21372,0.73602,0.43357,-0.34212,"91.3",175,38.732394366197184,8.450704225352112,5.063291139240507,5.7,-0.95,-0.13,2.41,0.38,12,"1.052173913",0.341,0.374,"-1.052173913",0.052,0.03899999999999998,0.129,0.056,16.3,,,,,,,
1030,682653,"Bernabel, Warming",2025,1030,100,0.301,0.149,0.32,0.45,0.348,0.281,0.237,85,282,84.2,13.1,2189,88.1,88.55,110,568,462,0.4000000000000057,6.36,106,151,119,146,305,330,301,"-7.386","7.386",,,316,249,59,18,0,8,39,12.3,23,7.3,2.46226,0.49716,0.32454,0.06869,"91.0",132,22.8,2,1.5822784810126582,5.72,-0.96,0.17,2.34,0.356,5,"0.717087379",0.304,0.316,"-0.717087379",0.064,0.05199999999999999,0.134,0.067,19.4,,,,,,,
1024,806957,"Duno, Alfredo",2025,1024,100,0.276,0.216,0.306,0.492,0.408,0.423,0.279,51,185,91.2,15.4,2281,88,87.58,127,399,625,-0.4000000000000057,6.24,107,145,121,145,289,310,284,"-26.654","26.654",,,243,144,31,10,0,10,43,17.7,52,21.4,2.38151,0.63165,0.30752,0.18048,"92.5",148,48.61111111111111,14.583333333333334,8.641975308641975,5.67,-1.2,0.17,2.38,0.44,21,"2.602929688",0.443,0.536,"-2.602929688",-0.003,-0.0030000000000000027,-0.044,-0.015,31.8,,,,,,,
1022,656308,"Chavis, Michael",2025,1022,100,0.292,0.257,0.346,0.549,0.382,0.343,0.264,75,257,90.6,13.6,2213,88.4,88.5,147,508,514,0.09999999999999432,6.31,108,150,120,146,302,325,293,"-17.49","17.49",,,282,192,38,21,3,13,66,23.4,24,8.5,2.43178,0.52232,0.35734,0.07667,"93.5",161,46.31578947368421,9.473684210526317,6.382978723404255,5.68,-0.57,0.2,2.34,0.351,18,"1.711350294",0.329,0.464,"-1.711350294",0.028,0.021999999999999964,0.085,0.039,28.9,,,,,,,
1021,691781,"House, Brady",2025,1021,100,0.304,0.215,0.379,0.519,0.372,0.331,0.261,79,260,90.2,6.4,2239,88.1,87.98,167,548,473,-0.09999999999999432,6.33,105,149,120,146,300,322,290,"-14.711","14.711",,,282,187,50,15,1,13,75,26.6,19,6.7,2.39109,0.60199,0.29198,0.15931,"92.6",153,45.98930481283423,10.16042780748663,6.73758865248227,5.78,-1.1,0.12,2.42,0.351,19,"1.440842311",0.314,0.445,"-1.440842311",0.043,0.03699999999999998,0.074,0.041,30.5,,,,,,,
1017,672373,"Morales, Jeferson",2025,1017,100,0.249,0.153,0.288,0.402,0.332,0.317,0.237,57,229,86.1,11,2286,88.6,88.68,122,495,522,0.10000000000000853,6.35,106,150,118,147,289,311,279,"-6.824","6.824",,,269,183,37,11,3,6,49,18.2,29,10.8,2.31023,0.6341,0.17065,0.06414,"91.1",146,32.240437158469945,6.557377049180328,4.4609665427509295,5.85,-0.89,0.22,2.32,0.349,12,"0.670993117",0.34,0.366,"-0.670993117",0.012,0.008999999999999952,0.036,0.015,24.6,,,,,,,
1017,676632,"Madris, Bligh",2025,1018,99.9,0.238,0.171,0.286,0.41,0.323,0.34,0.253,50,210,87.2,17.1,2223,87.8,87.74,132,458,559,-0.09999999999999432,6.33,115,145,117,149,283,315,288,"0.876","-0.876",,,242,155,31,10,1,8,57,23.6,29,12,2.40245,0.63453,0.33992,-0.34855,"91.6",161,40.666666666666664,10.666666666666668,6.6115702479338845,5.75,-1.13,-0.09,2.32,0.328,16,"-0.086135693",0.342,0.439,"0.086135693",-0.015,-0.014000000000000012,-0.029,-0.017,28.8,,,,,,,
1016,677943,"Banfield, Will",2025,1016,100,0.214,0.078,0.281,0.292,0.251,0.276,0.229,52,243,87,13,2260,88.5,88.59,150,520,496,0.09999999999999432,6.32,105,151,120,146,295,317,286,"15.89","-15.89",,,270,180,37,13,0,2,69,25.6,18,6.7,2.35291,0.59868,0.19197,0.04221,"91.3",166,35.39325842696629,3.932584269662921,2.5925925925925926,5.88,-0.99,0.26,2.39,0.27,7,"-1.563976378",0.287,0.336,"1.563976378",-0.015,-0.01699999999999996,-0.044,-0.025,28.8,,,,,,,
1014,681123,"Tresh, Luca",2025,1018,99.6,0.253,0.216,0.293,0.469,0.336,0.316,0.237,61,241,86.9,15.4,2235,87.9,88.13,145,536,478,0.19999999999998863,6.36,105,150,119,146,294,318,286,"0.981","-0.981",,,266,184,32,16,3,10,59,22.2,21,7.9,2.39307,0.58677,0.18859,0.02061,"91.0",169,34.23913043478261,10.326086956521738,7.142857142857142,5.82,-0.82,0.2,2.32,0.316,19,"-0.096745562",0.302,0.422,"0.096745562",0.016,0.014000000000000012,0.047,0.02,27.1,,,,,,,
1013,656484,"Gray, Tristan",2025,1018,99.5,0.26,0.207,0.31,0.467,0.335,0.315,0.243,63,242,91.7,22.5,2218,88,88.01,172,559,454,0,6.33,114,144,118,151,289,320,291,"-4.007","4.007",,,274,183,35,15,4,9,66,24.1,22,8,2.43767,0.55202,0.3282,-0.23489,"92.3",170,45.604395604395606,9.89010989010989,6.569343065693431,5.73,-1.11,-0.12,2.32,0.321,18,"0.395557749",0.309,0.418,"-0.395557749",0.017,0.01200000000000001,0.049,0.02,30.8,,,,,,,
1011,669261,"Suwinski, Jack",2025,1012,99.9,0.283,0.283,0.36,0.565,0.404,0.38,0.255,54,191,92.6,20.8,2216,88.6,88.74,138,429,582,0.10000000000000853,6.37,113,144,119,151,287,321,293,"-23.297","23.297",,,229,125,29,10,1,14,69,30.1,31,13.5,2.32117,0.62376,0.35087,-0.28445,"92.9",180,49.193548387096776,16.129032258064516,8.73362445414847,5.83,-0.8,-0.08,2.33,0.389,20,"2.304352127",0.367,0.522,"-2.304352127",0.028,0.02200000000000002,0.043,0.024,32.2,,,,,,,
1004,670223,"Mervis, Matt",2025,1004,100,0.248,0.322,0.263,0.57,0.372,0.335,0.239,60,242,90.6,20.1,2183,88.3,88.6,168,498,506,0.29999999999999716,6.35,116,145,123,150,296,325,296,"-7.78","7.78",,,267,175,23,15,3,19,68,25.5,22,8.2,2.40834,0.57205,0.41007,-0.30023,"92.9",158,42.285714285714285,13.714285714285715,8.98876404494382,5.72,-0.93,-0.13,2.39,0.315,24,"0.774900398",0.307,0.474,"-0.774900398",0.009,0.008000000000000007,0.096,0.037,33.7,,,,,,,
1000,666165,"Sabol, Blake",2025,1001,99.9,0.18,0.143,0.244,0.323,0.28,0.285,0.19,39,217,88.6,11.7,2202,88.4,88.41,169,449,551,0,6.3,114,145,112,151,286,320,296,"10.428","-10.428",,,252,141,21,11,1,6,76,30.2,30,11.9,2.39445,0.56353,0.30137,-0.31294,"91.4",156,39.285714285714285,5.714285714285714,3.1746031746031744,5.83,-1.11,-0.17,2.31,0.294,8,"-1.0428",0.303,0.321,"1.0428",-0.01,-0.009000000000000008,0.002,-0.005,37.6,,,,,,,
992,701296,"Mathison, Carter",2025,993,99.9,0.188,0.144,0.262,0.332,0.286,0.276,0.168,39,208,87.9,17.5,2182,87.9,87.36,149,443,549,-0.5,6.18,112,145,112,146,284,310,286,"6.076","-6.076",,,250,129,24,7,1,7,84,33.6,30,12,2.22179,0.79084,0.50366,-0.39384,"90.9",149,34.375,11.71875,6,5.79,-1.15,-0.1,2.37,0.305,15,"-0.6125",0.29,0.316,"0.6125",0.02,0.015000000000000013,0.016,0.01,33.6,,,,,,,
990,678877,"Noel, Jhonkensy",2025,990,100,0.273,0.22,0.333,0.493,0.356,0.344,0.259,62,227,90,11.9,2267,88.5,88.44,156,495,495,-0.09999999999999432,6.28,105,151,123,146,296,322,283,"-11.838","11.838",,,252,162,36,14,0,12,67,26.6,21,8.3,2.41717,0.53121,0.22291,0.04854,"92.6",149,45.962732919254655,11.180124223602485,7.142857142857142,5.76,-1.11,0.18,2.4,0.337,18,"1.195757576",0.326,0.47,"-1.195757576",0.014,0.01100000000000001,0.023,0.012,31.5,,,,,,,
987,695391,"Harris, Brett",2025,989,99.8,0.28,0.22,0.286,0.5,0.373,0.342,0.264,60,214,87.2,12.1,2237,88.6,89.02,83,445,542,0.4000000000000057,6.39,106,150,117,146,305,326,291,"-10.721","10.721",,,250,180,37,11,0,12,38,15.2,28,11.2,2.36795,0.55654,0.24907,0.07873,"91.4",165,34.44444444444444,7.777777777777778,5.6000000000000005,5.71,-0.86,0.11,2.36,0.368,14,"1.086220871",0.356,0.419,"-1.086220871",0.016,0.01200000000000001,0.081,0.031,18.7,,,,,,,
985,690022,"Ritter, Ryan",2025,991,99.4,0.298,0.312,0.329,0.609,0.426,0.359,0.247,64,215,88.9,13.3,2194,88.1,88.54,139,459,526,0.4000000000000057,6.41,106,150,113,145,306,327,299,"-23.803","23.803",,,254,162,32,13,3,16,54,21.3,34,13.4,2.43045,0.52908,0.29247,0.09192,"91.7",152,42.857142857142854,12.422360248447205,7.874015748031496,5.76,-1.04,0.17,2.39,0.402,20,"2.416548223",0.359,0.464,"-2.416548223",0.051,0.04300000000000004,0.145,0.067,30.3,,,,,,,
984,677588,"Tena, José",2025,985,99.9,0.287,0.144,0.379,0.431,0.356,0.342,0.261,60,209,89,6.1,2219,87.8,87.7,122,457,527,-0.09999999999999432,6.27,112,146,106,151,284,318,300,"-5.443","5.443",,,239,150,41,13,1,5,59,24.7,30,12.6,2.48488,0.52158,0.26711,-0.2087,"91.6",155,41.61073825503356,9.395973154362416,5.857740585774058,5.75,-1.04,-0.16,2.39,0.377,14,"0.553150407",0.354,0.422,"-0.553150407",0.026,0.02300000000000002,0.009,0.014,26.7,,,,,,,
984,681584,"Villar, David",2025,984,100,0.239,0.129,0.295,0.368,0.323,0.318,0.227,50,209,88.9,16.7,2262,87.8,87.91,104,404,580,0.10000000000000853,6.32,106,149,120,145,295,323,289,"-0.589","0.589",,,248,153,37,6,0,7,58,23.4,35,14.1,2.48238,0.51855,0.22171,0.12279,"91.3",153,37.254901960784316,7.8431372549019605,4.838709677419355,5.77,-0.99,0.07,2.35,0.351,12,"0.059857724",0.341,0.368,"-0.059857724",0.012,0.009999999999999953,0,0.005,25.7,,,,,,,
982,650907,"Pinto, René",2025,982,100,0.263,0.246,0.343,0.509,0.349,0.286,0.213,60,228,88.9,17.9,2274,88,88.37,179,500,482,0.4000000000000057,6.29,106,151,121,146,304,332,299,"-7.358","7.358",,,248,152,28,20,0,12,78,31.5,18,7.3,2.52532,0.44194,0.20357,0.02334,"92.1",169,46.05263157894737,11.18421052631579,6.854838709677419,5.77,-1.07,0.14,2.31,0.315,17,"0.749287169",0.269,0.391,"-0.749287169",0.05,0.045999999999999985,0.118,0.063,35.8,,,,,,,
982,687952,"Encarnacion-Strand, Christian",2025,982,100,0.245,0.249,0.287,0.493,0.342,0.357,0.252,56,229,89.2,20.3,2245,88.7,88.91,136,534,448,0.20000000000000284,6.36,106,151,121,146,299,323,292,"-2.639","2.639",,,252,168,23,20,2,11,62,24.6,17,6.7,2.2787,0.65507,0.28238,0.12382,"91.8",170,41.91616766467065,15.568862275449103,10.317460317460316,5.82,-0.83,0.18,2.41,0.31,26,"0.268737271",0.317,0.521,"-0.268737271",-0.007,-0.007000000000000006,-0.028,-0.015,25.5,,,,,,,
981,683083,"Nuñez, Nasim",2025,995,98.6,0.243,0.063,0.333,0.307,0.293,0.275,0.216,46,189,88.2,11.3,2191,89.2,89.15,130,440,541,-0.10000000000000853,6.32,110,145,103,149,282,313,293,"1.919","-1.919",,,218,134,38,6,0,2,57,26.1,25,11.5,2.21589,0.70123,0.43329,-0.43329,"90.5",152,32.57575757575758,1.5151515151515151,0.9174311926605505,5.78,-1.2,-0.06,2.39,0.335,2,"-0.195616718",0.316,0.273,"0.195616718",0.027,0.019000000000000017,0.034,0.018,29.5,,,,,,,
981,668721,"Henry, Payton",2025,982,99.9,0.246,0.167,0.3,0.412,0.322,0.302,0.218,59,240,89.2,6.8,2255,87.8,87.7,161,497,484,-0.09999999999999432,6.29,105,150,121,146,295,318,285,"2.513","-2.513",,,268,171,41,7,0,11,70,26.1,20,7.5,2.47953,0.53898,0.27205,0.10715,"92.2",141,45.1219512195122,9.75609756097561,5.970149253731343,5.78,-1.08,0.1,2.33,0.321,16,"-0.256167176",0.298,0.388,"0.256167176",0.028,0.02300000000000002,0.024,0.02,32.4,,,,,,,
975,676939,"Herron, Jimmy",2025,979,99.6,0.214,0.068,0.267,0.282,0.262,0.26,0.202,50,234,87.9,16.2,2228,88.6,88.75,105,427,548,0.20000000000000284,6.36,103,150,112,146,299,317,288,"13.977","-13.977",,,266,179,41,5,1,3,59,22.2,23,8.6,2.30358,0.64758,0.32774,0.14928,"90.8",159,30.16759776536313,2.2346368715083798,1.5037593984962405,5.76,-0.97,0.16,2.32,0.293,4,"-1.433538462",0.285,0.282,"1.433538462",0.012,0.008000000000000007,0,0.002,24.6,,,,,,,
972,677942,"Alexander, Blaze",2025,974,99.8,0.286,0.198,0.367,0.484,0.39,0.359,0.252,55,192,92.8,5.5,2205,88.6,88.94,142,444,528,0.30000000000001137,6.35,106,150,117,146,305,326,295,"-18.669","18.669",,,236,136,34,12,1,8,58,24.6,38,16.1,2.41377,0.55141,0.32005,0.07875,"92.8",164,50.74626865671642,11.194029850746269,6.3559322033898304,5.78,-0.77,0.09,2.42,0.411,15,"1.920679012",0.387,0.41,"-1.920679012",0.034,0.023999999999999966,0.074,0.031,32,,,,,,,
969,812442,"Hrustich, Stephen",2025,969,100,0.246,0.116,0.297,0.362,0.329,0.296,0.205,51,207,86.5,17.1,2315,87.7,87.35,109,437,532,-0.29999999999999716,6.23,103,146,118,145,289,304,276,"-2.169","2.169",,,258,162,37,8,2,4,52,20.2,33,12.8,2.31804,0.70327,0.288,0.13735,"90.3",161,28.39506172839506,3.0864197530864197,1.937984496124031,5.75,-1.06,0.2,2.32,0.368,5,"0.223839009",0.338,0.296,"-0.223839009",0.041,0.02999999999999997,0.066,0.033,24.9,,,,,,,
969,669360,"Cruz, Trei",2025,969,100,0.284,0.174,0.364,0.458,0.384,0.364,0.247,54,190,90,12.2,2158,87.7,87.84,106,387,582,0.09999999999999432,6.29,113,146,113,149,286,318,291,"-15.316","15.316",,,239,138,35,11,2,6,55,23,46,19.2,2.40513,0.6178,0.42134,-0.41065,"91.8",171,47.76119402985074,9.701492537313433,5.439330543933055,5.8,-0.9,-0.08,2.45,0.418,13,"1.580598555",0.398,0.397,"-1.580598555",0.037,0.019999999999999962,0.061,0.02,27.4,,,,,,,
969,641521,"Díaz, Edwin",2025,970,99.9,0.215,0.196,0.25,0.411,0.318,0.34,0.23,46,214,88.4,19.8,2258,88.5,88.68,118,428,541,0.20000000000000284,6.37,105,151,118,147,296,317,285,"2.936","-2.936",,,246,154,24,12,0,10,61,24.8,27,11,2.39543,0.55476,0.33382,0.07639,"92.2",154,41.61073825503356,12.080536912751679,7.317073170731707,5.69,-0.7,0.29,2.33,0.313,18,"-0.302992776",0.33,0.443,"0.302992776",-0.015,-0.017000000000000015,-0.032,-0.022,27.6,,,,,,,
966,595453,"Wallach, Chad",2025,968,99.8,0.248,0.183,0.299,0.43,0.325,0.289,0.214,57,230,86.4,9.9,2261,88.4,88.64,151,487,479,0.19999999999998863,6.3,107,151,121,146,302,328,293,"-1.003","1.003",,,257,167,36,10,1,10,65,25.3,22,8.6,2.42136,0.53396,0.26005,0.0485,"91.5",146,37.57575757575757,9.696969696969697,6.22568093385214,5.72,-0.79,0.07,2.42,0.319,16,"0.103830228",0.29,0.364,"-0.103830228",0.034,0.029000000000000026,0.066,0.036,31,,,,,,,
959,692585,"Fernández, Yanquiel",2025,960,99.9,0.285,0.219,0.289,0.504,0.365,0.332,0.262,69,242,88.3,11.3,2184,87.4,87.71,141,542,417,0.29999999999999716,6.33,116,145,122,150,299,331,307,"-9.179","9.179",,,270,207,42,14,0,13,38,14.1,23,8.5,2.61986,0.39599,0.29263,-0.22968,"92.1",153,37.93103448275862,8.866995073891626,6.666666666666667,5.69,-0.85,-0.13,2.42,0.348,18,"0.957142857",0.329,0.434,"-0.957142857",0.023,0.01899999999999996,0.07,0.033,26,,,,,,,
959,695657,"Montgomery, Colson",2025,959,100,0.218,0.218,0.29,0.435,0.317,0.286,0.199,47,216,88.8,20.2,2208,88.5,88.52,138,487,472,0,6.33,115,144,125,151,287,319,293,"0.717","-0.717",,,242,135,24,10,2,11,82,33.9,19,7.9,2.34517,0.60429,0.28885,-0.19357,"92.2",151,37.878787878787875,11.363636363636363,6.198347107438017,5.68,-1.27,-0.04,2.43,0.298,15,"-0.074765381",0.282,0.363,"0.074765381",0.019,0.016000000000000014,0.072,0.031,28.3,,,,,,,
958,702284,"Young, Cole",2025,959,99.9,0.273,0.185,0.297,0.459,0.372,0.357,0.256,56,205,89.7,9,2192,89.1,89.2,74,414,544,0.10000000000000853,6.32,114,146,110,149,287,321,298,"-12.509","12.509",,,244,177,33,13,5,5,28,11.5,31,12.7,2.2664,0.63882,0.4182,-0.27864,"92.1",160,44.632768361581924,8.47457627118644,6.147540983606557,5.81,-0.82,-0.17,2.39,0.389,15,"1.305741127",0.375,0.428,"-1.305741127",0.017,0.014000000000000012,0.031,0.015,17.9,,,,,,,
957,682695,"Martinez, Yohander",2025,958,99.9,0.196,0.077,0.247,0.273,0.277,0.276,0.191,38,194,84.3,12.7,2276,88.4,88.14,96,415,542,-0.30000000000001137,6.25,104,146,118,146,291,306,274,"4.168","-4.168",,,232,148,28,7,1,2,48,20.7,30,12.9,2.18268,0.77765,0.34413,0.17294,"89.9",143,21.08843537414966,3.4013605442176873,2.1551724137931036,5.71,-0.92,0.11,2.46,0.319,5,"-0.435527691",0.318,0.266,"0.435527691",0.005,0.0010000000000000009,0.007,0.001,23.1,,,,,,,
955,660766,"Yepez, Juan",2025,956,99.9,0.223,0.095,0.239,0.318,0.272,0.303,0.264,47,211,86.7,17.1,2240,87.5,87.34,84,465,490,-0.20000000000000284,6.28,104,150,119,146,296,320,288,"10.283","-10.283",,,234,184,35,8,0,4,29,12.4,21,9,2.47696,0.55201,0.22621,0.10865,"90.9",162,31.318681318681318,2.197802197802198,1.7094017094017095,5.71,-0.76,0.25,2.34,0.291,4,"-1.076753927",0.329,0.353,"1.076753927",-0.041,-0.038000000000000034,-0.035,-0.031,18.1,,,,,,,
953,669742,"Hall, Darick",2025,953,100,0.203,0.089,0.278,0.292,0.276,0.29,0.206,39,192,87.4,13.2,2220,88.5,88.49,153,442,511,0,6.31,114,144,125,150,288,319,291,"13.059","-13.059",,,221,130,30,5,0,4,62,28.1,26,11.8,2.36636,0.58901,0.26918,-0.21175,"91.7",141,38.46153846153847,6.923076923076923,4.072398190045249,5.79,-0.95,-0.09,2.42,0.308,9,"-1.370304302",0.31,0.331,"1.370304302",-0.003,-0.0020000000000000018,-0.039,-0.014,34.6,,,,,,,
952,805102,"Chourio, Byron",2025,955,99.7,0.18,0.041,0.238,0.222,0.271,0.278,0.189,35,194,81.7,15.1,2240,89,88.68,92,425,527,-0.29999999999999716,6.22,111,146,104,145,278,304,279,"11.185","-11.185",,,238,144,30,3,1,1,50,21,41,17.2,2.03985,0.88485,0.54209,-0.54209,"89.2",147,13.194444444444445,0.6944444444444444,0.42016806722689076,5.78,-0.95,-0.05,2.4,0.332,1,"-1.174894958",0.339,0.233,"1.174894958",-0.009,-0.007000000000000006,-0.011,-0.007,21.6,,,,,,,
947,805356,"Lege, Ethan",2025,947,100,0.222,0.064,0.277,0.286,0.287,0.286,0.214,45,203,85.1,10.4,2302,88.8,88.35,113,447,500,-0.3999999999999915,6.18,104,146,118,145,289,309,279,"1.464","-1.464",,,242,157,36,7,0,2,49,20.2,26,10.7,2.193,0.74983,0.32251,0.08487,"90.8",134,32.05128205128205,2.564102564102564,1.6528925619834711,5.67,-0.85,0.14,2.39,0.332,4,"-0.154593453",0.33,0.278,"0.154593453",0.008,0.0020000000000000018,0.008,0.001,25.3,,,,,,,
943,701675,"Church, Nathan",2025,946,99.7,0.323,0.181,0.342,0.504,0.385,0.317,0.265,73,226,86.8,6.9,2225,88.5,88.76,58,443,500,0.29999999999999716,6.37,113,146,106,150,281,314,294,"-14.404","14.404",,,253,200,50,12,4,7,27,10.7,25,9.9,2.32556,0.61711,0.35011,-0.27002,"91.6",154,38.88888888888889,3.0303030303030303,2.371541501976284,5.66,-1.25,-0.14,2.4,0.389,6,"1.527465536",0.339,0.372,"-1.527465536",0.058,0.04999999999999999,0.132,0.068,13.1,,,,,,,
943,701784,"Clayton, Cam",2025,943,100,0.229,0.144,0.263,0.373,0.32,0.297,0.204,46,201,84.6,17.8,2310,87.6,87.28,86,384,559,-0.29999999999999716,6.25,107,147,120,145,284,304,273,"-4.06","4.06",,,241,164,28,11,3,4,40,16.6,32,13.3,2.28008,0.74378,0.3084,0.15909,"90.1",155,23.170731707317074,5.487804878048781,3.7344398340248963,5.64,-1.03,0.14,2.35,0.344,9,"0.430540827",0.326,0.32,"-0.430540827",0.025,0.01799999999999996,0.053,0.023,22.4,,,,,,,
940,664068,"Kingery, Scott",2025,940,100,0.228,0.174,0.28,0.402,0.295,0.268,0.21,51,224,88.1,19.9,2283,88.3,88.6,133,498,442,0.29999999999999716,6.32,106,151,114,147,301,327,295,"4.424","-4.424",,,242,164,30,10,4,7,61,25.2,15,6.2,2.46557,0.484,0.20489,0.03223,"90.8",154,37.88819875776397,4.968944099378882,3.3057851239669422,5.68,-1.03,0.12,2.32,0.281,8,"-0.470638298",0.266,0.344,"0.470638298",0.018,0.015000000000000013,0.058,0.027,26.7,,,,,,,
940,666149,"Fitzgerald, Tyler",2025,941,99.9,0.248,0.133,0.319,0.381,0.311,0.293,0.237,52,210,86,17,2279,88.6,88.78,142,466,474,0.20000000000000284,6.37,105,151,116,147,303,326,295,"3.379","-3.379",,,236,150,36,10,0,6,62,26.3,17,7.2,2.38049,0.56334,0.23018,0.03185,"90.7",157,31.333333333333336,5.333333333333334,3.389830508474576,5.77,-1.08,0.2,2.35,0.322,8,"-0.359468085",0.313,0.341,"0.359468085",0.011,0.009000000000000008,0.04,0.018,30.5,,,,,,,
937,624523,"Unroe, Riley",2025,944,99.3,0.272,0.136,0.338,0.408,0.358,0.325,0.244,52,191,87.9,14.4,2226,88.1,88.15,125,426,511,0,6.34,112,146,107,148,283,316,287,"-7.501","7.501",,,235,146,35,12,1,4,48,20.4,39,16.6,2.39683,0.63896,0.33336,-0.33336,"90.7",160,27.972027972027973,1.3986013986013985,0.851063829787234,5.8,-1.16,-0.09,2.37,0.396,2,"0.800533618",0.376,0.328,"-0.800533618",0.028,0.020000000000000018,0.08,0.033,29.3,,,,,,,
935,700648,"Gonzalez, Josue",2025,935,100,0.161,0.101,0.2,0.261,0.263,0.282,0.181,32,199,86.6,16.6,2241,87.6,87.22,114,412,523,-0.3999999999999915,6.22,104,145,117,144,285,307,280,"10.07","-10.07",,,245,148,19,9,1,3,56,22.9,34,13.9,2.36584,0.69792,0.33465,0.14076,"90.9",144,31.292517006802722,6.122448979591836,3.6734693877551026,5.73,-0.77,0.17,2.36,0.298,9,"-1.077005348",0.318,0.284,"1.077005348",-0.02,-0.020000000000000018,-0.023,-0.019,27.7,,,,,,,
934,647351,"Toro, Abraham",2025,934,100,0.272,0.201,0.341,0.473,0.362,0.293,0.203,50,184,86.1,20.9,2162,88.2,88.05,138,408,526,-0.10000000000000853,6.29,112,146,119,149,287,319,291,"-1.427","1.427",,,216,131,31,9,2,8,56,25.9,27,12.5,2.33563,0.69475,0.44837,-0.44704,"90.9",162,30.76923076923077,8.461538461538462,5.092592592592593,5.77,-1.26,-0.12,2.36,0.366,11,"0.152783726",0.308,0.346,"-0.152783726",0.069,0.057999999999999996,0.127,0.069,33.8,,,,,,,
934,810938,"Williamson, Ben",2025,934,100,0.314,0.148,0.349,0.462,0.371,0.343,0.295,66,210,87.9,4.6,2291,88.6,88.81,74,435,499,0.20000000000000284,6.32,104,148,119,146,300,325,287,"-9.083","9.083",,,239,180,47,12,2,5,32,13.4,24,10,2.37853,0.5859,0.22949,0.03447,"91.2",163,35.55555555555556,2.7777777777777777,2.092050209205021,5.85,-0.71,0.13,2.38,0.389,5,"0.97248394",0.373,0.397,"-0.97248394",0.019,0.016000000000000014,0.065,0.028,17,,,,,,,
927,656883,"Reetz, Jakson",2025,927,100,0.192,0.207,0.21,0.399,0.312,0.289,0.183,37,193,80.7,19.3,2244,87.3,87.4,144,460,467,0.10000000000000853,6.32,105,150,119,146,292,318,285,"2.869","-2.869",,,228,135,19,7,0,11,60,26.3,25,11,2.53762,0.48939,0.14761,0.06882,"91.2",144,24.444444444444443,10.37037037037037,6.140350877192982,5.85,-1.17,0.13,2.31,0.307,14,"-0.309492988",0.3,0.337,"0.309492988",0.009,0.007000000000000006,0.062,0.023,31.3,,,,,,,
925,692944,"Villavicencio, Kevin",2025,932,99.2,0.203,0.087,0.227,0.29,0.25,0.276,0.24,49,241,85.3,12.1,2291,88.1,87.74,107,483,442,-0.3999999999999915,6.24,105,147,113,145,288,303,276,"11.218","-11.218",,,268,206,36,8,2,3,39,14.6,19,7.1,2.29146,0.70632,0.31493,0.18869,"90.6",131,25.728155339805824,2.4271844660194173,1.8656716417910446,5.73,-0.99,0.24,2.25,0.269,5,"-1.212756757",0.302,0.312,"1.212756757",-0.037,-0.032999999999999974,-0.022,-0.026,22.2,,,,,,,
919,691620,"Quero, Jeferson",2025,919,100,0.255,0.157,0.272,0.412,0.326,0.338,0.271,55,216,86.8,15.6,2232,88,88.24,109,482,437,0.20000000000000284,6.34,105,149,119,146,299,319,287,"1.712","-1.712",,,250,186,34,14,1,6,35,14,25,10,2.43403,0.54235,0.2433,0.07405,"91.1",156,29.72972972972973,5.9459459459459465,4.3999999999999995,5.74,-0.95,0.21,2.29,0.336,11,"-0.186289445",0.351,0.422,"0.186289445",-0.016,-0.014999999999999958,-0.01,-0.012,22.6,,,,,,,
918,691019,"Teel, Kyle",2025,919,99.9,0.293,0.199,0.375,0.492,0.385,0.35,0.248,53,181,89.6,9.9,2222,88.3,88.21,117,408,510,-0.09999999999999432,6.34,112,145,121,151,286,317,292,"-9.607","9.607",,,211,128,34,10,1,8,53,25.1,30,14.2,2.432,0.54267,0.27099,-0.25523,"91.7",162,42.1875,9.375,5.687203791469194,5.75,-1.19,-0.11,2.41,0.393,12,"1.046514161",0.355,0.444,"-1.046514161",0.045,0.038000000000000034,0.048,0.035,28.7,,,,,,,
913,680837,"Fitzgerald, Ryan",2025,922,99,0.261,0.202,0.331,0.463,0.356,0.324,0.228,53,203,88.9,17.1,2196,88.4,88.35,124,443,470,0,6.33,114,145,106,151,279,313,284,"-5.436","5.436",,,235,146,28,16,2,7,58,24.7,28,11.9,2.35609,0.63073,0.22529,-0.18766,"91.1",161,36.986301369863014,8.21917808219178,5.106382978723404,5.81,-0.95,-0.14,2.37,0.357,12,"0.595399781",0.329,0.404,"-0.595399781",0.033,0.02799999999999997,0.059,0.032,28,,,,,,,
913,690474,"Sacco Jr., Tommy",2025,916,99.7,0.221,0.063,0.288,0.284,0.278,0.279,0.207,46,208,85.9,14.3,2174,89.1,89.24,116,427,486,0.10000000000000853,6.29,111,146,114,148,287,316,288,"11.141","-11.141",,,241,155,38,5,1,2,55,22.8,29,12,2.32141,0.57576,0.51446,-0.51446,"90.7",154,28.965517241379313,2.0689655172413794,1.2448132780082988,5.67,-0.76,-0.04,2.31,0.32,3,"-1.22026287",0.313,0.292,"1.22026287",0.014,0.007000000000000006,-0.008,-0.001,27.2,,,,,,,
911,801938,"Owusu-Asiedu, Avery",2025,912,99.9,0.268,0.134,0.344,0.402,0.348,0.347,0.256,48,179,90.6,10.5,2255,87.9,87.52,112,404,507,-0.4000000000000057,6.21,106,146,119,146,291,311,282,"-7.729","7.729",,,216,130,35,7,1,5,52,24.1,29,13.4,2.29088,0.71249,0.32788,0.19673,"92.8",165,45.38461538461539,6.923076923076923,4.166666666666666,5.82,-1.15,0.05,2.39,0.38,9,"0.848408342",0.373,0.402,"-0.848408342",0.012,0.007000000000000006,0,0.001,27.7,,,,,,,
911,545121,"Vargas, Ildemaro",2025,912,99.9,0.251,0.137,0.258,0.389,0.312,0.324,0.274,53,211,87.8,7.6,2157,88.6,88.99,41,397,514,0.4000000000000057,6.39,112,146,112,147,296,325,300,"2.619","-2.619",,,234,191,37,8,3,5,21,9,19,8.1,2.4075,0.51966,0.36279,-0.36279,"92.0",138,39.57219251336899,3.7433155080213902,2.9914529914529915,5.75,-0.77,-0.03,2.26,0.321,7,"-0.287486279",0.342,0.391,"0.287486279",-0.023,-0.02100000000000002,-0.002,-0.012,10.3,,,,,,,
911,700032,"Labrada, Victor",2025,916,99.5,0.254,0.114,0.319,0.368,0.342,0.318,0.228,47,185,85.2,11.4,2269,88.4,88.5,97,385,526,0.09999999999999432,6.3,111,143,107,149,288,322,294,"-3.117","3.117",,,230,145,31,12,3,1,42,18.3,36,15.7,2.34232,0.62203,0.39923,-0.27993,"90.6",128,27.142857142857142,2.142857142857143,1.3043478260869565,5.73,-1,-0.16,2.38,0.389,3,"0.342151482",0.377,0.285,"-0.342151482",0.026,0.01200000000000001,0.083,0.024,25.2,,,,,,,
907,668876,"Humphreys, Zach",2025,912,99.5,0.216,0.103,0.272,0.32,0.279,0.253,0.203,42,194,83.6,10.6,2256,89.1,89.38,102,404,503,0.30000000000001137,6.29,106,150,116,147,304,328,293,"7.41","-7.41",,,222,149,26,14,0,2,48,21.6,22,9.9,2.3553,0.53799,0.29641,0.07721,"90.2",130,21.476510067114095,1.342281879194631,0.9009009009009009,5.7,-0.71,0.11,2.39,0.302,2,"-0.816979052",0.291,0.255,"0.816979052",0.013,0.01100000000000001,0.065,0.026,25.2,,,,,,,
904,687334,"Powell, Peyton",2025,905,99.9,0.237,0.058,0.336,0.295,0.304,0.269,0.183,41,173,85.6,11.4,2238,88.4,87.99,97,371,533,-0.4000000000000057,6.22,114,145,113,145,279,305,284,"3.892","-3.892",,,209,120,34,5,1,1,55,26.3,33,15.8,2.24497,0.76598,0.55704,-0.49065,"90.0",150,29.166666666666668,2.5,1.4354066985645932,5.74,-1.42,-0.06,2.31,0.359,3,"-0.430530973",0.314,0.253,"0.430530973",0.054,0.044999999999999984,0.042,0.035,26.1,,,,,,,
899,683145,"Barber, Colin",2025,899,100,0.204,0.11,0.285,0.314,0.283,0.285,0.2,39,191,88.2,10.9,2201,88.9,88.96,97,386,513,0.09999999999999432,6.3,113,146,117,150,290,316,291,"6.513","-6.513",,,223,132,25,9,3,2,61,27.4,27,12.1,2.39581,0.52877,0.3843,-0.26116,"91.9",157,36.22047244094488,5.511811023622047,3.1390134529147984,5.66,-0.75,-0.1,2.39,0.309,7,"-0.724471635",0.308,0.318,"0.724471635",0.004,0.0010000000000000009,-0.004,-0.002,25.1,,,,,,,
897,703563,"Morlando, PJ",2025,897,100,0.22,0.133,0.292,0.353,0.326,0.292,0.182,38,173,85.2,7.4,2254,87.9,87.48,108,357,540,-0.4000000000000057,6.19,114,145,118,147,274,304,281,"-1.127","1.127",,,213,118,26,6,1,5,56,26.3,34,16,2.26056,0.74933,0.46037,-0.43622,"90.9",137,29.059829059829063,5.128205128205128,2.8169014084507045,5.69,-1.13,-0.02,2.3,0.362,6,"0.125641026",0.333,0.283,"-0.125641026",0.038,0.02899999999999997,0.07,0.034,30.3,,,,,,,
892,676070,"Amaya, Jacob",2025,892,100,0.25,0.17,0.328,0.42,0.34,0.309,0.223,47,188,88,5.9,2296,88.7,88.77,76,315,577,0.09999999999999432,6.29,107,151,119,148,296,317,282,"-5.2","5.2",,,219,125,33,5,0,9,64,29.2,29,13.2,2.33713,0.61872,0.26316,0.12988,"91.3",179,40.8,9.6,5.47945205479452,5.76,-0.81,0.1,2.31,0.352,12,"0.582959641",0.328,0.361,"-0.582959641",0.027,0.023999999999999966,0.059,0.031,24.1,,,,,,,
889,506702,"León, Sandy",2025,893,99.6,0.167,0.194,0.189,0.36,0.266,0.244,0.175,31,186,83.5,22.1,2181,88.9,89.1,125,389,500,0.19999999999998863,6.37,112,146,121,150,292,317,295,"10.726","-10.726",,,207,121,15,6,0,10,66,31.9,18,8.7,2.26342,0.65493,0.45018,-0.45018,"90.0",152,24.793388429752067,6.6115702479338845,3.864734299516908,5.76,-1.14,-0.09,2.4,0.246,8,"-1.206524184",0.254,0.286,"1.206524184",-0.008,-0.008000000000000007,0.074,0.022,32.1,,,,,,,
888,665953,"Chaparro, Andrés",2025,888,100,0.275,0.302,0.303,0.577,0.407,0.373,0.261,50,182,89,19.3,2257,88.1,88.17,125,406,482,0.10000000000000853,6.38,107,151,121,146,296,322,294,"-16.407","16.407",,,216,133,23,13,0,14,50,23.1,32,14.8,2.47275,0.52038,0.13095,0.00967,"92.5",165,41.35338345864661,15.037593984962406,9.25925925925926,5.71,-1.37,0.28,2.36,0.384,20,"1.847635135",0.372,0.49,"-1.847635135",0.014,0.01200000000000001,0.087,0.034,30.8,,,,,,,
888,693243,"Pennington, Garrett",2025,888,100,0.283,0.219,0.31,0.502,0.368,0.38,0.289,62,219,92.6,13.5,2314,87.7,87.14,111,446,442,-0.6000000000000085,6.19,107,147,121,146,290,310,280,"-16.536","16.536",,,247,178,35,16,1,10,43,17.4,22,8.9,2.3517,0.67357,0.29558,0.13552,"93.7",145,53.37078651685393,11.235955056179774,8.097165991902834,5.76,-1.03,0.16,2.34,0.356,20,"1.862162162",0.366,0.507,"-1.862162162",-0.006,-0.010000000000000009,-0.005,-0.012,24.9,,,,,,,
882,823787,"Rodriguez, Rainiel",2025,882,100,0.242,0.258,0.248,0.5,0.369,0.369,0.245,47,194,88.6,20.2,2292,88.2,87.85,92,400,482,-0.29999999999999716,6.25,106,146,119,146,289,308,276,"-8.612","8.612",,,230,153,22,12,1,12,42,18.3,29,12.6,2.32271,0.67173,0.35003,0.15878,"92.0",154,39.21568627450981,10.457516339869281,6.956521739130435,5.64,-0.91,0.17,2.3,0.357,16,"0.976417234",0.358,0.495,"-0.976417234",-0.003,-0.0010000000000000009,0.005,0,23,,,,,,,
882,671221,"Waters, Drew",2025,885,99.7,0.233,0.17,0.311,0.403,0.311,0.284,0.218,48,206,87,8.4,2166,87.9,88,133,442,440,0.09999999999999432,6.33,112,146,112,149,288,315,289,"4.472","-4.472",,,228,139,29,10,2,7,67,29.4,21,9.2,2.3468,0.63902,0.37213,-0.37213,"91.3",140,35.25179856115108,6.474820143884892,3.9473684210526314,5.81,-0.98,-0.06,2.38,0.307,9,"-0.507029478",0.293,0.346,"0.507029478",0.015,0.014000000000000012,0.057,0.027,30.1,,,,,,,
881,680810,"Hamilton, Quincy",2025,885,99.5,0.154,0.133,0.185,0.287,0.246,0.253,0.172,30,195,88.5,18.1,2180,89,89.14,116,404,477,0.09999999999999432,6.32,114,146,115,150,290,318,290,"15.095","-15.095",,,221,136,17,6,1,6,59,26.7,25,11.3,2.28198,0.62777,0.45124,-0.32003,"91.2",146,32.82442748091603,6.106870229007633,3.619909502262444,5.68,-0.59,-0.11,2.39,0.253,8,"-1.713393871",0.271,0.278,"1.713393871",-0.018,-0.018000000000000016,0.009,-0.007,28.7,,,,,,,
876,691011,"Romo, Drew",2025,877,99.9,0.264,0.145,0.338,0.409,0.324,0.241,0.192,58,220,84.4,13.3,2235,88.4,88.84,128,454,422,0.3999999999999915,6.38,113,147,117,149,297,326,299,"6.232","-6.232",,,243,158,40,11,0,7,63,25.9,18,7.4,2.4884,0.45423,0.30483,-0.30483,"90.3",131,22.78481012658228,2.5316455696202533,1.646090534979424,5.63,-1.07,-0.01,2.27,0.329,4,"-0.711415525",0.265,0.258,"0.711415525",0.072,0.064,0.151,0.083,28.2,,,,,,,
876,703861,"Ortega, Victor",2025,876,100,0.246,0.064,0.31,0.31,0.317,0.321,0.244,46,187,86,12.5,2265,88.5,88.12,42,319,557,-0.4000000000000057,6.22,113,145,116,145,270,301,281,"-2.803","2.803",,,226,146,36,9,0,1,42,18.6,32,14.2,2.12408,0.87498,0.4748,-0.37239,"90.2",165,24.305555555555554,1.3888888888888888,0.8849557522123894,5.64,-1.07,-0.12,2.4,0.372,2,"0.319977169",0.372,0.32,"-0.319977169",0.002,0,-0.01,-0.004,13.2,,,,,,,
870,806124,"Houck, Colin",2025,870,100,0.242,0.192,0.331,0.434,0.343,0.332,0.23,44,182,88.8,15.6,2320,88,87.5,122,405,465,-0.5,6.24,105,146,119,146,292,309,281,"-5.876","5.876",,,214,123,23,12,4,5,60,28,28,13.1,2.35501,0.65566,0.29449,0.17454,"91.4",158,43.44262295081967,12.295081967213115,7.009345794392523,5.75,-1.12,0.25,2.27,0.35,15,"0.675402299",0.341,0.411,"-0.675402299",0.012,0.008999999999999952,0.023,0.011,30.1,,,,,,,
867,680664,"Valencia, Eduardo",2025,867,100,0.319,0.303,0.346,0.622,0.429,0.392,0.29,59,185,90.7,13.1,2258,88.2,88.33,110,400,467,0.09999999999999432,6.3,108,149,118,145,295,320,289,"-17.652","17.652",,,213,146,31,13,2,13,41,19.2,25,11.7,2.38309,0.5918,0.26084,0.09587,"92.5",172,48.93617021276596,13.47517730496454,8.92018779342723,5.82,-0.98,0.18,2.38,0.399,19,"2.035986159",0.379,0.533,"-2.035986159",0.029,0.020000000000000018,0.089,0.037,27.5,,,,,,,
865,683301,"Arnold, Bryce",2025,865,100,0.256,0.206,0.301,0.461,0.366,0.331,0.214,46,180,87.9,16.3,2300,88,87.63,110,354,511,-0.4000000000000057,6.21,104,146,117,145,288,303,274,"-13.613","13.613",,,220,132,28,8,1,9,51,23.2,26,11.8,2.33332,0.67014,0.34132,0.17289,"91.4",144,37.121212121212125,9.090909090909092,5.454545454545454,5.73,-1.3,0.03,2.28,0.377,12,"1.573757225",0.345,0.392,"-1.573757225",0.042,0.03200000000000003,0.069,0.035,31.1,,,,,,,
864,656896,"Rivera, Emmanuel",2025,864,100,0.297,0.059,0.378,0.356,0.322,0.297,0.256,66,222,89,9.5,2246,88.2,88.3,128,433,431,0.09999999999999432,6.3,108,150,121,147,299,320,282,"1.761","-1.761",,,246,173,56,8,1,1,50,20.3,19,7.7,2.43745,0.53524,0.15915,0.11051,"91.1",158,36.99421965317919,1.7341040462427744,1.2195121951219512,5.78,-1.23,0.18,2.33,0.362,3,"-0.203819444",0.325,0.337,"0.203819444",0.041,0.03699999999999998,0.019,0.025,29.6,,,,,,,
862,695653,"Miller, Noah",2025,863,99.9,0.239,0.106,0.275,0.345,0.267,0.256,0.224,54,226,87.8,9.1,2192,87.8,87.87,100,442,420,0.10000000000000853,6.31,109,146,113,149,292,321,296,"11.561","-11.561",,,241,186,38,12,0,4,44,18.3,11,4.6,2.45371,0.54774,0.38463,-0.38463,"90.9",160,35.35911602209944,2.7624309392265194,2.0746887966804977,5.7,-0.81,-0.06,2.43,0.27,5,"-1.341183295",0.261,0.315,"1.341183295",0.015,0.009000000000000008,0.03,0.011,22.6,,,,,,,
862,686676,"Lee, Korey",2025,862,100,0.255,0.15,0.304,0.405,0.313,0.266,0.222,56,220,87.2,6.8,2265,88.1,88.23,127,458,404,0.10000000000000853,6.3,107,150,120,147,293,317,285,"2.414","-2.414",,,240,166,39,9,0,8,55,22.9,17,7.1,2.4342,0.56037,0.2509,0.10494,"90.9",142,30.909090909090907,4.242424242424243,2.9166666666666665,5.74,-1.01,0.18,2.32,0.313,7,"-0.280046404",0.283,0.313,"0.280046404",0.033,0.030000000000000027,0.092,0.047,27.7,,,,,,,
861,656582,"Joe, Connor",2025,861,100,0.225,0.081,0.285,0.306,0.301,0.283,0.212,39,173,85.8,8.6,2242,88.7,88.99,67,348,513,0.29999999999999716,6.37,105,150,121,147,302,322,292,"4.657","-4.657",,,205,137,27,10,2,0,36,17.6,29,14.1,2.27085,0.65462,0.33508,0.0214,"91.0",135,33.088235294117645,0.7352941176470588,0.4878048780487805,5.8,-0.43,0.12,2.43,0.346,1,"-0.540882695",0.335,0.266,"0.540882695",0.013,0.010999999999999954,0.04,0.018,19.3,,,,,,,
856,680869,"Gelof, Zack",2025,856,100,0.256,0.261,0.292,0.517,0.378,0.318,0.205,45,176,89.1,11.5,2238,88.4,88.76,140,400,456,0.3999999999999915,6.3,105,150,118,146,305,328,296,"-11.557","11.557",,,212,125,23,10,0,12,54,25.5,33,15.6,2.45028,0.48829,0.27725,0.10182,"91.7",153,40.65040650406504,8.94308943089431,5.188679245283019,5.63,-0.8,0.1,2.23,0.368,11,"1.350116822",0.328,0.386,"-1.350116822",0.051,0.03999999999999998,0.131,0.06,35,,,,,,,
853,670208,"Fraizer, Matt",2025,855,99.8,0.301,0.148,0.368,0.449,0.349,0.296,0.255,59,196,89.8,5.9,2202,88.2,88.43,93,428,425,0.20000000000000284,6.38,116,146,110,151,281,318,294,"-3.957","3.957",,,218,155,37,18,1,3,44,20.2,19,8.7,2.38107,0.59486,0.35556,-0.31389,"91.7",138,45.16129032258064,3.225806451612903,2.293577981651376,5.79,-0.95,-0.07,2.41,0.358,5,"0.463892145",0.322,0.331,"-0.463892145",0.046,0.035999999999999976,0.118,0.053,21.7,,,,,,,
853,676369,"Velázquez, Nelson",2025,853,100,0.234,0.213,0.256,0.447,0.327,0.342,0.242,44,188,91.8,20.6,2248,87.9,87.98,116,412,441,0.09999999999999432,6.37,106,151,121,146,296,318,288,"1.063","-1.063",,,210,140,27,5,1,11,49,23.3,21,10,2.3812,0.62344,0.21953,0.11448,"92.6",166,51.42857142857142,11.428571428571429,7.6190476190476195,5.76,-0.78,0.16,2.41,0.31,16,"-0.124618992",0.317,0.482,"0.124618992",-0.008,-0.007000000000000006,-0.035,-0.015,28.2,,,,,,,
848,802139,"Wetherholt, JJ",2025,850,99.8,0.306,0.251,0.324,0.557,0.412,0.37,0.264,56,183,91.4,12.3,2206,88.9,89.15,87,358,490,0.19999999999998863,6.41,118,146,113,151,288,320,296,"-14.878","14.878",,,218,152,31,14,1,10,33,15.1,27,12.4,2.26342,0.65283,0.35841,-0.30544,"92.3",168,49.00662251655629,12.582781456953644,8.715596330275229,5.69,-1.25,0,2.41,0.408,19,"1.754481132",0.377,0.456,"-1.754481132",0.042,0.030999999999999972,0.101,0.042,24.3,,,,,,,
847,665861,"Rivero, Sebastián ",2025,851,99.5,0.261,0.168,0.282,0.429,0.317,0.284,0.24,59,226,86.4,16.8,2257,88.3,88.72,115,493,354,0.4000000000000057,6.37,107,150,119,146,303,330,295,"0.002","-0.002",,,244,186,40,9,1,9,42,17.2,13,5.3,2.43032,0.52223,0.23032,0.10719,"90.9",167,32.432432432432435,4.324324324324325,3.278688524590164,5.75,-0.83,0.21,2.43,0.305,8,"-0.000236128",0.288,0.359,"0.000236128",0.021,0.017000000000000015,0.07,0.033,23.3,,,,,,,
844,681146,"Bride, Jonah",2025,844,100,0.281,0.173,0.333,0.453,0.387,0.329,0.229,39,139,88.1,11.6,2232,88.3,88.39,51,279,565,0.10000000000000853,6.31,106,151,121,146,296,319,285,"-8.911","8.911",,,175,107,25,9,0,5,33,18.9,33,18.9,2.37553,0.57781,0.26909,0.10213,"90.7",141,28.037383177570092,3.7383177570093453,2.2857142857142856,5.76,-1.16,0.21,2.36,0.423,4,"1.055805687",0.382,0.33,"-1.055805687",0.052,0.04099999999999998,0.123,0.058,18.3,,,,,,,
841,692562,"Hernandez, Alexis",2025,843,99.8,0.241,0.159,0.303,0.4,0.338,0.303,0.214,41,170,86.3,12.4,2297,87.8,87.51,88,377,464,-0.29999999999999716,6.26,107,148,120,146,287,305,274,"-4.592","4.592",,,201,124,24,12,0,5,46,22.9,26,12.9,2.3595,0.65526,0.33473,0.14601,"91.1",149,36.29032258064516,4.838709677419355,2.9850746268656714,5.68,-1.05,0.13,2.29,0.358,6,"0.546016647",0.335,0.325,"-0.546016647",0.027,0.022999999999999965,0.075,0.035,23.3,,,,,,,
840,671155,"Johnson, Ivan",2025,840,100,0.221,0.157,0.292,0.378,0.32,0.323,0.235,38,172,89.8,6.9,2160,88.1,88.11,138,390,450,0,6.33,111,146,116,150,288,315,286,"1.463","-1.463",,,202,113,25,6,0,7,59,29.2,30,14.9,2.41785,0.56162,0.33215,-0.33215,"91.0",144,35.714285714285715,7.142857142857142,3.9603960396039604,5.91,-0.84,-0.07,2.38,0.337,8,"-0.174166667",0.349,0.366,"0.174166667",-0.014,-0.011999999999999955,0.012,-0.003,35.4,,,,,,,
837,815074,"Berg, Derek",2025,837,100,0.202,0.147,0.301,0.35,0.312,0.296,0.176,33,163,91.6,12.2,2288,88.8,88.39,132,355,482,-0.3999999999999915,6.23,104,145,119,145,295,310,276,"2.578","-2.578",,,198,98,22,3,3,5,66,33.3,29,14.6,2.15859,0.78887,0.33811,0.11082,"91.8",153,45.91836734693878,10.204081632653061,5.05050505050505,5.76,-0.99,0.22,2.38,0.338,10,"-0.308004779",0.317,0.325,"0.308004779",0.026,0.02100000000000002,0.025,0.016,37.2,,,,,,,
837,692489,"Del Rosario, Angel",2025,851,98.4,0.202,0.096,0.272,0.298,0.265,0.238,0.182,36,178,80.6,17.4,2327,88.2,87.97,117,409,428,-0.20000000000000284,6.27,102,146,108,146,288,306,274,"7.74","-7.74",,,200,127,27,3,4,2,51,25.5,17,8.5,2.20483,0.77686,0.33691,0.22305,"89.3",136,16.535433070866144,0.7874015748031495,0.5,5.72,-1.17,0.18,2.35,0.286,1,"-0.924731183",0.268,0.244,"0.924731183",0.02,0.01799999999999996,0.054,0.027,28.6,,,,,,,
834,703195,"Acuna, Bryan",2025,834,100,0.246,0.012,0.365,0.257,0.29,0.272,0.208,42,171,85.9,-0.6,2312,88,87.5,95,364,470,-0.5,6.16,104,147,120,146,295,307,274,"6.316","-6.316",,,202,115,40,2,0,0,57,28.2,28,13.9,2.22597,0.78624,0.35118,0.12045,"90.1",145,31.57894736842105,0.8771929824561403,0.49504950495049505,5.76,-0.85,0.06,2.41,0.356,1,"-0.757314149",0.325,0.247,"0.757314149",0.038,0.030999999999999972,0.01,0.018,26.1,,,,,,,
832,693795,"Mendez, Joel",2025,832,100,0.222,0.114,0.359,0.335,0.285,0.25,0.176,39,176,87.8,12.4,2249,88.3,87.8,155,403,429,-0.5,6.21,103,145,118,146,292,309,277,"6.033","-6.033",,,203,105,26,8,3,2,75,36.9,21,10.3,2.30703,0.67971,0.30069,0.06158,"91.2",155,37.86407766990291,6.796116504854369,3.4482758620689653,5.66,-0.88,0.21,2.38,0.305,7,"-0.725120192",0.271,0.268,"0.725120192",0.046,0.033999999999999975,0.067,0.035,38.5,,,,,,,
830,680862,"MacIver, Willie",2025,830,100,0.362,0.179,0.428,0.541,0.415,0.343,0.292,75,207,88.5,8.4,2251,88,88.26,111,441,389,0.29999999999999716,6.29,106,148,119,146,310,329,296,"-21.244","21.244",,,235,166,54,12,2,7,44,18.7,21,8.9,2.5209,0.44755,0.19164,0.00824,"91.8",152,42.168674698795186,3.614457831325301,2.553191489361702,5.74,-0.56,0.06,2.34,0.426,6,"2.559518072",0.367,0.401,"-2.559518072",0.07,0.059,0.14,0.072,25.2,,,,,,,
830,656185,"Allen, Greg",2025,836,99.3,0.262,0.174,0.326,0.436,0.343,0.325,0.242,51,195,87.2,13.3,2139,88.4,88.37,136,461,369,0,6.26,110,147,107,150,284,313,288,"-1.657","1.657",,,223,144,30,14,1,6,52,23.3,14,6.3,2.34611,0.66348,0.42144,-0.42144,"90.8",157,36.11111111111111,9.722222222222223,6.278026905829597,5.75,-0.97,-0.1,2.39,0.347,14,"0.199638554",0.333,0.392,"-0.199638554",0.02,0.013999999999999957,0.044,0.018,29.5,,,,,,,
829,804668,"Flores, Rafael",2025,829,100,0.266,0.156,0.339,0.422,0.348,0.333,0.228,46,173,87.9,18,2229,87.6,87.63,124,365,464,0,6.33,107,150,121,146,297,321,290,"-4.872","4.872",,,206,122,34,4,1,7,54,26.2,26,12.6,2.53181,0.52441,0.25771,0.09087,"91.8",159,36.36363636363637,9.917355371900827,5.825242718446602,5.85,-1.19,0.13,2.26,0.369,12,"0.587696019",0.341,0.411,"-0.587696019",0.038,0.02799999999999997,0.011,0.015,34,,,,,,,
828,664983,"McCarthy, Jake",2025,836,99,0.302,0.131,0.358,0.432,0.364,0.319,0.267,60,199,86.2,12.5,2166,88.5,88.86,79,398,430,0.4000000000000057,6.4,115,146,104,150,290,320,301,"-8.565","8.565",,,229,166,40,15,4,1,33,14.4,24,10.5,2.43118,0.51181,0.37199,-0.23593,"91.0",147,28.915662650602407,1.2048192771084338,0.8733624454148471,5.75,-0.93,-0.13,2.35,0.393,2,"1.03442029",0.363,0.34,"-1.03442029",0.035,0.030000000000000027,0.092,0.045,19.8,,,,,,,
827,592273,"Drury, Brandon",2025,827,100,0.221,0.11,0.276,0.331,0.303,0.325,0.239,38,172,88,16.9,2270,89,89.26,74,313,514,0.29999999999999716,6.34,107,150,121,146,301,326,292,"3.308","-3.308",,,201,130,26,8,1,3,42,20.9,25,12.4,2.32245,0.58436,0.28794,0.11126,"92.4",149,34.375,6.25,3.9800995024875623,5.68,-1.14,0.15,2.43,0.333,8,"-0.4",0.35,0.375,"0.4",-0.018,-0.01699999999999996,-0.044,-0.022,23.6,,,,,,,
826,701540,"Freethy, J.R.",2025,827,99.9,0.247,0.127,0.315,0.373,0.352,0.331,0.225,37,150,87.5,13.9,2223,88.6,88.16,54,269,557,-0.3999999999999915,6.26,113,146,116,147,279,305,284,"-5.443","5.443",,,192,111,26,6,2,3,41,21.4,35,18.2,2.14492,0.81962,0.48683,-0.48683,"90.8",151,34.234234234234236,4.504504504504505,2.604166666666667,5.65,-1.08,-0.03,2.34,0.401,5,"0.658958838",0.386,0.321,"-0.658958838",0.022,0.015000000000000013,0.052,0.021,20.1,,,,,,,
820,669288,"Johnson, Daniel",2025,820,100,0.267,0.223,0.289,0.49,0.344,0.343,0.263,55,206,90.9,12.8,2187,88.4,88.44,115,410,410,0,6.31,113,144,113,150,294,327,301,"-3.551","3.551",,,220,168,30,13,3,9,38,17.3,12,5.5,2.37859,0.58333,0.34878,-0.27508,"93.1",166,49.404761904761905,10.714285714285714,8.181818181818182,5.77,-0.91,-0.14,2.35,0.314,18,"0.43304878",0.31,0.492,"-0.43304878",0.004,0.0040000000000000036,-0.002,0.001,28,,,,,,,
818,674441,"Hurtubise, Jacob",2025,827,98.9,0.158,0.041,0.205,0.199,0.279,0.3,0.184,23,146,79.9,15.9,2197,89.5,89.57,60,314,504,0.09999999999999432,6.33,113,144,105,148,281,312,288,"4.578","-4.578",,,198,112,18,4,1,0,38,19.2,33,16.7,2.21022,0.69734,0.40918,-0.28967,"89.6",129,18.181818181818183,0,0,5.81,-0.92,-0.09,2.44,0.352,0,"-0.559657702",0.376,0.221,"0.559657702",-0.026,-0.02400000000000002,-0.022,-0.021,19.1,,,,,,,
815,645801,"Ford, Mike",2025,816,99.9,0.241,0.198,0.29,0.438,0.347,0.325,0.231,39,162,91,12.5,2219,87.6,87.56,108,359,456,0,6.31,115,145,124,150,283,314,283,"-2.666","2.666",,,190,115,23,8,0,8,47,24.7,27,14.2,2.44834,0.59512,0.15346,-0.20524,"93.0",160,42.608695652173914,7.82608695652174,4.736842105263158,5.93,-0.57,-0.15,2.32,0.353,9,"0.327116564",0.345,0.381,"-0.327116564",0.01,0.008000000000000007,0.057,0.022,30.1,,,,,,,
814,807239,"Moon, Bernard",2025,816,99.8,0.188,0.084,0.233,0.272,0.249,0.252,0.196,36,191,83.6,8.4,2274,88.3,87.87,99,393,421,-0.3999999999999915,6.23,106,146,114,146,287,305,277,"10.042","-10.042",,,219,148,24,10,0,2,47,21.5,20,9.1,2.28091,0.70215,0.36114,0.25624,"90.1",125,22.2972972972973,2.7027027027027026,1.82648401826484,5.66,-1.1,0.25,2.26,0.274,4,"-1.233660934",0.285,0.258,"1.233660934",-0.008,-0.010999999999999954,0.014,-0.003,25.2,,,,,,,
812,592325,"Gamel, Ben",2025,813,99.9,0.276,0.239,0.356,0.515,0.398,0.341,0.237,45,163,89.3,12.3,2194,88.2,88.32,103,338,474,0.09999999999999432,6.3,113,145,111,149,290,323,298,"-13.219","13.219",,,198,112,23,13,1,8,51,25.8,32,16.2,2.44861,0.5139,0.31284,-0.26911,"92.0",165,44.14414414414414,8.108108108108109,4.545454545454546,5.72,-0.82,-0.13,2.34,0.404,9,"1.627955665",0.373,0.385,"-1.627955665",0.039,0.031000000000000028,0.13,0.057,30.5,,,,,,,
811,699293,"Cuevas, Yohairo",2025,811,100,0.281,0.072,0.365,0.353,0.372,0.369,0.246,43,153,85.9,12.4,2248,88.3,87.86,97,311,500,-0.3999999999999915,6.23,113,146,116,147,281,306,287,"-8.687","8.687",,,201,116,34,8,0,1,38,18.9,41,20.4,2.29038,0.69423,0.42483,-0.44565,"91.5",149,36.52173913043478,8.695652173913043,4.975124378109453,5.72,-1.01,-0.16,2.37,0.448,10,"1.071146732",0.422,0.383,"-1.071146732",0.035,0.026000000000000023,-0.03,0.003,31.2,,,,,,,
810,681508,"Gasper, Mickey",2025,810,100,0.285,0.246,0.313,0.531,0.392,0.367,0.266,51,179,89.9,12.3,2211,87.9,87.97,59,320,490,0.09999999999999432,6.35,114,147,118,149,281,315,286,"-10.073","10.073",,,207,141,27,14,0,10,38,18.4,24,11.6,2.44294,0.5677,0.20596,-0.20596,"92.2",166,40.714285714285715,11.428571428571429,7.729468599033816,5.84,-0.87,-0.04,2.26,0.382,16,"1.243580247",0.366,0.477,"-1.243580247",0.019,0.016000000000000014,0.054,0.025,18.4,,,,,,,
806,690914,"Moore, Brody",2025,808,99.8,0.24,0.077,0.304,0.316,0.279,0.257,0.213,47,196,84.1,7.7,2274,88.5,88.63,96,406,400,0.09999999999999432,6.32,106,150,116,147,293,315,283,"5.341","-5.341",,,219,150,37,7,1,2,49,22.4,17,7.8,2.37027,0.6033,0.19551,0.06819,"89.8",158,20,1.3333333333333335,0.91324200913242,5.73,-1.09,0.21,2.37,0.306,2,"-0.662655087",0.284,0.278,"0.662655087",0.027,0.02200000000000002,0.038,0.022,23.6,,,,,,,
805,669471,"Mann, Devin",2025,805,100,0.252,0.104,0.31,0.356,0.335,0.297,0.207,41,163,85.7,22.5,2213,88.1,88.12,75,311,494,0,6.32,104,150,119,146,301,324,295,"-2.981","2.981",,,198,128,28,11,0,2,36,18.2,27,13.6,2.45421,0.52838,0.32999,0.08579,"90.4",156,20.47244094488189,1.574803149606299,1.0101010101010102,5.73,-0.75,0.1,2.33,0.379,2,"0.370310559",0.345,0.282,"-0.370310559",0.045,0.03400000000000003,0.074,0.038,24.1,,,,,,,
803,657193,"Alvarez, Eddy",2025,806,99.6,0.178,0.127,0.213,0.306,0.294,0.307,0.208,28,157,86,11.8,2214,88.1,88.18,79,326,477,0.10000000000000853,6.35,112,146,108,151,287,315,297,"4.054","-4.054",,,193,113,18,5,0,5,45,23.3,28,14.5,2.36549,0.61539,0.4403,-0.30362,"90.9",151,31.858407079646017,3.5398230088495577,2.072538860103627,5.73,-1.02,-0.19,2.39,0.326,4,"-0.504856787",0.35,0.312,"0.504856787",-0.03,-0.023999999999999966,-0.006,-0.013,24.2,,,,,,,
802,663330,"Jones, Jahmai",2025,804,99.8,0.278,0.207,0.347,0.485,0.383,0.358,0.246,47,169,91.1,17,2268,88,87.96,105,361,441,0,6.36,105,151,115,146,291,317,280,"-11.038","11.038",,,203,124,28,9,4,6,46,22.7,24,11.8,2.43151,0.57316,0.20895,0.09995,"92.7",155,45.83333333333333,11.666666666666666,6.896551724137931,5.73,-1.29,0.12,2.28,0.394,14,"1.376309227",0.37,0.443,"-1.376309227",0.032,0.02400000000000002,0.042,0.025,29.1,,,,,,,
800,703185,"Rada, Nelson",2025,810,98.8,0.31,0.095,0.39,0.405,0.371,0.319,0.246,49,158,83.4,4.1,2222,88.2,88.43,71,348,452,0.20000000000000284,6.26,112,146,101,150,286,323,306,"-10.67","10.67",,,191,124,39,6,3,1,35,18.3,30,15.7,2.40461,0.55131,0.32306,-0.1942,"89.7",143,19.672131147540984,2.459016393442623,1.5706806282722512,5.68,-0.87,-0.09,2.35,0.424,3,"1.33375",0.373,0.313,"-1.33375",0.064,0.05099999999999999,0.092,0.052,20.4,,,,,,,
793,800208,"Plaz, Axiel",2025,794,99.9,0.258,0.2,0.29,0.458,0.345,0.343,0.245,49,190,92.3,9,2285,88.2,87.67,126,422,371,-0.5,6.16,106,145,120,146,295,313,278,"-4.723","4.723",,,218,147,29,11,0,9,46,21.1,19,8.7,2.28144,0.70527,0.31747,0.12812,"93.2",131,53.06122448979592,12.925170068027212,8.715596330275229,5.65,-0.97,0.21,2.37,0.339,19,"0.595586381",0.331,0.451,"-0.595586381",0.013,0.008000000000000007,0.007,0.002,29.9,,,,,,,
793,811780,"Dragoo, Joel",2025,793,100,0.178,0.049,0.266,0.227,0.249,0.267,0.199,29,163,84,15.9,2257,88.2,87.78,85,298,495,-0.4000000000000057,6.21,106,146,120,147,291,309,276,"11.854","-11.854",,,193,109,21,8,0,0,56,29,27,14,2.20764,0.7847,0.35608,0.08094,"89.9",155,22.93577981651376,2.7522935779816518,1.5544041450777202,5.81,-0.95,0.18,2.44,0.295,3,"-1.49482976",0.314,0.254,"1.49482976",-0.021,-0.019000000000000017,-0.027,-0.018,28.5,,,,,,,
792,682265,"Clarke, Wes",2025,792,100,0.216,0.142,0.292,0.358,0.321,0.319,0.198,32,148,90.2,21,2213,88.3,88.45,111,324,468,0.10000000000000853,6.35,107,150,120,145,304,325,294,"-1.68","1.68",,,182,95,23,3,0,6,55,30.2,32,17.6,2.3317,0.63005,0.26334,0.05416,"91.8",187,43.15789473684211,5.263157894736842,2.7472527472527473,5.83,-0.75,0.24,2.29,0.352,5,"0.212121212",0.341,0.357,"-0.212121212",0.018,0.010999999999999954,0.001,0.002,34.3,,,,,,,
792,699302,"Rodríguez, Héctor",2025,795,99.6,0.255,0.146,0.28,0.401,0.303,0.309,0.262,54,212,87.6,10.7,2184,87,87.38,105,474,318,0.4000000000000057,6.33,112,145,108,150,293,321,294,"6.673","-6.673",,,226,175,38,8,1,7,38,16.8,11,4.9,2.54337,0.50737,0.25769,-0.19419,"92.2",150,39.30635838150289,4.624277456647398,3.5398230088495577,5.83,-0.66,-0.17,2.41,0.296,8,"-0.842550505",0.305,0.404,"0.842550505",-0.007,-0.009000000000000008,-0.003,-0.006,22.2,,,,,,,
789,647378,"Yerzy, Andy",2025,789,100,0.203,0.126,0.284,0.33,0.278,0.265,0.197,37,182,85.9,7.6,2226,88.6,88.63,139,374,415,0,6.3,114,145,119,150,285,318,294,"7.845","-7.845",,,204,115,26,5,0,6,67,32.8,20,9.8,2.35644,0.59449,0.33485,-0.27896,"91.8",149,38.05309734513274,5.3097345132743365,2.941176470588235,5.71,-1.2,-0.09,2.47,0.289,6,"-0.994296578",0.285,0.295,"0.994296578",0.006,0.0040000000000000036,0.035,0.013,37.2,,,,,,,
785,804606,"Griffin, Konnor",2025,786,99.9,0.351,0.211,0.415,0.562,0.415,0.334,0.275,68,194,91.2,6.9,2269,88.2,87.72,95,380,405,-0.5,6.19,104,144,118,146,292,313,277,"-17.858","17.858",,,216,151,47,10,2,9,45,20.8,14,6.5,2.33051,0.65675,0.29336,0.10832,"93.6",126,49.00662251655629,7.28476821192053,5.092592592592593,5.67,-1.08,0.12,2.31,0.407,11,"2.274904459",0.341,0.422,"-2.274904459",0.076,0.06599999999999995,0.14,0.081,25,,,,,,,
785,687284,"Gavello, Thomas",2025,787,99.7,0.257,0.228,0.347,0.485,0.355,0.274,0.186,43,167,87.8,13.8,2190,88.3,88.16,109,335,450,-0.09999999999999432,6.23,113,144,109,148,293,324,301,"-4.826","4.826",,,195,107,24,9,1,9,64,32.8,18,9.2,2.43245,0.56166,0.38334,-0.30247,"91.5",151,39.25233644859813,6.5420560747663545,3.5897435897435894,5.79,-1.27,-0.08,2.36,0.344,7,"0.61477707",0.287,0.315,"-0.61477707",0.071,0.056999999999999995,0.17,0.081,32.5,,,,,,,
784,669369,"Johnson, Bryce",2025,791,99.1,0.267,0.139,0.363,0.406,0.347,0.306,0.228,44,165,88,11.8,2198,89.2,89.3,95,353,431,0.09999999999999432,6.26,112,147,106,148,293,320,297,"-0.942","0.942",,,193,116,28,12,1,3,49,25.4,25,13,2.35159,0.55037,0.45424,-0.45424,"90.9",150,37.93103448275862,4.310344827586207,2.5906735751295336,5.73,-0.66,-0.03,2.38,0.373,5,"0.120153061",0.34,0.331,"-0.120153061",0.039,0.032999999999999974,0.075,0.041,26.9,,,,,,,
781,695600,"Jensen, Carter",2025,782,99.9,0.288,0.359,0.345,0.647,0.439,0.385,0.252,44,153,94,16.6,2148,88.3,88.38,93,300,481,0.10000000000000853,6.3,116,146,117,151,289,318,292,"-14.546","14.546",,,182,101,18,11,1,14,52,28.6,29,15.9,2.34729,0.6034,0.43886,-0.34414,"93.6",178,59.4059405940594,14.85148514851485,8.241758241758241,5.74,-1.14,-0.15,2.39,0.401,15,"1.862483995",0.371,0.525,"-1.862483995",0.036,0.030000000000000027,0.122,0.054,31,,,,,,,
781,686793,"Arruda, J.T.",2025,785,99.5,0.249,0.121,0.304,0.37,0.314,0.305,0.232,43,173,88.5,12.8,2199,87.6,87.58,97,349,432,0,6.28,112,147,111,149,288,318,294,"-0.203","0.203",,,195,130,33,4,1,5,43,22.1,21,10.8,2.50702,0.54055,0.27831,-0.27831,"91.5",147,36.15384615384615,5.384615384615385,3.5897435897435894,5.8,-0.8,-0.01,2.33,0.333,7,"0.025992318",0.318,0.366,"-0.025992318",0.017,0.015000000000000013,0.004,0.009,27.8,,,,,,,
778,700652,"Piper, Kenny",2025,778,100,0.191,0.185,0.229,0.376,0.297,0.294,0.185,30,157,88.7,25,2276,88.5,88.55,132,378,400,0.09999999999999432,6.37,105,151,119,145,292,317,286,"1.161","-1.161",,,185,104,17,5,0,8,56,30.3,20,10.8,2.33202,0.62055,0.2206,0.07665,"91.2",171,39.42307692307692,10.576923076923077,5.9459459459459465,5.74,-1.22,0.25,2.42,0.297,11,"-0.149228792",0.297,0.348,"0.149228792",0.006,0,0.028,0.003,34.9,,,,,,,
777,695336,"Saggese, Thomas",2025,777,100,0.317,0.128,0.409,0.445,0.373,0.331,0.26,52,164,88.6,14.8,2245,89.2,89.28,109,386,391,0.09999999999999432,6.3,106,149,117,146,295,319,287,"-8.428","8.428",,,189,120,41,6,0,5,45,23.8,23,12.2,2.18622,0.72293,0.3371,0.1052,"91.2",166,41.17647058823529,5.88235294117647,3.7037037037037033,5.74,-1.02,0.26,2.42,0.402,7,"1.084684685",0.353,0.389,"-1.084684685",0.057,0.049000000000000044,0.056,0.042,28.2,,,,,,,
775,691723,"Mayo, Coby",2025,775,100,0.228,0.228,0.273,0.455,0.333,0.339,0.236,38,167,90.2,18.8,2227,88.2,88.22,100,329,446,0,6.33,105,150,122,145,294,318,283,"-2.579","2.579",,,194,118,18,10,2,8,52,26.8,23,11.9,2.46185,0.52232,0.16057,0.04766,"93.1",163,44.91525423728814,11.864406779661017,7.216494845360824,5.89,-1.17,0.16,2.21,0.32,14,"0.332774194",0.33,0.444,"-0.332774194",-0.008,-0.010000000000000009,0.011,-0.006,30.4,,,,,,,
775,645305,"Sánchez, Ali",2025,775,100,0.274,0.137,0.338,0.411,0.327,0.325,0.253,52,190,88.9,12.1,2294,88.9,88.82,87,351,424,-0.10000000000000853,6.28,106,150,121,146,297,314,284,"-0.916","0.916",,,211,142,38,8,0,6,50,23.7,18,8.5,2.31191,0.61248,0.21397,0.11994,"91.8",168,40.140845070422536,7.746478873239436,5.213270142180095,5.76,-1.11,0.09,2.41,0.336,11,"0.118193548",0.319,0.428,"-0.118193548",0.021,0.017000000000000015,-0.017,0.002,24.8,,,,,,,
774,605204,"Davis, J.D.",2025,774,100,0.284,0.213,0.358,0.497,0.369,0.351,0.278,52,183,90.7,4.7,2219,88.8,89.09,151,422,352,0.29999999999999716,6.32,105,150,121,146,306,332,296,"-11.976","11.976",,,208,129,32,10,1,9,56,26.9,20,9.6,2.4134,0.50441,0.36789,0.12968,"92.9",151,49.21875,9.375,5.769230769230769,5.75,-1.05,-0.01,2.36,0.361,12,"1.547286822",0.356,0.451,"-1.547286822",0.006,0.0050000000000000044,0.046,0.018,35.8,,,,,,,
773,542194,"Bethancourt, Christian",2025,778,99.4,0.169,0.159,0.194,0.328,0.236,0.277,0.211,33,195,88.6,15.9,2253,87.5,87.57,155,453,320,0.09999999999999432,6.36,106,150,120,146,298,315,283,"17.849","-17.849",,,209,141,16,10,0,7,56,26.8,11,5.3,2.53981,0.48186,0.10187,-0.00852,"91.8",155,36.87943262411347,7.801418439716312,5.263157894736842,5.78,-0.97,0.21,2.31,0.215,11,"-2.309055627",0.261,0.376,"2.309055627",-0.042,-0.04600000000000001,-0.048,-0.041,34.2,,,,,,,
772,656403,"Ellis, Drew",2025,772,100,0.222,0.215,0.248,0.437,0.337,0.316,0.215,35,158,87.4,23.3,2275,88.3,88.48,96,327,445,0.20000000000000284,6.36,107,150,121,146,303,327,297,"1.149","-1.149",,,186,111,21,4,0,10,48,25.8,23,12.4,2.36785,0.59889,0.23339,-0.01021,"91.0",165,35.13513513513514,10.81081081081081,6.451612903225806,5.72,-0.62,0.12,2.42,0.333,12,"-0.148834197",0.328,0.381,"0.148834197",0.007,0.0050000000000000044,0.056,0.021,29.4,,,,,,,
772,622569,"Reyes, Pablo",2025,776,99.5,0.28,0.197,0.306,0.478,0.371,0.336,0.258,44,157,88.4,18.6,2242,88,88.16,56,332,440,0.20000000000000284,6.34,106,150,118,146,293,319,285,"-5.847","5.847",,,185,130,26,11,1,6,29,15.7,22,11.9,2.42475,0.56043,0.30501,0.08099,"91.3",161,39.23076923076923,6.153846153846154,4.324324324324325,5.79,-1.06,0.17,2.38,0.378,8,"0.75738342",0.361,0.393,"-0.75738342",0.022,0.017000000000000015,0.085,0.035,16.9,,,,,,,
771,806230,"Stafura, Sammy",2025,772,99.9,0.268,0.168,0.354,0.436,0.345,0.305,0.217,48,179,87.8,21.4,2306,88.2,87.78,105,369,402,-0.4000000000000057,6.25,105,145,115,145,291,307,277,"-4.478","4.478",,,210,130,30,9,6,3,52,24.8,22,10.5,2.30453,0.68777,0.29177,0.22085,"90.8",168,32.82442748091603,9.16030534351145,5.714285714285714,5.71,-1.17,0.18,2.35,0.359,12,"0.58080415",0.316,0.371,"-0.58080415",0.051,0.04299999999999998,0.065,0.04,28.5,,,,,,,
770,679845,"Loftin, Nick",2025,770,100,0.303,0.158,0.331,0.461,0.4,0.378,0.271,46,152,88.5,14.1,2240,88.1,88.02,44,263,507,-0.09999999999999432,6.25,105,151,118,145,292,314,286,"-14.856","14.856",,,197,131,30,12,0,4,24,12.2,39,19.8,2.32558,0.67064,0.31247,0.0556,"91.9",152,40.458015267175576,5.343511450381679,3.5532994923857872,5.81,-0.62,0.19,2.28,0.447,7,"1.929350649",0.424,0.42,"-1.929350649",0.032,0.02300000000000002,0.041,0.022,16.7,,,,,,,
770,644433,"Tromp, Chadwick",2025,770,100,0.191,0.074,0.244,0.266,0.236,0.249,0.201,36,188,84.8,8.3,2286,88,87.96,123,375,395,0,6.32,106,150,120,147,293,317,283,"13.151","-13.151",,,207,138,28,5,0,3,52,25.1,17,8.2,2.4846,0.50789,0.1881,-0.00659,"91.3",138,31.88405797101449,2.898550724637681,1.932367149758454,5.76,-1.02,0.2,2.29,0.256,4,"-1.707922078",0.266,0.287,"1.707922078",-0.01,-0.010000000000000009,-0.021,-0.013,32.8,,,,,,,
769,664058,"Fletcher, David",2025,771,99.7,0.176,0.088,0.191,0.265,0.209,0.237,0.229,36,204,81.4,12.4,2265,88.8,88.82,58,380,389,0,6.28,106,150,113,148,299,310,280,"21.051","-21.051",,,215,176,24,9,0,3,30,14,7,3.3,2.31809,0.60758,0.34478,0.07535,"89.6",138,14.772727272727273,0.5681818181818182,0.46511627906976744,5.75,-0.89,0.1,2.37,0.209,1,"-2.737451235",0.261,0.272,"2.737451235",-0.053,-0.05200000000000002,-0.007,-0.028,15.3,,,,,,,
768,681526,"Lavastida, Bryan",2025,770,99.7,0.305,0.168,0.354,0.473,0.375,0.305,0.236,51,167,87.6,9.9,2281,88.8,88.91,88,354,414,0.10000000000000853,6.25,107,150,118,146,305,324,291,"-11.213","11.213",,,196,135,36,7,3,5,34,17.3,23,11.7,2.38757,0.54012,0.30683,0.02072,"90.9",156,32.33082706766917,4.511278195488721,3.061224489795918,5.75,-0.51,0.07,2.31,0.392,6,"1.460026042",0.334,0.342,"-1.460026042",0.069,0.057999999999999996,0.131,0.07,24.9,,,,,,,
768,656577,"Jackson, Alex",2025,768,100,0.228,0.241,0.265,0.469,0.335,0.336,0.239,37,162,89.1,17.2,2251,88,88.02,158,394,374,0,6.37,105,150,119,146,296,323,288,"-1.325","1.325",,,183,112,19,7,1,10,51,27.9,19,10.4,2.44421,0.54562,0.17983,-0.01282,"92.3",164,39.285714285714285,10.714285714285714,6.557377049180328,5.69,-1.07,0.26,2.33,0.311,12,"0.172526042",0.321,0.454,"-0.172526042",-0.011,-0.010000000000000009,0.015,-0.001,40.1,,,,,,,
767,640902,"Pereda, Jhonny",2025,767,100,0.308,0.157,0.388,0.465,0.39,0.347,0.261,49,159,89.7,7.9,2246,88.7,88.79,83,307,460,0.09999999999999432,6.32,106,151,121,147,301,320,286,"-9.127","9.127",,,192,120,33,11,1,4,40,20.8,31,16.1,2.40617,0.54165,0.32747,0.14154,"91.4",173,39.473684210526315,6.140350877192982,3.6458333333333335,5.68,-1.14,0.21,2.33,0.422,7,"1.189960887",0.388,0.377,"-1.189960887",0.047,0.033999999999999975,0.088,0.043,27,,,,,,,
767,664057,"Stevenson, Andrew",2025,771,99.5,0.284,0.176,0.354,0.46,0.355,0.306,0.239,50,176,86.7,8,2200,88.3,88.28,110,372,395,0,6.29,112,146,107,150,281,316,294,"-5.752","5.752",,,198,132,30,14,1,5,45,22.7,20,10.1,2.43713,0.52495,0.33585,-0.25838,"91.4",154,35.60606060606061,6.8181818181818175,4.545454545454546,5.67,-1.21,-0.16,2.36,0.359,9,"0.749934811",0.319,0.372,"-0.749934811",0.045,0.03999999999999998,0.088,0.049,29.6,,,,,,,
766,677565,"Robinson, Kristian",2025,766,100,0.262,0.207,0.33,0.469,0.376,0.316,0.212,38,145,88.5,6.8,2234,88.3,88.56,95,326,440,0.29999999999999716,6.22,105,151,119,146,302,329,296,"-6.622","6.622",,,178,103,22,8,2,6,43,24.2,31,17.4,2.56809,0.46233,0.29893,0.03911,"91.2",154,37.86407766990291,6.796116504854369,3.932584269662921,5.72,-0.93,0.19,2.32,0.393,7,"0.864490862",0.353,0.337,"-0.864490862",0.05,0.040000000000000036,0.132,0.06,29.1,,,,,,,
766,683748,"Mesa Jr., Victor",2025,767,99.9,0.282,0.176,0.307,0.457,0.35,0.309,0.25,53,188,88.1,17.1,2212,88.1,88.08,110,426,340,0,6.29,114,146,110,149,287,317,287,"-2.837","2.837",,,209,157,35,10,1,7,32,15.3,19,9.1,2.38915,0.59016,0.38303,-0.34729,"91.2",160,33.75796178343949,3.821656050955414,2.8708133971291865,5.63,-1.13,-0.08,2.36,0.349,6,"0.370365535",0.322,0.373,"-0.370365535",0.032,0.02699999999999997,0.084,0.041,25.8,,,,,,,
764,689651,"Sikes, Phillip",2025,764,100,0.2,0.135,0.289,0.335,0.28,0.296,0.203,34,170,86.3,17.6,2228,87.9,87.81,131,361,403,-0.10000000000000853,6.32,106,150,117,146,295,321,289,"8.707","-8.707",,,194,103,23,5,0,6,69,35.6,15,7.7,2.44702,0.58576,0.23482,0.06693,"91.4",143,33.00970873786408,10.679611650485436,5.670103092783505,5.77,-0.78,0.08,2.36,0.289,11,"-1.139659686",0.294,0.373,"1.139659686",-0.003,-0.0050000000000000044,-0.038,-0.016,36.3,,,,,,,
761,669450,"Hummel, Cooper",2025,761,100,0.297,0.338,0.33,0.635,0.448,0.373,0.241,44,148,88.4,17.5,2176,87.5,87.64,87,334,427,0.09999999999999432,6.35,111,147,116,149,287,320,294,"-22.083","22.083",,,188,107,24,3,4,13,43,22.9,34,18.1,2.50276,0.51777,0.24631,-0.24631,"92.2",165,42.05607476635514,14.018691588785046,7.9787234042553195,5.8,-1,-0.02,2.4,0.436,15,"2.901839685",0.393,0.454,"-2.901839685",0.056,0.04299999999999998,0.181,0.075,26,,,,,,,
756,668752,"Ellis, Duke",2025,763,99.1,0.321,0.149,0.432,0.47,0.364,0.295,0.236,54,168,88.8,8.1,2212,88.6,88.5,90,361,395,-0.09999999999999432,6.27,110,145,99,149,279,317,294,"-6.147","6.147",,,184,121,36,14,1,3,48,26.1,14,7.6,2.32116,0.63624,0.36144,-0.34987,"91.3",171,41.52542372881356,5.932203389830509,3.804347826086957,5.68,-1.28,-0.03,2.48,0.372,7,"0.813095238",0.297,0.371,"-0.813095238",0.085,0.07500000000000001,0.099,0.069,24.9,,,,,,,
754,641511,"Delay, Jason",2025,754,100,0.215,0.041,0.266,0.256,0.247,0.255,0.213,42,195,82.7,11.4,2241,88.3,88.3,86,390,364,0,6.27,108,151,120,147,301,314,286,"15.076","-15.076",,,214,158,34,8,0,0,37,17.3,14,6.5,2.36841,0.59263,0.24985,0.06977,"90.0",146,23.89937106918239,0.628930817610063,0.46728971962616817,5.77,-1.07,0.16,2.45,0.282,1,"-1.999469496",0.28,0.282,"1.999469496",0.002,0.0019999999999999463,-0.026,-0.008,22.1,,,,,,,
748,806120,"Henley, Kyle",2025,763,98,0.247,0.041,0.389,0.288,0.286,0.229,0.169,42,170,85.6,-6.7,2284,88.8,88.32,123,375,373,-0.5,6.25,106,146,108,145,290,304,275,"3.99","-3.99",,,197,108,35,7,0,0,65,33,19,9.6,2.23521,0.71407,0.37625,0.25035,"90.5",115,33.33333333333333,0.9259259259259258,0.5076142131979695,5.62,-1.1,0.1,2.43,0.335,1,"-0.53342246",0.271,0.206,"0.53342246",0.078,0.064,0.082,0.057,32.8,,,,,,,
746,822487,"MacDonald, Zach",2025,750,99.5,0.16,0.1,0.25,0.26,0.268,0.289,0.173,24,150,89,14.2,2301,87.9,87.44,149,335,411,-0.5,6.19,104,148,116,146,287,305,278,"7.809","-7.809",,,184,84,17,3,0,4,68,37,24,13,2.29961,0.71082,0.31354,0.12525,"91.4",148,38.095238095238095,9.523809523809524,4.3478260869565215,5.83,-0.95,0.14,2.34,0.304,8,"-1.046782842",0.32,0.287,"1.046782842",-0.013,-0.016000000000000014,-0.027,-0.021,44.5,,,,,,,
743,624414,"Arroyo, Christian",2025,743,100,0.301,0.156,0.359,0.457,0.359,0.355,0.28,56,186,87.5,15.1,2234,88.2,88.05,97,418,325,-0.10000000000000853,6.27,105,150,121,146,294,317,286,"-8.914","8.914",,,207,147,37,14,0,5,40,19.3,16,7.7,2.33603,0.64074,0.31232,0.16895,"91.7",158,38.46153846153847,8.391608391608392,5.797101449275362,5.86,-0.94,0.13,2.34,0.367,12,"1.199730821",0.351,0.456,"-1.199730821",0.021,0.016000000000000014,0.001,0.004,23.2,,,,,,,
742,686527,"Canzone, Dominic",2025,742,100,0.296,0.268,0.323,0.564,0.391,0.381,0.278,53,179,89.2,12.6,2212,88.5,88.69,91,382,360,0.20000000000000284,6.28,112,145,121,150,295,328,302,"-7.985","7.985",,,195,137,31,9,0,13,42,21.5,16,8.2,2.43193,0.51001,0.35267,-0.24167,"92.2",158,40.87591240875913,13.86861313868613,9.743589743589745,5.77,-0.67,-0.24,2.27,0.354,19,"1.076145553",0.337,0.558,"-1.076145553",0.018,0.01699999999999996,0.006,0.01,23.8,,,,,,,
740,686452,"Millas, Drew",2025,741,99.9,0.243,0.127,0.259,0.37,0.291,0.316,0.278,46,189,86.3,14.6,2173,87.6,87.59,58,361,379,0,6.33,112,146,113,150,286,318,294,"4.447","-4.447",,,206,166,33,6,3,4,25,12.1,15,7.3,2.41099,0.60952,0.30532,-0.30532,"91.1",149,28.915662650602407,2.4096385542168677,1.9417475728155338,5.8,-1.04,-0.15,2.42,0.296,4,"-0.600945946",0.332,0.382,"0.600945946",-0.035,-0.03600000000000003,-0.012,-0.025,16.1,,,,,,,
740,678577,"Perez, Junior",2025,741,99.9,0.293,0.347,0.356,0.64,0.435,0.342,0.213,44,150,88.9,14,2269,88.2,88.43,87,289,451,0.20000000000000284,6.24,106,151,116,146,307,332,298,"-18.131","18.131",,,179,102,17,14,1,12,49,27.4,28,15.6,2.51868,0.44182,0.26412,0.10385,"92.0",160,40.19607843137255,16.666666666666664,9.497206703910614,5.68,-1.2,0.11,2.33,0.402,17,"2.450135135",0.336,0.447,"-2.450135135",0.08,0.066,0.193,0.093,30.1,,,,,,,
740,702540,"Romero, Mikey",2025,740,100,0.232,0.237,0.283,0.469,0.315,0.318,0.243,41,177,91.2,19.6,2235,88,87.92,116,369,371,-0.09999999999999432,6.28,115,146,114,151,287,319,292,"5.149","-5.149",,,192,122,17,15,0,9,58,30.2,11,5.7,2.41168,0.57599,0.32351,-0.32752,"92.9",175,47.107438016528924,14.049586776859504,8.854166666666668,5.71,-1.36,-0.14,2.29,0.276,17,"-0.695810811",0.291,0.448,"0.695810811",-0.011,-0.014999999999999958,0.021,-0.003,31.4,,,,,,,
737,805015,"Pena, Daniel",2025,737,100,0.205,0.068,0.224,0.273,0.27,0.278,0.214,36,176,84,9.9,2297,88.3,88,60,331,406,-0.29999999999999716,6.25,104,146,119,145,292,306,276,"8.775","-8.775",,,207,154,28,6,0,2,25,12.1,23,11.1,2.22084,0.75678,0.38847,0.25673,"90.1",140,18.421052631578945,0.6578947368421052,0.4830917874396135,5.68,-0.98,0.24,2.36,0.309,1,"-1.19063772",0.32,0.275,"1.19063772",-0.009,-0.01100000000000001,-0.002,-0.008,18.1,,,,,,,
736,677587,"Rocchio, Brayan",2025,737,99.9,0.252,0.233,0.26,0.484,0.36,0.351,0.251,40,159,88.8,16.9,2143,88.2,88.22,68,317,419,0,6.36,112,146,109,149,282,315,285,"-8.969","8.969",,,187,134,19,12,2,7,27,14.4,23,12.3,2.40307,0.57042,0.35653,-0.35653,"91.2",154,38.059701492537314,8.955223880597014,6.417112299465241,5.79,-1.14,-0.09,2.3,0.353,12,"1.21861413",0.356,0.437,"-1.21861413",0.001,-0.0030000000000000027,0.047,0.009,21.5,,,,,,,
736,694786,"Farrow, Ian",2025,736,100,0.224,0.18,0.309,0.404,0.306,0.285,0.204,36,161,87.1,19.9,2317,87.6,87.1,118,338,398,-0.5,6.16,103,147,117,145,292,306,279,"0.372","-0.372",,,183,103,20,9,1,6,61,33.3,18,9.8,2.34912,0.67891,0.30095,0.03325,"91.1",164,39.80582524271845,6.796116504854369,3.825136612021858,5.69,-0.83,0.14,2.33,0.301,7,"-0.050543478",0.285,0.36,"0.050543478",0.02,0.016000000000000014,0.044,0.021,34.9,,,,,,,
719,676113,"DeLoach, Zach",2025,720,99.9,0.237,0.179,0.311,0.417,0.325,0.326,0.237,37,156,90.1,14.8,2205,87.6,87.52,115,350,369,-0.09999999999999432,6.27,117,146,122,151,285,317,295,"-1.586","1.586",,,180,108,20,11,1,5,50,27.8,22,12.2,2.49967,0.55597,0.30739,-0.30912,"92.5",171,40.18691588785047,10.2803738317757,6.111111111111111,5.71,-1.16,-0.17,2.4,0.328,11,"0.220584145",0.332,0.405,"-0.220584145",0,-0.0040000000000000036,0.012,-0.001,32.9,,,,,,,
719,663967,"Salazar, César",2025,721,99.7,0.213,0.14,0.237,0.353,0.323,0.329,0.224,32,150,85,16.5,2215,89,88.96,72,327,392,0,6.26,114,146,115,151,283,316,289,"-1.518","1.518",,,184,119,21,6,0,5,32,17.4,24,13,2.30245,0.61482,0.40625,-0.24239,"90.5",148,30.701754385964914,7.017543859649122,4.3478260869565215,5.72,-0.85,-0.12,2.38,0.353,8,"0.211126565",0.366,0.35,"-0.211126565",-0.011,-0.013000000000000012,0.003,-0.006,22,,,,,,,
717,691785,"Mayer, Marcelo",2025,717,100,0.271,0.2,0.296,0.471,0.351,0.346,0.258,46,170,89.8,12.3,2177,87.4,87.23,78,316,401,-0.20000000000000284,6.3,113,145,119,150,291,322,295,"-0.773","0.773",,,192,134,31,5,1,9,38,19.8,19,9.9,2.46872,0.61362,0.27041,-0.29353,"93.2",158,48.484848484848484,9.848484848484848,6.770833333333333,5.8,-0.87,-0.14,2.33,0.344,13,"0.107810321",0.335,0.464,"-0.107810321",0.013,0.008999999999999952,0.007,0.005,24.7,,,,,,,
716,691605,"Briceno, Miguel",2025,716,100,0.208,0.077,0.239,0.286,0.255,0.28,0.236,35,168,88.3,6.4,2289,88,87.83,75,336,380,-0.20000000000000284,6.26,104,146,116,146,294,307,273,"8.193","-8.193",,,192,140,26,7,0,2,33,17.2,18,9.4,2.2601,0.73025,0.30424,0.17515,"91.0",152,34.53237410071942,0.7194244604316548,0.5208333333333333,5.71,-0.95,0.06,2.29,0.281,1,"-1.144273743",0.311,0.306,"1.144273743",-0.028,-0.02999999999999997,-0.02,-0.025,22.3,,,,,,,
714,803001,"McNeely, Caleb",2025,714,100,0.197,0.102,0.243,0.299,0.283,0.3,0.199,29,147,88.2,9.4,2265,88.2,87.74,78,282,432,-0.5,6.17,104,147,119,147,292,307,275,"2.887","-2.887",,,177,107,22,3,0,4,43,24.3,26,14.7,2.21604,0.76727,0.43025,0.20764,"91.4",146,38.31775700934579,6.5420560747663545,3.954802259887006,5.72,-0.96,0.1,2.41,0.316,7,"-0.404341737",0.318,0.35,"0.404341737",-0.002,-0.0020000000000000018,-0.051,-0.017,27.7,,,,,,,
712,642086,"Smith, Dominic",2025,712,100,0.255,0.194,0.262,0.448,0.336,0.338,0.246,42,165,89.6,17.2,2162,88.7,88.8,84,350,362,0.09999999999999432,6.37,114,145,121,150,285,321,295,"-1.837","1.837",,,188,138,27,6,1,8,30,16,19,10.1,2.26581,0.68386,0.44153,-0.27782,"92.2",174,41.30434782608695,10.144927536231885,7.446808510638298,5.71,-1.07,-0.17,2.46,0.33,14,"0.258005618",0.324,0.465,"-0.258005618",0.009,0.006000000000000005,-0.017,-0.002,24,,,,,,,
710,703204,"Pineda, Esmith",2025,712,99.7,0.281,0.112,0.336,0.393,0.334,0.291,0.234,50,178,87.1,13.8,2260,88.3,88.07,81,332,378,-0.20000000000000284,6.28,106,146,117,146,286,307,280,"-3.664","3.664",,,205,143,36,11,0,3,38,18.5,16,7.8,2.30185,0.67563,0.30259,0.19407,"91.2",147,33.80281690140845,2.112676056338028,1.4634146341463417,5.69,-1.04,0.23,2.3,0.361,3,"0.516056338",0.322,0.32,"-0.516056338",0.047,0.03899999999999998,0.073,0.043,24.4,,,,,,,
710,671913,"Palmegiani, Damiano",2025,710,100,0.151,0.068,0.219,0.219,0.259,0.292,0.182,22,146,87,22.2,2241,88.6,88.58,98,303,407,0,6.29,106,152,120,146,293,315,283,"10.28","-10.28",,,182,97,14,7,0,1,51,28,22,12.1,2.37793,0.56303,0.18358,0.02829,"91.8",156,34.02061855670103,7.216494845360824,3.8461538461538463,5.75,-0.82,0.16,2.32,0.308,7,"-1.447887324",0.334,0.277,"1.447887324",-0.031,-0.026000000000000023,-0.058,-0.033,32.3,,,,,,,
709,806965,"Caba, Starlyn",2025,712,99.6,0.226,0.067,0.263,0.293,0.289,0.315,0.244,37,164,88.1,8.7,2258,89.5,89.1,43,296,413,-0.4000000000000057,6.25,112,146,107,147,271,301,280,"2.558","-2.558",,,194,138,29,6,1,1,28,14.4,28,14.4,1.98525,0.91302,0.56294,-0.57051,"90.9",151,34.55882352941176,1.4705882352941175,1.0309278350515463,5.73,-1.13,-0.06,2.42,0.335,2,"-0.360789845",0.352,0.345,"0.360789845",-0.018,-0.01699999999999996,-0.052,-0.026,14.5,,,,,,,
706,687799,"Marlowe, Cade",2025,707,99.9,0.311,0.159,0.394,0.47,0.375,0.33,0.254,47,151,88.1,23,2274,87.9,88.15,104,365,341,0.29999999999999716,6.34,112,144,119,149,290,323,296,"-8.103","8.103",,,181,113,31,12,0,4,43,23.8,23,12.7,2.44899,0.57913,0.26932,-0.23504,"90.6",178,28.31858407079646,7.079646017699115,4.41988950276243,5.82,-1.15,-0.12,2.36,0.398,8,"1.147733711",0.353,0.391,"-1.147733711",0.057,0.04500000000000004,0.079,0.045,28.5,,,,,,,
705,686338,"Valladares, Jefferson",2025,705,100,0.173,0.143,0.203,0.315,0.254,0.245,0.171,29,168,85.6,17.2,2290,87.9,87.61,98,347,358,-0.30000000000001137,6.24,103,144,118,144,292,308,275,"9.255","-9.255",,,192,123,15,9,0,5,49,25.5,11,5.7,2.27923,0.72292,0.29821,0.09915,"91.1",140,30.081300813008134,6.504065040650407,4.166666666666666,5.71,-0.84,0.18,2.4,0.255,8,"-1.312765957",0.256,0.281,"1.312765957",0.002,-0.0010000000000000009,0.034,0.009,28.2,,,,,,,
703,571875,"Lamb, Jake",2025,703,100,0.243,0.115,0.33,0.358,0.324,0.315,0.233,36,148,90.4,15.7,2180,88.4,88.34,102,317,386,-0.10000000000000853,6.28,114,145,122,150,296,329,303,"2.401","-2.401",,,174,105,23,11,0,2,43,24.7,21,12.1,2.43341,0.54128,0.39514,-0.23714,"91.7",164,48.57142857142857,3.8095238095238098,2.2988505747126435,5.76,-1.02,-0.11,2.34,0.356,4,"-0.341536273",0.348,0.344,"0.341536273",0.01,0.008000000000000007,0.014,0.009,32.2,,,,,,,
702,666181,"Benson, Will",2025,702,100,0.275,0.183,0.357,0.458,0.358,0.349,0.253,42,153,89.3,11.5,2244,89,88.96,98,315,387,0,6.33,116,144,122,150,293,319,289,"-6.102","6.102",,,177,105,29,5,1,7,49,27.7,21,11.9,2.31274,0.60864,0.25098,-0.19692,"91.8",142,35.84905660377358,11.320754716981133,6.779661016949152,5.89,-0.79,-0.05,2.47,0.364,12,"0.869230769",0.345,0.458,"-0.869230769",0.022,0.019000000000000017,0,0.009,31.1,,,,,,,
701,671287,"Clarke, Phil",2025,701,100,0.281,0.094,0.302,0.374,0.337,0.306,0.247,48,171,83.7,12.3,2188,88.6,88.68,61,320,381,0.10000000000000853,6.32,114,147,117,150,284,315,288,"-4.475","4.475",,,202,152,38,7,0,3,21,10.4,27,13.4,2.32752,0.62216,0.37436,-0.3525,"90.5",143,21.052631578947366,0.6578947368421052,0.49504950495049505,5.74,-1.75,-0.1,2.33,0.378,1,"0.638373752",0.35,0.317,"-0.638373752",0.034,0.028000000000000025,0.057,0.031,19.1,,,,,,,
700,815608,"Sanford, Wyatt",2025,709,98.7,0.209,0.146,0.252,0.354,0.302,0.292,0.212,33,158,85.3,13.5,2247,88.3,87.84,95,332,368,-0.5,6.2,111,144,103,146,278,308,285,"5.383","-5.383",,,184,119,20,7,2,4,39,21.2,18,9.8,2.24451,0.74195,0.38884,-0.31589,"90.6",137,30.252100840336134,6.722689075630252,4.3478260869565215,5.74,-0.91,-0.08,2.43,0.317,8,"-0.769",0.319,0.316,"0.769",-0.003,-0.0020000000000000018,0.038,0.01,28.6,,,,,,,
700,676914,"Schneider, Davis",2025,700,100,0.226,0.165,0.31,0.391,0.33,0.33,0.204,30,133,89.3,29,2268,88.5,88.53,85,280,420,0,6.31,104,150,118,146,292,310,284,"-3.53","3.53",,,160,88,18,6,2,4,46,28.7,24,15,2.30383,0.65282,0.17936,0.17073,"92.1",172,36.36363636363637,13.636363636363635,7.5,5.89,-1.2,0.19,2.29,0.35,12,"0.504285714",0.334,0.412,"-0.504285714",0.022,0.01599999999999996,-0.021,0,30.4,,,,,,,
697,670224,"Misner, Kameron",2025,698,99.9,0.212,0.234,0.241,0.445,0.34,0.36,0.234,29,137,91.2,17.4,2194,87.8,87.87,102,302,395,0.10000000000000853,6.34,117,148,118,153,282,318,297,"-6.204","6.204",,,164,95,13,8,0,8,43,26.2,25,15.2,2.46462,0.54351,0.31627,-0.23432,"92.4",162,43.47826086956522,13.043478260869565,7.317073170731707,5.75,-1.38,-0.12,2.43,0.335,12,"0.89010043",0.356,0.474,"-0.89010043",-0.022,-0.020999999999999963,-0.029,-0.02,33.8,,,,,,,
693,679788,"Rogers, Jack",2025,695,99.7,0.25,0.107,0.364,0.357,0.293,0.275,0.223,42,168,90.6,8.8,2183,88.3,88.37,111,329,364,0.10000000000000853,6.34,116,145,118,149,284,316,291,"5.365","-5.365",,,185,110,30,9,0,3,60,32.4,14,7.6,2.38433,0.58927,0.28962,-0.25327,"92.4",147,41.509433962264154,5.660377358490567,3.2432432432432434,5.87,-1.13,-0.07,2.42,0.308,6,"-0.774170274",0.286,0.332,"0.774170274",0.027,0.02200000000000002,0.025,0.018,33.7,,,,,,,
693,680868,"Winkel, Patrick",2025,694,99.9,0.218,0.17,0.293,0.388,0.291,0.294,0.229,36,165,89,12.9,2166,88.4,88.41,100,315,378,0,6.28,113,145,122,151,282,317,290,"3.643","-3.643",,,179,106,22,7,0,7,59,33,13,7.3,2.36127,0.59143,0.34019,-0.29245,"91.5",162,37.735849056603776,8.49056603773585,5.027932960893855,5.83,-1.39,-0.08,2.39,0.279,9,"-0.525685426",0.29,0.38,"0.525685426",-0.011,-0.010999999999999954,0.008,-0.003,31.7,,,,,,,
692,801903,"Tibbitts, Brock",2025,692,100,0.21,0.133,0.298,0.343,0.299,0.278,0.186,30,143,86.1,14.8,2291,88,87.64,76,302,390,-0.4000000000000057,6.29,105,148,119,147,289,304,276,"1.931","-1.931",,,175,96,17,9,2,2,52,29.7,21,12,2.33715,0.67132,0.35455,0.2216,"91.0",149,35.41666666666667,5.208333333333334,2.857142857142857,5.67,-1.31,0.26,2.38,0.326,5,"-0.279046243",0.309,0.289,"0.279046243",0.024,0.017000000000000015,0.054,0.021,25.2,,,,,,,
691,808975,"Kim, Hyeseong",2025,692,99.9,0.268,0.188,0.34,0.456,0.341,0.282,0.234,40,149,86.4,7.8,2194,87.9,87.81,93,337,354,-0.10000000000000853,6.21,115,145,111,149,288,319,297,"-3.772","3.772",,,167,108,24,9,2,5,42,25.1,12,7.2,2.48585,0.50049,0.34971,-0.2467,"90.1",133,27.77777777777778,3.7037037037037033,2.3952095808383236,5.67,-0.95,-0.11,2.31,0.333,4,"0.545875543",0.304,0.321,"-0.545875543",0.034,0.029000000000000026,0.135,0.059,27.6,,,,,,,
689,663584,"Senger, Hayden",2025,691,99.7,0.218,0.121,0.263,0.339,0.267,0.289,0.229,36,165,88.6,16.2,2285,88,88.1,98,345,344,0.09999999999999432,6.33,108,151,120,147,292,316,283,"5.513","-5.513",,,180,123,27,3,1,5,44,24.4,10,5.6,2.43702,0.54497,0.12187,0.02324,"92.0",152,43.08943089430895,8.130081300813007,5.555555555555555,5.87,-1.3,0.15,2.36,0.268,10,"-0.800145138",0.283,0.369,"0.800145138",-0.011,-0.014999999999999958,-0.03,-0.022,28.4,,,,,,,
688,682650,"Nuñez, Malcom",2025,688,100,0.272,0.142,0.304,0.414,0.318,0.303,0.256,44,162,87,13.5,2262,87.7,87.71,97,356,332,0,6.34,105,150,119,145,297,317,282,"-0.005","0.005",,,184,140,25,17,0,2,28,15.2,14,7.6,2.49009,0.52881,0.2234,0.02576,"91.5",147,35.97122302158273,3.597122302158273,2.717391304347826,5.82,-0.8,0.28,2.22,0.326,5,"0.000726744",0.318,0.363,"-0.000726744",0.016,0.008000000000000007,0.051,0.015,27.2,,,,,,,
687,669911,"Toglia, Michael",2025,687,100,0.331,0.293,0.406,0.624,0.431,0.366,0.277,52,157,91.1,14.4,2209,88.4,89,95,327,360,0.5999999999999943,6.39,112,146,122,149,301,329,304,"-14.782","14.782",,,176,112,30,9,2,11,46,26.1,18,10.2,2.43658,0.49904,0.33633,-0.33633,"92.1",175,45.04504504504504,10.81081081081081,6.8181818181818175,5.62,-0.8,-0.06,2.45,0.398,12,"2.151673945",0.355,0.484,"-2.151673945",0.054,0.04300000000000004,0.14,0.065,29.1,,,,,,,
686,691710,"Perozo, Vincent",2025,686,100,0.277,0.135,0.336,0.412,0.362,0.345,0.238,41,148,87.9,10.5,2256,88.4,87.99,95,320,366,-0.4000000000000057,6.25,114,145,118,144,283,307,289,"-3.617","3.617",,,180,116,29,7,2,3,33,18.3,20,11.1,2.24671,0.7406,0.51284,-0.44952,"91.7",153,36.52173913043478,9.565217391304348,6.111111111111111,5.72,-1.3,-0.09,2.39,0.397,11,"0.527259475",0.366,0.401,"-0.527259475",0.039,0.031000000000000028,0.011,0.017,29.7,,,,,,,
685,676679,"Vázquez, Luis",2025,690,99.3,0.263,0.145,0.318,0.408,0.326,0.297,0.239,40,152,89.2,2.9,2288,88.7,88.71,80,346,339,0,6.29,105,150,117,147,296,315,279,"1.246","-1.246",,,168,115,29,5,1,5,37,22,12,7.1,2.306,0.66088,0.21424,0.15565,"91.6",155,42.47787610619469,6.1946902654867255,4.166666666666666,5.89,-1.18,0.09,2.44,0.333,7,"-0.18189781",0.312,0.352,"0.18189781",0.024,0.02100000000000002,0.056,0.029,23.1,,,,,,,
679,682679,"Frias, Dayan",2025,681,99.7,0.197,0.064,0.256,0.261,0.238,0.245,0.192,31,157,89.2,15.8,2202,88.4,88.36,75,326,353,0,6.35,112,145,110,149,283,318,282,"13.483","-13.483",,,174,118,23,7,0,1,41,23.6,15,8.6,2.36348,0.6265,0.30175,-0.30175,"91.5",144,35.8974358974359,1.7094017094017095,1.1494252873563218,5.84,-1.25,-0.07,2.3,0.264,2,"-1.985714286",0.261,0.282,"1.985714286",0.005,0.0030000000000000027,-0.021,-0.007,23,,,,,,,
677,669439,"Swift, Drew",2025,681,99.4,0.315,0.101,0.441,0.416,0.353,0.251,0.21,47,149,83.2,0.6,2241,89.5,89.91,72,281,396,0.4000000000000057,6.3,106,149,113,147,305,326,293,"-3.798","3.798",,,165,104,36,9,0,2,45,27.3,16,9.7,2.31981,0.56602,0.40044,0.13609,"90.2",141,28.846153846153843,0,0,5.76,-0.68,0.03,2.4,0.382,0,"0.561004431",0.287,0.257,"-0.561004431",0.105,0.09500000000000003,0.159,0.102,25.6,,,,,,,
676,650391,"Jiménez, Eloy",2025,676,100,0.268,0.113,0.316,0.381,0.314,0.314,0.265,45,168,89.8,7.1,2218,87.8,87.98,89,316,360,0.20000000000000284,6.41,105,151,124,146,296,319,290,"0.026","-0.026",,,187,136,32,10,0,3,34,18.2,16,8.6,2.40428,0.59043,0.28219,0.10539,"93.0",144,45.52238805970149,5.970149253731343,4.27807486631016,5.8,-0.95,0.18,2.33,0.332,8,"-0.003846154",0.331,0.378,"0.003846154",0.003,0.0010000000000000009,0.003,0,28.2,,,,,,,
675,693459,"Fedko, Kyler",2025,675,100,0.268,0.207,0.31,0.476,0.358,0.31,0.229,44,164,87.6,20,2240,88.4,88.45,82,317,358,0.09999999999999432,6.29,107,151,121,146,293,319,287,"-5.51","5.51",,,187,124,26,10,0,8,41,21.9,21,11.2,2.37553,0.5761,0.31537,0.12693,"91.6",164,37.903225806451616,7.258064516129033,4.81283422459893,5.78,-0.84,0.23,2.35,0.353,9,"0.816296296",0.319,0.383,"-0.816296296",0.039,0.033999999999999975,0.093,0.048,25.9,,,,,,,
674,811339,"Kross, Josh",2025,674,100,0.244,0.244,0.291,0.488,0.339,0.296,0.212,40,164,88.2,19.7,2238,88.7,88.48,120,364,310,-0.20000000000000284,6.34,113,145,118,142,282,309,285,"-2.737","2.737",,,182,118,19,10,3,8,48,26.4,9,4.9,2.25869,0.70341,0.50806,-0.50806,"91.7",146,43.22033898305085,8.47457627118644,5.4945054945054945,5.63,-1.31,0.08,2.25,0.308,10,"0.406083086",0.279,0.402,"-0.406083086",0.032,0.02899999999999997,0.086,0.043,33,,,,,,,
673,687862,"Milligan, Cody",2025,674,99.9,0.213,0.071,0.303,0.284,0.278,0.266,0.2,30,141,85.9,9.6,2204,88.6,88.63,91,313,360,0,6.34,112,145,108,150,283,313,295,"5.307","-5.307",,,168,99,23,4,3,0,45,26.8,23,13.7,2.32981,0.61401,0.39981,-0.28141,"90.1",140,26.53061224489796,1.0204081632653061,0.5952380952380952,5.73,-0.99,0.03,2.36,0.321,1,"-0.788558692",0.312,0.254,"0.788558692",0.013,0.009000000000000008,0.03,0.012,29.1,,,,,,,
671,827665,"Lewis, Dillon",2025,671,100,0.255,0.21,0.32,0.465,0.343,0.344,0.242,40,157,93.7,13.8,2228,87.1,86.77,100,345,326,-0.29999999999999716,6.27,104,145,119,145,289,312,286,"-5.566","5.566",,,174,108,24,7,1,8,49,28.2,16,9.2,2.46043,0.64776,0.24772,0.01781,"93.3",136,54.629629629629626,15.74074074074074,9.770114942528735,5.8,-0.92,0.19,2.39,0.328,17,"0.829508197",0.316,0.483,"-0.829508197",0.013,0.01200000000000001,-0.018,-0.001,29,,,,,,,
667,823295,"Thomason, Jay",2025,667,100,0.3,0.283,0.368,0.583,0.449,0.413,0.236,36,120,90.2,18.4,2224,88.1,87.86,77,245,422,-0.19999999999998863,6.29,114,146,115,144,283,312,286,"-16.103","16.103",,,160,84,19,8,1,8,37,23.1,34,21.3,2.23702,0.75249,0.3897,-0.36535,"92.5",174,42.857142857142854,16.666666666666664,8.75,5.78,-0.81,-0.14,2.31,0.469,14,"2.414242879",0.422,0.53,"-2.414242879",0.064,0.046999999999999986,0.053,0.036,31.4,,,,,,,
664,621466,"Stewart, DJ",2025,664,100,0.125,0.132,0.143,0.257,0.234,0.274,0.173,17,136,87.7,19.7,2217,89.4,89.57,123,322,342,0.19999999999998863,6.42,114,144,123,151,289,319,290,"12.141","-12.141",,,159,89,9,3,0,5,48,30.2,20,12.6,2.18431,0.71057,0.37369,-0.30564,"91.9",149,41.57303370786517,7.865168539325842,4.40251572327044,5.78,-0.95,-0.1,2.46,0.245,7,"-1.828463855",0.286,0.317,"1.828463855",-0.048,-0.04099999999999998,-0.06,-0.04,38.2,,,,,,,
663,694378,"Gonzalez, Jacob",2025,663,100,0.204,0.088,0.25,0.293,0.277,0.289,0.222,30,147,86,19.9,2225,88.7,88.86,66,285,378,0.20000000000000284,6.3,116,147,114,151,281,316,290,"7.963","-7.963",,,171,114,21,7,0,2,34,19.9,20,11.7,2.28466,0.64271,0.28695,-0.23948,"91.0",166,32.45614035087719,2.631578947368421,1.7543859649122806,5.84,-1.06,-0.09,2.4,0.31,3,"-1.201055807",0.325,0.303,"1.201055807",-0.018,-0.015000000000000013,-0.01,-0.012,23.2,,,,,,,
663,614173,"Cordero, Franchy",2025,663,100,0.215,0.121,0.272,0.336,0.277,0.279,0.212,32,149,90.5,14.1,2146,86.7,86.64,124,341,322,-0.10000000000000853,6.32,113,145,124,150,289,321,299,"8.561","-8.561",,,164,107,22,6,0,4,42,25.6,14,8.5,2.56128,0.52572,0.31801,-0.31852,"92.5",148,42.99065420560748,5.607476635514018,3.6585365853658534,5.65,-1.22,-0.14,2.33,0.287,6,"-1.291251885",0.284,0.343,"1.291251885",0.003,0.0030000000000000027,-0.007,-0.002,36.4,,,,,,,
662,681715,"Hernández, Heriberto",2025,662,100,0.22,0.234,0.289,0.454,0.335,0.315,0.204,31,141,91.4,13.8,2279,88.6,88.58,96,293,369,0,6.33,108,152,119,145,298,321,287,"-1.944","1.944",,,163,85,17,4,1,9,57,35,19,11.7,2.42662,0.5265,0.17631,0.07962,"92.0",145,47.05882352941176,12.941176470588237,6.748466257668712,5.66,-1.3,0.13,2.3,0.319,11,"0.293655589",0.306,0.414,"-0.293655589",0.016,0.013000000000000012,0.04,0.02,32.8,,,,,,,
662,815874,"Roselli, Nick",2025,667,99.3,0.24,0.192,0.295,0.432,0.33,0.317,0.229,35,146,88.5,9.8,2245,88.3,87.85,101,304,358,-0.5,6.22,112,144,106,144,279,305,285,"-0.253","0.253",,,164,102,21,7,0,7,44,26.8,15,9.1,2.27716,0.70333,0.41139,-0.40511,"92.6",136,43.56435643564357,7.920792079207921,4.878048780487805,5.77,-0.94,0,2.22,0.323,8,"0.038217523",0.315,0.404,"-0.038217523",0.011,0.008000000000000007,0.028,0.013,33.2,,,,,,,
661,696135,"Watson, Kahlil",2025,661,100,0.255,0.221,0.313,0.477,0.361,0.335,0.228,38,149,91.1,15.4,2169,88.6,88.47,114,324,337,-0.09999999999999432,6.31,116,145,109,151,285,319,285,"-7.003","7.003",,,176,104,22,7,1,8,47,26.7,22,12.5,2.40182,0.54997,0.39471,-0.30599,"92.9",170,49.01960784313725,10.784313725490197,6.25,5.8,-1,-0.04,2.35,0.358,11,"1.059455371",0.337,0.429,"-1.059455371",0.027,0.020999999999999963,0.048,0.026,35.2,,,,,,,
657,682947,"Ramos, Jose",2025,657,100,0.295,0.262,0.391,0.557,0.387,0.35,0.258,44,149,89.6,8.4,2239,87.7,87.76,103,296,361,0.09999999999999432,6.33,104,150,117,145,303,322,294,"-9.914","9.914",,,167,100,24,9,3,8,51,30.5,15,9,2.51256,0.50594,0.20831,0.00815,"91.8",164,41.23711340206185,10.309278350515463,5.9880239520958085,5.65,-0.68,0.1,2.42,0.359,10,"1.508980213",0.332,0.468,"-1.508980213",0.037,0.02699999999999997,0.089,0.037,34.8,,,,,,,
654,809719,"Green, Austin",2025,654,100,0.201,0.118,0.234,0.319,0.277,0.275,0.21,29,144,86.2,19.4,2167,88.2,87.88,76,310,344,-0.29999999999999716,6.3,111,145,116,144,282,309,289,"3.335","-3.335",,,166,111,21,3,1,4,35,21.1,15,9,2.21609,0.81075,0.4846,-0.4846,"91.4",142,31.53153153153153,3.6036036036036037,2.4096385542168677,5.72,-1.12,-0.05,2.43,0.295,4,"-0.509938838",0.304,0.296,"0.509938838",-0.009,-0.009000000000000008,0.023,0.002,24.5,,,,,,,
654,801522,"Sanchez, Carlos",2025,654,100,0.263,0.096,0.339,0.359,0.326,0.305,0.233,41,156,88.8,17.1,2214,88.5,88.09,84,308,346,-0.4000000000000057,6.23,112,145,117,146,273,303,278,"-0.49","0.49",,,181,117,31,7,1,2,39,21.5,25,13.8,2.13812,0.82625,0.53735,-0.53735,"90.8",150,33.62068965517241,1.7241379310344827,1.1049723756906076,5.73,-1.12,-0.05,2.47,0.365,2,"0.074923547",0.34,0.327,"-0.074923547",0.03,0.024999999999999967,0.032,0.021,27.3,,,,,,,
653,621512,"Nido, Tomás",2025,655,99.7,0.209,0.122,0.254,0.331,0.265,0.299,0.236,36,172,88.7,14,2299,88.3,88.34,119,368,285,0,6.31,107,150,120,146,294,317,283,"10.165","-10.165",,,187,127,25,6,0,5,46,24.6,11,5.9,2.4024,0.55959,0.18217,0.01897,"91.3",156,35.77235772357724,8.94308943089431,5.88235294117647,5.81,-0.75,0.12,2.34,0.267,11,"-1.556661562",0.294,0.394,"1.556661562",-0.027,-0.02699999999999997,-0.063,-0.034,32.3,,,,,,,
647,608360,"Okey, Chris",2025,648,99.8,0.223,0.108,0.283,0.331,0.268,0.247,0.206,33,148,86.3,13.9,2319,88.6,88.74,69,283,364,0.10000000000000853,6.33,106,150,120,145,300,322,288,"6.939","-6.939",,,160,109,24,5,1,3,40,25,9,5.6,2.42668,0.5243,0.28683,0.06146,"91.2",144,27.522935779816514,2.7522935779816518,1.875,5.68,-0.77,0.1,2.35,0.275,3,"-1.072488408",0.26,0.288,"1.072488408",0.017,0.015000000000000013,0.043,0.021,24.4,,,,,,,
645,690924,"Fulford, Braxton",2025,645,100,0.354,0.361,0.406,0.714,0.476,0.353,0.245,52,147,90.6,23.4,2200,88.4,88.86,80,298,347,0.5,6.35,105,151,119,147,304,330,301,"-22.79","22.79",,,171,109,27,10,2,13,40,23.4,17,9.9,2.3736,0.56579,0.31969,0.11944,"92.6",174,52.293577981651374,12.844036697247708,8.187134502923977,5.73,-0.81,0.17,2.41,0.433,14,"3.533333333",0.339,0.48,"-3.533333333",0.109,0.09399999999999997,0.234,0.123,26.8,,,,,,,
641,684081,"Brito, Erick",2025,646,99.2,0.245,0.063,0.327,0.308,0.295,0.284,0.223,35,143,83.8,12.2,2247,87.6,87.51,65,268,373,-0.09999999999999432,6.28,106,150,114,147,294,317,281,"4.854","-4.854",,,163,107,27,7,1,0,36,22.1,17,10.4,2.38944,0.64604,0.19914,0.06653,"90.7",134,31.73076923076923,1.9230769230769231,1.2269938650306749,5.84,-0.89,0.12,2.32,0.337,2,"-0.75725429",0.321,0.296,"0.75725429",0.022,0.016000000000000014,0.012,0.011,24.3,,,,,,,
639,694673,"Ortiz, Abimelec",2025,639,100,0.283,0.283,0.316,0.565,0.402,0.377,0.274,39,138,91.7,17.1,2129,88,88.3,71,316,323,0.29999999999999716,6.36,115,145,125,152,297,326,296,"-11.268","11.268",,,164,104,21,6,3,9,36,22,20,12.2,2.42667,0.54424,0.39908,-0.30631,"92.9",162,53.84615384615385,9.615384615384617,6.097560975609756,5.79,-0.97,-0.1,2.38,0.384,10,"1.763380282",0.377,0.496,"-1.763380282",0.009,0.007000000000000006,0.069,0.025,22.5,,,,,,,
638,694371,"Troy, Tommy",2025,643,99.2,0.283,0.138,0.325,0.421,0.349,0.306,0.247,43,152,86.8,4.1,2206,87.7,88.03,53,282,356,0.29999999999999716,6.28,105,149,111,146,302,326,295,"-0.249","0.249",,,177,126,30,8,2,3,28,15.8,18,10.2,2.55045,0.44194,0.32483,-0.01312,"91.1",135,31.746031746031743,1.5873015873015872,1.1299435028248588,5.65,-0.66,0.22,2.17,0.373,2,"0.039028213",0.343,0.326,"-0.039028213",0.036,0.02999999999999997,0.095,0.043,18.8,,,,,,,
637,691897,"Gonzalez, Diego",2025,639,99.7,0.173,0.022,0.23,0.194,0.235,0.259,0.183,24,139,86.4,12,2262,88.9,88.53,71,272,365,-0.4000000000000057,6.24,106,146,116,146,290,306,273,"11.641","-11.641",,,166,101,23,0,0,1,41,24.7,20,12,2.11132,0.82652,0.45218,0.24234,"90.5",147,28.71287128712871,2.9702970297029703,1.8072289156626504,5.86,-0.94,0.11,2.45,0.289,3,"-1.827472527",0.3,0.246,"1.827472527",-0.01,-0.01100000000000001,-0.052,-0.024,26.1,,,,,,,
637,640459,"Navarreto, Brian",2025,637,100,0.229,0.163,0.257,0.392,0.3,0.28,0.214,35,153,87,17,2259,88.5,88.6,89,327,310,0.09999999999999432,6.34,107,150,119,145,298,320,282,"2.681","-2.681",,,176,119,23,5,1,6,39,22.2,16,9.1,2.41631,0.54162,0.23817,0.06596,"91.2",158,34.45378151260504,4.201680672268908,2.840909090909091,5.73,-1.13,0.24,2.39,0.301,5,"-0.420879121",0.291,0.333,"0.420879121",0.015,0.010000000000000009,0.059,0.02,27.2,,,,,,,
635,680577,"Keirsey Jr., DaShawn",2025,636,99.8,0.245,0.187,0.304,0.432,0.33,0.282,0.208,34,139,89,18.1,2218,88.2,88.33,89,319,316,0.09999999999999432,6.38,116,146,110,150,283,317,292,"-0.179","0.179",,,160,105,17,11,3,3,36,22.5,17,10.6,2.34786,0.61869,0.36968,-0.34054,"91.0",165,39.21568627450981,2.941176470588235,1.875,5.82,-1.19,-0.03,2.44,0.331,3,"0.028188976",0.306,0.305,"-0.028188976",0.037,0.025000000000000022,0.127,0.048,27.9,,,,,,,
632,657247,"O'Keefe, Brian",2025,634,99.7,0.159,0.117,0.194,0.276,0.232,0.248,0.184,23,145,89.3,15.7,2241,88.7,88.83,108,324,308,0.09999999999999432,6.28,104,150,120,146,294,317,287,"12.188","-12.188",,,160,102,14,5,0,4,43,26.9,15,9.4,2.3106,0.61696,0.26705,0.1267,"91.2",170,42.57425742574257,4.9504950495049505,3.125,5.75,-0.89,0.12,2.36,0.237,5,"-1.928481013",0.261,0.287,"1.928481013",-0.025,-0.02400000000000002,-0.011,-0.016,33.3,,,,,,,
630,647228,"Hall, Adam",2025,632,99.7,0.218,0.092,0.353,0.31,0.275,0.222,0.171,31,142,87,3,2255,88.9,89,106,316,314,0.09999999999999432,6.31,105,149,111,146,298,315,285,"6.288","-6.288",,,158,86,23,4,3,1,56,35.4,8,5.1,2.28989,0.62736,0.30307,0.17671,"90.7",144,36.470588235294116,2.3529411764705883,1.2658227848101267,5.74,-1.2,0.17,2.44,0.297,2,"-0.998095238",0.255,0.214,"0.998095238",0.047,0.04199999999999998,0.096,0.053,33.5,,,,,,,
627,701398,"Stewart, Sal",2025,627,100,0.315,0.315,0.321,0.629,0.428,0.444,0.312,45,143,93.1,14.2,2236,87.5,87.8,80,315,312,0.29999999999999716,6.34,107,151,120,146,303,323,290,"-15.898","15.898",,,165,119,20,15,0,10,26,15.8,19,11.5,2.46139,0.55879,0.30469,0.01142,"93.2",184,51.26050420168067,21.008403361344538,15.151515151515152,5.81,-0.72,0.24,2.46,0.394,25,"2.535566188",0.397,0.66,"-2.535566188",0.003,-0.0030000000000000027,-0.031,-0.016,25.4,,,,,,,
627,679032,"Rojas, Johan",2025,631,99.4,0.271,0.083,0.342,0.354,0.305,0.306,0.264,39,144,88.8,8.7,2244,88.1,88.01,83,296,331,-0.09999999999999432,6.26,104,151,111,147,295,317,281,"5.085","-5.085",,,157,112,30,7,1,1,32,20.4,13,8.3,2.39131,0.58306,0.31422,0.2364,"91.7",159,41.34615384615385,1.9230769230769231,1.2738853503184715,5.92,-1.35,0.22,2.28,0.331,2,"-0.811004785",0.328,0.36,"0.811004785",0.007,0.0030000000000000027,-0.006,-0.001,28,,,,,,,
626,691708,"Tilien, Junior",2025,626,100,0.273,0.091,0.333,0.364,0.312,0.318,0.269,42,154,89.1,9.6,2295,87.2,86.65,71,302,324,-0.5,6.16,104,147,117,144,287,305,278,"1.137","-1.137",,,173,124,31,9,1,1,32,18.5,16,9.2,2.45812,0.60647,0.32775,0.11293,"91.4",138,38.52459016393443,2.459016393442623,1.7341040462427744,5.76,-0.72,0.15,2.32,0.341,3,"-0.181629393",0.34,0.372,"0.181629393",0.004,0.0010000000000000009,-0.008,-0.006,23.5,,,,,,,
624,628451,"Ibáñez, Andy",2025,624,100,0.259,0.122,0.315,0.381,0.325,0.293,0.235,36,139,86.5,17,2268,88,87.96,83,328,296,0,6.25,105,150,118,146,295,319,281,"-0.034","0.034",,,160,110,24,9,1,2,30,18.8,18,11.3,2.44508,0.54119,0.22143,0.1296,"90.7",174,26.851851851851855,2.7777777777777777,1.875,5.75,-0.52,0.14,2.37,0.35,3,"0.005448718",0.33,0.313,"-0.005448718",0.024,0.019999999999999962,0.068,0.032,25.3,,,,,,,
624,663604,"Lockridge, Brandon",2025,628,99.4,0.308,0.128,0.371,0.436,0.368,0.356,0.289,41,133,92.1,4.8,2264,88.2,88.42,62,276,348,0.20000000000000284,6.25,106,150,110,147,303,324,293,"-6.513","6.513",,,157,107,30,7,2,2,28,17.8,20,12.7,2.37526,0.58271,0.31898,0.06456,"92.1",152,50.943396226415096,4.716981132075472,3.1847133757961785,5.67,-0.87,0.16,2.27,0.401,5,"1.04375",0.39,0.407,"-1.04375",0.019,0.01100000000000001,0.029,0.012,22.5,,,,,,,
620,701206,"Montero, Willy",2025,620,100,0.271,0.059,0.352,0.329,0.292,0.271,0.234,46,170,85.4,13,2293,87.3,86.81,100,338,282,-0.5,6.16,104,148,119,145,291,308,275,"4.476","-4.476",,,185,129,39,5,1,1,42,22.7,14,7.6,2.45163,0.61083,0.30574,0.12638,"91.3",134,28.68217054263566,3.10077519379845,2.1621621621621623,5.65,-1,0.2,2.3,0.324,4,"-0.721935484",0.291,0.317,"0.721935484",0.037,0.03300000000000003,0.012,0.021,29.6,,,,,,,
609,669137,"Alvarez, Armando",2025,609,100,0.226,0.139,0.303,0.365,0.299,0.303,0.23,31,137,88,15.8,2280,88.9,88.9,63,292,317,0,6.33,105,149,118,147,287,311,277,"5.126","-5.126",,,153,93,20,7,0,4,44,28.8,14,9.2,2.28442,0.64975,0.22797,0.09842,"90.9",170,35.483870967741936,5.376344086021505,3.2679738562091507,5.95,-0.91,0.07,2.36,0.307,5,"-0.841707718",0.311,0.371,"0.841707718",-0.004,-0.0040000000000000036,-0.006,-0.004,21.6,,,,,,,
609,592696,"Rosario, Eddie",2025,609,100,0.313,0.18,0.375,0.492,0.372,0.365,0.286,40,128,92.1,12.3,2218,87.5,87.64,72,265,344,0.09999999999999432,6.35,114,145,121,150,290,317,299,"-5.148","5.148",,,150,100,25,11,0,4,33,22,17,11.3,2.53043,0.49082,0.24741,-0.1987,"91.9",178,47.474747474747474,9.090909090909092,6,5.7,-1.25,-0.07,2.33,0.38,9,"0.845320197",0.363,0.481,"-0.845320197",0.027,0.017000000000000015,0.011,0.007,27.2,,,,,,,
609,800197,"Ramirez, Richard",2025,609,100,0.276,0.151,0.366,0.428,0.349,0.314,0.229,42,152,87.8,9.6,2262,88,87.43,103,291,318,-0.5999999999999943,6.13,106,148,118,146,290,308,280,"-2.656","2.656",,,173,106,29,8,0,5,46,26.6,19,11,2.30419,0.70332,0.37769,0.1038,"91.4",146,40.56603773584906,9.433962264150944,5.780346820809249,5.71,-0.74,0.2,2.35,0.364,10,"0.436124795",0.323,0.382,"-0.436124795",0.047,0.04099999999999998,0.046,0.035,35.4,,,,,,,
608,694203,"Guzman, Denzer",2025,609,99.8,0.264,0.194,0.35,0.457,0.36,0.309,0.223,34,129,88.2,20.6,2286,87.4,87.67,85,279,329,0.29999999999999716,6.28,103,149,118,145,304,330,297,"-3.232","3.232",,,152,86,21,7,0,6,44,28.9,21,13.8,2.56201,0.45138,0.14776,0.04489,"90.6",152,33.33333333333333,5.952380952380952,3.289473684210526,5.7,-0.9,0.29,2.34,0.368,5,"0.531578947",0.336,0.35,"-0.531578947",0.041,0.03199999999999997,0.107,0.051,30.5,,,,,,,
603,656371,"Díaz, Isan",2025,605,99.7,0.194,0.171,0.205,0.364,0.296,0.312,0.211,25,129,87.1,17.2,2213,88.2,88.41,76,260,343,0.20000000000000284,6.39,116,145,113,151,288,316,290,"2.478","-2.478",,,150,95,17,1,0,7,35,23.3,19,12.7,2.33458,0.63423,0.39206,-0.32333,"91.8",160,36.84210526315789,10.526315789473683,6.666666666666667,5.77,-0.93,-0.22,2.35,0.3,10,"-0.410945274",0.317,0.382,"0.410945274",-0.017,-0.017000000000000015,-0.018,-0.016,29.2,,,,,,,
603,835031,"O'Saben, Blaze",2025,603,100,0.225,0.07,0.263,0.296,0.285,0.336,0.276,32,142,85.7,4,2302,87.7,87.32,57,273,330,-0.4000000000000057,6.21,103,147,118,146,291,304,274,"1.355","-1.355",,,164,119,24,7,0,1,24,14.6,14,8.5,2.32728,0.68773,0.31815,0.18401,"90.4",140,31.03448275862069,4.310344827586207,3.048780487804878,5.69,-1.09,0.11,2.4,0.323,5,"-0.224709784",0.37,0.371,"0.224709784",-0.051,-0.046999999999999986,-0.075,-0.051,20.9,,,,,,,
603,679734,"Carreras, Julio",2025,608,99.2,0.277,0.095,0.36,0.372,0.321,0.299,0.247,41,148,86.5,7.4,2183,88.8,89.21,69,283,320,0.4000000000000057,6.33,104,150,110,146,308,330,297,"0.838","-0.838",,,168,112,31,7,2,1,38,22.6,16,9.5,2.37877,0.53661,0.44922,0.18712,"91.6",142,40.17857142857143,2.6785714285714284,1.7857142857142856,5.73,-0.77,0.05,2.4,0.351,3,"-0.138971808",0.328,0.331,"0.138971808",0.03,0.022999999999999965,0.041,0.022,24.4,,,,,,,
603,682641,"Matos, Luis",2025,603,100,0.293,0.218,0.293,0.51,0.354,0.351,0.293,43,147,89.7,16.1,2238,87.9,88.14,50,307,296,0.19999999999998863,6.46,105,151,118,146,301,325,296,"-1.4","1.4",,,159,130,25,11,0,7,20,12.6,8,5,2.47774,0.52782,0.23526,0.13403,"91.8",167,42.857142857142854,8.73015873015873,6.918238993710692,5.74,-1.14,0.2,2.28,0.327,11,"0.232172471",0.329,0.495,"-0.232172471",0,-0.0020000000000000018,0.015,0.003,16.3,,,,,,,
601,695238,"Wagner, Will",2025,603,99.7,0.26,0.158,0.275,0.418,0.327,0.313,0.255,38,146,86,13,2241,89,89.19,50,275,326,0.20000000000000284,6.33,115,145,111,150,287,317,292,"-1.37","1.37",,,161,125,26,6,1,5,21,13,15,9.3,2.34501,0.56634,0.35958,-0.28948,"91.3",160,34.959349593495936,4.0650406504065035,3.1055900621118013,5.78,-1.32,-0.05,2.44,0.329,5,"0.227953411",0.325,0.379,"-0.227953411",0.005,0.0040000000000000036,0.039,0.014,18.2,,,,,,,
597,664913,"Brown, Seth",2025,597,100,0.352,0.345,0.376,0.697,0.467,0.391,0.293,51,145,90.1,20.5,2207,89.1,89.28,80,297,300,0.20000000000000284,6.24,117,145,123,151,298,335,307,"-14.308","14.308",,,161,114,28,9,1,13,31,19.3,15,9.3,2.45588,0.43639,0.40956,-0.35341,"93.0",175,47.368421052631575,10.526315789473683,7.453416149068323,5.68,-1.08,-0.17,2.41,0.416,12,"2.396649916",0.363,0.553,"-2.396649916",0.059,0.05299999999999999,0.144,0.076,26.9,,,,,,,
597,680695,"Davis, Brennen",2025,597,100,0.248,0.328,0.268,0.576,0.377,0.338,0.234,31,125,91.8,19.5,2270,88.8,88.78,111,315,282,0,6.3,108,152,122,147,299,324,286,"-6.61","6.61",,,142,83,14,5,0,12,44,31,11,7.7,2.36367,0.56797,0.23805,0.09188,"92.4",165,50.602409638554214,13.253012048192772,7.746478873239436,5.77,-1.14,0.15,2.4,0.324,11,"1.10720268",0.312,0.478,"-1.10720268",0.014,0.01200000000000001,0.098,0.039,35.2,,,,,,,
594,800050,"DeLauter, Chase",2025,594,100,0.278,0.198,0.303,0.476,0.371,0.36,0.262,35,126,91.2,10,2213,88.2,88.1,46,243,351,-0.10000000000000853,6.34,115,144,120,149,287,319,289,"-5.46","5.46",,,148,104,21,8,1,5,23,15.5,21,14.2,2.42594,0.55625,0.3413,-0.28499,"92.8",156,51.92307692307693,12.5,8.783783783783784,5.67,-0.78,-0.17,2.29,0.378,13,"0.919191919",0.366,0.45,"-0.919191919",0.016,0.01200000000000001,0.026,0.011,18.9,,,,,,,
594,812518,"Janik, Camden",2025,596,99.7,0.267,0.058,0.33,0.325,0.325,0.309,0.245,32,120,79.8,8.6,2270,88.7,88.2,51,242,352,-0.5,6.18,103,146,118,146,293,310,275,"-2.707","2.707",,,144,97,26,5,1,0,24,16.7,20,13.9,2.17392,0.78036,0.40829,0.22887,"89.3",134,13.402061855670103,0,0,5.66,-1.17,0.22,2.34,0.382,0,"0.455723906",0.365,0.297,"-0.455723906",0.022,0.017000000000000015,0.028,0.016,21.1,,,,,,,
593,642336,"Mejía, Francisco",2025,593,100,0.215,0.148,0.232,0.362,0.267,0.244,0.206,32,149,85.7,22.2,2168,88,88,85,353,240,0,6.28,113,146,116,150,289,318,292,"8.001","-8.001",,,158,118,22,4,0,6,32,20.3,8,5.1,2.41668,0.56304,0.32508,-0.32508,"90.3",162,27.966101694915253,3.389830508474576,2.5316455696202533,5.71,-1.15,-0.05,2.45,0.253,4,"-1.349241147",0.247,0.307,"1.349241147",0.009,0.006000000000000005,0.055,0.023,24.1,,,,,,,
591,687749,"Bowen, Jase",2025,591,100,0.279,0.171,0.371,0.45,0.359,0.297,0.204,39,140,85.3,12.1,2249,87.6,87.73,90,289,302,0.10000000000000853,6.4,107,150,118,147,297,315,289,"-7.104","7.104",,,161,100,24,9,3,3,40,24.8,21,13,2.53594,0.49968,0.19798,0.06469,"91.8",145,36,9,5.590062111801243,5.79,-1.32,0.17,2.2,0.373,9,"1.202030457",0.308,0.357,"-1.202030457",0.075,0.065,0.093,0.062,31.1,,,,,,,
587,668974,"Handley, Maverick",2025,591,99.3,0.26,0.114,0.337,0.374,0.338,0.286,0.203,32,123,84.9,8.1,2243,88.7,88.75,77,272,315,0.09999999999999432,6.31,105,150,117,146,294,318,284,"-5.402","5.402",,,148,93,22,7,2,1,31,20.9,23,15.5,2.3163,0.61214,0.22287,0.02253,"90.6",152,27.956989247311824,0,0,5.72,-1.08,0.16,2.39,0.378,0,"0.920272572",0.332,0.276,"-0.920272572",0.057,0.045999999999999985,0.098,0.052,28.3,,,,,,,
583,680690,"Holland, Korey",2025,589,99,0.212,0.103,0.329,0.315,0.244,0.247,0.207,31,146,91.2,11.3,2249,88.3,88.51,113,306,277,0.20000000000000284,6.35,106,150,110,146,304,329,292,"13.232","-13.232",,,155,88,22,6,0,3,60,38.7,7,4.5,2.493,0.4779,0.29584,0.08296,"91.7",151,46.590909090909086,4.545454545454546,2.5806451612903225,5.72,-0.63,0.07,2.29,0.245,4,"-2.269639794",0.241,0.322,"2.269639794",0.005,0.0040000000000000036,-0.007,-0.003,36.9,,,,,,,
581,808818,"Smith, David",2025,581,100,0.184,0.048,0.22,0.232,0.25,0.279,0.213,23,125,86,15.5,2227,88.6,88.05,56,254,327,-0.5,6.18,109,146,112,146,280,305,280,"6.29","-6.29",,,146,101,19,3,0,1,25,17.1,18,12.3,2.12219,0.8373,0.51967,-0.51967,"90.7",145,30.693069306930692,0.9900990099009901,0.684931506849315,5.86,-0.79,-0.07,2.41,0.295,1,"-1.082616179",0.321,0.278,"1.082616179",-0.029,-0.026000000000000023,-0.046,-0.029,22,,,,,,,
581,672569,"Campero, Gustavo",2025,582,99.8,0.317,0.151,0.359,0.468,0.379,0.301,0.245,44,139,85.4,10.8,2142,89.2,89.63,57,289,292,0.3999999999999915,6.36,111,146,107,149,296,325,301,"-9.964","9.964",,,158,119,30,9,3,2,20,12.7,16,10.1,2.31348,0.56749,0.42679,-0.42679,"90.6",136,25.210084033613445,1.680672268907563,1.2658227848101267,5.8,-0.97,0.02,2.29,0.399,2,"1.714974182",0.336,0.327,"-1.714974182",0.072,0.063,0.141,0.078,19.7,,,,,,,
580,682266,"Auerbach, Brett",2025,582,99.7,0.212,0.144,0.273,0.356,0.318,0.316,0.214,25,118,87.1,8.6,2220,88.1,87.83,73,231,349,-0.29999999999999716,6.21,103,148,110,146,301,325,290,"1.539","-1.539",,,144,81,16,5,0,4,38,26.4,24,16.7,2.46288,0.52748,0.39331,0.03435,"91.5",148,39.50617283950617,6.172839506172839,3.4722222222222223,5.78,-0.46,0.11,2.22,0.347,5,"-0.265344828",0.349,0.346,"0.265344828",-0.002,-0.0020000000000000018,0.01,0.002,31.6,,,,,,,
580,642215,"Wilson, Weston",2025,581,99.8,0.239,0.142,0.296,0.381,0.337,0.309,0.204,27,113,89.7,15.6,2193,88,88.09,64,252,328,0.09999999999999432,6.36,106,150,121,146,295,318,289,"-2.608","2.608",,,136,84,18,5,1,3,29,21.3,22,16.2,2.41338,0.57625,0.26646,0.11921,"91.2",154,38.55421686746988,6.024096385542169,3.6764705882352944,5.86,-1.04,0.1,2.37,0.368,5,"0.449655172",0.339,0.336,"-0.449655172",0.035,0.02899999999999997,0.045,0.028,25.4,,,,,,,
573,668663,"Barrera, Tres",2025,574,99.8,0.241,0.177,0.29,0.418,0.314,0.274,0.214,34,141,88.3,14.2,2216,88,88.07,82,278,295,0.09999999999999432,6.37,104,150,119,145,294,318,286,"2.257","-2.257",,,153,100,23,4,0,7,41,26.8,9,5.9,2.40653,0.58163,0.29398,0.18082,"92.1",145,40.4040404040404,6.0606060606060606,3.9215686274509802,5.71,-1.25,0.08,2.4,0.301,6,"-0.393891798",0.276,0.342,"0.393891798",0.027,0.024999999999999967,0.076,0.04,29.5,,,,,,,
572,543510,"McCann, James",2025,572,100,0.297,0.196,0.365,0.493,0.35,0.329,0.256,44,148,89.6,8.9,2280,89,89.19,85,303,269,0.20000000000000284,6.41,104,150,121,147,303,321,291,"-4.202","4.202",,,160,110,27,11,0,6,41,25.6,9,5.6,2.3515,0.56795,0.28394,0.14072,"92.1",163,42.201834862385326,11.926605504587156,8.125,5.77,-1.06,0.16,2.33,0.331,13,"0.734615385",0.301,0.452,"-0.734615385",0.041,0.030000000000000027,0.041,0.021,28.1,,,,,,,
570,689200,"Melton, Jacob",2025,570,100,0.286,0.27,0.33,0.556,0.402,0.425,0.303,36,126,92.6,14.1,2156,88.9,88.78,51,246,324,-0.10000000000000853,6.2,115,147,117,150,292,321,292,"-10.664","10.664",,,150,97,14,16,0,6,30,20,22,14.7,2.33946,0.57961,0.40803,-0.30827,"94.4",186,57.89473684210527,17.894736842105264,11.333333333333332,5.77,-0.56,-0.11,2.44,0.389,17,"1.870877193",0.411,0.582,"-1.870877193",-0.017,-0.021999999999999964,-0.026,-0.023,20.7,,,,,,,
568,687221,"Rushing, Dalton",2025,568,100,0.319,0.207,0.381,0.526,0.414,0.362,0.245,37,116,90.2,15.3,2189,88.1,88.01,60,229,339,-0.09999999999999432,6.24,112,144,120,148,295,323,300,"-10.104","10.104",,,146,89,24,7,1,5,30,20.5,25,17.1,2.4497,0.52903,0.3376,-0.22011,"92.3",181,43.82022471910113,10.112359550561797,6.164383561643835,5.73,-0.35,-0.1,2.3,0.438,9,"1.778873239",0.38,0.442,"-1.778873239",0.074,0.057999999999999996,0.084,0.052,26.2,,,,,,,
565,691794,"Schrier, Cody",2025,565,100,0.235,0.094,0.3,0.329,0.27,0.234,0.191,35,149,86.2,14.2,2345,87.8,87.31,87,290,275,-0.5,6.17,107,146,119,147,288,308,274,"5.406","-5.406",,,162,112,28,2,3,2,39,24.1,10,6.2,2.29958,0.71505,0.26319,0.08052,"90.8",132,30.357142857142854,4.464285714285714,3.0864197530864197,5.73,-1.01,0.07,2.45,0.284,5,"-0.956814159",0.245,0.279,"0.956814159",0.044,0.03899999999999998,0.05,0.036,30,,,,,,,
565,691926,"Toledo, Jeral",2025,574,98.4,0.214,0.077,0.28,0.291,0.285,0.299,0.213,25,117,88.2,8.7,2196,88.5,87.96,71,244,321,-0.5,6.2,110,146,108,145,283,307,282,"5.782","-5.782",,,136,84,20,3,0,2,33,24.3,17,12.5,2.17338,0.86358,0.55359,-0.55359,"91.2",126,33.33333333333333,4.761904761904762,2.941176470588235,5.67,-0.74,0.01,2.37,0.324,4,"-1.023362832",0.323,0.335,"1.023362832",0.001,0.0010000000000000009,-0.044,-0.014,29.1,,,,,,,
564,800285,"Tejeda, Enmanuel",2025,564,100,0.242,0.1,0.268,0.342,0.338,0.334,0.234,29,120,87.5,10.2,2295,88,87.47,49,252,312,-0.5,6.15,101,144,115,142,287,307,275,"-4.134","4.134",,,149,100,23,3,0,3,20,13.4,26,17.4,2.27663,0.72698,0.38799,0.12617,"90.7",141,35.35353535353536,4.040404040404041,2.684563758389262,5.67,-0.84,0.09,2.37,0.389,4,"0.732978723",0.384,0.336,"-0.732978723",0.008,0.0050000000000000044,0.006,0.004,19.4,,,,,,,
559,622534,"Margot, Manuel",2025,559,100,0.211,0.055,0.26,0.266,0.261,0.27,0.211,27,128,85,12.3,2277,89,89.02,64,272,287,0,6.4,104,150,119,147,296,320,280,"8.112","-8.112",,,144,101,23,2,1,1,27,18.8,12,8.3,2.35809,0.56971,0.31339,0.21471,"90.7",149,27.368421052631582,1.0526315789473684,0.6944444444444444,5.74,-1.08,0.23,2.36,0.299,1,"-1.451162791",0.303,0.284,"1.451162791",0,-0.0040000000000000036,-0.018,-0.009,23.5,,,,,,,
556,669236,"Jackson, Jeremiah",2025,556,100,0.377,0.296,0.379,0.673,0.453,0.411,0.327,61,162,90.9,10.3,2256,88.6,88.78,79,323,233,0.20000000000000284,6.32,105,151,119,146,302,321,286,"-19.602","19.602",,,171,143,35,15,0,11,20,11.7,6,3.5,2.39363,0.54029,0.21986,0.08978,"93.0",159,47.183098591549296,13.380281690140844,11.11111111111111,5.84,-1.25,0.11,2.31,0.4,19,"3.525539568",0.354,0.618,"-3.525539568",0.05,0.04600000000000004,0.055,0.042,24.5,,,,,,,
556,806368,"Houghton, Maddux",2025,556,100,0.266,0.218,0.338,0.484,0.368,0.296,0.202,33,124,84.4,19,2304,88,87.83,92,268,288,-0.20000000000000284,6.26,104,145,114,145,288,308,276,"-7.573","7.573",,,145,84,21,4,1,7,41,28.3,15,10.3,2.30504,0.68889,0.25727,0.13043,"90.5",160,26.190476190476193,7.142857142857142,4.137931034482759,5.73,-1.08,-0.01,2.31,0.366,6,"1.36205036",0.312,0.338,"-1.36205036",0.064,0.05399999999999999,0.146,0.072,34.3,,,,,,,
556,801194,"Anderson, Max",2025,556,100,0.267,0.156,0.304,0.422,0.328,0.381,0.309,36,135,90.8,10.4,2171,87.5,87.56,85,317,239,0.09999999999999432,6.24,107,150,118,146,295,320,287,"2.041","-2.041",,,147,107,25,6,0,5,28,19,8,5.4,2.44818,0.63027,0.37127,0.12045,"91.6",160,45.794392523364486,8.411214953271028,6.122448979591836,5.84,-0.72,0.06,2.28,0.327,9,"-0.367086331",0.366,0.516,"0.367086331",-0.042,-0.03899999999999998,-0.094,-0.053,26.8,,,,,,,
555,800614,"Rainer, Bryce",2025,555,100,0.302,0.172,0.353,0.474,0.379,0.369,0.262,35,116,92.1,5.2,2224,88.3,87.78,66,231,324,-0.5,6.2,113,146,114,144,281,311,286,"-6.41","6.41",,,140,90,25,5,0,5,29,20.7,20,14.3,2.23611,0.74359,0.49156,-0.37565,"94.2",146,52.80898876404494,10.112359550561797,6.428571428571428,5.73,-1.14,-0.14,2.4,0.4,9,"1.154954955",0.375,0.45,"-1.154954955",0.04,0.025000000000000022,0.024,0.01,28.6,,,,,,,
555,814261,"Caro, Carlos",2025,561,98.9,0.163,0.031,0.253,0.194,0.218,0.215,0.152,21,129,82,8.3,2286,89.4,88.92,86,259,296,-0.5,6.2,102,145,107,145,287,306,274,"13.817","-13.817",,,146,83,18,2,1,0,46,31.5,13,8.9,2.1189,0.79314,0.37094,0.15329,"90.0",117,19.51219512195122,1.2195121951219512,0.684931506849315,5.68,-1.06,0.3,2.35,0.26,1,"-2.48954955",0.252,0.194,"2.48954955",0.011,0.008000000000000007,0,0.003,33.2,,,,,,,
554,805704,"Anthony, Keaton",2025,554,100,0.313,0.119,0.404,0.433,0.354,0.315,0.261,42,134,89.9,7.1,2280,88.3,88.41,62,279,275,0.10000000000000853,6.37,105,149,119,146,299,318,285,"-3.583","3.583",,,148,101,30,10,0,2,33,22.3,12,8.1,2.43462,0.53544,0.23646,0.08637,"91.4",168,36.633663366336634,6.9306930693069315,4.72972972972973,5.79,-1.17,0.04,2.43,0.374,7,"0.646750903",0.327,0.388,"-0.646750903",0.052,0.046999999999999986,0.045,0.039,22.2,,,,,,,
553,702518,"Williams, Jett",2025,553,100,0.209,0.224,0.223,0.433,0.308,0.307,0.226,28,134,86,18.3,2229,87.4,87.39,63,238,315,0,6.27,107,150,118,147,292,315,284,"-0.156","0.156",,,151,101,14,5,2,7,35,23.2,14,9.3,2.44165,0.5842,0.26349,0.17539,"91.9",165,34.34343434343434,7.07070707070707,4.635761589403973,5.75,-1.33,0.12,2.36,0.285,7,"0.028209765",0.307,0.378,"-0.028209765",-0.017,-0.02200000000000002,0.055,0.001,26.5,,,,,,,
551,656449,"Gatewood, Jake",2025,552,99.8,0.174,0.174,0.23,0.349,0.278,0.241,0.147,19,109,89.5,17.7,2258,87.4,87.47,98,251,300,0.09999999999999432,6.31,107,151,120,146,297,323,287,"5.804","-5.804",,,124,66,10,4,0,5,43,34.7,12,9.7,2.52978,0.49686,0.11399,-0.08964,"91.6",163,42.42424242424242,6.0606060606060606,3.225806451612903,5.66,-1.1,0.27,2.37,0.274,4,"-1.053357532",0.25,0.276,"1.053357532",0.027,0.02400000000000002,0.073,0.037,39,,,,,,,
550,670870,"Severino, Yunior",2025,550,100,0.198,0.129,0.321,0.327,0.31,0.338,0.216,20,101,94.4,-0.5,2208,87.4,87.46,95,238,312,0.09999999999999432,6.34,114,146,123,150,282,316,286,"-0.687","0.687",,,124,58,11,7,0,2,43,34.7,23,18.5,2.53271,0.49954,0.20867,-0.20867,"92.9",138,54.385964912280706,10.526315789473683,4.838709677419355,5.89,-0.75,-0.07,2.34,0.347,6,"0.124909091",0.363,0.385,"-0.124909091",-0.018,-0.016000000000000014,-0.058,-0.028,39.9,,,,,,,
548,691775,"Clifford, Ryan",2025,548,100,0.219,0.175,0.263,0.395,0.337,0.373,0.243,25,114,93.6,14.9,2168,87.2,87.28,67,231,317,0.09999999999999432,6.34,115,146,123,151,285,320,294,"-0.882","0.882",,,142,81,15,5,0,5,35,24.6,22,15.5,2.50374,0.54767,0.29707,-0.27429,"93.7",179,53.086419753086425,12.345679012345679,7.042253521126761,5.77,-1.17,0,2.36,0.359,10,"0.160948905",0.383,0.462,"-0.160948905",-0.024,-0.02400000000000002,-0.067,-0.036,29,,,,,,,
548,672016,"Clarke, Denzel",2025,551,99.5,0.262,0.136,0.37,0.398,0.37,0.35,0.255,27,103,90.2,-7.6,2217,88.7,88.8,64,209,339,0.09999999999999432,6.24,107,148,117,146,307,331,298,"-8.256","8.256",,,131,73,16,8,3,0,30,22.9,23,17.6,2.45,0.4791,0.37211,0.09721,"93.5",117,52.054794520547944,4.10958904109589,2.2900763358778624,5.65,-0.78,-0.04,2.45,0.42,3,"1.506569343",0.414,0.332,"-1.506569343",0.007,0.006000000000000005,0.066,0.02,30.6,,,,,,,
548,624417,"Brigman, Bryson",2025,551,99.5,0.226,0.053,0.276,0.278,0.267,0.268,0.221,30,133,83.2,10.7,2203,88.5,88.45,54,258,290,0,6.32,105,151,117,146,293,312,278,"5.808","-5.808",,,148,106,25,4,0,1,27,18.2,14,9.5,2.29294,0.68376,0.26707,0.08216,"89.8",151,20,2.857142857142857,2.027027027027027,5.95,-0.61,0.28,2.42,0.304,3,"-1.059854015",0.301,0.283,"1.059854015",0.005,0.0030000000000000027,-0.005,-0.001,20.9,,,,,,,
548,687210,"Martorella, Nathan",2025,548,100,0.198,0.13,0.232,0.328,0.282,0.277,0.208,26,131,85.4,13.7,2192,87.5,87.72,65,255,293,0.20000000000000284,6.34,114,145,122,150,290,322,286,"2.538","-2.538",,,151,99,18,3,1,4,33,21.9,16,10.6,2.53575,0.47651,0.28133,-0.28757,"91.4",132,32.323232323232325,4.040404040404041,2.6490066225165565,5.73,-1.34,-0.15,2.39,0.298,4,"-0.463138686",0.309,0.288,"0.463138686",-0.01,-0.01100000000000001,0.04,0.005,25.5,,,,,,,
548,701820,"Friend, Jacob",2025,553,99.1,0.169,0.124,0.26,0.292,0.317,0.295,0.159,15,89,83.5,20,2230,88.5,88.05,77,228,320,-0.5,6.23,113,144,113,144,281,306,288,"1.45","-1.45",,,123,52,9,3,1,2,40,32.5,26,21.1,2.20724,0.76389,0.47971,-0.43254,"90.0",140,25,1.9230769230769231,0.8130081300813009,5.62,-1.15,-0.11,2.45,0.374,1,"-0.26459854",0.368,0.219,"0.26459854",0.01,0.006000000000000005,0.073,0.022,33.8,,,,,,,
548,807737,"Walton, TJayy",2025,548,100,0.2,0.056,0.325,0.256,0.256,0.244,0.186,25,125,84.7,9.7,2282,87.3,86.77,99,267,281,-0.5,6.16,103,149,119,148,289,304,275,"3.503","-3.503",,,142,77,20,3,2,0,48,33.8,15,10.6,2.43349,0.61814,0.3249,0.13243,"90.6",138,29.87012987012987,0,0,5.71,-0.97,-0.06,2.44,0.296,0,"-0.639233577",0.283,0.234,"0.639233577",0.014,0.013000000000000012,0.022,0.012,37.1,,,,,,,
547,670156,"Mastrobuoni, Miles",2025,547,100,0.296,0.122,0.337,0.417,0.37,0.341,0.272,34,115,85.9,8.1,2249,89.4,89.69,25,192,355,0.29999999999999716,6.37,114,145,113,149,284,320,299,"-5.51","5.51",,,142,99,22,11,0,1,18,12.7,25,17.6,2.22391,0.67265,0.39379,-0.14775,"90.3",150,25.252525252525253,2.0202020202020203,1.4084507042253522,5.83,-0.64,-0.1,2.36,0.415,2,"1.007312614",0.397,0.351,"-1.007312614",0.024,0.01799999999999996,0.066,0.029,13,,,,,,,
543,666163,"Rortvedt, Ben",2025,543,100,0.205,0.128,0.284,0.333,0.283,0.262,0.193,24,117,84.8,8.9,2184,88.3,88.43,76,240,303,0.10000000000000853,6.34,113,144,118,150,286,321,297,"7.115","-7.115",,,137,77,15,6,0,3,43,31.4,14,10.2,2.38552,0.57693,0.39013,-0.29534,"90.3",160,30.263157894736842,5.263157894736842,2.9197080291970803,5.58,-0.93,-0.1,2.36,0.299,4,"-1.310313076",0.29,0.284,"1.310313076",0.012,0.009000000000000008,0.049,0.021,31.7,,,,,,,
543,685337,"Tapia, Sergio",2025,543,100,0.23,0.156,0.232,0.385,0.289,0.283,0.246,31,135,84.8,17.9,2268,87.6,87.19,58,282,261,-0.3999999999999915,6.21,104,146,117,145,285,304,277,"3.663","-3.663",,,150,117,20,6,0,5,21,14,9,6,2.32748,0.70762,0.35976,0.19276,"90.6",148,28.8135593220339,2.5423728813559325,2,5.76,-0.98,0.11,2.3,0.282,3,"-0.674585635",0.299,0.339,"0.674585635",-0.016,-0.017000000000000015,0.046,0.006,20.6,,,,,,,
543,686823,"Brennan, Will",2025,544,99.8,0.299,0.116,0.331,0.415,0.328,0.338,0.295,44,147,89.4,12.5,2203,89.5,89.37,59,284,259,-0.09999999999999432,6.35,112,144,110,150,282,315,288,"1.836","-1.836",,,155,127,33,8,0,3,20,12.9,8,5.2,2.21131,0.68284,0.40812,-0.29399,"92.0",157,40,7.199999999999999,5.806451612903226,5.87,-1.14,-0.06,2.31,0.335,9,"-0.338121547",0.332,0.45,"0.338121547",0.004,0.0030000000000000027,-0.035,-0.01,20.8,,,,,,,
542,808232,"Ferrebus, Alirio",2025,542,100,0.22,0.057,0.258,0.277,0.246,0.287,0.236,35,159,87.1,2.8,2252,87.1,86.68,55,306,236,-0.3999999999999915,6.17,105,147,120,146,289,305,276,"6.33","-6.33",,,172,133,28,6,0,1,27,15.7,5,2.9,2.45336,0.6098,0.35091,0.10318,"91.1",140,30.82706766917293,4.511278195488721,3.488372093023256,5.77,-0.86,0.14,2.32,0.269,6,"-1.167896679",0.284,0.371,"1.167896679",-0.016,-0.014999999999999958,-0.094,-0.041,18,,,,,,,
541,685274,"Ward, Braiden",2025,555,97.5,0.309,0.146,0.374,0.455,0.392,0.302,0.228,38,123,82.4,6,2265,89.6,90.17,42,264,277,0.6000000000000085,6.36,106,143,97,147,282,314,296,"-7.868","7.868",,,149,100,26,7,4,1,23,15.4,16,10.7,2.20144,0.64853,0.4241,-0.25786,"89.2",136,13,0,0,5.7,-0.8,-0.14,2.44,0.43,0,"1.454343808",0.363,0.267,"-1.454343808",0.081,0.067,0.188,0.09,15.9,,,,,,,
539,663944,"Roberts, Cody",2025,541,99.6,0.223,0.098,0.343,0.321,0.285,0.286,0.207,25,112,84.8,13.1,2253,88.5,88.73,81,222,317,0.20000000000000284,6.27,109,150,118,147,301,323,292,"2.889","-2.889",,,131,69,18,5,0,2,46,35.1,16,12.2,2.4246,0.52541,0.24866,0.09209,"90.3",155,28.985507246376812,7.246376811594203,3.816793893129771,5.73,-0.9,0.12,2.26,0.313,5,"-0.535992579",0.303,0.329,"0.535992579",0.016,0.010000000000000009,-0.008,-0.001,36.5,,,,,,,
539,688363,"Pauley, Graham",2025,539,100,0.263,0.248,0.25,0.511,0.365,0.307,0.237,36,137,87.2,19.6,2223,88.4,88.53,65,282,257,0.09999999999999432,6.34,116,147,115,152,290,321,290,"-5.076","5.076",,,155,120,18,10,0,8,18,11.6,14,9,2.36393,0.59054,0.38473,-0.24744,"91.4",179,35,4.166666666666666,3.225806451612903,5.7,-1.11,-0.28,2.42,0.342,5,"0.94174397",0.319,0.372,"-0.94174397",0.026,0.02300000000000002,0.139,0.058,23,,,,,,,
538,688460,"Kasevich, Josh",2025,538,100,0.213,0.016,0.257,0.23,0.252,0.291,0.234,26,122,89.3,16.6,2228,88.6,88.52,36,217,321,-0.09999999999999432,6.29,107,149,122,147,296,311,284,"8.75","-8.75",,,141,101,24,2,0,0,23,16.3,16,11.3,2.31968,0.63193,0.4169,0.17358,"91.1",172,38.613861386138616,0.9900990099009901,0.7092198581560284,5.74,-1.12,0.13,2.37,0.305,1,"-1.626394052",0.323,0.319,"1.626394052",-0.021,-0.018000000000000016,-0.089,-0.039,16.6,,,,,,,
538,677347,"Paris, Kyren",2025,542,99.3,0.231,0.25,0.288,0.481,0.368,0.32,0.186,25,108,83.9,11.3,2279,88.2,88.3,89,247,291,0.09999999999999432,6.23,106,150,110,145,301,331,295,"-4.857","4.857",,,133,72,13,3,3,6,37,27.8,20,15,2.52271,0.43993,0.26072,0.07987,"91.1",137,29.166666666666668,15.277777777777779,8.270676691729323,5.62,-0.88,0.26,2.28,0.368,11,"0.902788104",0.332,0.377,"-0.902788104",0.045,0.035999999999999976,0.104,0.048,36,,,,,,,
538,698929,"Hernandez, Jesus",2025,538,100,0.23,0.156,0.306,0.385,0.322,0.295,0.205,28,122,86,18,2272,87.9,87.54,54,219,319,-0.4000000000000057,6.25,104,147,118,146,286,303,272,"-0.645","0.645",,,142,87,15,9,2,2,35,24.6,17,12,2.25732,0.75188,0.32198,0.22825,"90.6",156,39.08045977011494,9.195402298850574,5.633802816901409,5.71,-1.13,0.19,2.38,0.338,8,"0.119888476",0.317,0.332,"-0.119888476",0.025,0.02100000000000002,0.053,0.027,24.7,,,,,,,
536,643265,"Cooper, Garrett",2025,536,100,0.228,0.081,0.295,0.309,0.282,0.313,0.248,28,123,86.5,11.9,2252,89.4,89.4,75,261,275,0,6.31,107,150,123,146,302,317,289,"3.434","-3.434",,,138,90,22,4,0,2,33,23.9,13,9.4,2.19791,0.69402,0.37107,0.18391,"91.6",154,31.11111111111111,4.444444444444445,2.898550724637681,5.71,-1.15,0.09,2.49,0.312,4,"-0.640671642",0.33,0.374,"0.640671642",-0.02,-0.018000000000000016,-0.065,-0.031,28.7,,,,,,,
534,800176,"Sanchez, Carlos",2025,536,99.6,0.291,0.091,0.403,0.382,0.367,0.351,0.243,32,110,87.5,5.3,2247,89,88.83,76,215,319,-0.20000000000000284,6.32,111,145,108,144,275,306,292,"-4.1","4.1",,,138,78,26,3,2,1,33,23.9,26,18.8,2.20607,0.72666,0.36583,-0.36801,"91.8",153,38.961038961038966,7.792207792207792,4.3478260869565215,5.59,-1.24,0.04,2.4,0.428,6,"0.767790262",0.394,0.371,"-0.767790262",0.048,0.033999999999999975,0.011,0.016,35.3,,,,,,,
534,695681,"Moore, Christian",2025,534,100,0.292,0.192,0.39,0.483,0.365,0.321,0.236,35,120,90.9,14.1,2193,88.2,88.47,88,262,272,0.29999999999999716,6.26,107,149,118,146,307,332,295,"-6.078","6.078",,,137,82,24,4,2,5,40,29.2,13,9.5,2.4514,0.50566,0.30181,0.14976,"91.8",174,41.46341463414634,12.195121951219512,7.2992700729927,5.69,-1.06,0.13,2.36,0.365,10,"1.138202247",0.318,0.419,"-1.138202247",0.056,0.046999999999999986,0.064,0.044,33.6,,,,,,,
534,683494,"Angeles, Euribiel",2025,537,99.4,0.288,0.055,0.326,0.342,0.316,0.279,0.244,42,146,84.1,5.2,2242,88.3,88.58,42,250,284,0.29999999999999716,6.24,106,150,115,148,305,326,293,"-0.042","0.042",,,162,129,34,8,0,0,17,10.5,14,8.6,2.46301,0.50149,0.29759,0.12203,"91.1",117,28.125,0,0,5.75,-0.8,0.07,2.25,0.358,0,"0.007865169",0.32,0.286,"-0.007865169",0.044,0.03799999999999998,0.056,0.037,16.8,,,,,,,
533,691777,"Muncy, Max",2025,533,100,0.325,0.179,0.411,0.504,0.386,0.351,0.267,40,123,89.8,12.2,2253,87.7,87.8,63,242,291,0.09999999999999432,6.25,104,149,118,146,305,328,296,"-6.46","6.46",,,140,93,25,11,1,3,32,22.9,10,7.1,2.57328,0.44742,0.24167,0.05784,"92.8",134,41.30434782608695,11.956521739130435,7.857142857142857,5.64,-0.91,0.05,2.29,0.393,11,"1.212007505",0.352,0.439,"-1.212007505",0.058,0.041000000000000036,0.065,0.035,26,,,,,,,
532,655316,"Monasterio, Andruw",2025,532,100,0.25,0.161,0.308,0.411,0.333,0.34,0.242,28,112,89.5,22.5,2233,87.9,87.92,67,239,293,0,6.3,108,152,116,147,306,321,286,"-0.335","0.335",,,130,82,18,6,0,4,31,23.8,16,12.3,2.35265,0.63568,0.20503,0.03569,"91.5",186,39.02439024390244,12.195121951219512,7.6923076923076925,5.81,-0.92,0.22,2.34,0.346,10,"0.062969925",0.34,0.442,"-0.062969925",0.008,0.00599999999999995,-0.031,-0.007,28,,,,,,,
532,666185,"Carlson, Dylan",2025,532,100,0.294,0.157,0.351,0.451,0.385,0.363,0.276,30,102,89.1,10.2,2202,88.8,88.74,55,215,317,-0.09999999999999432,6.27,111,147,118,150,289,319,286,"-6.388","6.388",,,126,78,22,4,0,4,25,19.8,23,18.3,2.29284,0.62921,0.28019,-0.28019,"91.1",160,37.17948717948718,5.128205128205128,3.1746031746031744,5.79,-1.31,-0.11,2.41,0.421,4,"1.20075188",0.406,0.405,"-1.20075188",0.018,0.014999999999999958,0.046,0.022,25.6,,,,,,,
532,703607,"Bolte, Henry",2025,532,100,0.3,0.133,0.472,0.433,0.372,0.289,0.206,36,120,88.9,-8.4,2257,88.7,88.89,80,235,297,0.20000000000000284,6.25,107,150,117,147,307,332,298,"-4.431","4.431",,,141,74,26,6,2,2,46,32.6,16,11.3,2.50305,0.42588,0.30285,0.19202,"92.9",134,42.465753424657535,5.47945205479452,2.8368794326241136,5.64,-1.11,0.09,2.4,0.404,4,"0.832894737",0.325,0.295,"-0.832894737",0.094,0.07900000000000001,0.138,0.083,34,,,,,,,
531,680709,"Dunn, Nick",2025,532,99.8,0.205,0.083,0.217,0.288,0.25,0.272,0.236,27,132,85.9,11.6,2243,89.4,89.42,32,223,308,0,6.3,114,146,116,149,282,315,293,"10.829","-10.829",,,145,117,21,3,1,2,16,11,12,8.3,2.23371,0.66121,0.44392,-0.24792,"91.2",142,35.65217391304348,1.7391304347826086,1.3793103448275863,5.74,-1.12,-0.13,2.36,0.269,2,"-2.039359699",0.298,0.307,"2.039359699",-0.031,-0.02899999999999997,-0.019,-0.022,14.3,,,,,,,
530,694224,"Gonzalez, Gabriel",2025,530,100,0.316,0.188,0.35,0.504,0.367,0.293,0.246,42,133,87.6,7.4,2237,87.7,87.68,81,270,260,0,6.25,105,148,121,145,296,319,285,"-1.758","1.758",,,148,109,29,7,0,6,28,18.9,9,6.1,2.48196,0.52329,0.28552,0.07736,"91.7",146,34.57943925233645,6.5420560747663545,4.72972972972973,5.78,-0.8,0.27,2.24,0.358,7,"0.331698113",0.299,0.371,"-0.331698113",0.07,0.059,0.133,0.074,30,,,,,,,
528,678232,"Valdez, Jesus",2025,528,100,0.236,0.11,0.3,0.346,0.279,0.249,0.198,30,127,85.3,7.6,2279,88.4,88.79,71,247,281,0.3999999999999915,6.33,106,151,116,145,302,325,296,"6.195","-6.195",,,139,93,22,5,0,3,36,25.9,10,7.2,2.43845,0.49766,0.24829,0.0078,"91.0",153,27.472527472527474,6.593406593406594,4.316546762589928,5.74,-0.74,0.17,2.24,0.288,6,"-1.173295455",0.257,0.297,"1.173295455",0.038,0.030999999999999972,0.049,0.03,28.7,,,,,,,
527,681433,"Cardenas, Noah",2025,527,100,0.234,0.224,0.243,0.458,0.361,0.316,0.216,25,107,83.9,19,2282,88.4,88.61,69,245,282,0.19999999999998863,6.37,106,150,120,145,295,317,285,"-6.645","6.645",,,129,81,15,3,0,7,26,20.2,20,15.5,2.3314,0.62339,0.2819,0.09566,"90.5",154,20.253164556962027,6.329113924050633,3.875968992248062,5.75,-0.9,0.39,2.33,0.364,5,"1.260910816",0.351,0.336,"-1.260910816",0.018,0.013000000000000012,0.122,0.045,28.2,,,,,,,
527,809244,"Madron, Bryce",2025,527,100,0.207,0.069,0.27,0.276,0.336,0.326,0.198,18,87,85.1,13.5,2222,89.3,89.01,53,169,358,-0.29999999999999716,6.26,115,146,116,145,279,308,285,"-5.559","5.559",,,118,64,14,3,0,1,23,19.5,28,23.7,2.1422,0.76352,0.59153,-0.52332,"89.8",166,18.75,0,0,5.68,-1.36,-0.05,2.29,0.415,0,"1.05483871",0.409,0.253,"-1.05483871",0.009,0.006000000000000005,0.023,0.01,31.4,,,,,,,
527,675394,"Olmstead, Johnny",2025,528,99.8,0.198,0.108,0.256,0.306,0.272,0.29,0.211,22,111,86.5,12.8,2262,88.5,88.55,84,261,266,0,6.33,105,149,117,145,294,321,281,"6.419","-6.419",,,131,83,14,5,2,1,31,23.7,16,12.2,2.32216,0.64084,0.27269,0.08844,"90.9",149,32.53012048192771,6.024096385542169,3.816793893129771,5.77,-0.91,0.11,2.53,0.298,5,"-1.218026565",0.314,0.316,"1.218026565",-0.013,-0.016000000000000014,-0.01,-0.018,32.2,,,,,,,
526,690985,"Halter, Colby",2025,527,99.8,0.205,0.162,0.296,0.368,0.278,0.234,0.162,24,117,86.1,21,2211,88.6,88.88,94,265,261,0.30000000000001137,6.26,113,145,114,149,297,329,302,"5.199","-5.199",,,132,74,13,6,2,3,46,34.8,9,6.8,2.38433,0.55015,0.30373,-0.2451,"90.5",154,28.37837837837838,2.7027027027027026,1.5151515151515151,5.71,-1.14,-0.1,2.5,0.273,2,"-0.988403042",0.244,0.264,"0.988403042",0.043,0.029000000000000026,0.104,0.044,35.5,,,,,,,
525,677007,"Breaux, Josh",2025,525,100,0.226,0.104,0.304,0.33,0.292,0.317,0.23,26,115,89.2,13.5,2189,86.5,86.35,87,251,274,-0.09999999999999432,6.23,108,150,121,146,295,320,284,"2.07","-2.07",,,132,81,19,4,1,2,35,26.5,14,10.6,2.56341,0.52491,0.20632,-0.01425,"92.8",160,45.56962025316456,8.860759493670885,5.303030303030303,5.9,-0.6,0.2,2.18,0.318,7,"-0.394285714",0.323,0.395,"0.394285714",-0.004,-0.0050000000000000044,-0.065,-0.025,34.7,,,,,,,
525,668885,"Martin, Austin",2025,525,100,0.319,0.08,0.365,0.398,0.373,0.351,0.284,36,113,84.1,9.9,2218,89,89.16,38,217,308,0.20000000000000284,6.35,106,151,115,147,296,318,281,"-7.307","7.307",,,137,97,29,6,0,1,17,12.4,21,15.3,2.29975,0.60885,0.34258,0.12708,"91.2",139,30.927835051546392,1.0309278350515463,0.7299270072992701,5.77,-0.82,0.18,2.25,0.431,1,"1.391809524",0.403,0.372,"-1.391809524",0.035,0.02799999999999997,0.026,0.022,17.5,,,,,,,
525,676566,"Ross, Shawn",2025,526,99.8,0.185,0.12,0.333,0.306,0.272,0.234,0.144,20,108,90.3,16.3,2226,87.5,87.63,92,212,313,0.09999999999999432,6.33,107,150,119,145,295,320,285,"5.266","-5.266",,,124,54,13,4,0,3,54,43.5,14,11.3,2.5123,0.59422,0.33417,0.00901,"91.7",142,40.74074074074074,5.555555555555555,2.4193548387096775,5.8,-0.63,0.07,2.38,0.29,3,"-1.003047619",0.255,0.244,"1.003047619",0.041,0.034999999999999976,0.062,0.038,43.4,,,,,,,
525,668800,"Knizner, Andrew",2025,525,100,0.378,0.143,0.444,0.52,0.452,0.382,0.286,37,98,89.6,12.3,2192,88.2,88.2,33,183,342,0,6.42,108,150,120,147,298,319,286,"-16.464","16.464",,,129,82,25,11,0,1,18,14,19,14.7,2.36097,0.62516,0.33866,0.1945,"91.8",166,40.74074074074074,3.7037037037037033,2.3255813953488373,5.74,-0.74,0.19,2.36,0.512,3,"3.136",0.445,0.386,"-3.136",0.092,0.067,0.134,0.07,18,,,,,,,
521,805805,"Jenkins, Walker",2025,521,100,0.25,0.147,0.321,0.397,0.33,0.356,0.252,29,116,88.4,12.2,2203,87.9,87.75,66,255,266,-0.20000000000000284,6.21,114,145,117,151,287,319,292,"-2.91","2.91",,,133,84,19,6,1,3,32,24.1,14,10.5,2.3715,0.61818,0.37754,-0.29524,"91.2",155,40.963855421686745,12.048192771084338,7.518796992481203,5.81,-0.58,-0.11,2.4,0.346,10,"0.558541267",0.349,0.469,"-0.558541267",-0.002,-0.0030000000000000027,-0.072,-0.026,25.9,,,,,,,
519,663979,"Datres, Kyle",2025,519,100,0.204,0.088,0.269,0.292,0.276,0.284,0.207,23,113,88.8,9.1,2261,89.3,89.23,69,219,300,-0.09999999999999432,6.4,107,149,118,147,292,317,280,"2.898","-2.898",,,135,80,17,4,0,2,36,26.7,18,13.3,2.23636,0.66948,0.22988,0.11355,"91.5",146,32.91139240506329,5.063291139240507,2.9629629629629632,5.84,-1.22,0.22,2.35,0.311,4,"-0.558381503",0.316,0.304,"0.558381503",-0.003,-0.0050000000000000044,-0.012,-0.008,31.5,,,,,,,
518,695461,"Spohn, Harrison",2025,518,100,0.155,0.019,0.32,0.175,0.228,0.239,0.147,16,103,87.9,18.4,2281,88.9,88.99,98,231,287,0.09999999999999432,6.37,105,149,116,145,297,316,280,"11.577","-11.577",,,123,50,14,2,0,0,54,43.9,18,14.6,2.27093,0.65456,0.22462,0.0508,"90.3",165,40,2,0.8130081300813009,5.61,-1.19,0.2,2.44,0.285,1,"-2.234942085",0.283,0.202,"2.234942085",0.008,0.0020000000000000018,-0.027,-0.011,42.4,,,,,,,
517,695000,"Ruiz, Poncho",2025,517,100,0.299,0.093,0.395,0.393,0.371,0.343,0.253,32,107,87.1,16.7,2280,88.6,88.41,57,215,302,-0.19999999999998863,6.32,105,145,117,145,290,308,273,"-6.934","6.934",,,131,81,22,10,0,0,26,19.8,24,18.3,2.16981,0.78532,0.30062,0.16082,"91.2",161,34.5679012345679,4.938271604938271,3.0534351145038165,5.75,-1.06,0.07,2.34,0.427,4,"1.341199226",0.39,0.363,"-1.341199226",0.046,0.03699999999999998,0.03,0.028,26.5,,,,,,,
513,702176,"Roden, Alan",2025,514,99.8,0.325,0.167,0.343,0.492,0.396,0.382,0.299,39,120,90.7,11.2,2164,87.6,87.59,38,220,293,0,6.34,114,145,120,151,288,316,289,"-8.203","8.203",,,141,108,26,9,1,3,13,9.2,16,11.3,2.48483,0.5407,0.34701,-0.33607,"93.0",150,44.339622641509436,6.60377358490566,4.964539007092199,5.77,-1.07,-0.12,2.33,0.418,7,"1.599025341",0.402,0.459,"-1.599025341",0.026,0.01599999999999996,0.033,0.014,17.3,,,,,,,
509,685392,"Boone, Trevor",2025,509,100,0.21,0.269,0.279,0.479,0.308,0.259,0.183,25,119,88.7,16.6,2241,88,88.5,97,258,251,0.5,6.34,107,149,117,145,305,328,299,"2.659","-2.659",,,127,69,11,4,2,8,51,40.2,6,4.7,2.53933,0.42288,0.24596,0.13207,"91.3",163,36.231884057971016,11.594202898550725,6.299212598425196,5.72,-0.71,0.16,2.29,0.252,8,"-0.522396857",0.227,0.378,"0.522396857",0.027,0.024999999999999994,0.101,0.049,37.6,,,,,,,
508,803033,"Etzel, Matthew",2025,509,99.8,0.274,0.085,0.351,0.358,0.326,0.299,0.231,29,106,85.3,17,2220,88.3,88.39,58,251,257,0.10000000000000853,6.35,114,146,109,150,283,319,283,"-1.845","1.845",,,126,79,24,3,0,2,29,23,17,13.5,2.38063,0.58646,0.36162,-0.32574,"90.6",155,32.91139240506329,5.063291139240507,3.1746031746031744,5.66,-1.06,-0.12,2.41,0.368,4,"0.363188976",0.333,0.328,"-0.363188976",0.043,0.034999999999999976,0.03,0.027,23.1,,,,,,,
508,641555,"Escarra, J.C.",2025,508,100,0.3,0.1,0.348,0.4,0.349,0.305,0.245,33,110,90.5,17.1,2229,88,87.96,45,210,298,0,6.31,113,145,119,149,285,320,292,"-3.198","3.198",,,133,91,27,3,1,2,23,17.3,18,13.5,2.45915,0.52863,0.28294,-0.27093,"91.8",159,34.065934065934066,1.098901098901099,0.7518796992481203,5.82,-1,-0.01,2.44,0.391,1,"0.629527559",0.347,0.325,"-0.629527559",0.055,0.04400000000000004,0.075,0.044,21.4,,,,,,,
508,802415,"Simpson, Chandler",2025,516,98.4,0.319,0.065,0.355,0.384,0.326,0.301,0.288,44,138,83.6,3.7,2278,89.1,89.04,26,221,287,-0.09999999999999432,6.27,103,141,91,147,268,303,288,"-1.501","1.501",,,148,124,38,3,3,0,15,10.1,9,6.1,2.19992,0.71557,0.3799,-0.33093,"89.9",140,16.129032258064516,0,0,5.74,-0.99,0.05,2.39,0.358,0,"0.295472441",0.335,0.333,"-0.295472441",0.031,0.022999999999999965,0.051,0.025,11.8,,,,,,,
507,683953,"Bazzana, Travis",2025,509,99.6,0.216,0.216,0.288,0.432,0.379,0.34,0.177,19,88,89.3,13.1,2185,88.8,88.76,45,185,322,0,6.28,115,145,114,151,288,317,284,"-5.689","5.689",,,118,56,10,3,2,4,32,27.1,29,24.6,2.34178,0.59478,0.46006,-0.23537,"91.2",161,41.07142857142857,12.5,5.932203389830509,5.76,-1.09,-0.14,2.47,0.415,7,"1.12209073",0.386,0.344,"-1.12209073",0.039,0.02899999999999997,0.088,0.039,24.3,,,,,,,
505,694201,"Bastidas, Abel",2025,505,100,0.23,0.018,0.313,0.248,0.257,0.268,0.211,26,113,85.6,11.9,2199,87.9,87.33,86,273,232,-0.6000000000000085,6.17,111,145,114,146,280,304,279,"5.12","-5.12",,,130,83,24,2,0,0,33,25.4,13,10,2.22644,0.78501,0.52734,-0.52734,"90.9",136,36.58536585365854,1.2195121951219512,0.7692307692307693,5.72,-1.02,-0.05,2.38,0.308,1,"-1.013861386",0.299,0.27,"1.013861386",0.019,0.009000000000000008,-0.022,-0.011,31.5,,,,,,,
503,694216,"Valdez, Malvin",2025,507,99.2,0.167,0.037,0.236,0.204,0.232,0.233,0.169,18,108,83.3,6.8,2296,88.4,88.03,86,243,260,-0.4000000000000057,6.24,107,145,115,144,287,307,278,"9.657","-9.657",,,126,73,16,1,0,1,36,28.6,15,11.9,2.32002,0.66739,0.27211,0.1902,"90.1",128,21.91780821917808,0,0,5.72,-1.07,0.26,2.31,0.278,0,"-1.919880716",0.28,0.203,"1.919880716",-0.002,-0.0020000000000000018,0.001,-0.001,35.4,,,,,,,
499,642180,"Wade, Tyler",2025,501,99.6,0.275,0.078,0.351,0.353,0.326,0.317,0.26,28,102,82.5,11.4,2237,89.6,89.73,48,192,307,0.10000000000000853,6.26,115,144,106,148,287,318,299,"0.412","-0.412",,,119,78,22,5,0,1,25,21,15,12.6,2.2715,0.59141,0.33585,-0.1284,"89.9",155,16.666666666666664,2.564102564102564,1.680672268907563,5.73,-0.89,0.11,2.35,0.37,2,"-0.08256513",0.362,0.329,"0.08256513",0.015,0.008000000000000007,0.024,0.009,25,,,,,,,
499,802355,"Schobel, Tanner",2025,499,100,0.21,0.12,0.311,0.33,0.302,0.324,0.232,21,100,88.5,15.1,2279,88.3,88.25,67,215,284,-0.09999999999999432,6.28,105,151,118,147,295,317,288,"1.639","-1.639",,,118,63,13,6,0,2,37,31.4,16,13.6,2.31703,0.64583,0.25818,0.16663,"90.8",165,41.269841269841265,9.523809523809524,5.084745762711865,5.8,-1.22,0.27,2.3,0.331,6,"-0.328456914",0.349,0.369,"0.328456914",-0.022,-0.01799999999999996,-0.039,-0.022,31.2,,,,,,,
498,702315,"Hostetler, Bennett",2025,498,100,0.179,0.042,0.288,0.221,0.266,0.28,0.187,17,95,87.7,16.7,2299,88.7,88.83,86,229,269,0.09999999999999432,6.35,105,149,117,145,294,318,279,"4.35","-4.35",,,120,59,13,4,0,0,39,32.5,15,12.5,2.26269,0.66875,0.2561,0.11163,"90.8",154,37.93103448275862,1.7241379310344827,0.8333333333333334,5.7,-1.02,0.24,2.43,0.325,1,"-0.873493976",0.335,0.24,"0.873493976",-0.008,-0.010000000000000009,-0.019,-0.014,37.6,,,,,,,
496,701811,"Spikerman, John",2025,497,99.8,0.23,0.14,0.333,0.37,0.31,0.265,0.188,23,100,88.9,16.6,2184,88.4,87.91,67,195,301,-0.5,6.24,111,144,112,146,279,305,280,"0.994","-0.994",,,114,63,16,3,1,3,37,32.5,11,9.6,2.22278,0.75319,0.5503,-0.5503,"91.2",158,29.03225806451613,4.838709677419355,2.631578947368421,5.7,-0.9,-0.09,2.35,0.325,3,"-0.200403226",0.289,0.287,"0.200403226",0.042,0.03600000000000003,0.083,0.045,34.4,,,,,,,
496,682626,"Alvarez, Francisco",2025,496,100,0.245,0.392,0.236,0.637,0.409,0.377,0.229,25,102,93.5,18.8,2230,88,88.05,84,223,273,0.09999999999999432,6.35,105,149,121,146,298,321,287,"-7.122","7.122",,,117,67,9,4,0,12,35,29.9,12,10.3,2.44294,0.54677,0.27397,0.11283,"93.6",165,55.223880597014926,19.402985074626866,11.11111111111111,5.72,-1.41,0.21,2.35,0.342,13,"1.435887097",0.328,0.562,"-1.435887097",0.016,0.014000000000000012,0.075,0.032,37.7,,,,,,,
495,801957,"Gleed, Dub",2025,495,100,0.244,0.078,0.313,0.322,0.334,0.309,0.209,22,90,85.4,13.7,2309,88,87.61,46,185,310,-0.4000000000000057,6.24,108,147,119,147,288,307,273,"-0.973","0.973",,,113,68,17,4,0,1,22,19.5,17,15,2.24103,0.76462,0.36286,0.1809,"90.7",125,28.985507246376812,2.898550724637681,1.7699115044247788,5.66,-1.05,0.11,2.37,0.393,2,"0.196565657",0.364,0.287,"-0.196565657",0.035,0.029000000000000026,0.035,0.025,24.9,,,,,,,
494,691588,"Lewis, Ian",2025,495,99.8,0.231,0.231,0.244,0.462,0.35,0.318,0.232,27,117,88.6,7.7,2190,87.6,87.27,66,242,252,-0.29999999999999716,6.22,111,145,111,145,277,305,281,"-1.501","1.501",,,137,92,14,5,2,6,25,18.2,17,12.4,2.30366,0.74047,0.40213,-0.40213,"91.9",125,39.130434782608695,5.434782608695652,3.64963503649635,5.73,-1.09,-0.02,2.35,0.343,5,"0.303846154",0.344,0.359,"-0.303846154",-0.001,-0.0009999999999999454,0.103,0.032,27.3,,,,,,,
490,680753,"Hackenberg, Adam",2025,490,100,0.218,0.083,0.295,0.301,0.256,0.26,0.222,29,133,85.9,14.1,2286,89.4,89.49,82,257,233,0.09999999999999432,6.29,104,150,120,148,295,319,282,"7.47","-7.47",,,143,96,20,8,0,1,37,25.9,10,7,2.17549,0.70368,0.28417,0.15152,"91.0",162,31.25,2.083333333333333,1.3986013986013985,5.78,-1.06,0.2,2.41,0.273,2,"-1.524489796",0.277,0.303,"1.524489796",-0.004,-0.0040000000000000036,-0.002,-0.004,31.9,,,,,,,
489,683734,"Vaughn, Andrew",2025,489,100,0.235,0.191,0.253,0.426,0.333,0.34,0.248,27,115,90.9,5.8,2279,87.7,87.96,54,220,269,0.29999999999999716,6.32,104,148,119,146,300,320,283,"-1.586","1.586",,,132,92,16,5,1,5,23,17.4,17,12.9,2.48769,0.496,0.14102,0.05264,"93.2",135,47.82608695652174,5.434782608695652,3.787878787878788,5.72,-1.2,0.12,2.27,0.333,5,"0.324335378",0.346,0.428,"-0.324335378",-0.013,-0.012999999999999956,-0.002,-0.007,24.5,,,,,,,
489,802469,"Honeyman, Travis",2025,489,100,0.321,0.123,0.376,0.443,0.392,0.341,0.253,34,106,87,7.1,2299,88.6,88.33,41,210,279,-0.29999999999999716,6.33,108,147,116,146,288,306,273,"-8.697","8.697",,,128,87,26,5,1,2,19,14.8,18,14.1,2.23507,0.74362,0.35329,0.18181,"91.0",135,33.33333333333333,4.597701149425287,3.125,5.69,-1.2,0.26,2.39,0.438,4,"1.778527607",0.382,0.368,"-1.778527607",0.068,0.055999999999999994,0.075,0.051,19.5,,,,,,,
485,686540,"Cobb, Owen",2025,485,100,0.293,0.129,0.356,0.422,0.33,0.272,0.218,34,116,86.4,17.7,2262,88.1,87.69,70,246,239,-0.3999999999999915,6.21,103,145,117,144,290,308,280,"0.474","-0.474",,,131,92,25,5,2,2,27,20.6,9,6.9,2.25377,0.74828,0.30851,0.06004,"90.4",151,23.91304347826087,4.3478260869565215,3.0534351145038165,5.67,-0.74,0.01,2.43,0.341,4,"-0.097731959",0.279,0.331,"0.097731959",0.075,0.062,0.091,0.058,28.5,,,,,,,
485,703156,"Blanco Jr., Tony",2025,485,100,0.267,0.229,0.362,0.495,0.371,0.374,0.26,28,105,93.1,10.2,2288,87.2,86.66,100,232,253,-0.5,6.16,106,147,120,144,292,314,287,"-5.218","5.218",,,123,65,18,3,0,7,41,33.3,17,13.8,2.50054,0.55526,0.22946,0.12184,"95.9",136,53.84615384615385,16.923076923076923,8.94308943089431,5.6,-1,0.27,2.38,0.366,11,"1.075876289",0.36,0.51,"-1.075876289",0.007,0.006000000000000005,-0.015,-0.003,43.1,,,,,,,
485,678173,"McCabe, David",2025,485,100,0.235,0.163,0.302,0.398,0.316,0.362,0.266,23,98,91.4,10.7,2195,88.8,89.2,65,224,261,0.4000000000000057,6.4,113,147,124,151,297,323,301,"-0.529","0.529",,,112,67,15,4,0,4,32,28.6,13,11.6,2.27767,0.63913,0.40377,-0.40377,"92.0",171,52.23880597014925,13.432835820895523,8.035714285714286,5.77,-1.18,-0.07,2.51,0.321,9,"0.109072165",0.349,0.49,"-0.109072165",-0.031,-0.02799999999999997,-0.092,-0.046,29,,,,,,,
481,668709,"Bleday, JJ",2025,482,99.8,0.35,0.222,0.398,0.573,0.418,0.341,0.278,41,117,86.7,13.8,2191,89.2,89.43,56,223,258,0.20000000000000284,6.36,115,146,117,152,300,329,303,"-10.035","10.035",,,130,94,28,6,1,6,24,18.5,12,9.2,2.41362,0.4899,0.33962,-0.29218,"91.9",145,36.17021276595745,7.446808510638298,5.384615384615385,5.69,-1.06,0.06,2.41,0.408,7,"2.086278586",0.343,0.441,"-2.086278586",0.072,0.06499999999999995,0.132,0.077,25.1,,,,,,,
476,694049,"Fana, Nomar",2025,476,100,0.127,0.059,0.231,0.186,0.192,0.216,0.152,13,102,86.7,1.8,2245,88.5,88.09,103,232,244,-0.4000000000000057,6.28,111,146,113,144,279,309,286,"11.88","-11.88",,,115,53,9,3,0,1,50,43.5,12,10.4,2.25616,0.71513,0.43398,-0.43398,"91.0",124,37.735849056603776,3.7735849056603774,1.7391304347826086,5.79,-1.1,-0.14,2.37,0.217,2,"-2.495798319",0.24,0.224,"2.495798319",-0.025,-0.022999999999999993,-0.038,-0.024,44.4,,,,,,,
475,701655,"Trimble, Reed",2025,476,99.8,0.252,0.178,0.31,0.43,0.322,0.273,0.201,27,107,89.3,15.8,2126,87.7,87.67,63,239,236,0,6.25,109,147,109,149,289,322,287,"2.048","-2.048",,,118,76,18,4,0,5,32,27.1,9,7.6,2.42259,0.57968,0.32432,-0.32432,"91.9",150,38.15789473684211,7.894736842105263,5.084745762711865,5.86,-0.56,-0.02,2.42,0.314,6,"-0.431157895",0.268,0.348,"0.431157895",0.051,0.045999999999999985,0.082,0.049,26.4,,,,,,,
475,686958,"Torres, Jose",2025,475,100,0.239,0.197,0.315,0.436,0.317,0.262,0.207,28,117,86.6,19.6,2266,88.2,88.86,86,254,221,0.7000000000000028,6.38,105,149,111,146,305,330,298,"-0.319","0.319",,,127,78,17,4,2,5,39,30.7,10,7.9,2.44425,0.50028,0.28977,0.05727,"90.7",176,33.33333333333333,6.41025641025641,3.937007874015748,5.61,-0.67,0.19,2.38,0.299,5,"0.067157895",0.27,0.32,"-0.067157895",0.032,0.02899999999999997,0.116,0.055,33.9,,,,,,,
474,571466,"Barnhart, Tucker",2025,476,99.6,0.216,0.118,0.26,0.333,0.308,0.279,0.193,22,102,86.1,15.6,2181,89.4,89.61,51,200,274,0.19999999999998863,6.31,114,145,118,151,287,321,297,"0.736","-0.736",,,123,79,14,6,0,2,24,19.5,17,13.8,2.30494,0.57267,0.41602,-0.24525,"90.7",165,29.11392405063291,1.2658227848101267,0.8130081300813009,5.77,-1.05,-0.09,2.33,0.341,1,"-0.155274262",0.323,0.27,"0.155274262",0.023,0.018000000000000016,0.063,0.029,25.5,,,,,,,
471,675628,"Hill, Darius",2025,471,100,0.212,0.111,0.27,0.323,0.284,0.278,0.216,21,99,87.4,10.5,2233,89.1,89.34,69,241,230,0.20000000000000284,6.38,113,146,109,152,277,310,287,"1.083","-1.083",,,114,75,13,6,1,1,25,21.9,12,10.5,2.29166,0.61161,0.34788,-0.26972,"90.3",168,24.324324324324326,2.7027027027027026,1.7543859649122806,5.73,-0.73,-0.03,2.37,0.307,2,"-0.229936306",0.311,0.296,"0.229936306",-0.004,-0.0040000000000000036,0.027,0.006,28.6,,,,,,,
471,694217,"Fanas, Willy",2025,471,100,0.18,0.036,0.297,0.216,0.226,0.221,0.162,20,111,87.4,4.2,2250,87.8,87.43,100,244,227,-0.3999999999999915,6.32,111,146,116,147,281,305,289,"10.226","-10.226",,,125,65,18,1,0,1,47,37.6,9,7.2,2.43378,0.58804,0.39172,-0.36249,"90.9",115,34.375,3.125,1.6,5.68,-1.15,0,2.3,0.264,2,"-2.171125265",0.249,0.215,"2.171125265",0.018,0.015000000000000013,0.001,0.005,41,,,,,,,
464,672701,"Devers, José",2025,464,100,0.286,0.112,0.313,0.398,0.326,0.311,0.257,28,98,87.4,19.1,2190,88.1,88.07,70,250,214,0,6.25,113,146,112,150,287,316,296,"-3.423","3.423",,,110,85,21,5,0,2,15,13.6,9,8.2,2.31097,0.66453,0.42994,-0.40526,"90.6",161,32.94117647058823,3.5294117647058822,2.727272727272727,5.73,-1.29,-0.11,2.51,0.345,3,"0.737715517",0.328,0.37,"-0.737715517",0.029,0.01699999999999996,0.028,0.015,28,,,,,,,
463,665856,"Camargo, Jair",2025,463,100,0.212,0.106,0.338,0.319,0.255,0.292,0.227,24,113,90,4,2268,87.4,87.35,93,238,225,-0.10000000000000853,6.33,109,151,120,146,288,311,276,"7.364","-7.364",,,120,67,16,6,0,2,46,38.3,7,5.8,2.46417,0.56926,0.1202,-0.02935,"92.9",135,44.776119402985074,13.432835820895523,7.5,5.89,-0.3,0.19,2.25,0.258,9,"-1.59049676",0.272,0.401,"1.59049676",-0.015,-0.014000000000000012,-0.082,-0.037,39.1,,,,,,,
462,676063,"McGuire, Shane",2025,462,100,0.275,0.118,0.366,0.392,0.336,0.292,0.228,28,102,88.2,6,2186,88.1,88.5,50,178,284,0.4000000000000057,6.26,113,146,115,150,294,326,302,"-3.799","3.799",,,119,73,20,6,0,2,30,25.2,14,11.8,2.44762,0.5097,0.2837,-0.25309,"91.3",147,36.486486486486484,2.7027027027027026,1.680672268907563,5.69,-0.78,-0.14,2.33,0.364,2,"0.822294372",0.325,0.316,"-0.822294372",0.047,0.03899999999999998,0.076,0.044,28.1,,,,,,,
460,681460,"Baldwin, Brooks",2025,462,99.6,0.371,0.388,0.373,0.759,0.493,0.366,0.277,43,116,89.1,12.3,2205,88,88.12,55,246,214,0.09999999999999432,6.34,114,146,110,151,285,317,290,"-18.972","18.972",,,130,95,24,5,2,12,22,16.9,12,9.2,2.43411,0.55066,0.34018,-0.34018,"91.6",164,41.48936170212766,12.76595744680851,9.230769230769232,5.64,-1.23,-0.09,2.41,0.431,12,"4.124347826",0.347,0.506,"-4.124347826",0.094,0.08400000000000002,0.253,0.127,22.4,,,,,,,
457,692390,"Cordoba, Jose",2025,458,99.8,0.252,0.126,0.284,0.378,0.329,0.316,0.251,28,111,86.8,10.2,2260,88.7,88.44,48,220,237,-0.29999999999999716,6.3,106,148,118,146,284,308,274,"-5.682","5.682",,,131,96,18,7,2,1,16,12.2,17,13,2.19897,0.75772,0.37414,0.14841,"90.9",131,33.33333333333333,1.0416666666666665,0.7633587786259541,5.66,-0.82,0.25,2.43,0.359,1,"1.243326039",0.359,0.331,"-1.243326039",0.001,0,0.047,0.013,21.8,,,,,,,
453,695506,"Caglianone, Jac",2025,453,100,0.357,0.348,0.349,0.705,0.469,0.403,0.298,40,112,93.9,14.1,2161,87.7,87.78,58,232,221,0.09999999999999432,6.29,116,145,128,151,296,323,294,"-15.176","15.176",,,128,94,23,6,0,11,20,15.6,11,8.6,2.53532,0.46666,0.28249,-0.22086,"94.2",161,53.191489361702125,11.702127659574469,8.59375,5.85,-1.11,-0.02,2.33,0.422,11,"3.350110375",0.372,0.576,"-3.350110375",0.059,0.04999999999999999,0.129,0.066,25,,,,,,,
453,682668,"Acuña, Luisangel",2025,454,99.8,0.303,0.083,0.355,0.385,0.319,0.291,0.237,33,109,87.9,0.7,2255,87.6,87.64,34,209,244,0,6.28,108,149,114,147,295,318,288,"-0.622","0.622",,,121,93,25,7,1,0,19,15.7,9,7.4,2.50543,0.50091,0.32314,0.17084,"91.4",137,35.483870967741936,5.376344086021505,4.132231404958678,5.69,-1.29,0.13,2.38,0.347,5,"0.137306843",0.297,0.346,"-0.137306843",0.066,0.04999999999999999,0.039,0.028,16.3,,,,,,,
452,685298,"Bunnell, Cade",2025,453,99.8,0.214,0.112,0.373,0.327,0.276,0.271,0.206,21,98,86.6,19.7,2235,88.4,88.54,84,217,235,0.09999999999999432,6.37,115,147,122,150,292,320,303,"4.858","-4.858",,,110,53,14,5,0,2,46,41.8,10,9.1,2.34912,0.60969,0.37016,-0.32723,"90.8",171,32.075471698113205,7.547169811320755,3.6363636363636362,5.77,-1.21,0.06,2.46,0.291,4,"-1.074778761",0.284,0.321,"1.074778761",0.008,0.007000000000000006,0.006,0.005,38.7,,,,,,,
450,677008,"Kjerstad, Heston",2025,450,100,0.149,0.099,0.188,0.248,0.215,0.294,0.233,15,101,88.5,5.3,2201,88.6,88.58,57,222,228,0,6.27,114,146,123,151,290,320,294,"11.378","-11.378",,,112,71,10,2,1,2,30,26.8,10,8.9,2.4624,0.48065,0.27701,-0.18714,"91.0",135,40,5.714285714285714,3.571428571428571,5.82,-1.4,-0.13,2.4,0.225,4,"-2.528444444",0.304,0.356,"2.528444444",-0.084,-0.07899999999999999,-0.108,-0.079,25.7,,,,,,,
449,802135,"Barry, Braden",2025,449,100,0.294,0.078,0.423,0.373,0.35,0.315,0.243,30,102,87.3,10.7,2310,88.1,87.61,39,177,272,-0.5,6.18,105,147,118,146,289,302,272,"-4.509","4.509",,,120,71,22,8,0,0,31,25.8,13,10.8,2.28993,0.71036,0.32271,0.16727,"91.1",142,35.2112676056338,2.8169014084507045,1.6666666666666667,5.62,-0.97,0.07,2.45,0.4,2,"1.004231626",0.356,0.327,"-1.004231626",0.051,0.04400000000000004,0.046,0.035,22,,,,,,,
446,686810,"Milone, Brennan",2025,446,100,0.23,0.149,0.286,0.379,0.334,0.281,0.169,20,87,86.9,20.8,2245,89.6,90.07,37,189,257,0.5,6.43,106,150,118,146,301,321,291,"-0.993","0.993",,,109,65,13,3,2,2,24,22,18,16.5,2.29099,0.58047,0.34989,0.18584,"90.2",165,33.84615384615385,3.076923076923077,1.834862385321101,5.6,-1.05,0.14,2.29,0.367,2,"0.22264574",0.319,0.277,"-0.22264574",0.061,0.04799999999999999,0.102,0.053,19.6,,,,,,,
442,696140,"Murray, Ethan",2025,442,100,0.198,0.05,0.271,0.248,0.239,0.242,0.193,20,101,89.7,3.4,2281,88.2,88.43,68,210,232,0.20000000000000284,6.32,106,150,115,147,300,320,289,"7.035","-7.035",,,114,71,17,2,0,1,32,28.1,10,8.8,2.3869,0.59072,0.26643,0.06984,"91.3",144,41.42857142857143,2.857142857142857,1.7543859649122806,5.63,-0.87,0.17,2.39,0.272,2,"-1.591628959",0.269,0.257,"1.591628959",0.005,0.0030000000000000027,-0.009,-0.003,32.4,,,,,,,
442,685341,"Reyes, Ripken",2025,453,97.6,0.28,0.103,0.316,0.383,0.345,0.324,0.266,30,107,83.5,15.6,2148,88.9,89.24,21,196,246,0.29999999999999716,6.35,112,147,105,149,294,318,294,"-3.292","3.292",,,127,95,21,7,2,0,13,10.2,14,11,2.33036,0.59638,0.48327,-0.48327,"90.2",153,18.947368421052634,0,0,5.71,-0.56,-0.02,2.41,0.386,0,"0.74479638",0.376,0.328,"-0.74479638",0.014,0.010000000000000009,0.055,0.021,10.7,,,,,,,
441,686445,"Siani, Sammy",2025,442,99.8,0.24,0.15,0.267,0.39,0.315,0.298,0.218,24,100,85.2,10.4,2182,87.7,87.97,51,203,238,0.29999999999999716,6.42,117,146,108,150,286,313,294,"-0.194","0.194",,,114,79,17,3,0,4,22,19.3,13,11.4,2.4707,0.55945,0.36087,-0.2631,"91.0",141,31.645569620253166,5.063291139240507,3.508771929824561,5.84,-1.12,-0.19,2.24,0.325,4,"0.04399093",0.306,0.362,"-0.04399093",0.022,0.019000000000000017,0.028,0.017,25.1,,,,,,,
440,677605,"Verdugo, Luis",2025,443,99.3,0.182,0.081,0.258,0.263,0.224,0.249,0.209,18,99,87.5,7.9,2284,88.1,88.07,64,194,246,0,6.3,104,151,122,148,296,316,281,"10.376","-10.376",,,106,64,14,2,0,2,35,33,7,6.6,2.37786,0.59559,0.20697,0.19016,"91.4",141,43.54838709677419,4.838709677419355,2.8301886792452833,5.82,-1.6,0.19,2.35,0.236,3,"-2.358181818",0.262,0.294,"2.358181818",-0.027,-0.026000000000000023,-0.031,-0.025,33,,,,,,,
438,678218,"Valenzuela, Brandon",2025,438,100,0.207,0.163,0.276,0.37,0.285,0.276,0.203,19,92,91.2,15.6,2185,88.4,88.4,69,213,225,0,6.29,114,147,124,152,289,315,290,"3.434","-3.434",,,103,61,10,6,0,3,32,31.1,10,9.7,2.38701,0.57975,0.43963,-0.43963,"91.9",161,44.26229508196721,8.19672131147541,4.854368932038835,5.71,-1.06,-0.07,2.39,0.282,5,"-0.784018265",0.279,0.341,"0.784018265",0.004,0.002999999999999947,0.029,0.009,32.4,,,,,,,
438,807712,"Keaschall, Luke",2025,438,100,0.263,0.074,0.296,0.337,0.321,0.364,0.269,25,95,87.7,14.1,2232,88.7,88.87,33,170,268,0.20000000000000284,6.38,105,150,118,145,291,317,280,"-0.2","0.2",,,118,82,21,2,1,1,17,14.4,17,14.4,2.37126,0.56742,0.26381,0.05696,"91.4",153,34.177215189873415,6.329113924050633,4.23728813559322,5.75,-0.67,0.22,2.32,0.373,5,"0.0456621",0.388,0.424,"-0.0456621",-0.006,-0.015000000000000013,-0.087,-0.043,19.4,,,,,,,
435,686976,"Ardoin, Silas",2025,435,100,0.258,0.172,0.345,0.43,0.349,0.321,0.237,24,93,86.9,15.2,2207,88.1,88.14,54,176,259,0,6.3,105,151,121,148,295,320,284,"-2.45","2.45",,,108,62,16,4,0,4,31,28.7,15,13.9,2.30425,0.67079,0.27106,0.09885,"90.9",170,33.87096774193548,9.67741935483871,5.555555555555555,5.84,-0.98,0.05,2.32,0.361,6,"0.563218391",0.343,0.377,"-0.563218391",0.021,0.01799999999999996,0.053,0.028,30.7,,,,,,,
432,666703,"Rosario, Eguy",2025,432,100,0.194,0.051,0.247,0.245,0.233,0.259,0.218,19,98,85.6,12.7,2226,88.9,89.23,77,208,224,0.29999999999999716,6.38,108,151,119,146,299,321,299,"7.609","-7.609",,,110,74,16,2,0,1,26,23.6,10,9.1,2.43486,0.47324,0.27724,0.07719,"91.7",141,29.72972972972973,1.3513513513513513,0.9090909090909091,5.71,-0.76,0.18,2.32,0.264,1,"-1.761342593",0.286,0.283,"1.761342593",-0.024,-0.021999999999999964,-0.038,-0.026,37,,,,,,,
431,691497,"Rodriguez, Lizandro",2025,435,99.1,0.2,0.122,0.258,0.322,0.296,0.288,0.195,18,90,86.1,19.2,2293,88.3,87.8,50,178,253,-0.5,6.19,113,146,104,146,281,306,281,"0.859","-0.859",,,107,67,11,4,2,1,23,21.5,16,15,2.17879,0.80179,0.54065,-0.54065,"90.4",142,21.21212121212121,4.545454545454546,2.803738317757009,5.74,-1.25,-0.04,2.47,0.327,3,"-0.199303944",0.324,0.296,"0.199303944",0.005,0.0030000000000000027,0.026,0.008,28.1,,,,,,,
431,815147,"Rodriguez, Wilson",2025,431,100,0.237,0.155,0.28,0.392,0.322,0.295,0.214,23,97,88.1,15.9,2321,88.7,88.31,40,174,257,-0.4000000000000057,6.22,113,146,119,148,277,308,286,"-0.466","0.466",,,117,77,14,5,2,2,23,19.7,15,12.8,2.24367,0.74167,0.39243,-0.33285,"91.6",131,33.76623376623377,3.896103896103896,2.564102564102564,5.65,-0.73,-0.27,2.36,0.342,3,"0.10812065",0.324,0.326,"-0.10812065",0.023,0.018000000000000016,0.066,0.027,23,,,,,,,
429,694876,"Ingle, Cooper",2025,429,100,0.207,0.122,0.239,0.329,0.331,0.376,0.258,17,82,87.3,11.6,2193,89.2,89.1,21,147,282,-0.10000000000000853,6.3,112,145,110,151,283,316,283,"-0.026","0.026",,,107,68,9,7,0,1,15,14,21,19.6,2.27543,0.63112,0.48152,-0.32315,"91.4",154,41.7910447761194,4.477611940298507,2.803738317757009,5.8,-0.84,-0.05,2.31,0.383,3,"0.006060606",0.429,0.379,"-0.006060606",-0.051,-0.045999999999999985,-0.05,-0.045,14.3,,,,,,,
428,800503,"Delgado, Enderson",2025,429,99.8,0.173,0.071,0.221,0.245,0.249,0.245,0.173,17,98,86.9,22.4,2226,88.6,88.11,89,233,195,-0.5,6.17,112,145,115,147,281,307,282,"4.493","-4.493",,,116,70,14,1,0,2,30,25.9,12,10.3,2.21988,0.75744,0.45175,-0.45175,"90.6",155,32.857142857142854,2.857142857142857,1.7241379310344827,5.75,-1.27,-0.14,2.38,0.284,2,"-1.049766355",0.288,0.224,"1.049766355",0,-0.0040000000000000036,0.021,0.004,38.2,,,,,,,
427,699097,"Munoz, Yeuni",2025,427,100,0.268,0.258,0.339,0.526,0.38,0.332,0.218,26,97,92.4,7.6,2258,87.3,86.98,72,214,213,-0.29999999999999716,6.28,103,146,119,145,286,307,283,"-7.902","7.902",,,111,65,13,7,0,6,32,28.8,12,10.8,2.48539,0.60416,0.29808,0.05813,"93.1",122,49.23076923076923,15.384615384615385,9.00900900900901,5.62,-1,0.24,2.35,0.36,10,"1.85058548",0.316,0.446,"-1.85058548",0.05,0.043999999999999984,0.08,0.048,33.6,,,,,,,
427,687588,"Pries, Micah",2025,429,99.5,0.14,0.17,0.145,0.31,0.242,0.299,0.212,14,100,90.3,13.8,2159,87.9,87.72,58,219,208,-0.20000000000000284,6.36,113,144,119,149,285,320,287,"7.985","-7.985",,,112,73,7,1,2,4,27,24.1,10,8.9,2.50848,0.50941,0.40194,-0.37632,"92.2",163,43.05555555555556,6.944444444444445,4.464285714285714,5.79,-1.09,-0.12,2.34,0.232,5,"-1.870023419",0.297,0.38,"1.870023419",-0.072,-0.06499999999999997,-0.07,-0.057,26.5,,,,,,,
426,670868,"Gutierrez, Abrahan",2025,426,100,0.235,0.039,0.303,0.275,0.273,0.265,0.216,24,102,87.4,8,2285,88.5,88.5,53,206,220,0,6.32,107,151,120,148,295,317,283,"2.936","-2.936",,,114,77,22,1,0,1,25,21.9,9,7.9,2.35455,0.59809,0.27293,0.05426,"91.0",151,32.467532467532465,0,0,5.77,-0.87,0.27,2.33,0.316,0,"-0.689201878",0.299,0.277,"0.689201878",0.019,0.017000000000000015,-0.002,0.008,25.7,,,,,,,
424,667690,"Stubbs, C.J.",2025,426,99.5,0.202,0.258,0.245,0.461,0.345,0.393,0.239,18,89,91.4,20.9,2224,89,88.96,75,201,223,0,6.3,107,150,120,146,297,320,290,"-1.135","1.135",,,108,55,8,3,1,6,35,32.4,11,10.2,2.32691,0.6336,0.21863,0.16251,"91.7",175,48.148148148148145,24.074074074074073,12.037037037037036,5.75,-1.32,0.16,2.48,0.333,13,"0.267688679",0.366,0.555,"-0.267688679",-0.037,-0.032999999999999974,-0.094,-0.048,37.3,,,,,,,
423,696142,"Taylor, Will",2025,428,98.8,0.307,0.25,0.397,0.557,0.415,0.318,0.207,27,88,89.5,12.7,2285,89.2,88.79,58,170,253,-0.4000000000000057,6.21,104,143,108,143,288,311,275,"-10.313","10.313",,,104,62,14,8,1,4,26,25,16,15.4,2.09388,0.81936,0.33565,0.17228,"91.9",135,42.62295081967213,11.475409836065573,6.730769230769231,5.78,-1.13,0.16,2.39,0.413,7,"2.438061466",0.33,0.38,"-2.438061466",0.1,0.08299999999999996,0.177,0.097,34.1,,,,,,,
420,685091,"Chavers, Parker",2025,420,100,0.176,0.059,0.263,0.235,0.259,0.254,0.177,15,85,87.9,5.7,2171,87.9,88.06,46,178,242,0.19999999999998863,6.28,115,145,110,150,279,311,287,"4.798","-4.798",,,101,57,11,3,1,0,28,27.7,16,15.8,2.47393,0.56687,0.34961,-0.20446,"90.6",129,36.84210526315789,0,0,5.72,-1.08,-0.03,2.36,0.307,0,"-1.142380952",0.307,0.216,"1.142380952",-0.001,0,0.019,0.005,25.8,,,,,,,
420,671655,"Valera, George",2025,420,100,0.255,0.202,0.328,0.457,0.348,0.311,0.238,24,94,89.9,9,2221,89,88.86,57,181,239,-0.09999999999999432,6.26,112,145,114,151,289,319,283,"-1.984","1.984",,,107,67,13,6,2,3,27,25.2,13,12.1,2.31295,0.60993,0.27544,-0.22422,"91.8",150,34.84848484848485,6.0606060606060606,3.7383177570093453,5.83,-1.05,-0.06,2.38,0.346,4,"0.472380952",0.331,0.364,"-0.472380952",0.017,0.014999999999999958,0.093,0.037,31.5,,,,,,,
419,686475,"Tolbert, Tyler",2025,425,98.6,0.274,0.147,0.359,0.421,0.336,0.28,0.23,26,95,84.6,8.5,2223,88.6,88.7,69,196,223,0.10000000000000853,6.35,105,150,104,146,296,316,281,"-1.895","1.895",,,109,67,18,5,0,3,30,27.5,9,8.3,2.32511,0.61388,0.26592,0.15643,"90.5",133,28.35820895522388,1.4925373134328357,0.9174311926605505,5.79,-0.99,0.22,2.33,0.349,1,"0.452267303",0.312,0.3,"-0.452267303",0.044,0.03699999999999998,0.121,0.056,35.2,,,,,,,
418,681962,"Capra, Vinny",2025,418,100,0.286,0.155,0.356,0.44,0.362,0.305,0.226,24,84,85.7,14,2255,88.2,88.28,39,162,256,0.09999999999999432,6.24,107,151,117,147,288,311,283,"-2.331","2.331",,,99,62,18,2,1,3,23,23.2,12,12.1,2.57395,0.56135,0.32017,0.19158,"90.6",142,32.25806451612903,6.451612903225806,4.040404040404041,5.77,-0.97,0.14,2.27,0.384,4,"0.557655502",0.336,0.329,"-0.557655502",0.06,0.04799999999999999,0.111,0.057,24.1,,,,,,,
417,682997,"Callihan, Tyler",2025,418,99.8,0.303,0.225,0.411,0.528,0.404,0.332,0.245,27,89,89,13.5,2201,89.1,88.98,64,194,223,-0.09999999999999432,6.33,113,144,108,149,290,316,288,"-7.111","7.111",,,105,60,17,4,2,4,29,27.6,16,15.2,2.20153,0.71496,0.39872,-0.28745,"91.5",143,41.66666666666667,6.666666666666667,3.8095238095238098,5.95,-0.77,-0.14,2.38,0.41,4,"1.705275779",0.36,0.378,"-1.705275779",0.058,0.04999999999999999,0.15,0.072,33,,,,,,,
415,703602,"Flores, Jalin",2025,415,100,0.223,0.096,0.322,0.319,0.275,0.241,0.188,21,94,88.3,17,2252,88.1,87.8,71,201,214,-0.29999999999999716,6.24,104,148,118,145,286,303,273,"5.835","-5.835",,,105,61,16,3,0,2,34,32.4,10,9.5,2.29875,0.69213,0.37596,0.25155,"91.0",153,40.98360655737705,1.639344262295082,0.9523809523809524,5.66,-1.25,0.15,2.34,0.295,1,"-1.406024096",0.264,0.265,"1.406024096",0.035,0.030999999999999972,0.054,0.034,35.3,,,,,,,
414,702920,"Piotto, Konner",2025,416,99.5,0.223,0.043,0.333,0.266,0.291,0.249,0.164,21,94,81.6,13,2266,88.1,88.08,49,189,225,0,6.21,116,147,113,149,287,317,291,"2.733","-2.733",,,112,61,19,1,0,1,33,29.5,16,14.3,2.43399,0.55173,0.31295,-0.20758,"90.2",155,21.666666666666668,3.3333333333333335,1.7857142857142856,5.72,-0.61,-0.19,2.37,0.348,2,"-0.660144928",0.299,0.211,"0.660144928",0.059,0.04899999999999999,0.055,0.042,25.9,,,,,,,
413,695734,"Lile, Daylen",2025,413,100,0.337,0.163,0.398,0.5,0.392,0.354,0.294,35,104,89.1,14.5,2191,88.5,88.44,50,207,206,-0.09999999999999432,6.3,112,145,106,151,284,321,300,"-6.692","6.692",,,119,85,24,7,2,2,20,16.8,11,9.2,2.35107,0.60121,0.37136,-0.30797,"92.1",170,41.17647058823529,7.0588235294117645,5.042016806722689,5.8,-1.33,-0.19,2.42,0.407,6,"1.620338983",0.369,0.438,"-1.620338983",0.043,0.03799999999999998,0.062,0.038,24.2,,,,,,,
413,686681,"Massey, Michael",2025,414,99.8,0.25,0.177,0.282,0.427,0.324,0.31,0.252,24,96,84.1,15.4,2180,88.7,89.01,42,222,191,0.29999999999999716,6.41,117,146,115,151,287,315,289,"-0.478","0.478",,,105,75,15,5,0,4,21,20,6,5.7,2.29748,0.62247,0.42823,-0.27357,"90.5",157,28.000000000000004,8,5.714285714285714,5.83,-0.98,-0.11,2.3,0.314,6,"0.115738499",0.316,0.385,"-0.115738499",-0.002,-0.0020000000000000018,0.042,0.014,18.9,,,,,,,
412,701807,"Benge, Carson",2025,412,100,0.178,0.133,0.188,0.311,0.263,0.376,0.272,16,90,92.1,9.1,2173,87.2,87.31,39,194,218,0.09999999999999432,6.34,115,145,119,151,284,316,293,"4.041","-4.041",,,103,72,11,1,1,3,19,18.4,9,8.7,2.45667,0.58704,0.31102,-0.26757,"92.4",170,53.52112676056338,15.492957746478872,10.679611650485436,5.72,-1.01,-0.07,2.45,0.272,11,"-0.980825243",0.356,0.522,"0.980825243",-0.094,-0.08399999999999996,-0.211,-0.113,20.1,,,,,,,
412,815268,"Lee, Patrick",2025,412,100,0.263,0.125,0.476,0.388,0.355,0.35,0.223,21,80,91.2,5.5,2281,89.1,88.66,66,167,245,-0.3999999999999915,6.23,104,147,115,146,290,307,278,"-2.906","2.906",,,98,43,13,7,0,1,37,37.8,16,16.3,2.09466,0.8329,0.4089,0.29238,"92.2",163,53.48837209302325,13.953488372093023,6.122448979591836,5.86,-1.1,0.17,2.4,0.398,6,"0.705339806",0.365,0.422,"-0.705339806",0.04,0.03300000000000003,-0.034,0.005,39.5,,,,,,,
411,802082,"Henriquez, Julio",2025,411,100,0.167,0.033,0.242,0.2,0.229,0.293,0.193,15,90,89.9,4.6,2265,87.1,86.85,68,215,196,-0.19999999999998863,6.28,106,144,119,145,286,303,273,"7.364","-7.364",,,106,62,12,3,0,0,30,28.3,8,7.5,2.3855,0.77322,0.30547,0.08998,"91.4",142,43.54838709677419,4.838709677419355,2.8301886792452833,5.75,-1.01,0.27,2.43,0.274,3,"-1.791727494",0.303,0.327,"1.791727494",-0.026,-0.02899999999999997,-0.127,-0.064,31.6,,,,,,,
411,701734,"McCrystal, Ryan",2025,413,99.5,0.257,0.089,0.316,0.347,0.296,0.345,0.281,26,101,88.2,20.5,2174,88.8,88.33,72,246,165,-0.5,6.26,114,145,114,145,277,308,290,"1.088","-1.088",,,110,80,20,4,1,1,21,19.1,7,6.4,2.21888,0.72742,0.49624,-0.5021,"90.9",170,36.25,6.25,4.545454545454546,5.62,-1.22,-0.07,2.38,0.318,5,"-0.264720195",0.339,0.456,"0.264720195",-0.024,-0.02100000000000002,-0.109,-0.049,29.3,,,,,,,
411,682877,"Brito, Juan",2025,413,99.5,0.247,0.21,0.288,0.457,0.344,0.289,0.195,20,81,87.6,19.3,2126,88,87.83,50,206,205,-0.20000000000000284,6.31,112,146,113,148,287,317,285,"-0.752","0.752",,,96,62,10,6,1,3,21,21.9,12,12.5,2.36983,0.62511,0.32804,-0.32804,"90.8",168,24.59016393442623,8.19672131147541,5.208333333333334,5.72,-0.92,-0.08,2.3,0.344,5,"0.18296837",0.308,0.325,"-0.18296837",0.052,0.035999999999999976,0.132,0.055,24.3,,,,,,,
411,807713,"Shaw, Matt",2025,411,100,0.286,0.275,0.27,0.56,0.415,0.398,0.302,26,91,88.6,7.4,2167,88.2,88.06,35,161,250,-0.10000000000000853,6.22,105,150,119,146,295,312,285,"-8.081","8.081",,,110,80,14,5,1,6,11,10,17,15.5,2.38954,0.61054,0.31976,0.09367,"92.6",159,44.303797468354425,10.126582278481013,7.2727272727272725,5.85,-0.75,-0.02,2.41,0.409,8,"1.966180049",0.424,0.481,"-1.966180049",-0.016,-0.015000000000000013,0.079,0.017,21.7,,,,,,,
409,669087,"Huff, Sam",2025,409,100,0.189,0.144,0.283,0.333,0.273,0.309,0.207,17,90,94.8,17.1,2251,88.2,88.33,71,195,214,0.09999999999999432,6.37,107,151,121,147,306,330,295,"4.059","-4.059",,,103,55,9,5,1,2,36,35,12,11.7,2.40154,0.57426,0.22758,-0.0132,"93.2",172,52.72727272727272,12.727272727272727,6.796116504854369,5.77,-0.61,0.17,2.48,0.282,7,"-0.992420538",0.303,0.394,"0.992420538",-0.018,-0.02100000000000002,-0.061,-0.036,36.4,,,,,,,
400,571912,"Maile, Luke",2025,400,100,0.28,0.073,0.373,0.354,0.354,0.292,0.188,23,82,86.4,13.9,2258,88.4,88.36,42,154,246,0,6.27,106,150,119,146,291,313,282,"-5.028","5.028",,,101,60,19,3,0,1,22,21.8,18,17.8,2.32535,0.70636,0.24847,0.04571,"90.6",148,31.666666666666664,5,2.9702970297029703,5.78,-0.75,0.26,2.36,0.416,3,"1.257",0.34,0.278,"-1.257",0.092,0.07599999999999996,0.076,0.062,27.3,,,,,,,
398,800276,"Villavicencio, Juan",2025,400,99.5,0.125,0.063,0.173,0.188,0.235,0.277,0.176,10,80,89.3,11.2,2250,88.2,87.64,53,182,216,-0.6000000000000085,6.16,113,146,112,148,275,305,284,"7.499","-7.499",,,102,53,7,2,0,1,30,29.4,17,16.7,2.2142,0.78295,0.49774,-0.31362,"90.9",153,43.39622641509434,1.8867924528301887,0.9803921568627451,5.66,-1.05,-0.21,2.34,0.284,1,"-1.884170854",0.327,0.251,"1.884170854",-0.051,-0.04300000000000004,-0.063,-0.042,29.1,,,,,,,
398,701762,"Kurtz, Nick",2025,398,100,0.325,0.337,0.385,0.663,0.43,0.394,0.281,27,83,95,14.6,2263,87.4,87.75,52,167,231,0.3999999999999915,6.38,115,146,128,150,307,338,315,"-6.664","6.664",,,94,59,13,7,0,7,26,27.7,8,8.5,2.61578,0.40513,0.22909,-0.07131,"93.5",184,56.666666666666664,21.666666666666668,13.829787234042554,5.69,-0.54,-0.08,2.44,0.376,13,"1.674371859",0.337,0.613,"-1.674371859",0.044,0.03899999999999998,0.05,0.036,31.1,,,,,,,
395,683079,"Martinez, Omar",2025,395,100,0.2,0.08,0.368,0.28,0.27,0.253,0.172,15,75,84.2,8.7,2269,89,89.09,75,192,203,0.09999999999999432,6.39,115,147,120,151,285,321,293,"3.991","-3.991",,,88,39,12,1,1,1,37,42,11,12.5,2.36889,0.55906,0.34931,-0.35404,"90.7",146,38.46153846153847,5.128205128205128,2.272727272727273,5.66,-1.51,0.01,2.27,0.307,2,"-1.010379747",0.284,0.258,"1.010379747",0.028,0.02300000000000002,0.022,0.017,39.1,,,,,,,
395,667663,"Stovall, Hunter",2025,397,99.5,0.271,0.082,0.344,0.353,0.312,0.238,0.188,23,85,80.5,9,2268,87.8,87.96,53,192,203,0.20000000000000284,6.33,105,151,114,147,289,317,284,"1.237","-1.237",,,98,65,18,4,0,1,22,22.4,10,10.2,2.44828,0.6139,0.19761,0.0656,"89.5",131,17.1875,0,0,5.78,-1.19,0.14,2.43,0.347,0,"-0.313164557",0.278,0.227,"0.313164557",0.083,0.06899999999999995,0.126,0.074,27.6,,,,,,,
394,806128,"Jimenez, Antonio",2025,396,99.5,0.258,0.011,0.3,0.269,0.283,0.276,0.206,24,93,83.8,10.6,2280,87.9,87.48,41,199,195,-0.4000000000000057,6.26,105,146,117,144,292,306,278,"2.63","-2.63",,,108,80,23,1,0,0,15,13.9,12,11.1,2.36612,0.65151,0.39491,0.19863,"90.8",125,32.5,3.75,2.7777777777777777,5.65,-1.11,0.2,2.34,0.343,3,"-0.66751269",0.303,0.284,"0.66751269",0.052,0.040000000000000036,-0.015,0.007,20.6,,,,,,,
391,699105,"Reyes, Luis",2025,395,99,0.181,0.117,0.195,0.298,0.244,0.24,0.196,17,94,82.5,20.5,2214,88.1,87.78,66,211,180,-0.29999999999999716,6.33,105,144,118,145,289,307,276,"4.578","-4.578",,,107,79,10,5,0,2,18,16.8,9,8.4,2.29368,0.70167,0.30169,0.21003,"89.7",149,16.455696202531644,0,0,5.62,-0.75,0.21,2.41,0.252,0,"-1.17084399",0.276,0.233,"1.17084399",-0.015,-0.02400000000000002,0.065,0.004,31.3,,,,,,,
391,800179,"Beltran, Nolan",2025,395,99,0.179,0.074,0.195,0.253,0.236,0.275,0.226,17,95,81.1,13.5,2163,87.5,86.96,29,187,204,-0.5,6.13,113,145,106,146,283,309,285,"8.295","-8.295",,,107,83,12,4,0,1,13,12.1,11,10.3,2.18714,0.86488,0.4973,-0.45617,"90.0",135,16.867469879518072,2.4096385542168677,1.8691588785046727,5.82,-1.21,-0.2,2.51,0.262,2,"-2.121483376",0.304,0.301,"2.121483376",-0.047,-0.04199999999999998,-0.048,-0.039,15.5,,,,,,,
390,813668,"Gurevitch, Jack",2025,390,100,0.181,0.072,0.28,0.253,0.262,0.257,0.171,15,83,86.3,8.6,2270,88.4,88.07,70,193,197,-0.30000000000001137,6.24,115,146,117,147,279,304,281,"5.28","-5.28",,,99,51,12,1,1,1,33,33.3,13,13.1,2.21659,0.76281,0.36918,-0.36877,"91.1",145,33.33333333333333,1.9607843137254901,1.0101010101010102,5.71,-1.34,0.02,2.23,0.303,1,"-1.353846154",0.297,0.243,"1.353846154",0.01,0.006000000000000005,0.01,0.005,36.3,,,,,,,
389,543592,"Nola, Austin",2025,389,100,0.347,0.126,0.395,0.474,0.382,0.312,0.278,33,95,87.4,4.9,2252,88.4,88.49,28,186,203,0.09999999999999432,6.31,106,149,120,146,304,325,295,"-8.018","8.018",,,106,82,24,7,1,1,14,13.2,9,8.5,2.40337,0.54186,0.37779,0.12268,"90.8",157,32.926829268292686,1.2195121951219512,0.9433962264150944,5.63,-1,0.19,2.4,0.406,1,"2.061182519",0.35,0.339,"-2.061182519",0.069,0.05600000000000005,0.135,0.07,15.1,,,,,,,
387,660613,"Hernández, Ronaldo",2025,387,100,0.196,0.109,0.229,0.304,0.251,0.265,0.225,18,92,88.5,8.3,2237,87.8,87.61,58,205,182,-0.20000000000000284,6.23,106,149,119,144,292,319,286,"4.804","-4.804",,,104,72,12,4,0,2,22,21.2,9,8.7,2.40357,0.602,0.21602,0.01971,"91.8",152,36.986301369863014,2.73972602739726,1.9230769230769231,5.8,-0.98,0.08,2.4,0.262,2,"-1.241343669",0.289,0.302,"1.241343669",-0.029,-0.02699999999999997,0.002,-0.014,28.3,,,,,,,
387,687066,"Yang, Eric",2025,388,99.7,0.229,0.012,0.339,0.241,0.271,0.28,0.222,19,83,84.4,5.1,2189,88.2,88.83,36,148,239,0.5999999999999943,6.43,104,149,118,147,295,315,281,"5.259","-5.259",,,97,56,18,1,0,0,28,28.9,8,8.2,2.41729,0.69238,0.26112,0.13705,"90.1",140,26.785714285714285,0,0,5.99,-0.82,0.19,2.37,0.33,0,"-1.358914729",0.324,0.273,"1.358914729",0.007,0.006000000000000005,-0.032,-0.009,24.3,,,,,,,
386,687526,"Smith, Marcus",2025,386,100,0.283,0.333,0.419,0.617,0.433,0.355,0.216,17,60,93.7,13.4,2180,88.1,88.34,44,132,254,0.20000000000000284,6.35,118,145,119,150,290,322,296,"-9.874","9.874",,,76,35,7,4,2,4,26,34.2,15,19.7,2.48111,0.52992,0.4186,-0.30135,"93.0",178,51.42857142857142,11.428571428571429,5.263157894736842,5.68,-1.1,-0.01,2.39,0.421,4,"2.558031088",0.373,0.414,"-2.558031088",0.067,0.04799999999999999,0.203,0.078,33.3,,,,,,,
384,677870,"Jiménez, Leo",2025,384,100,0.287,0.075,0.365,0.362,0.347,0.34,0.267,23,80,91.3,6.2,2327,87.4,87.19,36,157,227,-0.20000000000000284,6.27,106,150,118,147,298,315,284,"-5.227","5.227",,,97,63,17,6,0,0,18,18.6,13,13.4,2.51128,0.58433,0.11413,0.07856,"92.6",145,53.2258064516129,1.6129032258064515,1.0309278350515463,5.79,-1.29,0.2,2.28,0.402,1,"1.361197917",0.389,0.352,"-1.361197917",0.02,0.013000000000000012,0.01,0.007,22.9,,,,,,,
384,702491,"Voit, Mitch",2025,384,100,0.235,0.059,0.317,0.294,0.296,0.291,0.217,20,85,88.2,10.8,2289,87.5,87.03,53,185,199,-0.5,6.2,106,148,119,146,291,306,278,"-0.717","0.717",,,99,61,17,2,0,1,24,24.2,13,13.1,2.39935,0.6426,0.36241,0.20236,"91.3",142,32.78688524590164,3.278688524590164,2.0202020202020203,5.73,-1.12,0.12,2.35,0.343,2,"0.18671875",0.328,0.302,"-0.18671875",0.018,0.015000000000000013,-0.008,0.005,28.6,,,,,,,
384,666464,"Encarnacion, Jerar",2025,384,100,0.274,0.19,0.358,0.464,0.369,0.336,0.227,23,84,89.6,8.3,2251,89.5,89.43,56,170,214,-0.09999999999999432,6.33,107,151,123,147,304,329,292,"-5.372","5.372",,,98,57,15,4,0,4,27,27.6,11,11.2,2.25237,0.64157,0.33776,-0.11281,"91.5",166,42.10526315789473,12.280701754385964,7.142857142857142,5.72,-0.5,0.2,2.34,0.378,7,"1.398958333",0.337,0.424,"-1.398958333",0.047,0.04099999999999998,0.04,0.033,32.9,,,,,,,
383,518735,"Grandal, Yasmani",2025,383,100,0.256,0.141,0.29,0.397,0.343,0.343,0.239,20,78,88.8,11.5,2108,87.1,87.09,26,133,250,0,6.34,114,147,123,150,292,320,296,"-0.832","0.832",,,94,64,13,5,0,2,15,16,13,13.8,2.59013,0.64837,0.35674,-0.35757,"92.1",145,45.3125,7.8125,5.319148936170213,5.74,-1.31,-0.21,2.42,0.372,5,"0.217232376",0.36,0.407,"-0.217232376",0.017,0.01200000000000001,-0.01,0,19.5,,,,,,,
383,806982,"Valencia, Esmil",2025,383,100,0.327,0.184,0.358,0.51,0.372,0.324,0.276,32,98,85.7,12.5,2366,87.4,86.83,68,214,169,-0.6000000000000085,6.12,107,146,117,143,282,300,271,"-3.856","3.856",,,109,84,22,5,2,3,17,15.6,8,7.3,2.39778,0.65247,0.27562,0.15205,"91.6",141,33.33333333333333,7.142857142857142,5.5045871559633035,5.7,-0.9,0.27,2.3,0.367,6,"1.006788512",0.326,0.417,"-1.006788512",0.051,0.04099999999999998,0.093,0.048,31.8,,,,,,,
383,805550,"Weingartner, Ryan",2025,384,99.7,0.149,0.03,0.227,0.179,0.261,0.284,0.153,10,67,87,8.6,2297,88.5,88,43,150,233,-0.5,6.2,103,148,116,146,288,303,273,"3.378","-3.378",,,87,44,9,0,1,0,24,27.6,18,20.7,2.19982,0.76399,0.39738,0.20539,"89.8",165,29.545454545454547,4.545454545454546,2.2988505747126435,5.68,-1.18,0.11,2.39,0.333,2,"-0.881984334",0.34,0.24,"0.881984334",-0.004,-0.007000000000000006,-0.061,-0.023,28.7,,,,,,,
381,702331,"Mendlinger, Noah",2025,381,100,0.289,0.157,0.303,0.446,0.368,0.347,0.276,24,83,87.6,3.8,2211,88.4,88.55,16,160,221,0.09999999999999432,6.29,114,146,109,151,279,313,296,"-3.465","3.465",,,101,77,15,6,2,1,8,7.9,10,9.9,2.27024,0.69323,0.31555,-0.16455,"90.9",136,29.87012987012987,2.5974025974025974,1.9801980198019802,5.71,-1.13,-0.06,2.43,0.396,2,"0.909448819",0.39,0.372,"-0.909448819",0.013,0.006000000000000005,0.074,0.021,10,,,,,,,
379,823944,"Latta, Maddox",2025,379,100,0.267,0.067,0.369,0.333,0.303,0.274,0.229,24,90,85.8,5.5,2272,88,87.51,35,154,225,-0.5,6.18,102,149,117,146,291,304,277,"0.175","-0.175",,,100,65,19,4,1,0,25,25,9,9,2.31172,0.69032,0.44313,0.23284,"90.3",132,27.692307692307693,1.5384615384615385,1,5.66,-0.98,-0.03,2.44,0.34,1,"-0.046174142",0.306,0.296,"0.046174142",0.038,0.03400000000000003,0.037,0.029,22.7,,,,,,,
378,701592,"Davis, Luke",2025,378,100,0.179,0.06,0.234,0.239,0.302,0.331,0.191,12,67,89.2,15.8,2245,88.4,87.68,24,115,263,-0.7000000000000028,6.07,112,145,117,147,283,305,281,"-0.213","0.213",,,93,48,10,1,0,1,22,23.7,21,22.6,2.19836,0.78624,0.53021,-0.53021,"90.8",170,29.166666666666668,4.166666666666666,2.1505376344086025,5.82,-1.12,-0.2,2.48,0.376,2,"0.056349206",0.389,0.311,"-0.056349206",-0.012,-0.013000000000000012,-0.072,-0.029,20.9,,,,,,,
378,801563,"Smith, Austin",2025,378,100,0.259,0.136,0.284,0.395,0.353,0.313,0.234,21,81,83.2,17.5,2204,88,87.34,30,172,206,-0.7000000000000028,6.1,118,146,119,151,283,304,285,"-3.293","3.293",,,98,69,14,5,0,2,12,12.2,11,11.2,2.27799,0.73981,0.54761,-0.45499,"90.2",141,26.08695652173913,1.4492753623188406,1.0204081632653061,5.75,-1.27,-0.04,2.43,0.388,1,"0.871164021",0.367,0.3,"-0.871164021",0.025,0.02100000000000002,0.095,0.04,17.4,,,,,,,
377,694497,"Carter, Evan",2025,378,99.7,0.2,0.176,0.246,0.376,0.303,0.292,0.19,17,85,86.1,24.9,2212,87.7,87.74,47,156,221,0,6.29,115,146,110,150,282,315,293,"-0.262","0.262",,,100,60,10,2,2,3,26,26,14,14,2.44119,0.56056,0.33383,-0.32824,"91.4",162,30,8.333333333333332,5,5.79,-0.79,-0.29,2.39,0.31,5,"0.069496021",0.309,0.327,"-0.069496021",0.01,0.0010000000000000009,0.049,0.011,30.1,,,,,,,
376,682627,"De La Cruz, Jose",2025,376,100,0.157,0.067,0.25,0.225,0.225,0.244,0.153,14,89,90.1,9.4,2269,88,87.52,105,213,163,-0.5,6.21,105,147,121,147,289,312,280,"8.868","-8.868",,,102,53,10,3,0,1,37,36.3,11,10.8,2.29085,0.71205,0.31752,0.17565,"92.3",145,47.16981132075472,5.660377358490567,2.941176470588235,5.86,-1.19,0.23,2.33,0.255,3,"-2.358510638",0.251,0.285,"2.358510638",0.004,0.0040000000000000036,-0.06,-0.019,49.3,,,,,,,
374,641779,"Leblanc, Charles",2025,375,99.7,0.291,0.025,0.377,0.316,0.328,0.289,0.224,23,79,83.3,10.4,2230,88.3,88.32,30,154,220,0,6.3,106,149,119,144,298,313,283,"-3.31","3.31",,,94,61,21,2,0,0,19,20.2,12,12.8,2.36746,0.59539,0.21433,0.14321,"90.0",145,24.59016393442623,1.639344262295082,1.0638297872340425,5.78,-1.21,0.16,2.49,0.394,1,"0.885026738",0.338,0.282,"-0.885026738",0.067,0.055999999999999994,0.034,0.039,19.5,,,,,,,
372,699475,"Daly, Mitchell",2025,375,99.2,0.222,0.099,0.327,0.321,0.276,0.274,0.207,18,81,84.9,9.4,2230,88.6,88.99,62,170,202,0.4000000000000057,6.38,107,152,114,147,306,327,290,"1.483","-1.483",,,91,53,13,3,1,1,29,31.9,7,7.7,2.36274,0.57524,0.28531,-0.04764,"90.3",156,32.69230769230769,5.769230769230769,3.296703296703297,5.72,-0.56,0.17,2.28,0.297,3,"-0.398655914",0.284,0.328,"0.398655914",0.015,0.013000000000000012,-0.007,0.002,36.5,,,,,,,
370,673490,"Kim, Ha-Seong",2025,371,99.7,0.211,0.042,0.238,0.254,0.291,0.295,0.204,15,71,83.9,19.4,2260,88.4,88.57,21,128,242,0.19999999999998863,6.32,105,150,117,145,290,318,286,"2.55","-2.55",,,90,63,12,3,0,0,10,11.1,15,16.7,2.43716,0.51438,0.19949,0.20182,"90.2",154,24.193548387096776,1.6129032258064515,1.1111111111111112,5.74,-0.76,0.06,2.47,0.356,1,"-0.689189189",0.354,0.262,"0.689189189",0.007,0.0020000000000000018,-0.008,-0.004,16.4,,,,,,,
364,694175,"León, Pedro",2025,365,99.7,0.241,0.181,0.283,0.422,0.318,0.277,0.21,20,83,84.5,14.4,2194,88.1,88.18,49,179,185,0.10000000000000853,6.35,107,152,118,146,294,317,287,"0.188","-0.188",,,93,63,11,6,0,3,21,22.6,8,8.6,2.30286,0.67459,0.3876,0.27647,"90.8",132,31.57894736842105,5.263157894736842,3.225806451612903,5.8,-0.82,0.09,2.4,0.312,3,"-0.051648352",0.291,0.325,"0.051648352",0.031,0.02100000000000002,0.097,0.041,27.4,,,,,,,
364,834681,"Miura, Matthew",2025,364,100,0.2,0.053,0.226,0.253,0.279,0.287,0.212,15,75,84.4,-6.3,2307,88.9,88.41,17,138,226,-0.5,6.18,105,148,116,144,285,304,272,"0.74","-0.74",,,90,63,13,1,0,1,12,13.3,15,16.7,2.12379,0.81198,0.37165,0.29198,"90.2",122,20.634920634920633,0,0,5.71,-1.45,0.1,2.33,0.333,0,"-0.203296703",0.343,0.26,"0.203296703",-0.012,-0.010000000000000009,-0.007,-0.008,12.3,,,,,,,
362,801537,"Humphreys, Nathan",2025,363,99.7,0.261,0.145,0.372,0.406,0.35,0.325,0.232,18,69,88.6,11.2,2270,88.4,87.74,42,150,212,-0.7000000000000028,6.13,111,143,115,148,285,307,283,"-3.546","3.546",,,84,45,12,4,0,2,25,29.8,14,16.7,2.21003,0.7697,0.51286,-0.33297,"90.5",158,37.77777777777778,6.666666666666667,3.571428571428571,5.77,-0.81,-0.11,2.37,0.381,3,"0.979558011",0.357,0.364,"-0.979558011",0.029,0.02400000000000002,0.042,0.025,28,,,,,,,
360,702526,"Snow, Eric",2025,360,100,0.237,0.065,0.259,0.301,0.276,0.307,0.275,22,93,86.2,3.4,2242,87.7,87.11,16,179,181,-0.6000000000000085,6.13,103,147,117,145,291,304,278,"3.535","-3.535",,,104,85,16,6,0,0,9,8.7,6,5.8,2.32842,0.71236,0.52444,0.28628,"90.4",145,30.58823529411765,0,0,5.79,-1.02,0.26,2.44,0.308,0,"-0.981944444",0.344,0.329,"0.981944444",-0.038,-0.035999999999999976,-0.028,-0.031,8.9,,,,,,,
359,699471,"Melendez, Ivan",2025,359,100,0.292,0.191,0.365,0.483,0.356,0.279,0.232,26,89,86.6,15.7,2289,87.6,87.77,50,212,147,0.20000000000000284,6.25,106,151,122,146,301,330,296,"-5.781","5.781",,,98,66,16,6,1,3,24,24.5,7,7.1,2.60089,0.40439,0.21059,-0.11087,"90.7",139,34.84848484848485,3.0303030303030303,2.0408163265306123,5.6,-0.52,0.25,2.21,0.347,2,"1.610306407",0.292,0.337,"-1.610306407",0.06,0.05499999999999999,0.146,0.077,23.6,,,,,,,
356,800444,"Pouaka-Grego, Nikau",2025,358,99.4,0.205,0.077,0.246,0.282,0.273,0.249,0.18,16,78,87.3,17.1,2272,88.7,88.25,27,149,207,-0.4000000000000057,6.22,112,145,110,145,277,302,282,"2.666","-2.666",,,93,62,12,3,0,1,18,19.4,12,12.9,2.05154,0.89789,0.51366,-0.44352,"89.9",135,17.741935483870968,0,0,5.82,-0.96,-0.1,2.57,0.312,0,"-0.748876404",0.297,0.217,"0.748876404",0.025,0.015000000000000013,0.065,0.024,18.1,,,,,,,
356,801881,"Jenkins-Cowart, Jacob",2025,356,100,0.237,0.145,0.302,0.382,0.31,0.265,0.202,18,76,88.3,8.4,2239,89,88.7,63,187,169,-0.29999999999999716,6.25,111,145,114,143,270,303,283,"-2.681","2.681",,,87,55,11,5,0,2,22,25.3,9,10.3,2.11118,0.86262,0.48256,-0.44153,"90.7",135,38.18181818181819,3.6363636363636362,2.2988505747126435,5.8,-1.23,0.05,2.48,0.322,2,"0.753089888",0.291,0.292,"-0.753089888",0.035,0.031000000000000028,0.09,0.045,33.7,,,,,,,
355,663897,"Williams, Luke",2025,355,100,0.114,0.011,0.179,0.125,0.154,0.217,0.171,10,88,80.7,21,2265,88.9,88.96,72,191,164,0.09999999999999432,6.36,104,150,118,145,296,314,285,"13.71","-13.71",,,96,56,9,1,0,0,32,33.3,7,7.3,2.28887,0.64076,0.32554,0.14277,"90.0",162,17.857142857142858,1.7857142857142856,1.0416666666666665,5.74,-0.84,0.16,2.33,0.188,1,"-3.861971831",0.24,0.232,"3.861971831",-0.057,-0.05199999999999999,-0.107,-0.063,37.7,,,,,,,
355,702656,"Faurot, Drew",2025,355,100,0.341,0.136,0.429,0.477,0.375,0.305,0.278,30,88,88.4,-0.6,2214,87.6,86.99,42,179,176,-0.5999999999999943,6.14,112,145,120,144,274,302,277,"-4.25","4.25",,,97,70,21,6,3,0,19,19.6,8,8.2,2.3271,0.70929,0.45546,-0.45546,"91.5",127,38.57142857142858,1.4285714285714286,1.0309278350515463,5.68,-0.9,-0.03,2.48,0.392,1,"1.197183099",0.335,0.349,"-1.197183099",0.063,0.056999999999999995,0.128,0.07,23.5,,,,,,,
352,827622,"Lojewski, Jacob",2025,352,100,0.19,0.101,0.219,0.291,0.251,0.23,0.18,15,79,82.9,24.5,2328,87.8,87.47,39,174,178,-0.29999999999999716,6.26,105,148,120,147,289,306,274,"5.499","-5.499",,,87,65,9,5,0,1,14,16.1,6,6.9,2.29332,0.78877,0.36468,0.18957,"89.7",157,21.53846153846154,0,0,5.84,-1,0.23,2.33,0.264,0,"-1.562215909",0.256,0.244,"1.562215909",0.01,0.008000000000000007,0.047,0.021,22.4,,,,,,,
349,807383,"Guzman, Randy",2025,349,100,0.333,0.271,0.397,0.604,0.414,0.397,0.301,32,96,91.3,14.3,2299,87.6,87.19,57,199,150,-0.3999999999999915,6.24,103,148,120,146,295,308,280,"-7.497","7.497",,,105,76,14,13,2,3,21,20,6,5.7,2.41238,0.62037,0.29678,0.12885,"93.9",148,51.31578947368421,13.157894736842104,9.523809523809524,5.68,-1.02,0.32,2.25,0.381,10,"2.148137536",0.352,0.588,"-2.148137536",0.032,0.029000000000000026,0.016,0.017,28.6,,,,,,,
345,814514,"Salgado, AJ",2025,345,100,0.264,0.111,0.333,0.375,0.323,0.321,0.237,19,72,89.1,11.6,2257,87.8,87.23,49,158,187,-0.5999999999999943,6.14,112,145,119,147,287,307,288,"-0.823","0.823",,,85,55,13,5,0,1,19,22.4,10,11.8,2.30739,0.71189,0.42203,-0.36713,"91.5",156,32.72727272727273,7.2727272727272725,4.705882352941177,5.69,-0.84,-0.08,2.41,0.353,4,"0.238550725",0.336,0.388,"-0.238550725",0.027,0.01699999999999996,-0.013,0.002,31,,,,,,,
340,692238,"Harber, Parks",2025,340,100,0.304,0.246,0.409,0.551,0.417,0.473,0.341,21,69,95.2,16.2,2314,88.8,88.65,43,150,190,-0.09999999999999432,6.34,107,144,123,145,287,309,281,"-7.211","7.211",,,83,47,12,4,2,3,22,26.5,12,14.5,2.188,0.75583,0.32586,0.23284,"93.6",189,63.829787234042556,21.27659574468085,12.048192771084338,5.83,-1.05,-0.05,2.4,0.422,10,"2.120882353",0.452,0.672,"-2.120882353",-0.037,-0.030000000000000027,-0.121,-0.056,28.7,,,,,,,
339,693073,"Campbell, Clayton",2025,340,99.7,0.133,0.05,0.195,0.183,0.242,0.255,0.154,8,60,83,16.1,2293,87.9,87.3,35,131,208,-0.6000000000000085,6.15,104,147,119,146,287,305,277,"5.576","-5.576",,,74,41,5,3,0,0,19,25.7,13,17.6,2.26038,0.76665,0.35738,0.06786,"90.2",135,21.951219512195124,0,0,5.78,-0.54,0.13,2.25,0.297,0,"-1.644837758",0.314,0.197,"1.644837758",-0.021,-0.017000000000000015,-0.014,-0.013,26.7,,,,,,,
339,701727,"Martin-Grudzielanek, Bryce",2025,339,100,0.247,0.169,0.29,0.416,0.301,0.308,0.263,19,77,89.6,9,2328,87.2,86.89,40,158,181,-0.29999999999999716,6.24,103,146,117,145,290,308,278,"1.835","-1.835",,,85,63,12,2,4,1,16,18.8,6,7.1,2.4056,0.64923,0.2883,0.14496,"91.6",141,41.269841269841265,3.1746031746031744,2.3529411764705883,5.68,-1.13,0.12,2.41,0.294,2,"-0.541297935",0.316,0.381,"0.541297935",-0.016,-0.02200000000000002,0.035,-0.007,25.3,,,,,,,
338,664059,"Haggerty, Sam",2025,339,99.7,0.302,0.081,0.385,0.384,0.335,0.297,0.239,26,86,89.7,3.3,2168,88,88.06,42,171,167,0.09999999999999432,6.26,112,146,113,147,287,318,295,"-4.054","4.054",,,97,66,22,2,1,1,21,21.6,9,9.3,2.45976,0.52326,0.31757,-0.31757,"91.9",155,40.909090909090914,4.545454545454546,3.0927835051546393,5.84,-0.89,-0.03,2.34,0.371,3,"1.199408284",0.318,0.35,"-1.199408284",0.063,0.05299999999999999,0.034,0.038,24.6,,,,,,,
336,806992,"Jimenez, Enrique",2025,336,100,0.25,0.2,0.308,0.45,0.383,0.323,0.192,15,60,88,18.6,2221,88.3,87.88,37,131,205,-0.3999999999999915,6.18,112,147,117,146,281,306,286,"-4.988","4.988",,,79,42,10,1,1,3,19,24.1,18,22.8,2.15429,0.82826,0.52048,-0.52048,"90.9",168,35.714285714285715,4.761904761904762,2.5316455696202533,5.78,-0.82,-0.09,2.47,0.418,2,"1.48452381",0.374,0.316,"-1.48452381",0.058,0.043999999999999984,0.134,0.06,28.2,,,,,,,
334,681184,"Graham, Kevin",2025,334,100,0.137,0.068,0.184,0.205,0.214,0.245,0.171,10,73,85.4,9,2222,89.4,89.73,53,157,177,0.29999999999999716,6.32,115,144,114,149,297,330,304,"8.71","-8.71",,,86,50,7,2,0,1,25,29.1,10,11.6,2.37308,0.49774,0.46462,-0.27297,"90.7",154,36,2,1.1627906976744187,5.7,-1.15,-0.15,2.34,0.244,1,"-2.607784431",0.279,0.229,"2.607784431",-0.034,-0.03500000000000003,-0.024,-0.031,33.8,,,,,,,
333,690970,"Collins, Corey",2025,333,100,0.148,0.167,0.176,0.315,0.335,0.344,0.178,8,54,84.6,21.1,2250,87.5,87.13,36,127,206,-0.4000000000000057,6.28,113,144,116,145,283,306,293,"-1.713","1.713",,,77,36,3,3,0,2,19,24.7,19,24.7,2.47937,0.56355,0.29408,-0.33679,"91.1",147,27.77777777777778,5.555555555555555,2.5974025974025974,5.67,-1.06,-0.01,2.27,0.39,2,"0.514414414",0.412,0.306,"-0.514414414",-0.03,-0.021999999999999964,0.009,-0.009,28.3,,,,,,,
332,807728,"Graham, Carter",2025,332,100,0.28,0.133,0.345,0.413,0.337,0.326,0.257,21,75,85.7,14.1,2267,88.3,87.98,52,157,175,-0.29999999999999716,6.32,104,144,118,144,289,306,280,"-4.377","4.377",,,89,57,15,4,0,2,21,23.6,9,10.1,2.28717,0.68827,0.2497,0.24103,"91.1",151,31.57894736842105,7.017543859649122,4.49438202247191,5.72,-1.17,0.24,2.38,0.36,4,"1.318373494",0.346,0.375,"-1.318373494",0.023,0.014000000000000012,0.038,0.011,33.1,,,,,,,
332,814781,"Hogart, Jonathan",2025,333,99.7,0.203,0.153,0.294,0.356,0.341,0.374,0.223,12,59,91.6,12.7,2324,87.8,87.14,48,131,201,-0.7000000000000028,6.1,105,145,117,143,290,308,280,"-2.864","2.864",,,80,36,8,1,1,2,25,31.3,13,16.3,2.34139,0.67964,0.33301,0.13018,"92.0",163,50,13.88888888888889,6.25,5.78,-0.92,0.13,2.35,0.388,5,"0.862650602",0.405,0.428,"-0.862650602",-0.02,-0.017000000000000015,-0.072,-0.033,36.6,,,,,,,
331,608671,"Jankowski, Travis",2025,331,100,0.231,0.108,0.255,0.338,0.305,0.309,0.247,15,65,87.8,-1.9,2228,88.1,88.14,26,119,212,0,6.3,115,147,118,152,276,316,296,"0.424","-0.424",,,75,53,12,1,0,2,12,16,10,13.3,2.4271,0.54417,0.30815,-0.10706,"91.9",118,47.16981132075472,5.660377358490567,4,5.8,-1.24,-0.07,2.24,0.333,3,"-0.128096677",0.348,0.333,"0.128096677",-0.016,-0.014999999999999958,0.005,-0.004,21.8,,,,,,,
329,821348,"Iredale, Brent",2025,329,100,0.214,0.161,0.286,0.375,0.359,0.347,0.184,12,56,86.6,16.5,2302,88.1,87.65,42,135,194,-0.3999999999999915,6.18,105,149,117,145,291,307,281,"-5.631","5.631",,,74,37,7,3,0,2,19,25.7,14,18.9,2.29264,0.69854,0.32972,0.16771,"90.7",139,35.13513513513514,10.81081081081081,5.405405405405405,5.71,-0.74,0.13,2.4,0.405,4,"1.711550152",0.382,0.372,"-1.711550152",0.03,0.02300000000000002,0.003,0.012,31.1,,,,,,,
328,805373,"Alvarez Jr., Nacho",2025,328,100,0.254,0.095,0.319,0.349,0.35,0.31,0.215,16,63,84.7,19.1,2205,88.4,88.64,25,122,206,0.19999999999998863,6.35,105,149,119,145,302,321,287,"-5.131","5.131",,,79,48,12,3,0,1,15,19,11,13.9,2.37771,0.56813,0.27771,0.11024,"90.7",146,20.833333333333336,0,0,5.75,-0.87,0.04,2.36,0.405,0,"1.564329268",0.374,0.273,"-1.564329268",0.039,0.031000000000000028,0.076,0.04,20.5,,,,,,,
327,621529,"Hudson, Joe",2025,328,99.7,0.116,0.145,0.161,0.261,0.22,0.27,0.157,8,69,84.5,19.5,2228,88.4,88.46,51,132,195,0.09999999999999432,6.28,107,150,120,145,293,318,284,"6.358","-6.358",,,78,34,4,1,0,3,35,44.9,8,10.3,2.3692,0.59203,0.34503,0.05534,"91.2",158,39.39393939393939,18.181818181818183,7.6923076923076925,5.7,-0.38,0.06,2.41,0.218,6,"-1.944342508",0.255,0.358,"1.944342508",-0.041,-0.037000000000000005,-0.097,-0.05,38.6,,,,,,,
324,695342,"Davis, Colin",2025,330,98.2,0.197,0.155,0.224,0.352,0.305,0.321,0.21,14,71,89.6,20.8,2257,88,88.11,52,163,161,0.09999999999999432,6.31,106,150,115,146,299,321,288,"0.071","-0.071",,,84,52,9,2,0,3,19,22.6,11,13.1,2.39219,0.59046,0.25152,-0.08272,"91.1",158,34.61538461538461,7.6923076923076925,4.761904761904762,5.81,-0.52,0.11,2.31,0.321,4,"-0.02191358",0.332,0.385,"0.02191358",-0.013,-0.01100000000000001,-0.033,-0.016,31.9,,,,,,,
322,677342,"Jones, Brock",2025,322,100,0.151,0.247,0.231,0.397,0.251,0.258,0.148,11,73,94.2,17.5,2231,87.2,87.18,80,167,155,0,6.33,115,145,112,151,289,320,293,"7.008","-7.008",,,77,31,3,3,0,5,42,54.5,4,5.2,2.58087,0.45708,0.24376,-0.32612,"93.3",165,53.333333333333336,23.333333333333332,9.090909090909092,5.7,-1.2,-0.05,2.23,0.195,7,"-2.176397516",0.193,0.418,"2.176397516",0.003,0.0020000000000000018,-0.021,-0.007,47.9,,,,,,,
322,814457,"Casey, Jake",2025,322,100,0.281,0.25,0.357,0.531,0.422,0.359,0.23,18,64,85.8,18.2,2210,87.5,86.84,34,131,191,-0.7000000000000028,6.12,115,145,121,148,282,306,288,"-9.566","9.566",,,82,45,10,3,2,3,19,23.2,10,12.2,2.27512,0.78196,0.61637,-0.54276,"91.4",135,33.33333333333333,8.88888888888889,4.878048780487805,5.81,-1.14,-0.06,2.38,0.439,4,"2.970807453",0.399,0.383,"-2.970807453",0.051,0.03999999999999998,0.148,0.063,26,,,,,,,
321,825094,"Dumesnil, Nick",2025,321,100,0.207,0.086,0.267,0.293,0.328,0.398,0.28,12,58,89.5,5.8,2314,88.8,88.23,34,137,184,-0.5999999999999943,6.14,108,148,116,145,287,304,277,"-3.593","3.593",,,78,45,7,5,0,0,13,16.7,17,21.8,2.29396,0.65508,0.32121,0.06713,"91.3",140,44.680851063829785,8.51063829787234,5.128205128205128,5.75,-0.84,-0.03,2.36,0.395,4,"1.119314642",0.45,0.433,"-1.119314642",-0.073,-0.05499999999999999,-0.14,-0.07,24.8,,,,,,,
321,806730,"Davies, Drew",2025,322,99.7,0.188,0.029,0.25,0.217,0.266,0.248,0.143,13,69,85.1,23.6,2261,87.9,87.45,27,128,193,-0.5,6.17,114,144,115,147,281,307,288,"3.998","-3.998",,,85,52,11,2,0,0,18,21.2,15,17.6,2.32816,0.67869,0.42306,-0.36744,"90.0",153,21.153846153846153,1.9230769230769231,1.1764705882352942,5.62,-1.2,-0.26,2.46,0.329,1,"-1.245482866",0.293,0.217,"1.245482866",0.045,0.03600000000000003,0,0.018,21.1,,,,,,,
320,685277,"Kahle, Nick",2025,322,99.4,0.25,0.147,0.319,0.397,0.306,0.319,0.262,17,68,87.6,18,2265,87.6,87.63,48,146,174,0,6.26,105,150,121,147,297,317,286,"1.867","-1.867",,,75,49,11,4,0,2,20,26.7,5,6.7,2.40903,0.64424,0.19032,0.1729,"91.0",181,38.775510204081634,8.16326530612245,5.333333333333334,5.75,-1.34,0.32,2.3,0.307,4,"-0.5834375",0.322,0.391,"0.5834375",-0.012,-0.015000000000000013,0.006,-0.013,32.9,,,,,,,
319,806518,"Rosario, Guillermo",2025,319,100,0.115,0,0.196,0.115,0.155,0.188,0.138,9,78,84.4,9.7,2208,88,87.51,53,144,175,-0.5,6.16,103,147,121,147,292,309,278,"12.871","-12.871",,,87,46,9,0,0,0,33,37.9,8,9.2,2.27091,0.72627,0.40611,0.22643,"90.3",124,32.608695652173914,2.1739130434782608,1.1494252873563218,5.84,-1,0.07,2.41,0.195,1,"-4.034796238",0.216,0.181,"4.034796238",-0.023,-0.02099999999999999,-0.066,-0.033,36.8,,,,,,,
318,685301,"Gorski, Matt",2025,318,100,0.278,0.241,0.327,0.519,0.35,0.368,0.28,22,79,94,17.2,2203,87.6,87.74,59,166,152,0.10000000000000853,6.37,104,150,119,145,296,313,283,"-3.845","3.845",,,88,59,11,7,0,4,23,26.1,6,6.8,2.50264,0.57946,0.15763,-0.01009,"93.9",178,54.23728813559322,20.33898305084746,13.636363636363635,5.78,-0.77,0.12,2.4,0.318,12,"1.209119497",0.331,0.528,"-1.209119497",-0.002,-0.013000000000000012,-0.009,-0.018,35.5,,,,,,,
318,684543,"Cope, Daniel",2025,318,100,0.206,0.132,0.283,0.338,0.301,0.273,0.194,14,68,86.5,2.9,2269,88.5,89.26,47,147,171,0.7999999999999972,6.44,107,150,121,147,304,325,296,"2.355","-2.355",,,80,47,8,4,1,1,21,26.3,9,11.3,2.38588,0.54114,0.19677,0.08861,"90.6",143,34.04255319148936,2.127659574468085,1.25,5.62,-1.11,0.14,2.46,0.325,1,"-0.740566038",0.315,0.261,"0.740566038",0.012,0.010000000000000009,0.077,0.028,32,,,,,,,
318,815924,"Beltre, Eduardo",2025,318,100,0.181,0.125,0.239,0.306,0.286,0.274,0.164,13,72,91.2,12.2,2303,88.1,87.48,42,136,182,-0.5999999999999943,6.11,105,148,117,144,291,309,282,"2.449","-2.449",,,86,48,8,3,0,2,24,27.9,13,15.1,2.17918,0.82514,0.36742,0.18169,"92.7",150,43.75,8.333333333333332,4.651162790697675,5.8,-0.56,0.29,2.39,0.314,4,"-0.770125786",0.3,0.288,"0.770125786",0.017,0.014000000000000012,0.018,0.012,30.9,,,,,,,
317,701360,"Arroyo, Chris",2025,317,100,0.221,0.132,0.269,0.353,0.298,0.335,0.265,15,68,91,11.1,2282,87.6,87.08,43,140,177,-0.5,6.18,114,147,123,147,275,302,279,"2.156","-2.156",,,79,53,10,2,2,1,16,20.3,8,10.1,2.35836,0.67752,0.40848,-0.31076,"92.6",140,48.07692307692308,3.8461538461538463,2.5316455696202533,5.56,-1.23,-0.13,2.38,0.316,2,"-0.680126183",0.356,0.397,"0.680126183",-0.044,-0.03999999999999998,-0.044,-0.037,30.7,,,,,,,
317,545358,"Stassi, Max",2025,317,100,0.273,0.121,0.354,0.394,0.363,0.322,0.206,18,66,89.3,10.1,2183,88.7,88.56,40,136,181,-0.10000000000000853,6.27,101,148,117,144,302,325,287,"-4.618","4.618",,,81,49,12,5,0,1,17,21,12,14.8,2.36262,0.61486,0.4464,0.11877,"91.6",149,42.857142857142854,8.16326530612245,4.938271604938271,5.8,-0.7,0.02,2.34,0.407,4,"1.456782334",0.353,0.351,"-1.456782334",0.067,0.05399999999999999,0.043,0.041,29.4,,,,,,,
316,800387,"Peguero, Fernando",2025,317,99.7,0.164,0.082,0.216,0.247,0.233,0.236,0.184,12,73,84.8,4.4,2208,88.6,88.62,51,154,162,0,6.3,114,146,105,150,281,308,286,"6.662","-6.662",,,82,52,8,3,0,1,21,25.6,9,11,2.28288,0.66137,0.38315,-0.38315,"90.2",129,21.568627450980394,0,0,5.74,-1.22,-0.05,2.37,0.256,0,"-2.108227848",0.275,0.227,"2.108227848",-0.02,-0.019000000000000017,0.02,-0.003,33.1,,,,,,,
314,663837,"Vierling, Matt",2025,314,100,0.197,0.121,0.282,0.318,0.288,0.344,0.243,13,66,90,6.7,2180,88,87.9,37,118,196,-0.09999999999999432,6.27,110,152,121,148,289,316,279,"1.707","-1.707",,,77,41,9,2,0,2,25,32.5,10,13,2.46303,0.52881,0.29157,0.11137,"92.2",158,46.15384615384615,12.82051282051282,6.493506493506493,5.78,-1,0.29,2.25,0.312,5,"-0.543630573",0.354,0.425,"0.543630573",-0.046,-0.04199999999999998,-0.107,-0.056,31.4,,,,,,,
314,606992,"Haase, Eric",2025,314,100,0.203,0.109,0.267,0.313,0.282,0.303,0.21,13,64,86,13.2,2237,88,88.14,54,140,174,0.09999999999999432,6.32,102,151,118,147,297,321,293,"3.976","-3.976",,,77,46,8,4,0,1,20,26,11,14.3,2.46159,0.52468,0.31373,0.11481,"91.1",149,30.434782608695656,6.521739130434782,3.896103896103896,5.71,-0.99,0.24,2.35,0.312,3,"-1.266242038",0.321,0.346,"1.266242038",-0.007,-0.009000000000000008,-0.033,-0.021,38.6,,,,,,,
314,828076,"Kilby, Dax",2025,314,100,0.353,0.088,0.421,0.441,0.399,0.368,0.305,24,68,91.9,-0.7,2227,88.5,88.04,16,107,207,-0.5,6.22,112,144,111,147,283,309,285,"-5.223","5.223",,,81,57,20,2,2,0,11,13.6,13,16,2.15334,0.81131,0.56511,-0.4177,"93.1",114,45.614035087719294,3.508771929824561,2.4691358024691357,5.66,-1.03,-0.02,2.35,0.457,2,"1.663375796",0.417,0.397,"-1.663375796",0.048,0.040000000000000036,0.044,0.031,15,,,,,,,
313,827672,"Warwick, Jude",2025,314,99.7,0.25,0.037,0.385,0.287,0.254,0.191,0.167,20,80,82.4,2.5,2212,88.7,88.21,58,163,150,-0.5,6.18,114,145,114,147,274,301,283,"4.489","-4.489",,,85,52,17,3,0,0,29,34.1,3,3.5,2.21962,0.72965,0.43253,-0.32644,"89.9",117,19.607843137254903,0,0,5.73,-0.93,-0.09,2.38,0.282,0,"-1.434185304",0.209,0.202,"1.434185304",0.083,0.07299999999999998,0.085,0.063,35.6,,,,,,,
312,692817,"Leones, Luis",2025,322,96.9,0.109,0.016,0.219,0.125,0.183,0.185,0.112,7,64,76.3,18.8,2188,89.7,89.4,62,154,158,-0.29999999999999716,6.26,108,145,101,144,271,306,284,"8.317","-8.317",,,74,32,6,1,0,0,32,43.2,8,10.8,2.05891,0.82074,0.57304,-0.47401,"88.5",130,6.25,0,0,5.7,-1.37,-0.05,2.37,0.23,0,"-2.665705128",0.232,0.129,"2.665705128",-0.003,-0.0020000000000000018,-0.004,-0.002,40.3,,,,,,,
310,691701,"Martinez, Yeral",2025,310,100,0.2,0.092,0.333,0.292,0.247,0.261,0.19,13,65,92,19.2,2211,86.8,86.23,68,178,132,-0.5999999999999943,6.14,115,145,117,145,278,306,280,"5.867","-5.867",,,70,37,9,3,0,1,28,40,3,4.3,2.51506,0.5786,0.31169,-0.24316,"93.7",146,54.054054054054056,8.108108108108109,4.285714285714286,5.76,-0.89,-0.08,2.34,0.257,3,"-1.892580645",0.247,0.345,"1.892580645",0.01,0.010000000000000009,-0.053,-0.014,38.2,,,,,,,
309,680700,"Palacios, Richie",2025,309,100,0.158,0.105,0.185,0.263,0.217,0.187,0.147,12,76,84.3,18.1,2272,88.4,88.47,32,137,172,0.09999999999999432,6.31,117,145,115,152,276,319,291,"9.064","-9.064",,,82,56,8,2,0,2,20,24.4,6,7.3,2.33392,0.62575,0.3228,-0.26541,"90.4",145,21.428571428571427,1.7857142857142856,1.2195121951219512,5.71,-0.71,-0.13,2.48,0.22,1,"-2.933333333",0.21,0.192,"2.933333333",0.011,0.010000000000000009,0.071,0.03,23.4,,,,,,,
308,805999,"Ewing, A.J.",2025,308,100,0.4,0.215,0.455,0.615,0.471,0.437,0.344,26,65,90.6,10.4,2200,88.2,87.76,21,124,184,-0.4000000000000057,6.27,111,145,116,145,280,310,290,"-10.856","10.856",,,80,56,18,3,4,1,10,12.5,14,17.5,2.30097,0.68269,0.527,-0.40166,"91.7",182,38.88888888888889,5.555555555555555,3.75,5.69,-1,-0.16,2.23,0.5,3,"3.524675325",0.463,0.552,"-3.524675325",0.056,0.03699999999999998,0.063,0.034,16.9,,,,,,,
305,703924,"Beckles, David",2025,305,100,0.215,0.108,0.302,0.323,0.281,0.256,0.192,14,65,83.7,9.7,2274,86.6,86.02,53,143,162,-0.5999999999999943,6.1,104,149,120,147,295,308,280,"2.008","-2.008",,,73,44,9,4,0,1,21,28.8,8,11,2.55902,0.65796,0.35925,0.21741,"90.4",148,29.545454545454547,4.545454545454546,2.73972602739726,5.8,-1.34,0.22,2.44,0.301,2,"-0.658360656",0.28,0.279,"0.658360656",0.023,0.020999999999999963,0.044,0.025,37.1,,,,,,,
302,694580,"Alderman, Kemp",2025,302,100,0.303,0.368,0.333,0.671,0.42,0.376,0.299,23,76,95,12.9,2248,87.9,88.16,49,147,155,0.29999999999999716,6.38,107,149,119,146,296,320,281,"-5.209","5.209",,,82,55,9,7,0,7,22,26.8,5,6.1,2.44861,0.53422,0.18382,0.10741,"94.4",176,61.81818181818181,14.545454545454545,9.75609756097561,5.83,-1.45,0.19,2.43,0.341,8,"1.724834437",0.34,0.548,"-1.724834437",0.004,0.0010000000000000009,0.123,0.044,33.3,,,,,,,
301,694374,"Tawa, Tim",2025,301,100,0.238,0.254,0.245,0.492,0.363,0.362,0.25,15,63,87.8,16.4,2232,89.2,89.38,27,129,172,0.20000000000000284,6.21,105,149,123,145,301,329,295,"-4.24","4.24",,,78,52,6,5,1,3,13,16.7,11,14.1,2.37791,0.5107,0.35194,0.03127,"92.3",168,38.46153846153847,13.461538461538462,8.974358974358974,5.74,-0.82,0.2,2.33,0.359,7,"1.408637874",0.369,0.469,"-1.408637874",-0.012,-0.010000000000000009,0.023,0.001,20.9,,,,,,,
301,624512,"McGuire, Reese",2025,303,99.3,0.26,0.192,0.271,0.452,0.345,0.314,0.232,19,73,92.1,11.3,2128,88.4,88.39,30,147,154,0,6.25,113,143,117,148,281,313,292,"-0.686","0.686",,,84,62,11,5,0,3,12,14.3,10,11.9,2.36914,0.69793,0.37161,-0.31228,"92.1",161,40,5,3.571428571428571,5.85,-1.18,0.05,2.36,0.345,3,"0.227906977",0.323,0.391,"-0.227906977",0.028,0.021999999999999964,0.061,0.031,20.4,,,,,,,
298,823779,"Sprock, Ryan",2025,298,100,0.19,0.103,0.237,0.293,0.285,0.273,0.182,11,58,89,6.9,2328,88.7,88.2,29,136,162,-0.5,6.14,103,148,116,145,290,305,278,"1.806","-1.806",,,69,40,9,0,0,2,18,26.1,9,13,2.03869,0.9174,0.38896,0.21246,"91.0",167,42.5,5,2.898550724637681,5.83,-0.57,0.14,2.5,0.319,2,"-0.606040268",0.313,0.266,"0.606040268",0.008,0.006000000000000005,0.027,0.012,21.3,,,,,,,
298,815653,"Lewis, Tyson",2025,298,100,0.254,0.085,0.474,0.338,0.304,0.294,0.216,18,71,92.4,10.9,2286,88.2,87.71,81,177,121,-0.5,6.19,110,145,114,145,276,301,285,"2.249","-2.249",,,80,38,13,4,1,0,33,41.3,8,10,2.39728,0.59057,0.4146,-0.31292,"92.4",156,50,7.894736842105263,3.75,5.65,-1.61,-0.15,2.38,0.338,3,"-0.754697987",0.305,0.355,"0.754697987",0.038,0.03300000000000003,-0.017,0.01,45.8,,,,,,,
298,806984,"Lantigua, Arnaldo",2025,299,99.7,0.271,0.129,0.396,0.4,0.323,0.253,0.206,19,70,88.1,3.4,2262,87.9,87.56,43,149,149,-0.30000000000001137,6.28,106,147,120,145,286,305,279,"-0.581","0.581",,,77,48,11,7,1,0,22,28.6,7,9.1,2.41309,0.5966,0.33211,0.1015,"91.8",127,37.5,2.083333333333333,1.2987012987012987,5.62,-0.99,0.07,2.29,0.338,1,"0.194966443",0.278,0.28,"-0.194966443",0.065,0.06,0.12,0.07,28.9,,,,,,,
297,682616,"Cartaya, Diego",2025,297,100,0.085,0.051,0.222,0.136,0.181,0.23,0.133,5,59,81.3,15.7,2284,88,87.98,73,131,166,0,6.29,102,149,120,146,289,313,279,"9.283","-9.283",,,69,19,4,0,0,1,40,58,9,13,2.3736,0.69316,0.20915,0.11905,"90.6",131,31.57894736842105,10.526315789473683,2.898550724637681,5.93,-0.91,0.14,2.44,0.217,2,"-3.125589226",0.259,0.22,"3.125589226",-0.048,-0.04200000000000001,-0.084,-0.049,55.7,,,,,,,
296,663714,"Kroon, Matt",2025,296,100,0.232,0.089,0.293,0.321,0.315,0.269,0.16,13,56,83.9,8.3,2277,87.8,87.63,31,113,183,-0.20000000000000284,6.26,106,150,118,144,294,314,285,"-0.317","0.317",,,69,42,10,2,0,1,15,21.7,11,15.9,2.43311,0.59119,0.23122,-0.06973,"90.5",143,22.5,2.5,1.4492753623188406,5.72,-0.23,0.26,2.37,0.362,1,"0.107094595",0.315,0.228,"-0.107094595",0.072,0.046999999999999986,0.093,0.046,27.4,,,,,,,
296,690448,"Jarvis, Mike",2025,297,99.7,0.183,0.099,0.255,0.282,0.234,0.237,0.195,13,71,86.5,20.3,2258,88.8,89.07,45,147,149,0.29999999999999716,6.43,108,150,113,146,295,314,287,"4.36","-4.36",,,78,48,8,4,0,1,24,30.8,5,6.4,2.35186,0.58088,0.26838,0.17122,"91.1",135,31.914893617021278,2.127659574468085,1.282051282051282,5.84,-1.08,0.12,2.32,0.244,1,"-1.472972973",0.257,0.265,"1.472972973",-0.012,-0.013000000000000012,0.017,-0.003,30.6,,,,,,,
296,800272,"Jimenez, Manolfi",2025,297,99.7,0.225,0.042,0.286,0.268,0.26,0.288,0.235,16,71,90.3,1.2,2282,87.5,86.82,52,162,134,-0.7000000000000028,6.1,113,145,113,149,281,305,285,"4.47","-4.47",,,80,56,13,3,0,0,16,20,6,7.5,2.29601,0.7497,0.40527,-0.32221,"91.9",124,48.214285714285715,1.7857142857142856,1.25,5.83,-0.79,-0.25,2.29,0.3,1,"-1.510135135",0.31,0.324,"1.510135135",-0.01,-0.010000000000000009,-0.056,-0.028,32.1,,,,,,,
295,681623,"Palma, Ronaiker",2025,296,99.7,0.324,0.054,0.375,0.378,0.335,0.301,0.274,24,74,85.9,6.6,2196,88.4,88.96,15,131,164,0.5999999999999943,6.38,108,151,119,148,309,328,299,"-0.587","0.587",,,80,64,20,4,0,0,10,12.5,6,7.5,2.41753,0.52054,0.30541,0.11561,"91.2",120,33.87096774193548,3.225806451612903,2.5,5.69,-0.83,0.08,2.33,0.375,2,"0.198983051",0.33,0.343,"-0.198983051",0.05,0.044999999999999984,0.035,0.034,11.5,,,,,,,
294,808805,"Pettorini, Tyler",2025,294,100,0.246,0.043,0.293,0.29,0.285,0.33,0.281,17,69,86,6.6,2267,87.7,87.01,29,127,167,-0.7000000000000028,6.01,110,143,110,148,282,306,283,"2.947","-2.947",,,81,58,15,1,1,0,13,16,8,9.9,2.3548,0.67353,0.45956,-0.38379,"90.5",128,22.413793103448278,1.7241379310344827,1.2345679012345678,5.79,-1.13,-0.35,2.45,0.333,1,"-1.002380952",0.372,0.355,"1.002380952",-0.035,-0.03899999999999998,-0.065,-0.045,22.8,,,,,,,
294,681357,"Morissette, Cody",2025,295,99.7,0.203,0.219,0.268,0.422,0.314,0.27,0.174,13,64,87,18.5,2225,89.2,89.24,35,129,165,0,6.33,112,146,110,150,283,319,284,"0.885","-0.885",,,73,43,4,6,1,2,21,28.8,9,12.3,2.29405,0.61154,0.34381,-0.3517,"91.0",179,37.2093023255814,11.627906976744185,6.8493150684931505,5.7,-1.24,-0.07,2.46,0.301,5,"-0.301020408",0.276,0.322,"0.301020408",0.029,0.024999999999999967,0.1,0.044,27.1,,,,,,,
293,678554,"Mead, Curtis",2025,293,100,0.3,0.217,0.375,0.517,0.393,0.377,0.278,18,60,85.9,10.7,2243,88.4,88.49,32,134,159,0.09999999999999432,6.31,107,151,121,147,290,319,286,"-3.821","3.821",,,69,43,11,4,0,3,17,24.6,7,10.1,2.42143,0.52468,0.19154,0.08887,"91.8",158,46.51162790697674,11.627906976744185,7.246376811594203,5.72,-0.88,0.13,2.46,0.391,5,"1.304095563",0.372,0.493,"-1.304095563",0.022,0.019000000000000017,0.024,0.016,23.9,,,,,,,
292,665155,"Maton, Nick",2025,292,100,0.192,0.154,0.296,0.346,0.322,0.337,0.224,10,52,86.1,13.4,2256,88.3,88.41,42,118,174,0.10000000000000853,6.32,115,142,114,148,283,319,292,"0.748","-0.748",,,65,29,6,2,0,2,23,35.4,11,16.9,2.32086,0.63169,0.25619,-0.24065,"90.4",127,34.48275862068966,6.896551724137931,3.076923076923077,5.84,-1.31,-0.16,2.27,0.354,2,"-0.256164384",0.379,0.352,"0.256164384",-0.032,-0.025000000000000022,-0.006,-0.015,35.6,,,,,,,
291,680728,"Del Castillo, Adrian",2025,291,100,0.288,0.271,0.351,0.559,0.4,0.356,0.252,17,59,87,14.6,2167,87.6,87.94,41,142,149,0.30000000000001137,6.31,112,146,116,150,301,340,305,"-1.876","1.876",,,70,41,9,4,0,4,19,27.1,10,14.3,2.65168,0.35796,0.26289,-0.21608,"91.4",161,34.146341463414636,14.634146341463413,8.571428571428571,5.68,-0.73,-0.18,2.23,0.386,6,"0.64467354",0.356,0.462,"-0.64467354",0.036,0.030000000000000027,0.097,0.044,28.9,,,,,,,
289,816120,"Burkholder, Griffin",2025,289,100,0.203,0.203,0.279,0.406,0.313,0.303,0.2,14,69,86.1,13.3,2252,89.1,88.49,53,134,155,-0.5999999999999943,6.14,104,145,120,147,291,313,278,"1.68","-1.68",,,81,45,5,6,1,2,25,30.9,7,8.6,2.1399,0.79059,0.4641,0.08563,"91.9",135,33.33333333333333,13.333333333333334,7.4074074074074066,5.92,-0.83,0.09,2.46,0.309,6,"-0.581314879",0.312,0.341,"0.581314879",0.003,-0.0030000000000000027,0.065,0.01,39.6,,,,,,,
289,808903,"Barreras, Emilio",2025,289,100,0.172,0.034,0.25,0.207,0.25,0.272,0.199,10,58,83.4,11.4,2271,88.2,87.67,26,110,179,-0.5,6.13,112,145,117,148,269,299,279,"2.291","-2.291",,,69,40,8,2,0,0,18,26.1,9,13,2.30246,0.68021,0.45343,-0.31315,"89.6",146,17.5,0,0,5.68,-1.23,-0.11,2.31,0.304,0,"-0.792733564",0.327,0.246,"0.792733564",-0.027,-0.02300000000000002,-0.039,-0.022,23.6,,,,,,,
288,605421,"Pérez, Michael",2025,288,100,0.273,0.152,0.356,0.424,0.342,0.276,0.191,18,66,89,18,2225,89.6,90.03,29,132,156,0.4000000000000057,6.42,117,146,119,152,291,318,295,"0.711","-0.711",,,74,47,12,4,0,2,19,25.7,6,8.1,2.18694,0.68348,0.35909,-0.37965,"91.7",146,48.93617021276596,6.382978723404255,4.054054054054054,5.7,-1.71,-0.08,2.38,0.351,3,"-0.246875",0.279,0.34,"0.246875",0.082,0.07199999999999995,0.084,0.066,22,,,,,,,
288,696030,"Osuna, Alejandro",2025,288,100,0.292,0.125,0.368,0.417,0.415,0.394,0.286,14,48,84.7,11.2,2181,88.9,89.25,16,118,170,0.3999999999999915,6.46,111,145,109,150,285,320,293,"-6.32","6.32",,,67,38,8,6,0,0,10,14.9,16,23.9,2.36892,0.5577,0.40698,-0.2742,"89.9",153,26.31578947368421,0,0,5.75,-0.95,-0.14,2.4,0.493,0,"2.194444444",0.489,0.344,"-2.194444444",0.006,0.0040000000000000036,0.073,0.021,13.6,,,,,,,
287,700337,"Quero, Edgar",2025,287,100,0.333,0.078,0.432,0.412,0.383,0.349,0.286,17,51,87.8,4.5,2180,88.4,88.21,25,112,175,-0.20000000000000284,6.27,112,146,128,151,288,317,289,"-3.9","3.9",,,63,38,15,1,0,1,14,22.2,11,17.5,2.30725,0.65503,0.38283,-0.38283,"91.4",151,42.10526315789473,2.631578947368421,1.5873015873015872,5.7,-1.19,-0.17,2.38,0.444,1,"1.358885017",0.407,0.36,"-1.358885017",0.047,0.03700000000000003,0.052,0.034,22.3,,,,,,,
285,825925,"Bonomolo Jr., Richie",2025,285,100,0.167,0.067,0.238,0.233,0.253,0.276,0.189,10,60,84.4,13.3,2258,86.9,86.44,29,121,164,-0.5,6.16,103,147,116,145,287,308,277,"3.211","-3.211",,,71,42,6,4,0,0,18,25.4,9,12.7,2.46919,0.67414,0.40147,0.16014,"90.0",150,23.809523809523807,4.761904761904762,2.8169014084507045,5.62,-1.02,0.07,2.32,0.296,2,"-1.126666667",0.314,0.273,"1.126666667",-0.022,-0.018000000000000016,-0.04,-0.023,24,,,,,,,
285,807643,"Alcantara, Alfredo",2025,289,98.6,0.233,0.167,0.262,0.4,0.357,0.325,0.215,14,60,83.2,5.4,2248,87.8,87.24,38,143,142,-0.5999999999999943,6.2,106,147,118,145,286,301,276,"-2.004","2.004",,,75,45,10,1,0,3,15,20,8,10.7,2.34056,0.68123,0.38576,0.21339,"90.2",128,28.888888888888886,4.444444444444445,2.666666666666667,5.59,-1.2,0.17,2.28,0.387,2,"0.703157895",0.372,0.315,"-0.703157895",0.018,0.015000000000000013,0.085,0.032,26.6,,,,,,,
285,800615,"Scherrer, Luke",2025,285,100,0.164,0,0.25,0.164,0.214,0.202,0.139,9,55,79.3,18.8,2276,88.7,88.4,28,107,178,-0.29999999999999716,6.23,104,147,117,146,290,308,280,"6.04","-6.04",,,63,36,9,0,0,0,19,30.2,7,11.1,2.25589,0.68912,0.35639,0.15674,"89.8",120,19.444444444444446,0,0,5.66,-0.97,0.13,2.47,0.27,0,"-2.119298246",0.248,0.158,"2.119298246",0.025,0.02200000000000002,0.006,0.012,26.2,,,,,,,
285,687071,"Sasaki, Shane",2025,287,99.3,0.221,0.029,0.273,0.25,0.26,0.301,0.25,15,68,83.2,11.4,2299,88.9,89.1,33,130,155,0.19999999999998863,6.36,105,149,109,145,294,318,278,"2.477","-2.477",,,78,55,13,2,0,0,14,17.9,7,9,2.30849,0.60817,0.24901,0.16085,"90.5",152,23.636363636363637,3.6363636363636362,2.564102564102564,5.65,-1.04,0.14,2.37,0.308,2,"-0.869122807",0.339,0.32,"0.869122807",-0.029,-0.031000000000000028,-0.07,-0.041,25.4,,,,,,,
284,692564,"Salazar, Johnfrank",2025,284,100,0.254,0.045,0.315,0.299,0.294,0.289,0.238,17,67,86.5,8.1,2304,88.5,88.24,32,135,149,-0.29999999999999716,6.23,106,143,114,144,291,307,273,"3.018","-3.018",,,76,54,14,3,0,0,13,17.1,8,10.5,2.28919,0.67187,0.31208,0.17272,"90.6",124,29.629629629629626,0,0,5.57,-0.75,0.24,2.35,0.342,0,"-1.062676056",0.328,0.301,"1.062676056",0.016,0.014000000000000012,-0.002,0.005,23.7,,,,,,,
280,641943,"Palacios, Joshua",2025,280,100,0.197,0.182,0.204,0.379,0.315,0.357,0.242,13,66,89.3,17.9,2226,89.6,89.66,42,147,133,0.10000000000000853,6.27,113,145,118,152,285,318,292,"0.256","-0.256",,,82,52,7,3,0,3,16,19.5,11,13.4,2.20811,0.65724,0.34211,-0.27782,"91.6",165,35.294117647058826,9.803921568627452,6.097560975609756,5.65,-0.87,-0.07,2.38,0.329,5,"-0.091428571",0.368,0.452,"0.091428571",-0.045,-0.03899999999999998,-0.073,-0.042,28.6,,,,,,,
279,682663,"Ramírez, Agustín",2025,279,100,0.254,0.225,0.294,0.479,0.335,0.289,0.218,18,71,89,9.5,2338,88.1,88.2,45,142,137,0.10000000000000853,6.37,110,150,121,145,296,319,285,"-1.583","1.583",,,80,54,8,7,0,3,19,23.8,7,8.8,2.54523,0.43935,0.08252,-0.03259,"93.1",167,44.44444444444444,12.962962962962962,8.75,5.68,-1.09,0.11,2.3,0.313,7,"0.567383513",0.282,0.388,"-0.567383513",0.036,0.031000000000000028,0.091,0.046,31.7,,,,,,,
279,687428,"Holt, Peyton",2025,281,99.3,0.129,0.081,0.184,0.21,0.215,0.244,0.169,8,62,90.1,11.5,2326,88.1,87.54,51,127,152,-0.5999999999999943,6.18,106,147,117,146,289,310,282,"4.366","-4.366",,,71,39,5,2,0,1,23,32.4,6,8.5,2.33484,0.66554,0.32978,0.19448,"91.8",134,40,2.5,1.4084507042253522,5.68,-1.27,0.21,2.32,0.239,1,"-1.564874552",0.274,0.242,"1.564874552",-0.04,-0.03500000000000003,-0.032,-0.029,40.2,,,,,,,
275,809861,"Meggers, Chase",2025,275,100,0.276,0.052,0.41,0.328,0.327,0.283,0.21,16,58,88.6,8.3,2237,87,86.5,39,133,142,-0.5,6.15,114,145,119,147,284,306,284,"0.3","-0.3",,,68,39,13,3,0,0,19,27.9,7,10.3,2.49745,0.58143,0.37222,-0.32647,"90.9",148,33.33333333333333,2.564102564102564,1.4705882352941175,5.67,-1.08,-0.12,2.39,0.382,1,"-0.109090909",0.326,0.277,"0.109090909",0.066,0.055999999999999994,0.051,0.044,29.3,,,,,,,
274,701648,"Zavala, Aaron",2025,275,99.6,0.214,0.161,0.278,0.375,0.307,0.287,0.211,12,56,87.5,9.4,2153,86.5,86.76,34,130,144,0.29999999999999716,6.42,116,146,111,152,289,311,291,"-0.905","0.905",,,66,38,7,3,0,2,19,28.8,9,13.6,2.55011,0.55891,0.27502,-0.28919,"90.7",165,43.24324324324324,5.405405405405405,3.0303030303030303,5.77,-1.07,-0.16,2.59,0.318,2,"0.330291971",0.317,0.314,"-0.330291971",0.003,0.0010000000000000009,0.061,0.02,26.2,,,,,,,
274,675659,"Jones, Greg",2025,276,99.3,0.153,0.119,0.25,0.271,0.25,0.271,0.179,9,59,87.8,7.7,2234,87.8,87.6,64,149,125,-0.20000000000000284,6.31,112,145,103,149,284,315,290,"4.617","-4.617",,,68,30,6,1,0,2,29,42.6,5,7.4,2.48613,0.52377,0.19366,-0.19366,"90.6",121,33.33333333333333,10,4.411764705882353,5.69,-1.42,-0.08,2.16,0.265,3,"-1.685036496",0.287,0.3,"1.685036496",-0.026,-0.021999999999999964,-0.029,-0.021,43,,,,,,,
270,812430,"Caraballo, Heriberto",2025,270,100,0.153,0.051,0.2,0.203,0.223,0.224,0.159,9,59,80.2,11.7,2341,88.2,87.83,22,109,161,-0.4000000000000057,6.28,108,146,118,145,286,305,273,"3.299","-3.299",,,69,41,8,0,0,1,19,27.5,8,11.6,2.30433,0.68796,0.28074,0.15881,"89.3",127,12.195121951219512,0,0,5.6,-1.15,0.3,2.34,0.261,0,"-1.221851852",0.267,0.199,"1.221851852",-0.006,-0.006000000000000005,0.004,-0.001,20.2,,,,,,,
269,700083,"Bay, John",2025,269,100,0.333,0.259,0.484,0.593,0.449,0.331,0.213,18,54,90.2,10.2,2268,87,86.28,35,102,167,-0.7000000000000028,6.09,104,144,117,142,288,302,277,"-9.684","9.684",,,69,34,11,3,1,3,21,30.4,9,13,2.53335,0.54089,0.38877,0.20431,"92.5",157,42.42424242424242,9.090909090909092,4.3478260869565215,5.66,-1.08,0.19,2.23,0.464,3,"3.6",0.372,0.347,"-3.6",0.12,0.09200000000000003,0.246,0.118,34.3,,,,,,,
268,624503,"Gordon, Nick",2025,268,100,0.27,0.063,0.415,0.333,0.299,0.279,0.231,17,63,90.4,11.6,2189,88.4,88.16,42,148,120,-0.20000000000000284,6.22,114,145,110,150,275,310,290,"0.893","-0.893",,,69,41,13,4,0,0,22,31.9,6,8.7,2.40336,0.59716,0.28127,-0.21625,"90.5",177,34.21052631578947,2.631578947368421,1.4492753623188406,5.74,-0.6,-0.22,2.32,0.333,1,"-0.333208955",0.301,0.32,"0.333208955",0.039,0.03200000000000003,0.013,0.02,28.4,,,,,,,
267,809633,"Dattalo, Michael",2025,267,100,0.259,0.069,0.319,0.328,0.302,0.303,0.263,15,58,85.7,4.3,2316,88,87.52,15,111,156,-0.5,6.2,108,149,118,145,286,301,271,"0.25","-0.25",,,65,47,11,4,0,0,11,16.9,4,6.2,2.32352,0.68291,0.34783,0.21944,"90.3",138,30.434782608695656,0,0,5.63,-1.29,0.05,2.31,0.338,0,"-0.093632959",0.344,0.32,"0.093632959",-0.004,-0.00599999999999995,0.008,-0.001,13.5,,,,,,,
263,676332,"Knight, Caleb",2025,263,100,0.212,0.167,0.279,0.379,0.283,0.197,0.149,14,66,84,19.4,2228,89.1,89.36,49,138,125,0.30000000000001137,6.32,102,150,120,145,289,312,285,"3.733","-3.733",,,71,45,7,5,0,2,21,29.6,2,2.8,2.3238,0.57625,0.3433,0.20805,"90.6",142,26.666666666666668,2.2222222222222223,1.4084507042253522,5.73,-1.28,0.25,2.27,0.268,1,"-1.419391635",0.209,0.218,"1.419391635",0.063,0.059000000000000025,0.161,0.086,35.5,,,,,,,
262,816384,"Robertson, Sam",2025,262,100,0.179,0,0.323,0.179,0.239,0.222,0.147,10,56,82.3,-0.3,2295,87.6,87.05,47,114,148,-0.5999999999999943,6.15,105,147,116,145,290,304,280,"4.078","-4.078",,,66,31,10,0,0,0,25,37.9,9,13.6,2.42275,0.60831,0.32588,0.13158,"89.2",97,9.67741935483871,0,0,5.71,-0.93,0.16,2.25,0.303,0,"-1.55648855",0.276,0.169,"1.55648855",0.032,0.02699999999999997,0.01,0.017,41.2,,,,,,,
261,699061,"Doncon, Rayne",2025,261,100,0.254,0.102,0.298,0.356,0.308,0.318,0.273,15,59,83.8,16.8,2288,87.7,87.13,31,130,131,-0.6000000000000085,6.15,100,145,122,145,287,313,286,"1.546","-1.546",,,66,48,11,3,0,1,11,16.7,7,10.6,2.37736,0.64655,0.31516,0.2095,"91.6",130,27.083333333333332,4.166666666666666,3.0303030303030303,5.65,-1.1,0.12,2.34,0.333,2,"-0.592337165",0.35,0.357,"0.592337165",-0.019,-0.01699999999999996,-0.001,-0.01,23.8,,,,,,,
259,642136,"Thaiss, Matt",2025,259,100,0.2,0.109,0.244,0.309,0.291,0.252,0.168,11,55,84.2,22.5,2235,88.2,88.27,31,118,141,0.09999999999999432,6.3,114,147,116,152,282,317,292,"2.211","-2.211",,,65,42,7,3,0,1,13,20,9,13.8,2.30363,0.71988,0.361,-0.31884,"90.5",154,30.76923076923077,0,0,5.73,-1.42,-0.15,2.54,0.323,0,"-0.853667954",0.303,0.216,"0.853667954",0.032,0.020000000000000018,0.093,0.039,26.3,,,,,,,
258,683104,"Faltine, Trey",2025,259,99.6,0.203,0.141,0.382,0.344,0.258,0.203,0.156,13,64,87.5,14.6,2257,88.3,88.45,64,133,125,0.10000000000000853,6.33,105,150,118,147,298,322,285,"4.67","-4.67",,,68,34,6,5,2,0,30,44.1,3,4.4,2.31744,0.6423,0.3298,-0.00816,"91.5",164,44.11764705882353,8.823529411764707,4.411764705882353,5.88,-0.66,0.28,2.26,0.25,3,"-1.810077519",0.205,0.246,"1.810077519",0.047,0.04500000000000001,0.098,0.055,48.1,,,,,,,
257,680971,"Anchia, Jake",2025,257,100,0.215,0.123,0.316,0.338,0.266,0.256,0.206,14,65,84.5,13.2,2269,88.7,88.61,59,134,123,-0.10000000000000853,6.29,104,148,119,144,289,316,278,"4.862","-4.862",,,71,40,10,2,0,2,26,36.6,4,5.6,2.37163,0.56903,0.21886,0.03714,"90.9",162,30.76923076923077,5.128205128205128,2.8169014084507045,5.82,-0.97,0.13,2.4,0.268,2,"-1.891828794",0.266,0.301,"1.891828794",0.009,0.0020000000000000018,0.037,0.01,44,,,,,,,
256,805904,"Cole, Zach",2025,256,100,0.353,0.392,0.448,0.745,0.498,0.424,0.284,18,51,90.8,12.1,2149,88.2,88.13,26,102,154,-0.10000000000000853,6.32,117,146,117,150,286,313,291,"-8.954","8.954",,,61,34,9,3,1,5,17,27.9,10,16.4,2.33289,0.63235,0.40263,-0.42129,"92.9",183,46.875,21.875,11.475409836065573,5.88,-1.16,-0.1,2.32,0.459,7,"3.49765625",0.406,0.589,"-3.49765625",0.069,0.05299999999999999,0.156,0.074,25.5,,,,,,,
256,691284,"Corniel, Juan",2025,259,98.8,0.234,0.104,0.283,0.338,0.268,0.256,0.241,18,77,84.2,2.2,2247,89.9,90.37,30,140,116,0.5,6.32,110,146,109,148,295,330,302,"5.989","-5.989",,,81,61,12,5,0,1,16,19.8,3,3.7,2.25629,0.57266,0.43313,-0.43313,"89.9",122,22.950819672131146,0,0,5.71,-0.89,-0.08,2.22,0.272,0,"-2.339453125",0.279,0.29,"2.339453125",-0.007,-0.007000000000000006,0.048,0.012,21.4,,,,,,,
256,682073,"Hensley, David",2025,257,99.6,0.085,0.085,0.15,0.17,0.211,0.277,0.167,4,47,96.2,9,2352,88,88.02,35,91,165,0,6.35,107,149,115,144,291,313,285,"6.517","-6.517",,,57,21,2,1,0,1,26,45.6,9,15.8,2.3934,0.6019,0.07808,0.04271,"92.5",179,57.14285714285714,9.523809523809524,3.508771929824561,5.77,-1.15,0.15,2.41,0.246,2,"-2.545703125",0.313,0.277,"2.545703125",-0.082,-0.067,-0.107,-0.066,38.5,,,,,,,
255,703637,"Williams, Max",2025,255,100,0.269,0.015,0.316,0.284,0.298,0.315,0.252,18,67,90.5,12.9,2278,88.5,87.99,29,129,126,-0.5,6.19,117,146,121,148,276,307,284,"1.604","-1.604",,,78,57,17,1,0,0,11,14.1,9,11.5,2.25467,0.71252,0.43484,-0.38311,"91.8",166,40.35087719298245,1.7543859649122806,1.282051282051282,5.65,-0.89,-0.14,2.34,0.359,1,"-0.629019608",0.353,0.332,"0.629019608",0.017,0.006000000000000005,-0.048,-0.017,22.5,,,,,,,
255,689302,"Simas, Karson",2025,255,100,0.328,0.098,0.463,0.426,0.364,0.298,0.252,20,61,83.7,5.8,2256,88.3,88.19,30,122,133,-0.09999999999999432,6.22,104,150,117,147,297,317,282,"-2.421","2.421",,,68,42,16,3,0,1,19,27.9,7,10.3,2.37506,0.62177,0.24583,0.06307,"90.7",146,33.33333333333333,2.380952380952381,1.4705882352941175,5.75,-0.94,0.21,2.24,0.397,1,"0.949411765",0.329,0.326,"-0.949411765",0.076,0.068,0.1,0.066,24.6,,,,,,,
253,656555,"Hoskins, Rhys",2025,253,100,0.275,0.196,0.316,0.471,0.361,0.353,0.236,14,51,92,16.5,2299,88.4,88.77,31,102,151,0.3999999999999915,6.43,106,150,121,145,302,321,292,"-2.264","2.264",,,62,40,8,4,0,2,13,21,9,14.5,2.34435,0.60341,0.17385,0.06194,"92.4",189,42.5,15,9.67741935483871,5.91,-1.38,0.27,2.36,0.371,6,"0.89486166",0.347,0.454,"-0.89486166",0.039,0.02400000000000002,0.017,0.008,30.4,,,,,,,
253,691006,"Parada, Kevin",2025,253,100,0.196,0.089,0.233,0.286,0.257,0.322,0.259,11,56,87.1,3.5,2227,86.9,86.99,30,118,135,0.09999999999999432,6.28,107,150,117,146,294,315,283,"1.04","-1.04",,,64,44,8,2,0,1,13,20.3,7,10.9,2.44968,0.60454,0.27217,0.20427,"91.3",138,31.70731707317073,4.878048780487805,3.125,5.9,-1.2,0.22,2.29,0.281,2,"-0.411067194",0.342,0.383,"0.411067194",-0.063,-0.061,-0.097,-0.065,25.4,,,,,,,
252,681132,"Ferguson, Max",2025,254,99.2,0.283,0.183,0.366,0.467,0.353,0.276,0.222,17,60,86.2,15.5,2191,87.8,87.64,38,111,141,-0.20000000000000284,6.31,117,146,108,152,281,318,290,"-1.506","1.506",,,66,43,10,5,0,2,17,25.8,6,9.1,2.5027,0.51144,0.42615,-0.38417,"92.1",139,30.23255813953488,4.651162790697675,3.0303030303030303,5.71,-1.61,-0.09,2.25,0.348,2,"0.597619048",0.292,0.325,"-0.597619048",0.061,0.055999999999999994,0.142,0.077,34.2,,,,,,,
252,690841,"O'Neill, Matt",2025,252,100,0.203,0.102,0.289,0.305,0.262,0.255,0.194,12,59,87.1,10.6,2274,88.1,88.12,36,112,140,0,6.26,108,150,120,148,291,318,284,"2.952","-2.952",,,65,39,8,3,0,1,20,30.8,6,9.2,2.42075,0.5508,0.16319,0.02367,"91.1",169,33.33333333333333,10.256410256410255,6.153846153846154,5.8,-1.35,0.08,2.33,0.277,4,"-1.171428571",0.268,0.298,"1.171428571",0.009,0.009000000000000008,0.007,0.007,32.1,,,,,,,
252,542364,"Ortega, Rafael",2025,252,100,0.305,0.271,0.313,0.576,0.389,0.343,0.278,18,59,87.7,24.1,2283,88.3,88.38,20,116,136,0.10000000000000853,6.43,115,145,116,150,285,316,290,"-3.898","3.898",,,67,51,8,7,0,3,10,14.9,6,9,2.39889,0.57556,0.335,-0.25571,"91.8",171,29.411764705882355,7.8431372549019605,5.970149253731343,5.66,-1.56,-0.12,2.3,0.358,4,"1.546825397",0.334,0.474,"-1.546825397",0.027,0.023999999999999966,0.102,0.046,17.2,,,,,,,
250,676203,"Castañon, Marcos",2025,250,100,0.3,0.25,0.385,0.55,0.393,0.349,0.28,18,60,90.8,15.3,2204,88,88.28,32,129,121,0.29999999999999716,6.27,105,150,120,145,300,322,294,"-3.678","3.678",,,69,42,10,4,1,3,19,27.5,6,8.7,2.36388,0.6026,0.36558,0.00446,"91.9",160,39.02439024390244,9.75609756097561,5.797101449275362,5.7,-0.53,0.26,2.36,0.377,4,"1.4712",0.362,0.436,"-1.4712",0.02,0.015000000000000013,0.114,0.044,24.8,,,,,,,
250,702495,"Tate, Josh",2025,250,100,0.238,0.095,0.288,0.333,0.27,0.251,0.202,15,63,85.3,16.3,2300,88.5,87.88,21,117,133,-0.5999999999999943,6.09,103,148,113,144,290,302,279,"2.897","-2.897",,,70,52,11,2,2,0,13,18.6,4,5.7,2.16288,0.80402,0.42181,0.37659,"90.1",150,23.076923076923077,1.9230769230769231,1.4285714285714286,5.62,-1.05,0.07,2.5,0.286,1,"-1.1588",0.267,0.287,"1.1588",0.036,0.01899999999999996,0.046,0.019,17.9,,,,,,,
250,815528,"Rivera, Ediel",2025,250,100,0.167,0.037,0.257,0.204,0.254,0.206,0.103,9,54,79.9,16.8,2321,87.2,86.74,36,115,135,-0.5,6.16,103,147,117,145,290,307,276,"2.542","-2.542",,,65,35,7,2,0,0,19,29.2,5,7.7,2.56948,0.68056,0.22434,0.15325,"89.0",114,8.571428571428571,0,0,5.76,-1.11,0.25,2.24,0.308,0,"-1.0168",0.255,0.135,"1.0168",0.064,0.05299999999999999,0.069,0.048,31.3,,,,,,,
248,823770,"Smith II, JP",2025,248,100,0.221,0.147,0.283,0.368,0.286,0.279,0.21,15,68,83,22.8,2306,88.3,87.88,39,134,114,-0.3999999999999915,6.17,106,149,118,144,291,311,282,"1.765","-1.765",,,74,48,10,2,1,2,20,27,5,6.8,2.16117,0.82512,0.37593,0.22012,"90.9",166,29.166666666666668,10.416666666666668,6.756756756756757,5.75,-0.95,-0.04,2.52,0.284,5,"-0.711693548",0.274,0.357,"0.711693548",0.011,0.009999999999999953,0.011,0.007,29.1,,,,,,,
248,679663,"Scott, Stephen",2025,248,100,0.138,0.086,0.184,0.224,0.205,0.217,0.168,8,58,93.2,20.9,2265,88.6,88.61,45,114,134,0,6.4,114,147,112,149,282,313,285,"7.341","-7.341",,,64,39,6,0,1,1,19,29.7,4,6.3,2.32839,0.63198,0.22488,-0.19956,"92.8",144,44.73684210526316,0,0,5.81,-1.39,-0.13,2.41,0.219,0,"-2.960080645",0.247,0.217,"2.960080645",-0.03,-0.027999999999999997,0.007,-0.012,39.5,,,,,,,
247,801726,"Gomez, Santiago",2025,247,100,0.174,0.087,0.226,0.261,0.274,0.271,0.19,8,46,78.2,20.6,2275,87.5,87.07,29,113,134,-0.4000000000000057,6.19,103,146,117,145,279,305,276,"2.821","-2.821",,,57,32,6,1,0,1,15,26.3,7,12.3,2.3636,0.66364,0.4,0.17902,"89.0",136,9.67741935483871,0,0,5.72,-1.04,0.14,2.25,0.316,0,"-1.142105263",0.332,0.223,"1.142105263",-0.016,-0.016000000000000014,0.038,0.003,25.7,,,,,,,
247,686251,"Lindsly, Brady",2025,250,98.8,0.143,0.071,0.206,0.214,0.235,0.31,0.237,8,56,86.8,9,2259,87.6,87.35,42,114,133,-0.19999999999998863,6.18,114,145,116,149,285,318,294,"5.295","-5.295",,,66,35,6,1,0,1,21,31.8,9,13.6,2.50761,0.51162,0.35773,-0.27271,"91.2",133,37.142857142857146,5.714285714285714,3.0303030303030303,5.65,-0.96,-0.11,2.24,0.273,2,"-2.143724696",0.353,0.321,"2.143724696",-0.094,-0.07999999999999996,-0.107,-0.075,36.8,,,,,,,
247,672537,"Rosario, Dalvy",2025,248,99.6,0.143,0.143,0.167,0.286,0.226,0.22,0.147,8,56,80.8,14.3,2262,88.5,88.58,35,120,127,0.09999999999999432,6.34,104,151,110,146,297,319,283,"5.314","-5.314",,,63,38,5,0,1,2,19,30.2,6,9.5,2.31874,0.62963,0.19247,0.1396,"90.1",153,26.31578947368421,5.263157894736842,3.1746031746031744,5.59,-1.57,0.17,2.42,0.222,2,"-2.151417004",0.236,0.228,"2.151417004",-0.004,-0.013999999999999985,0.058,0.006,29.2,,,,,,,
246,675915,"Bañuelos, David",2025,246,100,0.107,0.107,0.147,0.214,0.197,0.229,0.158,6,56,88.1,26.2,2301,88.9,88.81,39,108,138,-0.10000000000000853,6.23,106,150,119,148,297,317,284,"7.465","-7.465",,,63,35,2,3,0,1,21,33.3,7,11.1,2.31285,0.61371,0.20959,0.12107,"91.5",175,37.142857142857146,2.857142857142857,1.5873015873015872,5.76,-1.59,0.07,2.32,0.206,1,"-3.034552846",0.251,0.244,"3.034552846",-0.051,-0.04500000000000001,-0.03,-0.032,36.1,,,,,,,
244,678009,"Meadows, Parker",2025,244,100,0.26,0.24,0.414,0.5,0.385,0.373,0.253,13,50,89.2,16.8,2211,88.4,88.35,44,102,142,-0.10000000000000853,6.3,119,146,114,152,285,316,287,"-3.364","3.364",,,61,30,6,3,3,1,20,32.8,11,18,2.3034,0.66597,0.4148,-0.31143,"91.6",193,48,20,8.19672131147541,5.85,-1.06,-0.16,2.39,0.393,5,"1.378688525",0.4,0.443,"-1.378688525",0.007,-0.007000000000000006,0.057,0.012,43.1,,,,,,,
243,621028,"Newman, Kevin",2025,243,100,0.296,0.074,0.364,0.37,0.335,0.277,0.234,16,54,79.4,15.8,2239,88.1,88.13,22,108,135,0,6.32,104,149,117,147,290,319,286,"-1.983","1.983",,,61,44,12,4,0,0,10,16.4,7,11.5,2.40395,0.75992,0.33765,0.20267,"89.1",144,13.636363636363635,0,0,5.78,-0.94,0.11,2.4,0.377,0,"0.816049383",0.322,0.279,"-0.816049383",0.062,0.05499999999999999,0.091,0.058,20.4,,,,,,,
239,677649,"Duran, Ezequiel",2025,239,100,0.345,0.327,0.395,0.673,0.447,0.347,0.284,19,55,90.2,15.5,2284,87.4,87.49,33,129,110,0.09999999999999432,6.32,110,151,117,148,296,316,286,"-5.037","5.037",,,59,42,9,6,0,4,13,22,4,6.8,2.48561,0.54393,0.20469,0.08494,"91.8",167,42.857142857142854,7.142857142857142,5.084745762711865,5.88,-1.04,0.25,2.24,0.39,3,"2.107531381",0.333,0.473,"-2.107531381",0.061,0.056999999999999995,0.2,0.1,25.6,,,,,,,
237,641924,"Nottingham, Jacob",2025,238,99.6,0.2,0.109,0.344,0.309,0.268,0.219,0.157,11,55,82,20.4,2288,88.8,89.02,62,131,106,0.20000000000000284,6.39,108,150,121,146,298,327,289,"4.006","-4.006",,,63,32,5,6,0,0,24,38.1,4,6.3,2.29114,0.64034,0.25426,-0.09114,"90.2",143,22.58064516129032,3.225806451612903,1.5873015873015872,5.82,-0.32,0.05,2.36,0.286,1,"-1.690295359",0.253,0.207,"1.690295359",0.043,0.032999999999999974,0.102,0.049,47.3,,,,,,,
237,660757,"Gonzalez, Oscar",2025,237,100,0.333,0.37,0.371,0.704,0.448,0.383,0.293,18,54,88.6,4.7,2232,87.9,87.82,34,129,108,-0.10000000000000853,6.16,111,152,121,148,303,318,294,"-3.979","3.979",,,57,40,9,3,1,5,14,24.6,3,5.3,2.54869,0.43619,0.28852,0.02835,"92.4",164,52.5,17.5,12.280701754385964,5.63,-1.04,0.07,2.3,0.368,7,"1.678902954",0.33,0.576,"-1.678902954",0.04,0.03799999999999998,0.128,0.065,26.4,,,,,,,
236,823759,"Genther, Eric",2025,236,100,0.256,0.163,0.286,0.419,0.394,0.376,0.238,11,43,91.9,7.9,2190,86.8,86.1,8,82,154,-0.7000000000000028,6.06,114,145,117,147,284,309,286,"-2.145","2.145",,,58,36,6,4,0,1,7,12.1,10,17.2,2.4872,0.66681,0.59992,-0.47763,"92.6",154,44.44444444444444,2.7777777777777777,1.7241379310344827,5.61,-1.05,-0.13,2.35,0.448,1,"0.908898305",0.435,0.369,"-0.908898305",0.018,0.013000000000000012,0.05,0.018,9.8,,,,,,,
236,814429,"Patrick, Andrew",2025,237,99.6,0.14,0.047,0.261,0.186,0.233,0.237,0.133,6,43,86,18.8,2250,88.5,87.95,54,124,112,-0.5,6.14,103,145,114,144,287,309,277,"4.041","-4.041",,,53,23,4,2,0,0,21,39.6,7,13.2,2.28246,0.68826,0.35221,0.00983,"90.0",144,39.130434782608695,4.3478260869565215,1.8867924528301887,5.73,-0.62,0.15,2.37,0.283,1,"-1.712288136",0.279,0.2,"1.712288136",0.007,0.003999999999999948,-0.014,-0.004,43.5,,,,,,,
235,800840,"Heath, Chase",2025,235,100,0.267,0.222,0.3,0.489,0.404,0.304,0.17,12,45,83,16.9,2295,88.7,88.24,34,107,128,-0.5,6.21,105,148,118,144,287,304,273,"-4.25","4.25",,,58,33,8,1,0,3,12,20.7,12,20.7,2.19689,0.77124,0.42145,0.35328,"90.2",163,21.21212121212121,6.0606060606060606,3.4482758620689653,5.63,-1.4,0.21,2.43,0.431,2,"1.808510638",0.356,0.276,"-1.808510638",0.097,0.07500000000000001,0.213,0.1,31.8,,,,,,,
235,691720,"Karros, Kyle",2025,235,100,0.306,0.194,0.354,0.5,0.374,0.329,0.275,19,62,89,6.9,2297,88.9,89.6,26,119,116,0.6999999999999886,6.35,107,151,122,148,307,329,297,"-1.375","1.375",,,68,50,12,4,1,2,12,17.6,5,7.4,2.42136,0.46332,0.28655,0.07013,"91.6",143,40,6,4.411764705882353,5.68,-0.47,-0.02,2.32,0.368,3,"0.585106383",0.339,0.404,"-0.585106383",0.031,0.02899999999999997,0.096,0.045,21.8,,,,,,,
230,680996,"Mann, Luke",2025,230,100,0.2,0.289,0.25,0.489,0.34,0.28,0.173,9,45,89.5,15,2254,88.9,89.3,32,104,126,0.3999999999999915,6.35,115,144,120,149,296,327,301,"-0.838","0.838",,,54,27,3,2,1,3,19,35.2,8,14.8,2.45226,0.44157,0.4373,-0.35165,"90.8",165,40.74074074074074,7.4074074074074066,3.7037037037037033,5.73,-0.49,-0.17,2.34,0.315,2,"0.364347826",0.293,0.327,"-0.364347826",0.027,0.02200000000000002,0.162,0.06,30.8,,,,,,,
229,702486,"West, Jaxson",2025,230,99.6,0.146,0.042,0.167,0.188,0.246,0.305,0.226,7,48,86.6,7.4,2145,87.7,87.27,14,91,138,-0.4000000000000057,6.18,112,144,116,148,280,299,285,"3.794","-3.794",,,59,42,5,2,0,0,6,10.2,11,18.6,2.29362,0.71624,0.59716,-0.47402,"90.1",135,21.428571428571427,0,0,5.62,-1.15,-0.11,2.57,0.305,0,"-1.656768559",0.37,0.272,"1.656768559",-0.08,-0.065,-0.084,-0.059,15.4,,,,,,,
229,804614,"Vargas, Marco",2025,229,100,0.409,0.136,0.472,0.545,0.469,0.381,0.297,18,44,90.1,9.4,2156,87.9,87.42,17,99,130,-0.5,6.19,114,145,115,145,277,310,291,"-6.615","6.615",,,55,37,14,3,0,1,7,12.7,10,18.2,2.29978,0.72364,0.60018,-0.6504,"91.3",157,32.432432432432435,8.108108108108109,5.454545454545454,5.79,-1.1,-0.16,2.35,0.527,3,"2.888646288",0.438,0.404,"-2.888646288",0.112,0.08900000000000002,0.141,0.088,17.2,,,,,,,
229,687263,"Neto, Zach",2025,229,100,0.261,0.261,0.29,0.522,0.384,0.374,0.245,12,46,94.2,20.1,2077,88.1,88.48,27,109,120,0.4000000000000057,6.4,108,151,118,146,302,327,299,"-3.898","3.898",,,54,34,6,3,0,3,12,22.2,6,11.1,2.45511,0.50163,0.36974,0.23632,"93.1",143,58.82352941176471,8.823529411764707,5.555555555555555,5.87,-0.6,0.15,2.24,0.37,3,"1.702183406",0.357,0.508,"-1.702183406",0.016,0.013000000000000012,0.014,0.01,24.8,,,,,,,
228,689216,"Battles, Jalen",2025,231,98.7,0.229,0.021,0.306,0.25,0.266,0.246,0.18,11,48,88.8,6,2274,87.9,88.23,39,106,122,0.29999999999999716,6.47,105,150,119,147,289,316,288,"3.248","-3.248",,,56,36,10,1,0,0,13,23.2,7,12.5,2.37649,0.61115,0.20294,0.04224,"91.8",134,38.88888888888889,0,0,5.52,-1.47,0.24,2.21,0.321,0,"-1.424561404",0.291,0.216,"1.424561404",0.049,0.030000000000000027,0.034,0.02,36.8,,,,,,,
227,595777,"Profar, Jurickson",2025,227,100,0.333,0.25,0.31,0.583,0.411,0.385,0.314,16,48,85.9,21.2,2191,89.1,89.31,16,105,122,0.20000000000000284,6.33,116,144,117,147,289,320,290,"-5.92","5.92",,,59,45,10,3,0,3,6,10.2,8,13.6,2.29978,0.59894,0.37471,-0.37471,"91.0",155,28.888888888888886,6.666666666666667,5.084745762711865,5.7,-0.94,-0.19,2.57,0.407,3,"2.607929515",0.394,0.514,"-2.607929515",0.019,0.012999999999999956,0.069,0.026,15.2,,,,,,,
226,690961,"Bradfield Jr., Enrique",2025,229,98.7,0.17,0.113,0.229,0.283,0.219,0.219,0.17,9,53,88.7,20.6,2188,88.5,88.43,27,108,118,-0.09999999999999432,6.26,108,147,100,150,273,318,294,"5.212","-5.212",,,59,36,6,1,1,1,19,32.2,4,6.8,2.23155,0.73142,0.31465,-0.25004,"90.6",163,33.33333333333333,2.7777777777777777,1.694915254237288,5.92,-0.33,-0.1,2.43,0.22,1,"-2.30619469",0.232,0.248,"2.30619469",0,-0.01200000000000001,0.035,0,25,,,,,,,
222,596142,"Sánchez, Gary",2025,222,100,0.367,0.388,0.375,0.755,0.505,0.408,0.276,18,49,91.4,14.6,2215,88.4,88.23,26,97,125,-0.20000000000000284,6.22,106,151,122,146,297,329,296,"-9.438","9.438",,,57,38,11,1,0,6,11,19.3,5,8.8,2.29703,0.66443,0.3757,0.02385,"92.4",140,44.73684210526316,15.789473684210526,10.526315789473683,5.75,-0.99,0.24,2.48,0.456,6,"4.251351351",0.378,0.58,"-4.251351351",0.091,0.07800000000000001,0.175,0.097,26.8,,,,,,,
221,675910,"Williams, Chris",2025,221,100,0.17,0.149,0.25,0.319,0.284,0.268,0.169,8,47,89.7,30.2,2209,86.5,86.56,33,91,130,0.09999999999999432,6.37,106,150,118,146,288,317,283,"1.937","-1.937",,,57,29,3,4,0,1,18,31.6,9,15.8,2.63602,0.45718,0.1819,0.11195,"92.8",139,48.275862068965516,3.4482758620689653,1.7543859649122806,5.97,-1.14,0.18,2.21,0.304,1,"-0.876470588",0.303,0.27,"0.876470588",0.001,0.0010000000000000009,0.049,0.016,36.3,,,,,,,
219,702574,"Mershon, David",2025,221,99.1,0.128,0.043,0.207,0.17,0.201,0.234,0.162,6,47,87.9,0.7,2248,89.1,89.22,37,107,112,0.10000000000000853,6.23,113,147,104,147,291,322,296,"5.428","-5.428",,,54,29,4,2,0,0,18,33.3,7,13,2.35123,0.53941,0.47793,-0.47793,"90.5",137,41.37931034482759,0,0,5.52,-0.7,-0.02,2.28,0.241,0,"-2.478538813",0.271,0.221,"2.478538813",-0.034,-0.030000000000000027,-0.051,-0.033,34.6,,,,,,,
219,701852,"Cavanaugh, Drew",2025,221,99.1,0.191,0.085,0.258,0.277,0.24,0.262,0.212,9,47,90.7,8.7,2198,88.4,88.31,31,98,121,-0.10000000000000853,6.35,113,145,115,149,288,325,301,"2.697","-2.697",,,51,32,7,1,0,1,15,29.4,4,7.8,2.49918,0.47651,0.49297,-0.30009,"91.9",146,46.875,3.125,1.9607843137254901,5.61,-0.75,-0.11,2.33,0.255,1,"-1.231506849",0.274,0.311,"1.231506849",-0.021,-0.019000000000000017,-0.034,-0.022,31.6,,,,,,,
216,676356,"DeLuca, Jonny",2025,216,100,0.12,0.02,0.154,0.14,0.176,0.234,0.176,6,50,84.6,16.7,2247,87.8,87.88,28,108,108,0.10000000000000853,6.28,108,152,120,145,293,323,294,"7.018","-7.018",,,56,39,5,1,0,0,11,19.6,5,8.9,2.50329,0.48708,0.13727,-0.00884,"90.9",152,23.076923076923077,0,0,5.7,-1.02,0.16,2.25,0.214,0,"-3.249074074",0.264,0.234,"3.249074074",-0.056,-0.05000000000000002,-0.094,-0.058,25.9,,,,,,,
214,681370,"Haskin, Hudson",2025,216,99.1,0.2,0.08,0.265,0.28,0.263,0.209,0.143,10,50,80.3,9.1,2302,89.7,89.77,34,97,117,0.09999999999999432,6.33,105,150,114,148,299,317,284,"2.07","-2.07",,,58,35,8,1,0,1,16,27.6,5,8.6,2.23449,0.63593,0.28206,0.04626,"89.8",116,17.142857142857142,0,0,5.89,-1.32,0.15,2.38,0.293,0,"-0.96728972",0.245,0.183,"0.96728972",0.057,0.04799999999999999,0.097,0.054,35.1,,,,,,,
214,669707,"Triolo, Jared",2025,214,100,0.239,0.174,0.257,0.413,0.363,0.354,0.234,11,46,87.8,21.5,2291,87.9,88.24,27,88,126,0.29999999999999716,6.35,104,151,121,148,300,320,289,"-4.147","4.147",,,58,37,7,2,0,2,9,15.5,12,20.7,2.33243,0.63963,0.1464,0.06182,"91.1",187,32.432432432432435,8.108108108108109,5.172413793103448,5.64,-1.26,0.24,2.47,0.397,3,"1.937850467",0.392,0.393,"-1.937850467",0.005,0.0050000000000000044,0.02,0.009,30.7,,,,,,,
214,649966,"Urías, Luis",2025,214,100,0.26,0.12,0.279,0.38,0.327,0.299,0.237,13,50,87.3,11.2,2255,87.9,87.86,13,90,124,0,6.21,103,149,118,148,298,317,288,"-0.911","0.911",,,57,44,9,3,0,1,6,10.5,6,10.5,2.51846,0.47564,0.33521,0.01906,"91.6",130,34.090909090909086,2.272727272727273,1.7543859649122806,5.69,-0.72,0.28,2.25,0.351,1,"0.425700935",0.332,0.322,"-0.425700935",0.023,0.01899999999999996,0.058,0.028,14.4,,,,,,,
213,643565,"Tauchman, Mike",2025,213,100,0.111,0.083,0.13,0.194,0.206,0.267,0.181,4,36,85.5,14.2,2170,88.5,88.42,23,97,116,-0.09999999999999432,6.26,114,144,128,149,290,316,295,"4.154","-4.154",,,43,24,3,0,0,1,13,30.2,6,14,2.33859,0.6134,0.4185,-0.283,"89.7",162,29.166666666666668,4.166666666666666,2.3255813953488373,5.76,-0.85,-0.1,2.46,0.233,1,"-1.950234742",0.291,0.297,"1.950234742",-0.07,-0.05799999999999997,-0.103,-0.061,23.7,,,,,,,
213,656448,"Garrett, Stone",2025,213,100,0.087,0.043,0.167,0.13,0.152,0.191,0.13,4,46,89.1,11.7,2192,86.1,86.01,41,107,106,-0.09999999999999432,6.39,104,151,120,145,295,316,286,"8.101","-8.101",,,51,24,2,2,0,0,22,43.1,5,9.8,2.53662,0.59665,0.15493,0.08319,"91.1",133,41.66666666666667,8.333333333333332,3.9215686274509802,5.86,0,0.25,2.35,0.176,2,"-3.803286385",0.215,0.19,"3.803286385",-0.043,-0.03900000000000001,-0.06,-0.039,38.3,,,,,,,
212,686639,"Dunn, Jack",2025,215,98.6,0.17,0.043,0.276,0.213,0.247,0.248,0.159,8,47,87.1,-1.5,2279,87.7,87.71,29,89,123,0,6.3,107,152,107,146,287,311,281,"2.53","-2.53",,,57,29,7,0,1,0,19,33.3,7,12.3,2.43066,0.57914,0.1933,0.14792,"90.4",147,32.142857142857146,3.571428571428571,1.7543859649122806,5.76,-1.34,0.2,2.28,0.298,1,"-1.193396226",0.293,0.214,"1.193396226",0.011,0.0050000000000000044,-0.001,-0.001,32.6,,,,,,,
212,685332,"Mendoza, Carlos",2025,213,99.5,0.333,0.235,0.357,0.569,0.386,0.301,0.244,17,51,87.4,2.5,2346,88.6,88.77,22,102,110,0.20000000000000284,6.42,113,144,102,148,273,314,283,"-4.194","4.194",,,56,44,10,4,1,2,9,16.1,2,3.6,2.33193,0.62184,0.1046,-0.02005,"91.3",158,40,5,3.571428571428571,5.82,-0.81,0.05,2.36,0.357,2,"1.978301887",0.301,0.37,"-1.978301887",0.089,0.055999999999999994,0.199,0.085,21.6,,,,,,,
209,667240,"Matthews, Jason",2025,211,99.1,0.333,0.167,0.542,0.5,0.41,0.315,0.218,14,42,81.2,9.7,2241,88.5,88.55,31,83,126,0,6.33,108,151,116,146,300,315,284,"-6.171","6.171",,,50,25,11,0,2,1,17,34,6,12,2.46928,0.4799,0.15048,0.07394,"90.9",167,32,8,4,5.87,-0.85,0.2,2.42,0.44,2,"2.952631579",0.343,0.348,"-2.952631579",0.115,0.09699999999999998,0.152,0.095,37.3,,,,,,,
208,678093,"McDowell, Micah",2025,208,100,0.25,0.136,0.323,0.386,0.35,0.344,0.231,11,44,87.5,8.7,2273,89.1,88.81,23,87,121,-0.29999999999999716,6.2,113,145,111,143,271,304,282,"-0.843","0.843",,,55,32,8,1,1,1,12,21.8,8,14.5,2.14587,0.76322,0.43976,-0.36961,"91.4",146,40.625,6.25,3.6363636363636362,5.74,-1.21,-0.01,2.5,0.389,2,"0.405288462",0.376,0.385,"-0.405288462",0.019,0.013000000000000012,0.001,0.006,26.4,,,,,,,
206,702563,"Neville, Mason",2025,206,100,0.25,0.205,0.345,0.455,0.345,0.291,0.192,11,44,89.2,24.2,2270,87.8,87.28,35,84,122,-0.5,6.18,116,144,116,146,278,300,283,"-0.785","0.785",,,54,30,4,6,0,1,16,29.6,7,13,2.35388,0.67635,0.33624,-0.29507,"92.0",176,43.333333333333336,13.333333333333334,7.4074074074074066,5.6,-1.29,0.02,2.3,0.352,4,"0.381067961",0.307,0.345,"-0.381067961",0.058,0.044999999999999984,0.11,0.054,41.7,,,,,,,
204,592348,"Goodrum, Niko",2025,204,100,0.229,0.171,0.304,0.4,0.354,0.366,0.238,8,35,94.8,13,2134,87.5,87.55,25,82,122,0.09999999999999432,6.38,112,148,120,152,289,320,291,"-2.968","2.968",,,46,24,4,3,0,1,12,26.1,8,17.4,2.48907,0.5297,0.2173,-0.2173,"92.6",162,59.09090909090909,9.090909090909092,4.3478260869565215,5.78,-1,-0.1,2.37,0.391,2,"1.454901961",0.408,0.406,"-1.454901961",-0.009,-0.01699999999999996,-0.006,-0.012,30.5,,,,,,,
204,806275,"Goodman, Jack",2025,204,100,0.333,0.19,0.394,0.524,0.428,0.341,0.239,14,42,89.9,12.7,2305,88.1,87.63,25,89,115,-0.5,6.16,105,147,115,144,286,304,276,"-6.795","6.795",,,52,34,9,3,1,1,8,15.4,9,17.3,2.35103,0.64901,0.25191,0.1276,"91.1",149,41.17647058823529,2.941176470588235,1.9230769230769231,5.66,-1.06,0.04,2.35,0.462,1,"3.330882353",0.386,0.359,"-3.330882353",0.094,0.07600000000000001,0.165,0.087,28.1,,,,,,,
203,682692,"Palma, Miguel",2025,204,99.5,0.176,0.157,0.186,0.333,0.25,0.325,0.269,9,51,85.8,9.1,2247,89.1,89.33,20,94,109,0.20000000000000284,6.39,106,152,120,147,293,313,280,"3.95","-3.95",,,55,44,3,5,0,1,7,12.7,2,3.6,2.23576,0.66266,0.4169,0.17276,"91.1",161,34.146341463414636,4.878048780487805,3.6363636363636362,5.7,-0.67,0.16,2.37,0.236,2,"-1.945812808",0.326,0.412,"1.945812808",-0.093,-0.09000000000000002,-0.079,-0.075,21.3,,,,,,,
203,693049,"Colás, Oscar",2025,203,100,0.116,0.093,0.192,0.209,0.205,0.235,0.168,5,43,89.6,17.1,2232,88.3,88.31,39,98,105,0,6.29,112,147,122,151,288,318,295,"4.818","-4.818",,,49,26,1,4,0,0,17,34.7,6,12.2,2.39586,0.56614,0.19604,-0.16812,"91.7",154,42.30769230769231,0,0,5.78,-1.01,-0.09,2.25,0.224,0,"-2.373399015",0.27,0.229,"2.373399015",-0.052,-0.04600000000000001,-0.02,-0.03,39.8,,,,,,,
202,814955,"Ferrara, Matthew",2025,202,100,0.159,0.091,0.231,0.25,0.257,0.237,0.15,7,44,84.3,22,2318,88.1,87.61,31,77,125,-0.5,6.16,106,146,117,144,292,306,280,"2.834","-2.834",,,52,27,5,1,0,1,17,32.7,4,7.7,2.26406,0.73475,0.4398,0.10257,"90.3",134,25.925925925925924,3.7037037037037033,1.9230769230769231,5.9,-0.61,-0.11,2.4,0.288,1,"-1.402970297",0.281,0.201,"1.402970297",0.009,0.006999999999999951,0.049,0.02,40.3,,,,,,,
200,701298,"Glasser, Phillip",2025,202,99,0.364,0.136,0.417,0.5,0.421,0.357,0.289,16,44,89.4,3.2,2267,88,87.81,23,100,100,-0.20000000000000284,6.27,114,145,107,152,281,315,294,"-6.323","6.323",,,52,37,13,1,1,1,7,13.5,8,15.4,2.3949,0.59645,0.25086,-0.34335,"90.6",122,27.027027027027028,2.7027027027027026,1.9230769230769231,5.65,-1.08,-0.08,2.28,0.462,1,"3.1615",0.398,0.394,"-3.1615",0.075,0.064,0.106,0.064,23,,,,,,,
199,806401,"Croes, Dayson",2025,199,100,0.349,0.116,0.395,0.465,0.388,0.32,0.289,15,43,81.1,4.8,2147,89.9,89.75,13,108,91,-0.20000000000000284,6.3,119,148,113,151,283,314,296,"-2.786","2.786",,,48,38,11,3,1,0,5,10.4,2,4.2,2.21492,0.65286,0.43784,-0.33925,"89.3",164,18.421052631578945,0,0,5.87,-1.49,-0.09,2.54,0.417,0,"1.4",0.363,0.341,"-1.4",0.06,0.05399999999999999,0.124,0.068,12,,,,,,,
198,821765,"Pinto, Jesus",2025,198,100,0.277,0.043,0.371,0.319,0.289,0.224,0.185,13,47,91.5,-10.7,2291,88.6,88.11,30,89,109,-0.5,6.16,106,147,117,143,289,307,279,"1.872","-1.872",,,52,35,11,2,0,0,13,25,3,5.8,2.26429,0.68765,0.28979,0.16487,"92.0",118,45.714285714285715,0,0,5.72,-0.75,0.2,2.36,0.327,0,"-0.945454545",0.25,0.219,"0.945454545",0.092,0.07700000000000001,0.1,0.065,33.7,,,,,,,
197,669326,"Teodosio, Bryce",2025,198,99.5,0.321,0.17,0.395,0.491,0.369,0.255,0.22,17,53,85,8.2,2245,88.9,89.47,40,114,83,0.5999999999999943,6.44,108,151,114,147,305,324,293,"-2.904","2.904",,,57,43,11,3,3,0,10,17.5,3,5.3,2.4001,0.50837,0.24863,0.12944,"91.2",117,34.883720930232556,2.3255813953488373,1.7543859649122806,5.78,-0.88,0.2,2.25,0.368,1,"1.474111675",0.275,0.284,"-1.474111675",0.101,0.09299999999999997,0.207,0.114,35.1,,,,,,,
196,669413,"Chavez, Frainyer",2025,197,99.5,0.235,0.294,0.208,0.529,0.399,0.329,0.196,8,34,84.6,8.7,2094,86.7,86.5,14,74,122,-0.20000000000000284,6.07,114,146,110,149,290,325,289,"-1.866","1.866",,,43,27,4,1,0,3,7,16.3,8,18.6,2.97827,0.55587,0.54862,-0.54862,"90.2",168,29.629629629629626,3.7037037037037033,2.3255813953488373,5.63,-1.05,-0.17,2.31,0.395,1,"0.952040816",0.364,0.35,"-0.952040816",0.039,0.031000000000000028,0.179,0.07,18.9,,,,,,,
196,677595,"Mauricio, Ronny",2025,196,100,0.396,0.208,0.444,0.604,0.441,0.382,0.306,19,48,91.5,12.2,2094,86.6,86.66,24,101,95,0.10000000000000853,6.36,111,145,118,147,286,311,286,"-4.853","4.853",,,53,39,15,1,0,3,10,18.9,4,7.5,2.685,0.39405,0.36903,-0.36903,"93.4",182,43.58974358974359,10.256410256410255,7.547169811320755,5.86,-1.24,-0.01,2.19,0.434,4,"2.476020408",0.353,0.555,"-2.476020408",0.09,0.08100000000000002,0.049,0.059,23.8,,,,,,,
194,675994,"Brown, Devonte",2025,195,99.5,0.267,0.222,0.345,0.489,0.351,0.29,0.224,12,45,91.1,15,2186,86.7,86.55,20,74,120,-0.10000000000000853,6.31,106,146,118,146,295,315,279,"-0.174","0.174",,,49,31,6,4,0,2,14,28.6,3,6.1,2.6749,0.54689,0.21052,0.07995,"92.0",141,48.38709677419355,3.225806451612903,2.0408163265306123,5.63,-1.29,0.23,2.4,0.327,1,"0.089690722",0.287,0.372,"-0.089690722",0.043,0.040000000000000036,0.117,0.061,27,,,,,,,
194,804859,"Phelps, Robert",2025,194,100,0.231,0.051,0.281,0.282,0.334,0.308,0.198,9,39,85.3,6.7,2322,88.6,88.16,15,72,122,-0.3999999999999915,6.16,103,147,116,143,288,303,275,"-1.741","1.741",,,53,32,7,2,0,0,8,15.1,12,22.6,2.22505,0.73052,0.40742,0.25701,"89.9",118,12.5,0,0,5.78,-0.95,0.23,2.4,0.415,0,"0.89742268",0.392,0.226,"-0.89742268",0.033,0.022999999999999965,0.056,0.026,20.8,,,,,,,
194,676882,"Seagle, Chandler",2025,194,100,0.212,0.058,0.306,0.269,0.227,0.206,0.188,11,52,85.8,1.6,2223,87.6,87.57,32,104,90,0,6.33,106,150,117,146,300,316,286,"5.843","-5.843",,,54,36,8,3,0,0,16,29.6,1,1.9,2.37562,0.64453,0.31387,-0.0482,"91.2",131,36.11111111111111,2.7777777777777777,1.8518518518518516,5.74,-0.55,0.28,2.43,0.241,1,"-3.01185567",0.219,0.239,"3.01185567",0.024,0.021999999999999992,0.03,0.021,30.8,,,,,,,
194,700242,"Sweeney, Trey",2025,194,100,0.326,0.186,0.4,0.512,0.417,0.343,0.261,14,43,86.6,13.2,2223,89.3,89.44,24,97,97,0.10000000000000853,6.31,116,146,121,153,289,317,292,"-5.426","5.426",,,52,32,10,2,0,2,11,21.2,7,13.5,2.23294,0.65505,0.4432,-0.4933,"91.6",181,40.625,3.125,1.9230769230769231,5.77,-1.35,-0.16,2.37,0.442,1,"2.796907216",0.389,0.358,"-2.796907216",0.065,0.05299999999999999,0.154,0.074,24.7,,,,,,,
193,827326,"Licourt, Yorman",2025,193,100,0.171,0.073,0.333,0.244,0.224,0.247,0.186,7,41,88,7.6,2101,85.6,84.98,34,86,107,-0.5999999999999943,6.12,114,145,124,149,285,312,290,"4.43","-4.43",,,45,19,6,0,0,1,22,48.9,4,8.9,2.69192,0.78751,0.59724,-0.59724,"90.7",150,42.10526315789473,15.789473684210526,6.666666666666667,5.79,-1.1,0.09,2.55,0.244,3,"-2.295336788",0.258,0.288,"2.295336788",-0.015,-0.014000000000000012,-0.044,-0.023,39.5,,,,,,,
193,813847,"Napleton, Luke",2025,193,100,0.25,0.075,0.29,0.325,0.297,0.279,0.179,10,40,89.3,18.2,2227,87.2,86.77,27,87,106,-0.4000000000000057,6.15,106,146,117,145,292,306,278,"0.082","-0.082",,,50,32,9,0,0,1,11,22,6,12,2.37518,0.67332,0.30807,0.15516,"91.7",142,43.75,6.25,4,5.59,-1.03,0.06,2.29,0.34,2,"-0.042487047",0.3,0.254,"0.042487047",0.071,0.040000000000000036,0.071,0.018,31,,,,,,,
192,680718,"Barger, Addison",2025,192,100,0.211,0.211,0.25,0.421,0.318,0.424,0.263,8,38,96.5,13.7,2197,88.5,88.25,29,101,91,-0.29999999999999716,6.27,115,146,115,150,292,315,294,"-2.162","2.162",,,45,26,4,2,0,2,13,28.9,5,11.1,2.30297,0.65104,0.34984,-0.22161,"95.8",163,57.692307692307686,23.076923076923077,13.333333333333334,5.87,-0.72,-0.07,2.43,0.311,6,"1.126041667",0.364,0.631,"-1.126041667",-0.052,-0.05299999999999999,-0.21,-0.106,28.7,,,,,,,
192,656537,"Hill, Derek",2025,192,100,0.171,0.049,0.259,0.22,0.236,0.272,0.194,7,41,88.1,11.7,2236,89.6,89.87,35,100,92,0.30000000000001137,6.41,107,149,117,145,300,322,280,"3.804","-3.804",,,47,27,5,2,0,0,14,29.8,5,10.6,2.12187,0.73974,0.24964,0.09974,"91.3",168,44.44444444444444,7.4074074074074066,4.25531914893617,5.78,-1,0.17,2.52,0.277,2,"-1.98125",0.297,0.297,"1.98125",-0.023,-0.019999999999999962,-0.077,-0.036,35,,,,,,,
191,809844,"Vu, Kien",2025,191,100,0.174,0.217,0.185,0.391,0.256,0.257,0.19,8,46,87.2,11.2,2254,87.7,87.25,27,87,104,-0.4000000000000057,6.23,113,145,115,147,277,300,281,"0.885","-0.885",,,48,30,4,1,0,3,16,33.3,1,2.1,2.3688,0.65547,0.37047,-0.3512,"91.6",156,36.666666666666664,10,6.25,5.52,-1.51,-0.18,2.48,0.208,3,"-0.463350785",0.224,0.371,"0.463350785",-0.016,-0.016000000000000014,0.02,-0.001,31,,,,,,,
191,815039,"Dickerson, Dustin",2025,191,100,0.316,0.053,0.353,0.368,0.352,0.47,0.413,12,38,92.8,14.2,2222,87.9,87.7,6,73,118,-0.20000000000000284,6.2,106,150,117,147,290,310,274,"-1.709","1.709",,,46,34,10,2,0,0,5,10.9,6,13,2.58199,0.71969,0.24569,0.07793,"91.7",198,59.375,3.125,2.1739130434782608,5.8,-0.79,0.21,2.19,0.413,1,"0.894764398",0.498,0.609,"-0.894764398",-0.097,-0.08500000000000002,-0.241,-0.118,8.2,,,,,,,
190,702332,"Durbin, Caleb",2025,193,98.4,0.269,0.212,0.267,0.481,0.338,0.313,0.288,14,52,88.6,11.1,2223,88.4,88.4,17,89,101,0,6.31,107,151,113,147,299,321,289,"-2.377","2.377",,,55,47,7,5,0,2,5,9.1,3,5.5,2.30342,0.65332,0.3973,0.28492,"91.6",136,36.17021276595745,2.127659574468085,1.8181818181818181,5.91,-0.85,0.11,2.28,0.309,1,"1.251052632",0.327,0.385,"-1.251052632",-0.019,-0.018000000000000016,0.096,0.025,19.1,,,,,,,
190,693418,"Maguire, Solomon",2025,191,99.5,0.053,0,0.095,0.053,0.159,0.204,0.095,2,38,87.2,25.3,2145,88.3,87.66,31,80,110,-0.5999999999999943,6.15,113,146,112,146,286,307,279,"7.051","-7.051",,,46,21,2,0,0,0,17,37,8,17.4,2.17168,0.81668,0.47407,-0.4236,"91.0",149,28.57142857142857,4.761904761904762,2.1739130434782608,5.68,-1.41,-0.04,2.37,0.217,1,"-3.711052632",0.253,0.139,"3.711052632",-0.042,-0.036000000000000004,-0.086,-0.045,38.8,,,,,,,
190,804645,"Connor, Caden",2025,190,100,0.333,0.077,0.429,0.41,0.374,0.31,0.255,13,39,88.3,-1.6,2259,90,90.01,13,73,117,0,6.27,112,147,113,151,283,315,293,"-1.218","1.218",,,45,29,12,0,0,1,10,22.2,5,11.1,2.21842,0.63225,0.32676,-0.29697,"91.5",136,41.37931034482759,0,0,5.64,-0.58,-0.02,2.29,0.422,0,"0.641052632",0.357,0.312,"-0.641052632",0.078,0.065,0.098,0.064,17.8,,,,,,,
189,802599,"Penney, Jack",2025,189,100,0.125,0,0.211,0.125,0.251,0.274,0.149,4,32,93.7,-1.3,2293,87.2,86.82,16,61,128,-0.4000000000000057,6.26,117,146,117,149,273,303,288,"2.604","-2.604",,,42,19,4,0,0,0,13,31,7,16.7,2.41196,0.64298,0.35942,-0.15783,"91.7",93,47.368421052631575,0,0,5.85,-0.28,-0.14,2.26,0.333,0,"-1.377777778",0.352,0.174,"1.377777778",-0.024,-0.01899999999999996,-0.049,-0.023,26.2,,,,,,,
188,666152,"Hamilton, David",2025,188,100,0.282,0.256,0.281,0.538,0.376,0.277,0.219,11,39,87.4,21.3,2226,87.7,87.74,12,82,106,0,6.31,113,146,106,152,289,318,289,"-2.047","2.047",,,45,34,6,2,1,2,6,13.3,5,11.1,2.42027,0.59048,0.25818,-0.2,"91.0",151,30.303030303030305,3.0303030303030303,2.2222222222222223,5.81,-1.19,0.03,2.41,0.356,1,"1.088829787",0.303,0.314,"-1.088829787",0.063,0.05299999999999999,0.224,0.099,14.6,,,,,,,
184,701737,"Smith, Myles",2025,184,100,0.205,0.051,0.267,0.256,0.286,0.322,0.254,8,39,90.7,-7,2161,88.9,88.46,14,68,116,-0.4000000000000057,6.23,117,144,111,142,276,309,287,"1.979","-1.979",,,47,30,6,2,0,0,9,19.1,5,10.6,2.28141,0.66346,0.51147,-0.47668,"92.4",119,48.275862068965516,0,0,5.6,-1.54,-0.15,2.45,0.34,0,"-1.075543478",0.383,0.302,"1.075543478",-0.049,-0.04299999999999998,-0.046,-0.036,20.6,,,,,,,
184,805367,"Meidroth, Chase",2025,184,100,0.267,0.333,0.227,0.6,0.447,0.423,0.274,8,30,89.8,12.4,2283,89.2,89.14,5,54,130,-0.10000000000000853,6.38,107,148,119,146,299,317,284,"-4.967","4.967",,,40,25,4,1,0,3,5,12.5,8,20,2.2519,0.655,0.3006,0.19908,"91.9",158,40,12,7.5,5.71,-1.39,-0.03,2.39,0.45,3,"2.699456522",0.456,0.508,"-2.699456522",-0.007,-0.006000000000000005,0.092,0.024,9.3,,,,,,,
183,691396,"Espinoza, Iverson",2025,185,98.9,0.256,0.116,0.313,0.372,0.316,0.255,0.203,11,43,77.9,5.8,2324,89.4,89.13,30,100,83,-0.30000000000001137,6.35,106,145,112,145,284,302,271,"0.699","-0.699",,,50,33,8,2,0,1,11,22,4,8,2.20077,0.69746,0.35626,0.18451,"89.2",136,12.121212121212121,0,0,5.62,-0.83,0.11,2.35,0.34,0,"-0.381967213",0.298,0.24,"0.381967213",0.053,0.04200000000000004,0.132,0.061,30,,,,,,,
182,456781,"Solano, Donovan",2025,182,100,0.212,0.091,0.292,0.303,0.275,0.286,0.211,7,33,87.2,4,2189,88.3,88.62,17,89,93,0.29999999999999716,6.43,104,150,115,149,301,314,278,"2.034","-2.034",,,39,24,5,1,1,0,10,25.6,5,12.8,2.30473,0.6479,0.18525,0.05564,"90.2",155,50,0,0,5.75,-1.63,0.15,2.52,0.308,0,"-1.117582418",0.321,0.285,"1.117582418",0.001,-0.013000000000000012,0.018,-0.011,19.1,,,,,,,
181,682622,"Marte, Noelvi",2025,181,100,0.326,0.209,0.361,0.535,0.415,0.462,0.357,14,43,90,9.6,2190,88.5,88.63,19,94,87,0.09999999999999432,6.36,107,148,119,145,293,318,288,"-4.191","4.191",,,53,37,7,6,0,1,7,13.2,8,15.1,2.38746,0.55961,0.26672,0.02772,"93.3",142,54.054054054054056,16.216216216216218,11.320754716981133,5.95,-0.79,0.27,2.25,0.434,6,"2.315469613",0.472,0.604,"-2.315469613",-0.031,-0.03799999999999998,-0.069,-0.047,20.2,,,,,,,
178,678099,"Logan, Gavin",2025,178,100,0.366,0.293,0.5,0.659,0.444,0.334,0.269,15,41,91.1,19.2,2191,89.4,89.91,25,89,89,0.5,6.24,115,144,126,151,291,329,310,"-4.422","4.422",,,48,27,9,3,0,3,16,33.3,3,6.3,2.25871,0.62627,0.34185,-0.29927,"91.3",191,44.44444444444444,7.4074074074074066,4.166666666666666,5.77,-1.25,-0.04,2.47,0.417,2,"2.484269663",0.339,0.433,"-2.484269663",0.097,0.07799999999999996,0.226,0.11,28.1,,,,,,,
177,622761,"Mateo, Jorge",2025,177,100,0.318,0.114,0.361,0.432,0.347,0.367,0.331,14,44,88.1,10.4,2257,90.1,90.19,15,86,91,0.10000000000000853,6.28,110,152,122,149,299,314,287,"-0.112","0.112",,,47,37,11,2,0,1,7,14.9,3,6.4,2.1339,0.70119,0.44602,0.25125,"91.8",167,40.54054054054054,8.108108108108109,6.382978723404255,5.66,-1.23,0.01,2.63,0.362,3,"0.063276836",0.374,0.475,"-0.063276836",-0.013,-0.01200000000000001,-0.043,-0.02,17.4,,,,,,,
177,678662,"Tovar, Ezequiel",2025,177,100,0.163,0.047,0.206,0.209,0.18,0.248,0.222,7,43,88.5,15.9,2239,88.6,89.04,31,106,71,0.4000000000000057,6.34,110,151,119,147,307,329,291,"6.221","-6.221",,,46,34,5,2,0,0,10,21.7,2,4.3,2.31525,0.60429,0.33045,0.09739,"91.1",180,41.17647058823529,2.941176470588235,2.1739130434782608,5.69,-0.46,0.11,2.41,0.196,1,"-3.514689266",0.252,0.318,"3.514689266",-0.059,-0.055999999999999994,-0.109,-0.068,29.2,,,,,,,
177,666211,"Trammell, Taylor",2025,177,100,0.25,0.361,0.2,0.611,0.393,0.405,0.257,9,36,91.6,28.8,2139,88.6,88.82,18,75,102,0.20000000000000284,6.31,113,144,122,150,291,316,291,"-2.283","2.283",,,47,33,2,4,0,3,6,12.8,7,14.9,2.28904,0.64274,0.47415,-0.27347,"93.7",197,50,21.875,14.893617021276595,5.71,-0.86,-0.01,2.42,0.362,7,"1.289830508",0.392,0.547,"-1.289830508",-0.007,-0.030000000000000027,0.064,-0.012,24,,,,,,,
176,685300,"Richardson, Grant",2025,177,99.4,0.279,0.233,0.435,0.512,0.371,0.278,0.175,12,43,96.1,7.5,2164,87.8,87.73,39,88,88,-0.09999999999999432,6.29,114,146,113,151,282,318,294,"-2.909","2.909",,,50,25,6,4,0,2,19,38,6,12,2.39352,0.61331,0.36773,-0.36091,"94.5",171,60,8,4,5.69,-1.31,-0.1,2.41,0.36,2,"1.652840909",0.286,0.28,"-1.652840909",0.104,0.07400000000000001,0.232,0.093,44.3,,,,,,,
174,805782,"Lasko, Ryan",2025,175,99.4,0.262,0.095,0.313,0.357,0.298,0.291,0.256,11,42,88.1,-3.5,2273,88.9,89.28,27,83,91,0.3999999999999915,6.26,107,151,115,147,305,327,292,"0.203","-0.203",,,47,33,9,1,0,1,10,21.3,4,8.5,2.46224,0.42272,0.3746,0.03805,"91.0",128,39.39393939393939,3.0303030303030303,2.127659574468085,5.85,-0.82,0.21,2.46,0.319,1,"-0.116666667",0.315,0.341,"0.116666667",0.006,0.0040000000000000036,0.016,0.007,32.5,,,,,,,
174,623993,"Santander, Anthony",2025,174,100,0.219,0.25,0.208,0.469,0.352,0.347,0.246,7,32,84.4,6.4,2100,88.1,87.96,12,77,97,-0.09999999999999432,6.23,111,147,128,150,288,320,296,"-1.435","1.435",,,38,26,3,2,0,2,6,15.8,6,15.8,2.41828,0.56678,0.48701,-0.48701,"91.2",153,26.923076923076923,7.6923076923076925,5.263157894736842,5.83,-1.74,-0.21,2.5,0.342,2,"0.824712644",0.365,0.419,"-0.824712644",-0.027,-0.022999999999999965,0.05,0.005,15.6,,,,,,,
172,665052,"Conine, Griffin",2025,172,100,0.292,0.292,0.385,0.583,0.471,0.458,0.254,7,24,91.5,11.1,2141,86.3,86.61,23,60,112,0.29999999999999716,6.42,115,145,121,150,291,324,289,"-4.547","4.547",,,35,15,4,1,0,2,9,25.7,11,31.4,2.64936,0.44468,0.09535,-0.08124,"93.7",160,60,13.333333333333334,5.714285714285714,5.99,-1.35,-0.19,2.53,0.514,2,"2.643604651",0.488,0.586,"-2.643604651",0.038,0.026000000000000023,-0.003,0.013,38.3,,,,,,,
172,828600,"Gilliland, Hayden",2025,172,100,0.188,0.188,0.227,0.375,0.3,0.25,0.167,6,32,88,29.5,2126,86.1,85.55,13,57,115,-0.5999999999999943,6.15,110,143,125,146,281,308,288,"-0.013","0.013",,,39,23,2,3,0,1,10,25.6,6,15.4,2.37541,0.77124,0.63291,-0.48581,"90.8",171,30.434782608695656,0,0,5.7,-1.15,-0.26,2.47,0.308,0,"0.00755814",0.291,0.239,"-0.00755814",0.021,0.017000000000000015,0.136,0.05,22.8,,,,,,,
171,805763,"Logan, Drake",2025,171,100,0.306,0.083,0.478,0.389,0.348,0.316,0.244,11,36,84.1,6.7,2236,89.8,89.67,29,85,86,-0.09999999999999432,6.2,108,152,121,148,294,321,284,"-0.038","0.038",,,41,23,8,3,0,0,13,31.7,5,12.2,2.11842,0.73794,0.45206,0.37382,"90.4",134,30.434782608695656,4.3478260869565215,2.4390243902439024,5.91,-1.6,0.15,2.59,0.39,1,"0.022222222",0.336,0.371,"-0.022222222",0.062,0.05399999999999999,0.018,0.032,34.1,,,,,,,
171,665804,"Amaya, Miguel",2025,171,100,0.195,0,0.229,0.195,0.203,0.235,0.197,8,41,85.8,12.7,2253,89.4,89.89,14,69,102,0.5,6.41,102,149,121,146,289,310,281,"3.773","-3.773",,,45,35,8,0,0,0,7,15.6,3,6.7,2.23778,0.63518,0.30288,0.10394,"91.6",151,31.428571428571427,5.714285714285714,4.444444444444445,5.87,-0.74,0.2,2.26,0.244,2,"-2.206432749",0.248,0.276,"2.206432749",-0.002,-0.0040000000000000036,-0.081,-0.032,20.3,,,,,,,
167,662139,"Varsho, Daulton",2025,167,100,0.182,0.205,0.167,0.386,0.254,0.239,0.166,8,44,86.9,20.7,2313,88.3,88.18,27,94,73,-0.09999999999999432,6.29,110,143,124,148,292,313,289,"1.737","-1.737",,,47,33,5,0,0,3,12,25.5,1,2.1,2.36365,0.60054,0.18186,-0.08988,"91.8",170,36.36363636363637,12.121212121212121,8.51063829787234,5.62,-1.15,-0.19,2.33,0.213,4,"-1.04011976",0.207,0.318,"1.04011976",0.016,0.006000000000000005,0.068,0.015,28.7,,,,,,,
166,691858,"Serna, Jared",2025,166,100,0.235,0.059,0.286,0.294,0.308,0.334,0.269,8,34,88.4,9,2249,89.2,89.36,13,72,94,0.20000000000000284,6.37,105,150,115,147,294,317,275,"0.88","-0.88",,,41,28,6,2,0,0,6,14.6,7,17.1,2.15633,0.73777,0.2494,0.02434,"90.5",135,32.142857142857146,0,0,5.81,-1.06,0.07,2.56,0.366,0,"-0.530120482",0.394,0.33,"0.530120482",-0.034,-0.028000000000000025,-0.036,-0.026,18.1,,,,,,,
166,645444,"Herrera, Jose",2025,166,100,0.278,0.139,0.29,0.417,0.354,0.294,0.235,10,36,82.9,7.9,2190,88.5,88.69,8,66,100,0.20000000000000284,6.25,112,147,117,147,291,320,294,"-2.406","2.406",,,42,32,7,2,0,1,4,9.5,6,14.3,2.47229,0.47806,0.46176,-0.46176,"90.1",132,25,0,0,5.58,-0.84,-0.04,2.25,0.381,0,"1.44939759",0.344,0.295,"-1.44939759",0.043,0.03700000000000003,0.122,0.06,12.1,,,,,,,
164,666197,"Kessinger, Grae",2025,164,100,0.242,0.091,0.381,0.333,0.334,0.287,0.198,8,33,84.3,5.8,2281,89.1,88.88,21,73,91,-0.19999999999998863,6.06,102,149,123,145,299,326,294,"-1.626","1.626",,,41,21,5,3,0,0,12,29.3,8,19.5,2.38994,0.50646,0.33988,-0.00294,"90.5",135,28.57142857142857,0,0,5.8,-0.64,0.25,2.38,0.39,0,"0.991463415",0.354,0.235,"-0.991463415",0.044,0.03600000000000003,0.098,0.047,28.8,,,,,,,
164,682674,"Bericoto, Victor",2025,164,100,0.196,0.087,0.222,0.283,0.206,0.245,0.207,9,46,90.9,6.5,2308,87.1,87.02,22,80,84,-0.09999999999999432,6.22,106,148,119,145,305,327,302,"3.88","-3.88",,,46,37,7,1,0,1,9,19.6,0,0,2.77573,0.27294,0.07482,-0.03287,"93.6",134,45.94594594594595,10.81081081081081,8.695652173913043,5.88,-0.82,0.24,2.29,0.196,4,"-2.365853659",0.207,0.367,"2.365853659",-0.011,-0.010999999999999982,-0.084,-0.039,27.5,,,,,,,
163,800209,"Suero, Estuar",2025,163,100,0.179,0.071,0.294,0.25,0.308,0.426,0.254,5,28,91.8,19.9,2253,89,88.62,28,67,96,-0.4000000000000057,6.26,115,146,120,148,283,304,286,"0.58","-0.58",,,37,17,3,2,0,0,11,29.7,9,24.3,2.11018,0.82172,0.4892,-0.4892,"92.2",181,47.05882352941176,17.647058823529413,8.108108108108109,5.6,-1.07,-0.01,2.48,0.378,3,"-0.355828221",0.436,0.557,"0.355828221",-0.075,-0.057999999999999996,-0.307,-0.118,41.8,,,,,,,
163,805795,"Miller, Aidan",2025,163,100,0.333,0.185,0.421,0.519,0.454,0.392,0.258,9,27,85.8,6.1,2201,86.7,86.38,11,63,100,-0.29999999999999716,6.22,107,150,125,146,291,318,284,"-4.048","4.048",,,37,20,6,2,0,1,7,18.9,9,24.3,2.58258,0.50982,0.18172,0.19632,"91.6",121,45,10,5.405405405405405,5.82,-1.42,0.2,2.14,0.514,2,"2.483435583",0.458,0.39,"-2.483435583",0.075,0.055999999999999994,0.129,0.062,17.5,,,,,,,
162,680519,"Camilletti, Mario",2025,162,100,0.273,0,0.333,0.273,0.329,0.33,0.242,9,33,86.4,5.2,2196,88.6,88.62,7,58,104,0,6.31,115,149,110,152,281,322,297,"-0.244","0.244",,,41,27,9,0,0,0,6,14.6,8,19.5,2.34636,0.59457,0.39244,-0.27606,"90.5",147,29.629629629629626,3.7037037037037033,2.4390243902439024,5.71,-0.08,-0.15,2.34,0.415,1,"0.150617284",0.39,0.316,"-0.150617284",0.031,0.024999999999999967,-0.043,-0.001,12.1,,,,,,,
161,686611,"Crews, Dylan",2025,161,100,0.244,0.171,0.25,0.415,0.319,0.325,0.26,10,41,83.7,11.3,2244,87.6,87.69,19,82,79,0.10000000000000853,6.32,106,149,118,143,294,315,284,"-0.201","0.201",,,45,34,7,1,0,2,7,15.6,1,2.2,2.49634,0.51006,0.16325,-0.07663,"91.6",140,32.35294117647059,8.823529411764707,6.666666666666667,6.06,-1.21,0.34,2.3,0.311,3,"0.12484472",0.326,0.409,"-0.12484472",-0.016,-0.015000000000000013,0.006,-0.006,23.2,,,,,,,
161,814748,"Ramon, Dariel",2025,163,98.8,0.244,0.089,0.344,0.333,0.285,0.215,0.181,11,45,84.9,16.5,2336,89.1,88.33,16,69,92,-0.7999999999999972,6.04,104,150,109,147,286,296,275,"0.082","-0.082",,,49,32,7,4,0,0,13,26.5,4,8.2,2.1723,0.75155,0.5046,0.42224,"90.3",111,12.5,0,0,5.78,-1.24,0.31,2.37,0.306,0,"-0.050931677",0.248,0.216,"0.050931677",0.063,0.057999999999999996,0.117,0.07,23.2,,,,,,,
160,802560,"Cano, Ichiro",2025,161,99.4,0.182,0.061,0.286,0.242,0.251,0.282,0.227,6,33,86.9,10,2267,87.6,87.35,20,71,89,-0.29999999999999716,6.34,112,143,112,146,270,295,280,"1.809","-1.809",,,38,21,4,2,0,0,12,31.6,4,10.5,2.33937,0.68635,0.45156,-0.25019,"90.4",130,38.095238095238095,0,0,5.64,-1.3,0.11,2.21,0.289,0,"-1.130625",0.329,0.277,"1.130625",-0.045,-0.040000000000000036,-0.035,-0.031,28.2,,,,,,,
160,545350,"Marisnick, Jake",2025,160,100,0.098,0.098,0.111,0.195,0.175,0.23,0.184,4,41,81.7,11.1,2201,87.7,87.48,28,88,72,-0.20000000000000284,6.22,106,152,120,146,297,316,280,"5.741","-5.741",,,45,28,2,1,0,1,13,28.9,3,6.7,2.53375,0.48057,0.35513,0.20138,"91.4",113,29.629629629629626,3.7037037037037033,2.2222222222222223,5.75,-0.97,0.05,2.42,0.178,1,"-3.588125",0.259,0.24,"3.588125",-0.086,-0.08100000000000002,-0.045,-0.055,31.8,,,,,,,
160,681439,"Morgan, Zach",2025,162,98.8,0.268,0.122,0.323,0.39,0.328,0.313,0.256,11,41,87.4,8.1,2251,89.7,89.85,18,78,82,0.09999999999999432,6.27,106,149,120,146,303,327,296,"0.433","-0.433",,,46,32,8,2,0,1,9,19.6,4,8.7,2.06912,0.80644,0.33431,0.13681,"90.6",138,28.125,6.25,4.3478260869565215,5.82,-0.74,0.15,2.53,0.348,2,"-0.270625",0.337,0.359,"0.270625",0.012,0.010999999999999954,0.031,0.015,23.1,,,,,,,
159,676059,"Westburg, Jordan",2025,159,100,0.333,0.41,0.36,0.744,0.474,0.42,0.278,13,39,93.2,21.9,2226,89.6,89.47,20,79,80,-0.09999999999999432,6.17,105,148,121,146,301,324,290,"-4.896","4.896",,,43,29,5,4,0,4,10,23.3,3,7,2.21597,0.65327,0.42601,0.32259,"92.4",193,58.620689655172406,24.137931034482758,16.27906976744186,5.8,-1.49,0.05,2.48,0.395,7,"3.079245283",0.345,0.661,"-3.079245283",0.055,0.050000000000000044,0.083,0.054,25.3,,,,,,,
158,663624,"Mountcastle, Ryan",2025,158,100,0.387,0.419,0.391,0.806,0.533,0.429,0.328,12,31,97.2,16.6,2180,86.7,86.7,20,80,78,0,6.19,106,149,121,147,300,322,286,"-5.935","5.935",,,37,26,5,4,0,3,5,13.5,5,13.5,2.48177,0.6012,0.21994,0.10609,"92.9",197,61.53846153846154,23.076923076923077,16.216216216216218,5.91,-1.42,0.12,2.41,0.486,6,"3.756329114",0.437,0.562,"-3.756329114",0.059,0.04899999999999999,0.244,0.104,25,,,,,,,
157,681393,"Norby, Connor",2025,157,100,0.343,0.286,0.36,0.629,0.43,0.29,0.194,12,35,87.2,19.4,2283,87.4,87.6,19,84,73,0.19999999999998863,6.4,104,150,116,144,298,323,278,"-4.178","4.178",,,40,28,8,1,0,3,8,20,4,10,2.58025,0.44327,0.04057,-0.05739,"90.5",169,35.714285714285715,7.142857142857142,5,5.85,-0.26,0.18,2.27,0.4,2,"2.661146497",0.285,0.333,"-2.661146497",0.149,0.11500000000000005,0.296,0.14,22.6,,,,,,,
157,681323,"Binelas, Alex",2025,157,100,0.257,0.2,0.438,0.457,0.362,0.273,0.185,9,35,92.3,15.5,2227,86.8,86.54,25,64,93,-0.29999999999999716,6.2,117,144,120,151,288,322,294,"-1.004","1.004",,,41,18,6,1,0,2,17,41.5,4,9.8,2.61707,0.6414,0.31,-0.18567,"93.9",169,61.111111111111114,5.555555555555555,2.4390243902439024,5.61,-1.11,-0.01,2.39,0.366,1,"0.639490446",0.304,0.281,"-0.639490446",0.072,0.062,0.176,0.089,39.1,,,,,,,
155,676801,"McCormick, Chas",2025,155,100,0.108,0.162,0.087,0.27,0.198,0.248,0.18,4,37,86.3,23.7,2323,90.9,90.74,35,89,66,-0.20000000000000284,6.24,110,151,120,146,301,316,287,"2.925","-2.925",,,40,25,2,0,0,2,12,30,3,7.5,2.02903,0.75516,0.49619,0.24252,"90.6",175,32,4,2.5,5.75,-1.08,0.15,2.35,0.175,1,"-1.887096774",0.242,0.322,"1.887096774",-0.072,-0.067,-0.052,-0.05,39.3,,,,,,,
154,800547,"Pena, Ricardo",2025,154,100,0.154,0.051,0.25,0.205,0.151,0.165,0.157,6,39,82.7,6.8,2288,88.1,87.61,24,82,72,-0.5,6.18,102,145,118,145,293,305,275,"6.777","-6.777",,,40,24,4,2,0,0,16,40,0,0,2.25955,0.72571,0.28571,0.16935,"89.5",153,20.833333333333336,4.166666666666666,2.5,5.75,-1.03,0.34,2.47,0.15,1,"-4.400649351",0.159,0.222,"4.400649351",-0.003,-0.009000000000000008,-0.017,-0.014,29.3,,,,,,,
153,682192,"McIntosh, Paul",2025,153,100,0.133,0.2,0.091,0.333,0.286,0.351,0.188,4,30,87.3,21.9,2208,87.2,87.07,16,59,94,-0.10000000000000853,6.19,106,151,124,146,289,317,281,"0.759","-0.759",,,40,24,2,0,0,2,8,20,6,15,2.53235,0.51233,0.31093,0.30536,"92.4",153,34.78260869565217,8.695652173913043,5,5.76,-1.61,0.13,2.26,0.3,2,"-0.496078431",0.365,0.4,"0.496078431",-0.055,-0.065,-0.067,-0.065,27.1,,,,,,,
153,687597,"Beck, Jordan",2025,153,100,0.143,0.143,0.16,0.286,0.207,0.244,0.192,5,35,87.8,17.3,2254,88,87.68,25,75,78,-0.29999999999999716,6.35,104,149,117,145,303,315,284,"5.036","-5.036",,,37,26,3,0,1,1,9,24.3,2,5.4,2.45621,0.52303,0.26401,0.22586,"90.9",138,33.33333333333333,8.333333333333332,5.405405405405405,5.57,-1.1,0.06,2.39,0.189,2,"-3.291503268",0.238,0.314,"3.291503268",-0.049,-0.04899999999999999,-0.028,-0.037,33.3,,,,,,,
152,596103,"Slater, Austin",2025,152,100,0.296,0.037,0.4,0.333,0.37,0.423,0.361,8,27,92.8,8.1,2214,89.1,89.38,17,57,95,0.30000000000001137,6.45,106,152,125,148,311,322,290,"-1.859","1.859",,,35,20,7,1,0,0,7,20,8,22.9,2.23164,0.67349,0.25704,0.08007,"92.3",145,55.00000000000001,0,0,5.69,-0.92,0.21,2.4,0.457,0,"1.223026316",0.507,0.428,"-1.223026316",-0.065,-0.04999999999999999,-0.095,-0.053,29.8,,,,,,,
152,663368,"Perkins, Blake",2025,152,100,0.192,0.154,0.333,0.346,0.337,0.315,0.184,5,26,91.4,18.5,2203,89,89.37,23,48,104,0.4000000000000057,6.41,114,145,109,150,281,321,296,"-0.102","0.102",,,34,13,3,1,0,1,13,38.2,8,23.5,2.22178,0.67747,0.37112,-0.37112,"91.6",173,53.84615384615385,7.6923076923076925,2.941176470588235,5.75,-1.67,-0.07,2.58,0.382,1,"0.067105263",0.376,0.28,"-0.067105263",0.008,0.006000000000000005,0.066,0.022,47.9,,,,,,,
152,672696,"Acuna, Francisco",2025,152,100,0.364,0.303,0.345,0.667,0.459,0.293,0.186,12,33,88.2,24.6,2227,87.5,87.7,11,62,90,0.20000000000000284,6.28,102,149,110,146,293,315,288,"-4.317","4.317",,,42,31,7,2,1,2,4,9.5,4,9.5,2.43039,0.57325,0.13941,0.01283,"90.1",171,26.666666666666668,0,0,5.72,-0.71,0.2,2.41,0.452,0,"2.840131579",0.33,0.286,"-2.840131579",0.178,0.122,0.381,0.166,17.7,,,,,,,
151,800607,"Hettiger, Kehden",2025,151,100,0.08,0.04,0.125,0.12,0.196,0.271,0.141,2,25,83.9,34.2,2151,88.7,88.15,16,54,97,-0.5,6.15,111,146,118,148,281,310,298,"3.476","-3.476",,,32,16,1,1,0,0,10,31.3,6,18.8,2.12841,0.84447,0.36623,-0.39669,"89.9",205,25,12.5,6.25,5.97,-1.11,-0.1,2.48,0.25,2,"-2.301986755",0.298,0.289,"2.301986755",-0.061,-0.04799999999999999,-0.169,-0.075,29.6,,,,,,,
150,542963,"Brantly, Rob",2025,150,100,0.349,0.209,0.412,0.558,0.4,0.287,0.262,15,43,85.6,14.8,2207,87.9,88.13,23,88,62,0.19999999999998863,6.41,116,146,116,152,282,320,290,"-2.48","2.48",,,45,35,8,6,0,1,8,17.8,2,4.4,2.3538,0.6258,0.40527,-0.35153,"90.4",154,25.71428571428571,5.714285714285714,4.444444444444445,5.7,-1.34,-0.27,2.49,0.378,2,"1.653333333",0.295,0.366,"-1.653333333",0.087,0.08300000000000002,0.192,0.113,26.1,,,,,,,
149,682662,"Morel, Rafael",2025,150,99.3,0.125,0.031,0.235,0.156,0.185,0.225,0.142,4,32,83.9,12.1,2224,88.1,88.11,25,70,79,0,6.3,105,150,119,146,289,310,284,"5.053","-5.053",,,36,17,3,1,0,0,15,41.7,4,11.1,2.44389,0.58358,0.32852,0.07886,"90.7",153,29.411764705882355,5.88235294117647,2.7777777777777777,5.74,-0.85,0.16,2.46,0.222,1,"-3.391275168",0.237,0.249,"3.391275168",-0.017,-0.014999999999999986,-0.093,-0.04,35.7,,,,,,,
149,800476,"Cruz, John",2025,149,100,0.143,0.114,0.143,0.257,0.218,0.232,0.183,5,35,88.1,8.6,2265,87.3,86.71,11,72,77,-0.5999999999999943,6.09,111,142,114,141,279,309,281,"4.877","-4.877",,,40,29,3,1,0,1,7,17.5,3,7.5,2.3394,0.71345,0.45204,-0.42469,"91.0",115,31.03448275862069,0,0,5.63,-1.39,0.02,2.31,0.225,0,"-3.273154362",0.262,0.236,"3.273154362",-0.04,-0.037000000000000005,0.021,-0.014,15.3,,,,,,,
149,823918,"West, Kyle",2025,149,100,0.25,0.056,0.409,0.306,0.287,0.273,0.225,9,36,95.7,1.1,2328,87.9,87.4,23,71,78,-0.5,6.18,113,145,122,144,277,313,291,"2.101","-2.101",,,40,22,7,2,0,0,14,35,3,7.5,2.40738,0.60758,0.31801,-0.25788,"94.1",136,63.63636363636363,4.545454545454546,2.5,5.6,-0.89,-0.13,2.42,0.325,1,"-1.410067114",0.302,0.299,"1.410067114",0.025,0.02300000000000002,0.007,0.014,32.4,,,,,,,
148,673962,"Jung, Josh",2025,148,100,0.205,0.205,0.207,0.41,0.27,0.243,0.214,8,39,89.4,22.6,2229,89.6,89.63,19,84,64,0,6.23,108,149,120,144,303,329,290,"2.87","-2.87",,,40,31,4,2,0,2,8,20,1,2.5,2.20236,0.66257,0.51612,0.15531,"91.8",185,40,3.3333333333333335,2.5,5.68,-0.95,0.03,2.51,0.225,1,"-1.939189189",0.234,0.33,"1.939189189",-0.009,-0.009000000000000008,0.08,0.027,22.6,,,,,,,
147,679563,"Rodríguez, José",2025,147,100,0.273,0.045,0.324,0.318,0.257,0.272,0.272,12,44,85.6,6.2,2208,87.5,86.84,19,91,56,-0.7000000000000028,6.12,102,147,118,147,289,305,286,"2.652","-2.652",,,44,37,11,0,1,0,7,15.9,0,0,2.3081,0.72898,0.48055,0.14233,"91.0",139,37.83783783783784,5.405405405405405,4.545454545454546,5.83,-0.7,-0.06,2.28,0.273,2,"-1.804081633",0.272,0.355,"1.804081633",0.001,0.0010000000000000009,-0.037,-0.015,20.9,,,,,,,
146,605131,"Barnes, Austin",2025,146,100,0.212,0,0.259,0.212,0.242,0.288,0.254,7,33,83.9,1.6,2302,90.2,90.13,10,54,92,-0.10000000000000853,6.25,104,151,119,147,302,329,296,"2.677","-2.677",,,37,27,7,0,0,0,6,16.2,4,10.8,2.2013,0.64103,0.38438,0.11959,"90.8",98,22.22222222222222,0,0,5.74,-1.37,-0.03,2.3,0.297,0,"-1.833561644",0.335,0.292,"1.833561644",-0.042,-0.038000000000000034,-0.08,-0.046,18.5,,,,,,,
146,663886,"Stephenson, Tyler",2025,146,100,0.152,0.212,0.136,0.364,0.299,0.35,0.183,5,33,88.8,21.6,2272,89.6,89.74,16,64,82,0.10000000000000853,6.37,103,150,121,146,296,313,276,"1.26","-1.26",,,40,24,2,1,0,2,9,22.5,6,15,2.2126,0.65664,0.20207,0.068,"91.7",192,37.5,12.5,7.5,5.88,-1.01,0.06,2.41,0.3,3,"-0.863013699",0.326,0.485,"0.863013699",-0.031,-0.026000000000000023,-0.121,-0.051,25,,,,,,,
145,696521,"Spain, Garrett",2025,145,100,0.162,0.054,0.261,0.216,0.222,0.256,0.168,6,37,88.2,10,2116,88.2,88.55,37,80,65,0.3999999999999915,6.42,114,145,111,152,293,322,298,"1.879","-1.879",,,43,23,4,2,0,0,15,34.9,4,9.3,2.33621,0.6189,0.39,-0.37166,"91.7",147,30.434782608695656,8.695652173913043,4.651162790697675,5.92,-1.15,-0.08,2.25,0.256,2,"-1.295862069",0.265,0.294,"1.295862069",-0.006,-0.009000000000000008,-0.078,-0.034,46.3,,,,,,,
144,805416,"Vierling, Will",2025,144,100,0.188,0.094,0.25,0.281,0.291,0.264,0.16,6,32,84.5,22.7,2264,87.2,86.68,22,61,83,-0.5,6.13,117,145,120,151,285,311,285,"-0.37","0.37",,,39,21,5,0,0,1,11,28.2,5,12.8,2.4091,0.64611,0.51403,-0.41486,"90.1",161,28.57142857142857,0,0,5.76,-0.84,-0.3,2.37,0.333,0,"0.256944444",0.311,0.23,"-0.256944444",0.028,0.02200000000000002,0.051,0.027,36.1,,,,,,,
142,693304,"Gonzales, Nick",2025,142,100,0.194,0.056,0.269,0.25,0.2,0.192,0.176,7,36,87.1,3.5,2207,88.5,88.88,25,78,64,0.4000000000000057,6.48,102,151,121,148,297,322,288,"4.516","-4.516",,,38,26,6,0,1,0,11,28.9,0,0,2.31162,0.64134,0.42028,0.31394,"90.6",141,34.61538461538461,0,0,5.73,-1.37,0.11,2.36,0.211,0,"-3.18028169",0.193,0.247,"3.18028169",0.018,0.017999999999999988,0.003,0.008,32.1,,,,,,,
142,668939,"Rutschman, Adley",2025,142,100,0.231,0.192,0.25,0.423,0.354,0.328,0.215,6,26,88.6,13.2,2264,87.1,87.12,8,48,94,0,6.28,109,147,120,151,288,323,292,"-1.165","1.165",,,34,21,3,2,0,1,6,17.6,7,20.6,2.62556,0.42085,0.28021,-0.28021,"90.4",171,26.31578947368421,5.263157894736842,2.941176470588235,5.72,-1.11,0.05,2.48,0.382,1,"0.820422535",0.382,0.332,"-0.820422535",0.016,0,0.091,0.026,16.7,,,,,,,
141,800728,"Nickens, Cameron",2025,141,100,0.179,0,0.28,0.179,0.197,0.212,0.161,7,39,89.6,-0.4,2327,88.2,87.52,26,67,74,-0.7000000000000028,6.19,110,149,120,146,288,306,274,"3.859","-3.859",,,42,25,7,0,0,0,14,33.3,3,7.1,2.3527,0.64879,0.29809,0.33823,"93.0",141,48,4,2.380952380952381,5.59,-1.39,0.13,2.27,0.238,1,"-2.736879433",0.222,0.245,"2.736879433",0.018,0.015999999999999986,-0.066,-0.015,38.8,,,,,,,
140,680935,"Pavolony, Connor",2025,141,99.3,0.139,0.028,0.208,0.167,0.177,0.273,0.228,5,36,80.3,15,2255,87.9,87.68,24,75,65,-0.20000000000000284,6.23,109,151,122,146,292,314,278,"5.072","-5.072",,,39,24,4,1,0,0,12,30.8,2,5.1,2.31271,0.67821,0.12179,-0.06921,"90.5",172,37.5,8.333333333333332,5.128205128205128,5.77,-0.88,0.27,2.29,0.205,2,"-3.622857143",0.288,0.321,"3.622857143",-0.089,-0.08299999999999999,-0.154,-0.096,32,,,,,,,
138,687462,"Horwitz, Spencer",2025,138,100,0.323,0.161,0.375,0.484,0.346,0.342,0.329,10,31,87.8,9.9,2271,87.7,87.64,15,69,69,-0.10000000000000853,6.25,115,144,126,149,281,323,295,"-1.297","1.297",,,33,25,7,2,0,1,7,21.2,1,3,2.38725,0.62679,0.24514,-0.17123,"91.0",169,36,4,3.0303030303030303,5.76,0,0,2.33,0.333,1,"0.939855072",0.342,0.452,"-0.939855072",-0.006,-0.009000000000000008,0.032,0.004,21.7,,,,,,,
137,665926,"Giménez, Andrés",2025,137,100,0.3,0.033,0.36,0.333,0.307,0.304,0.285,9,30,82,22.2,2318,89.5,89.5,20,79,58,0,6.41,106,146,116,150,280,320,288,"1.118","-1.118",,,34,25,8,1,0,0,6,17.6,2,5.9,2.2081,0.67934,0.29496,-0.21423,"89.2",151,16,0,0,5.53,-0.82,-0.04,2.38,0.353,0,"-0.816058394",0.34,0.345,"0.816058394",0.015,0.012999999999999956,-0.012,0.003,25.3,,,,,,,
135,814411,"Scannell, Matt",2025,135,100,0.269,0.308,0.385,0.577,0.401,0.343,0.245,7,26,88.6,20.8,2137,87.5,86.97,18,58,77,-0.5,6.11,115,146,123,148,285,308,285,"-1.285","1.285",,,30,15,3,2,0,2,11,36.7,3,10,2.39393,0.63533,0.59148,-0.57741,"90.5",148,46.666666666666664,20,10,5.73,-1.12,-0.1,2.39,0.367,3,"0.951851852",0.345,0.432,"-0.951851852",0.024,0.02200000000000002,0.145,0.058,31,,,,,,,
135,802531,"Farquhar, Trent",2025,136,99.3,0.25,0.036,0.259,0.286,0.326,0.325,0.237,7,28,87.7,12.1,2289,88.4,87.82,6,56,79,-0.6000000000000085,6.14,118,146,109,150,271,302,282,"0.594","-0.594",,,35,27,6,1,0,0,1,2.9,6,17.1,2.12533,0.85719,0.68873,-0.52306,"90.7",149,29.629629629629626,0,0,5.58,-1.17,-0.13,2.45,0.4,0,"-0.44",0.389,0.297,"0.44",0.013,0.01100000000000001,-0.011,0.001,10.7,,,,,,,
134,692397,"Hernandez, Maikel",2025,136,98.5,0.088,0.118,0.083,0.206,0.183,0.227,0.162,3,34,79.5,9.3,2220,89,88.59,17,68,66,-0.4000000000000057,6.16,111,144,118,144,283,309,286,"5.406","-5.406",,,38,25,1,1,0,1,9,23.7,4,10.5,2.14022,0.7856,0.61448,-0.61448,"89.7",123,20.833333333333336,4.166666666666666,2.631578947368421,5.67,-0.95,0.1,2.13,0.184,1,"-4.034328358",0.252,0.234,"4.034328358",-0.074,-0.068,-0.028,-0.044,25,,,,,,,
134,682942,"De Jesus, Alex",2025,134,100,0.185,0.037,0.313,0.222,0.297,0.331,0.196,5,27,80.9,20.2,2269,87.2,86.66,17,54,80,-0.5,6.16,106,150,120,146,292,306,269,"0.954","-0.954",,,35,16,4,1,0,0,11,31.4,6,17.1,2.4247,0.62388,0.40955,0.2303,"90.0",144,12.5,6.25,2.857142857142857,5.67,-0.98,0.17,2.21,0.371,1,"-0.711940299",0.38,0.319,"0.711940299",-0.011,-0.009000000000000008,-0.097,-0.034,31.5,,,,,,,
132,657077,"Verdugo, Alex",2025,132,100,0.207,0.241,0.174,0.448,0.326,0.401,0.272,6,29,86.9,15.9,2183,88.4,88.17,7,46,86,-0.20000000000000284,6.24,105,144,121,149,282,311,298,"-0.714","0.714",,,33,25,3,1,0,2,4,12.1,4,12.1,2.39348,0.56591,0.54458,-0.48565,"91.6",180,36,20,15.151515151515152,5.61,-1.11,-0.21,2.55,0.303,5,"0.540909091",0.36,0.587,"-0.540909091",-0.065,-0.056999999999999995,-0.139,-0.075,15.2,,,,,,,
132,701747,"Brown, Jessada",2025,132,100,0.161,0.129,0.211,0.29,0.223,0.193,0.125,5,31,84.5,24.8,2418,88.8,88.45,20,59,73,-0.29999999999999716,6.18,106,144,116,143,289,305,276,"2.592","-2.592",,,36,20,3,1,0,1,13,36.1,2,5.6,2.32788,0.62038,0.2375,0.14432,"90.3",145,20,5,2.7777777777777777,5.62,-1.23,0.1,2.23,0.222,1,"-1.963636364",0.193,0.235,"1.963636364",0.036,0.028999999999999998,0.055,0.03,33.9,,,,,,,
132,699028,"Cabrera, Romtres",2025,132,100,0.185,0.074,0.333,0.259,0.248,0.241,0.174,5,27,84.8,11,2284,88.8,88.49,23,63,69,-0.29999999999999716,6.16,109,142,116,145,283,302,273,"1.593","-1.593",,,32,15,3,2,0,0,13,40.6,4,12.5,2.30303,0.65169,0.43515,0.47182,"90.4",157,20,6.666666666666667,3.125,5.44,-1.48,0.04,2.3,0.281,1,"-1.206818182",0.273,0.247,"1.206818182",0.011,0.008000000000000007,0.012,0.007,36.5,,,,,,,
131,592192,"Canha, Mark",2025,131,100,0.222,0.148,0.294,0.37,0.332,0.343,0.248,6,27,87.8,13.4,2267,88.8,88.49,17,52,79,-0.29999999999999716,6.13,105,151,124,145,292,320,287,"-1.743","1.743",,,33,18,4,1,0,1,9,27.3,6,18.2,2.32725,0.59101,0.10672,-0.00061,"91.3",143,33.33333333333333,11.11111111111111,6.0606060606060606,5.92,-0.8,0.09,2.63,0.364,2,"1.330534351",0.385,0.373,"-1.330534351",-0.026,-0.02100000000000002,-0.003,-0.011,32.7,,,,,,,
131,641933,"O'Neill, Tyler",2025,131,100,0.37,0.111,0.429,0.481,0.402,0.345,0.257,10,27,86.7,15.3,2290,89.8,89.79,16,60,71,0,6.26,106,153,125,148,296,322,294,"-1.427","1.427",,,30,22,9,0,0,1,5,16.7,3,10,1.97702,0.88469,0.36922,0.28876,"92.5",157,31.818181818181817,9.090909090909092,6.666666666666667,5.85,-1.5,0.37,2.33,0.433,2,"1.089312977",0.331,0.469,"-1.089312977",0.113,0.10199999999999998,0.012,0.057,26.7,,,,,,,
130,681495,"Fergus, Cade",2025,131,99.2,0.333,0.455,0.462,0.788,0.482,0.408,0.262,11,33,97.8,14.7,2267,86.3,86.07,27,63,67,-0.20000000000000284,6.25,105,151,115,146,300,327,293,"-5.366","5.366",,,35,18,6,0,0,5,15,42.9,2,5.7,2.56931,0.58515,0.19392,0.06038,"95.5",174,66.66666666666666,33.33333333333333,17.142857142857142,5.84,-1.3,0.3,2.43,0.371,6,"4.127692308",0.304,0.68,"-4.127692308",0.071,0.067,0.108,0.074,42.9,,,,,,,
129,641584,"Fraley, Jake",2025,129,100,0.185,0.148,0.182,0.333,0.252,0.223,0.142,5,27,83.6,27,2160,88.7,88.76,8,68,61,0.09999999999999432,6.36,115,145,128,152,287,314,287,"0.848","-0.848",,,29,23,3,1,0,1,4,13.8,2,6.9,2.17907,0.77341,0.23868,-0.05899,"90.7",131,23.809523809523807,4.761904761904762,3.4482758620689653,5.86,-0.21,-0.01,2.49,0.241,1,"-0.657364341",0.206,0.302,"0.657364341",0.043,0.035,0.031,0.029,11.8,,,,,,,
128,701339,"Houston, Marek",2025,128,100,0.37,0.037,0.526,0.407,0.365,0.264,0.243,10,27,87.3,15.2,2378,89.4,88.95,10,54,74,-0.5,6.17,103,149,113,144,287,306,283,"-0.494","0.494",,,29,19,9,1,0,0,8,27.6,2,6.9,1.93516,0.95859,0.37252,0.03567,"89.2",173,15.789473684210526,0,0,6.01,-0.4,0.26,2.52,0.414,0,"0.3859375",0.295,0.287,"-0.3859375",0.127,0.119,0.12,0.101,18.5,,,,,,,
128,670250,"Wilson, Eli",2025,129,99.2,0.303,0.152,0.409,0.455,0.336,0.229,0.201,10,33,83.5,19.2,2229,87.9,88.06,23,64,64,0.19999999999998863,6.43,108,150,118,145,294,316,285,"-0.562","0.562",,,34,23,7,2,0,1,10,29.4,1,2.9,2.39422,0.59578,0.17492,0.00352,"90.4",147,21.73913043478261,4.3478260869565215,2.941176470588235,5.63,-0.85,0.23,2.52,0.324,1,"0.4390625",0.225,0.298,"-0.4390625",0.102,0.099,0.157,0.107,35.9,,,,,,,
127,807951,"Torres, Rafhlmil",2025,127,100,0.185,0.074,0.208,0.259,0.284,0.297,0.217,5,27,81.4,8.9,2286,88.9,88.37,19,74,53,-0.5,6.24,110,147,112,148,270,291,278,"2.032","-2.032",,,33,24,3,2,0,0,3,9.1,4,12.1,2.22717,0.7263,0.59756,-0.59756,"89.4",143,12.5,0,0,5.58,-1.84,0.1,2.37,0.333,0,"-1.6",0.359,0.254,"1.6",-0.032,-0.025999999999999968,0.005,-0.013,25.7,,,,,,,
125,683103,"Doughty, Cade",2025,125,100,0.08,0,0.105,0.08,0.191,0.284,0.186,2,25,88.4,6.1,2347,88.5,88.4,12,54,71,-0.09999999999999432,6.4,105,145,121,146,288,308,285,"2.319","-2.319",,,31,19,2,0,0,0,6,19.4,6,19.4,2.35672,0.60856,0.0724,-0.00104,"90.8",96,31.57894736842105,0,0,5.71,-1.11,0.31,2.36,0.258,0,"-1.8552",0.343,0.242,"1.8552",-0.106,-0.08500000000000002,-0.162,-0.093,22.2,,,,,,,
125,681580,"Turconi, Michael",2025,125,100,0.13,0.043,0.188,0.174,0.207,0.295,0.194,3,23,79.5,2.7,2139,90,89.92,13,49,76,-0.09999999999999432,6.26,113,145,111,149,282,313,293,"2.247","-2.247",,,28,16,2,1,0,0,8,28.6,4,14.3,2.10392,0.74024,0.42106,-0.42106,"90.2",137,25,6.25,3.571428571428571,5.86,-1.89,-0.2,2.47,0.25,1,"-1.7976",0.331,0.222,"1.7976",-0.064,-0.08100000000000002,-0.048,-0.088,26.5,,,,,,,
125,703191,"Herrera, Yilber",2025,125,100,0.25,0.2,0.364,0.45,0.399,0.371,0.239,5,20,84.2,3.8,2317,88.1,87.34,16,49,76,-0.7999999999999972,5.98,113,146,117,148,280,303,287,"-2.177","2.177",,,27,12,3,1,0,1,8,29.6,7,25.9,2.01736,0.9852,0.7068,-0.7068,"89.1",170,16.666666666666664,8.333333333333332,3.7037037037037033,5.88,-0.81,-0.06,2.59,0.444,1,"1.7416",0.436,0.363,"-1.7416",0.011,0.008000000000000007,0.087,0.028,32.7,,,,,,,
123,669394,"Burger, Jake",2025,123,100,0.444,0.361,0.419,0.806,0.546,0.483,0.375,16,36,90.1,18,2196,88.3,88.59,12,58,65,0.29999999999999716,6.24,109,148,120,145,309,329,303,"-6.637","6.637",,,40,34,9,4,0,3,2,5,4,10,2.4974,0.44138,0.28073,-0.10772,"95.0",194,44.11764705882353,11.76470588235294,10,5.75,-0.2,0.18,2.53,0.5,4,"5.395934959",0.437,0.715,"-5.395934959",0.069,0.063,0.091,0.063,20.7,,,,,,,
122,668904,"Lewis, Royce",2025,122,100,0.129,0.032,0.167,0.161,0.139,0.247,0.241,4,31,88.2,7.1,2275,88.4,88.49,22,63,59,0.09999999999999432,6.46,108,151,121,147,297,322,285,"5.698","-5.698",,,33,24,3,1,0,0,8,24.2,1,3,2.33107,0.63156,0.17098,-0.1,"93.0",138,58.333333333333336,0,0,5.91,-0.55,0.31,2.58,0.152,0,"-4.670491803",0.259,0.302,"4.670491803",-0.112,-0.10700000000000001,-0.141,-0.108,34.9,,,,,,,
122,682657,"Martínez, Angel",2025,124,98.4,0.333,0.2,0.435,0.533,0.345,0.294,0.274,10,30,91.6,19.7,2160,88.8,88.77,16,70,52,0,6.29,110,146,116,149,284,307,280,"0.544","-0.544",,,32,23,4,6,0,0,9,28.1,0,0,2.26951,0.65484,0.19793,-0.19793,"92.0",186,39.130434782608695,13.043478260869565,9.375,6,-0.72,-0.01,2.53,0.313,3,"-0.445901639",0.257,0.463,"0.445901639",0.059,0.055999999999999994,0.07,0.051,22.9,,,,,,,
121,802407,"Lampe, Joe",2025,122,99.2,0.185,0.111,0.263,0.296,0.237,0.203,0.172,5,27,84.8,7.7,2186,88.3,88.06,17,58,63,-0.20000000000000284,6.31,112,146,110,150,277,324,282,"2.447","-2.447",,,29,19,3,1,1,0,8,27.6,2,6.9,2.54017,0.4405,0.33289,-0.25157,"90.0",148,26.31578947368421,0,0,5.82,-1.48,-0.04,2.37,0.241,0,"-2.02231405",0.229,0.213,"2.02231405",0.013,0.011999999999999983,0.083,0.034,29.3,,,,,,,
121,670042,"Raley, Luke",2025,121,100,0.314,0.286,0.4,0.6,0.412,0.355,0.266,11,35,92.1,17.9,2244,87.9,87.92,19,56,65,0,6.32,111,144,121,148,288,319,293,"-2.148","2.148",,,38,23,7,1,0,3,12,31.6,2,5.3,2.41405,0.58042,0.33692,-0.47192,"94.6",146,60.86956521739131,21.73913043478261,13.157894736842104,5.76,-0.91,-0.31,2.37,0.368,5,"1.775206612",0.324,0.504,"-1.775206612",0.048,0.043999999999999984,0.096,0.057,33.9,,,,,,,
118,687628,"Boyd, Justin",2025,119,99.2,0.083,0,0.143,0.083,0.215,0.324,0.196,2,24,84,18.3,2234,88.3,88.14,20,48,70,-0.20000000000000284,6.25,106,149,114,147,289,313,277,"3.543","-3.543",,,31,14,2,0,0,0,10,32.3,5,16.1,2.47763,0.49432,0.32241,0.22276,"90.0",175,25,0,0,5.75,-0.87,0.02,2.31,0.29,0,"-3.002542373",0.39,0.273,"3.002542373",-0.113,-0.10000000000000003,-0.19,-0.109,41.7,,,,,,,
118,800069,"Roman, Javier",2025,118,100,0.045,0,0.1,0.045,0.197,0.239,0.092,1,22,83.6,10.2,2306,86.3,85.66,20,44,74,-0.5999999999999943,6.12,102,148,121,147,291,305,275,"2.858","-2.858",,,29,10,1,0,0,0,12,41.4,7,24.1,2.46178,0.70722,0.4247,0.39479,"91.8",139,20,0,0,5.61,-1.45,0.21,2.3,0.276,0,"-2.422033898",0.311,0.126,"2.422033898",-0.047,-0.034999999999999976,-0.081,-0.042,45.5,,,,,,,
118,689456,"Murr, Austin",2025,118,100,0.208,0.167,0.286,0.375,0.271,0.245,0.188,5,24,82.8,24.8,2276,89.4,89.21,14,51,67,-0.09999999999999432,6.39,113,145,109,147,274,310,282,"0.645","-0.645",,,27,15,3,1,0,1,10,37,2,7.4,2.19983,0.71678,0.29661,-0.30492,"91.2",152,20,6.666666666666667,3.7037037037037033,5.89,-1.1,-0.2,2.43,0.259,1,"-0.546610169",0.242,0.323,"0.546610169",0.02,0.017000000000000015,0.052,0.026,27.5,,,,,,,
117,657041,"Thomas, Lane",2025,117,100,0.333,0.333,0.353,0.667,0.426,0.221,0.186,8,24,80.2,8.3,2251,87.6,87.37,9,54,63,-0.19999999999998863,6.14,108,151,120,146,289,314,276,"-2.325","2.325",,,27,19,4,2,0,2,6,22.2,2,7.4,2.44667,0.55479,0.20154,0.17299,"90.9",167,36.84210526315789,0,0,5.88,-1.53,0.26,2.25,0.37,0,"1.987179487",0.242,0.249,"-1.987179487",0.147,0.128,0.418,0.205,16.7,,,,,,,
117,690469,"Hayes, Kyle",2025,117,100,0.143,0.048,0.231,0.19,0.249,0.227,0.12,3,21,80.5,34.2,2277,87.5,87.79,16,45,72,0.29999999999999716,6.42,104,149,115,144,293,315,281,"1.729","-1.729",,,29,13,2,1,0,0,10,34.5,4,13.8,2.39778,0.60701,0.12103,0.01504,"88.5",197,7.6923076923076925,0,0,5.62,-0.77,0.21,2.4,0.31,0,"-1.477777778",0.294,0.137,"1.477777778",0.023,0.016000000000000014,0.053,0.022,35.6,,,,,,,
116,671056,"Herrera, Iván",2025,116,100,0.433,0.167,0.571,0.6,0.446,0.277,0.269,13,30,94.4,6.5,2236,86.4,86.34,18,67,49,-0.10000000000000853,6.23,104,148,120,145,295,317,283,"-1.55","1.55",,,30,22,10,2,0,1,8,26.7,0,0,2.42759,0.67802,0.1775,-0.0225,"93.2",135,59.09090909090909,4.545454545454546,3.3333333333333335,5.71,-0.91,0.23,2.32,0.433,1,"1.336206897",0.269,0.373,"-1.336206897",0.164,0.16399999999999998,0.227,0.169,26.9,,,,,,,
116,645302,"Robles, Victor",2025,116,100,0.31,0.207,0.421,0.517,0.387,0.311,0.259,9,29,89.2,18.4,2330,90.4,90.73,22,73,43,0.29999999999999716,6.36,103,148,118,142,294,328,294,"-0.958","0.958",,,32,20,5,3,0,1,9,28.1,0,0,2.11526,0.70017,0.16983,-0.04552,"90.2",179,35,0,0,5.88,-1.63,0.09,2.43,0.375,0,"0.825862069",0.329,0.362,"-0.825862069",0.051,0.045999999999999985,0.155,0.076,30.1,,,,,,,
116,680779,"Davis, Henry",2025,116,100,0.296,0.111,0.348,0.407,0.342,0.386,0.309,8,27,85.6,17.1,2251,88.5,88.43,7,63,53,-0.09999999999999432,6.32,106,152,117,145,292,312,283,"-1.692","1.692",,,30,23,5,3,0,0,4,13.3,3,10,2.38284,0.57147,0.20121,0.07862,"92.0",151,34.78260869565217,17.391304347826086,13.333333333333334,5.89,-1.26,0.33,2.14,0.367,4,"1.45862069",0.378,0.517,"-1.45862069",-0.013,-0.01100000000000001,-0.11,-0.044,11.1,,,,,,,
115,672613,"Alfonzo, Eliezer",2025,115,100,0.219,0.031,0.25,0.25,0.205,0.288,0.291,7,32,86.8,10.1,2208,87.2,86.84,10,62,53,-0.4000000000000057,6.15,116,149,113,150,280,309,286,"1.824","-1.824",,,33,28,6,1,0,0,4,12.1,0,0,2.51435,0.52991,0.205,-0.205,"90.3",155,31.03448275862069,0,0,5.83,-1.4,-0.18,2.46,0.219,0,"-1.586086957",0.291,0.372,"1.586086957",-0.072,-0.07199999999999998,-0.122,-0.083,16.1,,,,,,,
111,684519,"De Los Santos, Omar",2025,111,100,0.303,0.333,0.438,0.636,0.394,0.301,0.23,10,33,89.4,13.6,2312,87.3,87.39,27,69,42,0.10000000000000853,6.36,101,148,108,142,290,321,279,"-0.967","0.967",,,33,19,6,0,1,3,14,42.4,0,0,2.57315,0.46153,0.05127,-0.19873,"91.2",129,31.57894736842105,15.789473684210526,9.090909090909092,5.68,-1.14,0.31,2.21,0.303,3,"0.871171171",0.23,0.483,"-0.871171171",0.073,0.07299999999999998,0.153,0.093,39.1,,,,,,,
110,642350,"Siri, Jose",2025,110,100,0.269,0.192,0.4,0.462,0.339,0.351,0.254,7,26,86,18.7,2237,88.3,88.05,23,60,50,-0.20000000000000284,6.1,104,150,120,145,295,318,282,"-0.055","0.055",,,28,16,4,2,0,1,10,35.7,1,3.6,2.40755,0.54564,0.29,0.00394,"91.6",138,43.75,12.5,7.142857142857142,5.87,-0.3,0.09,2.47,0.321,2,"0.05",0.307,0.512,"-0.05",0.015,0.014000000000000012,-0.05,-0.012,38.3,,,,,,,
108,677954,"Groshans, Jordan",2025,108,100,0.2,0.1,0.235,0.3,0.31,0.303,0.192,4,20,83.7,10.8,2294,89,89.23,13,51,57,0.20000000000000284,6.39,100,149,116,145,290,315,282,"-0.014","0.014",,,25,17,2,2,0,0,3,12,4,16,2.1988,0.70926,0.25435,0.19694,"89.4",162,17.647058823529413,0,0,5.68,-1.13,-0.03,2.6,0.36,0,"0.012962963",0.354,0.285,"-0.012962963",0.008,0.006000000000000005,0.015,0.007,25.5,,,,,,,
107,668751,"Mitchell, Cal",2025,107,100,0.111,0.037,0.231,0.148,0.112,0.127,0.108,3,27,89.5,20.5,2363,88.4,88.07,20,53,54,-0.30000000000001137,6.22,115,141,116,148,286,315,287,"5.379","-5.379",,,27,13,2,1,0,0,14,51.9,0,0,2.46467,0.5457,0.14,-0.21047,"91.6",183,46.15384615384615,7.6923076923076925,3.7037037037037033,5.76,-1.19,-0.12,2.16,0.111,1,"-5.027102804",0.108,0.191,"5.027102804",0.003,0.0030000000000000027,-0.043,-0.015,37.7,,,,,,,
104,680890,"Biggers, Jax",2025,105,99,0.087,0,0.133,0.087,0.126,0.227,0.188,2,23,85.7,33.8,2172,89.3,89.24,13,41,63,-0.09999999999999432,6.32,113,145,101,151,288,316,293,"4.57","-4.57",,,25,15,2,0,0,0,8,32,2,8,2.27635,0.62893,0.54202,-0.24067,"91.0",168,20,0,0,5.75,-0.75,0.02,2.27,0.16,0,"-4.394230769",0.253,0.244,"4.394230769",-0.101,-0.093,-0.157,-0.101,31.7,,,,,,,
104,806005,"McCarty, Ryan",2025,104,100,0.24,0.2,0.313,0.44,0.331,0.3,0.228,6,25,89,19.6,2323,89.5,89.4,16,55,49,-0.09999999999999432,6.22,105,151,117,148,287,309,280,"-1.83","1.83",,,28,17,4,0,1,1,8,28.6,2,7.1,2.06,0.815,0.15398,0.08097,"91.0",183,47.05882352941176,11.76470588235294,7.142857142857142,5.97,-1.1,0.14,2.47,0.321,2,"1.759615385",0.31,0.361,"-1.759615385",0.012,0.01100000000000001,0.079,0.031,29.1,,,,,,,
103,701305,"Dezenzo, Zach",2025,103,100,0.192,0.269,0.158,0.462,0.279,0.244,0.16,5,26,91.9,16.4,2017,87.9,87.86,10,53,50,0,6.31,106,152,120,148,288,313,281,"1.866","-1.866",,,28,21,2,1,0,2,6,21.4,0,0,2.48214,0.50864,0.47845,0.27825,"93.1",122,57.89473684210527,10.526315789473683,7.142857142857142,5.78,-0.58,0.28,2.52,0.214,2,"-1.811650485",0.19,0.378,"1.811650485",0.032,0.023999999999999994,0.084,0.035,18.9,,,,,,,
103,571970,"Muncy, Max",2025,103,100,0.318,0.182,0.5,0.5,0.391,0.267,0.199,7,22,90.5,19.9,2194,87.5,87.74,19,51,52,0.20000000000000284,6.44,112,145,128,150,295,328,302,"-1.211","1.211",,,25,13,5,1,0,1,9,36,3,12,2.41291,0.60039,0.31029,-0.24816,"90.5",189,38.46153846153847,7.6923076923076925,4,5.66,-1.97,-0.13,2.45,0.4,1,"1.175728155",0.295,0.289,"-1.175728155",0.119,0.10500000000000004,0.211,0.124,37.3,,,,,,,
102,518792,"Heyward, Jason",2025,102,100,0.095,0.048,0.154,0.143,0.154,0.172,0.118,2,21,90.9,16.4,2094,86.9,86.8,15,54,48,-0.10000000000000853,6.01,114,140,123,147,299,328,297,"2.972","-2.972",,,23,13,1,1,0,0,8,34.8,1,4.3,2.51382,0.5249,0.56406,-0.40703,"91.4",119,30.76923076923077,7.6923076923076925,4.3478260869565215,5.72,-0.71,-0.21,2.32,0.174,1,"-2.91372549",0.195,0.165,"2.91372549",-0.023,-0.02100000000000002,-0.022,-0.018,27.8,,,,,,,
101,682848,"Rodríguez, Endy",2025,101,100,0.154,0.231,0.105,0.385,0.273,0.369,0.271,4,26,94.1,15.2,2126,88,88.41,6,44,57,0.4000000000000057,6.58,115,145,123,151,289,319,290,"1.734","-1.734",,,29,21,2,0,0,2,5,17.2,3,10.3,2.3702,0.62327,0.35198,-0.35198,"93.2",176,47.61904761904761,14.285714285714285,10.344827586206897,5.8,-1.26,-0.05,2.39,0.241,3,"-1.716831683",0.346,0.512,"1.716831683",-0.117,-0.10499999999999998,-0.127,-0.096,13.6,,,,,,,
101,676694,"Meyers, Jake",2025,101,100,0.222,0.056,0.25,0.278,0.32,0.402,0.328,4,18,83.3,5.9,2127,88.5,88.42,5,43,58,-0.09999999999999432,6.26,113,151,120,146,289,309,274,"-0.132","0.132",,,23,16,3,1,0,0,2,8.7,5,21.7,2.34178,0.61812,0.31594,0.27099,"89.8",129,21.428571428571427,0,0,6.08,-1.46,-0.02,2.39,0.391,0,"0.130693069",0.488,0.389,"-0.130693069",-0.106,-0.09699999999999998,-0.111,-0.082,11.6,,,,,,,
101,701796,"Cresswell, Will",2025,101,100,0.208,0.042,0.313,0.25,0.238,0.211,0.168,5,24,80.1,0.2,2306,87.5,86.78,17,54,47,-0.7000000000000028,6.06,99,147,117,145,292,302,273,"2.436","-2.436",,,26,16,4,1,0,0,8,30.8,1,3.8,2.4798,0.5804,0.4203,0.1605,"89.7",119,18.75,0,0,5.72,-1.17,0.07,2.35,0.269,0,"-2.411881188",0.232,0.222,"2.411881188",0.04,0.037000000000000005,0.028,0.027,31.5,,,,,,,
97,691001,"Moore, Robert",2025,97,100,0.222,0.185,0.2,0.407,0.323,0.312,0.233,6,27,85.3,26,2122,87.5,87.41,9,48,49,-0.09999999999999432,6.17,112,149,111,152,284,314,288,"-1.896","1.896",,,31,26,3,2,0,1,1,3.2,2,6.5,2.40021,0.70396,0.34365,-0.34365,"91.4",156,28.000000000000004,8,6.451612903225806,5.94,-0.54,-0.04,2.33,0.323,2,"1.954639175",0.336,0.353,"-1.954639175",-0.011,-0.013000000000000012,0.054,0.011,18.8,,,,,,,
97,680552,"Swaggerty, Travis",2025,97,100,0.316,0.053,0.462,0.368,0.366,0.309,0.177,6,19,88.1,13.8,2118,87,86.98,12,38,59,0,6.24,114,145,112,150,281,312,289,"-1.639","1.639",,,25,13,5,1,0,0,7,28,4,16,2.57175,0.57526,0.36464,-0.42278,"91.8",141,23.076923076923077,7.6923076923076925,4,6.05,-1.46,-0.18,2.36,0.44,1,"1.689690722",0.357,0.207,"-1.689690722",0.139,0.08300000000000002,0.161,0.057,31.6,,,,,,,
96,813697,"Biller, Sam",2025,96,100,0.235,0.059,0.5,0.294,0.319,0.231,0.13,4,17,82.9,2.9,2184,89,88.8,17,39,57,-0.20000000000000284,6.37,114,144,113,147,293,310,281,"0.452","-0.452",,,21,8,3,1,0,0,9,42.9,3,14.3,2.15635,0.77354,0.60375,-0.47583,"90.5",103,25,0,0,5.66,-1.23,-0.03,2.43,0.381,0,"-0.470833333",0.296,0.145,"0.470833333",0.105,0.08500000000000002,0.149,0.088,43.6,,,,,,,
96,823089,"Clifford, Nolan",2025,99,97,0.294,0.118,0.417,0.412,0.36,0.312,0.25,5,17,90,4,2155,90.3,90.74,10,42,54,0.4000000000000057,6.32,108,145,107,150,293,324,305,"-0.345","0.345",,,20,12,4,0,1,0,5,25,3,15,2.08812,0.70844,0.4925,-0.39854,"90.3",176,50,0,0,5.71,-1.18,-0.04,2.55,0.4,0,"0.359375",0.363,0.317,"-0.359375",0.044,0.03700000000000003,0.095,0.048,23.8,,,,,,,
96,829643,"McCombs, Jacob",2025,96,100,0.25,0,0.292,0.25,0.269,0.256,0.214,7,28,85.2,12,2329,88.1,87.56,13,59,37,-0.5,6.06,114,144,118,148,291,316,289,"1.92","-1.92",,,31,24,7,0,0,0,4,12.9,0,0,2.13917,0.85437,0.41208,-0.41479,"91.0",129,33.33333333333333,0,0,5.9,-1.08,-0.06,2.55,0.323,0,"-2",0.29,0.257,"2",0.036,0.03300000000000003,-0.007,0.013,22,,,,,,,
95,666139,"Lowe, Josh",2025,95,100,0.235,0.176,0.273,0.412,0.339,0.346,0.207,4,17,92.9,10.2,2072,88.6,88.41,15,40,55,-0.19999999999998863,6.21,118,147,132,150,290,319,301,"0.056","-0.056",,,22,12,3,0,0,1,6,27.3,4,18.2,2.25516,0.67642,0.45463,-0.33589,"92.1",149,41.66666666666667,16.666666666666664,9.090909090909092,5.85,-0.55,-0.26,2.19,0.364,2,"-0.058947368",0.342,0.472,"0.058947368",0.028,0.021999999999999964,-0.06,-0.007,37.5,,,,,,,
95,688311,"Osborn, Drake",2025,95,100,0.273,0.136,0.3,0.409,0.34,0.269,0.177,6,22,89.7,26.5,2297,89.1,89.51,8,43,52,0.4000000000000057,6.32,100,148,120,145,304,323,298,"0.392","-0.392",,,25,20,3,3,0,0,2,8,2,8,2.39516,0.50842,0.37505,0.32432,"91.9",146,35,5,4,5.76,-0.87,0.16,2.45,0.36,1,"-0.412631579",0.276,0.318,"0.412631579",0.096,0.08399999999999996,0.091,0.071,18.6,,,,,,,
95,670242,"Wallner, Matt",2025,95,100,0.32,0.64,0.214,0.96,0.54,0.425,0.284,8,25,94.4,12.1,2307,87.9,87.93,18,47,48,0,6.3,119,145,132,153,279,322,290,"-2.964","2.964",,,27,19,2,1,0,5,6,22.2,2,7.4,2.48905,0.50284,0.23158,-0.19474,"95.4",165,63.1578947368421,15.789473684210526,11.11111111111111,5.82,-1.5,0.01,2.38,0.37,3,"3.12",0.337,0.686,"-3.12",0.036,0.032999999999999974,0.274,0.115,38.3,,,,,,,
94,800305,"Baez, Jesus",2025,94,100,0.217,0,0.25,0.217,0.25,0.233,0.187,5,23,84.2,8.4,2239,89.2,88.83,4,34,60,-0.4000000000000057,6.31,100,147,122,147,292,308,279,"1.882","-1.882",,,26,20,5,0,0,0,3,11.5,3,11.5,2.22053,0.705,0.43809,0.22426,"92.4",110,30,0,0,5.58,-1.08,0.05,2.42,0.308,0,"-2.00212766",0.281,0.203,"2.00212766",0.03,0.02699999999999997,0.014,0.017,11.8,,,,,,,
94,641343,"Bauers, Jake",2025,94,100,0.211,0.526,0.125,0.737,0.429,0.443,0.289,4,19,93.1,10.2,2186,87.7,87.7,11,38,56,0,6.16,115,145,119,151,282,325,303,"-2.084","2.084",,,22,11,0,1,0,3,8,36.4,3,13.6,2.31681,0.66936,0.56628,-0.23074,"94.3",127,45.45454545454545,36.36363636363637,18.181818181818183,5.8,-0.76,-0.11,2.36,0.318,4,"2.217021277",0.386,0.68,"-2.217021277",-0.078,-0.068,0.057,-0.014,28.9,,,,,,,
94,695579,"Haskins, Trevor",2025,94,100,0.179,0.143,0.2,0.321,0.212,0.253,0.229,5,28,86.4,14.2,2273,87.4,87.09,17,56,38,-0.30000000000001137,6.28,107,149,118,145,291,309,276,"3.167","-3.167",,,28,21,3,1,0,1,7,25,0,0,2.38755,0.66287,0.19624,0.09667,"91.1",165,38.095238095238095,4.761904761904762,3.571428571428571,5.77,-1.04,0.26,2.39,0.179,1,"-3.369148936",0.229,0.366,"3.369148936",-0.05,-0.05000000000000002,-0.045,-0.041,30.4,,,,,,,
94,801954,"Ankeney, Beau",2025,94,100,0.267,0.133,0.444,0.4,0.37,0.358,0.251,4,15,89.7,16.4,2297,88.4,87.83,11,36,58,-0.6000000000000085,6.14,110,147,117,146,288,304,280,"-1.231","1.231",,,20,9,3,0,1,0,6,30,3,15,2.32479,0.67677,0.30398,0.27796,"90.8",175,44.44444444444444,11.11111111111111,5,5.81,-1.26,-0.02,2.43,0.421,1,"1.309574468",0.409,0.373,"-1.309574468",0.016,0.01200000000000001,0.027,0.012,30.6,,,,,,,
94,669016,"Marsh, Brandon",2025,94,100,0.3,0.15,0.417,0.45,0.369,0.353,0.279,6,20,92,18.6,2287,87.1,86.94,15,40,54,-0.19999999999998863,6.25,116,145,122,150,299,331,299,"-1.685","1.685",,,25,13,5,0,0,1,8,32,4,16,2.33106,0.71979,0.32574,-0.27021,"92.6",182,53.84615384615385,15.384615384615385,8,5.89,-0.87,-0.2,2.43,0.4,2,"1.792553191",0.384,0.428,"-1.792553191",0.021,0.016000000000000014,0.022,0.016,37.5,,,,,,,
93,828202,"Agbayani, Bruin",2025,93,100,0.25,0,0.308,0.25,0.364,0.447,0.345,4,16,85.3,7.6,2303,89.8,89.5,6,35,58,-0.29999999999999716,6.21,114,140,116,144,283,312,287,"-0.75","0.75",,,23,13,4,0,0,0,3,13,7,30.4,2.13323,0.73968,0.43293,-0.45315,"89.2",168,15.384615384615385,7.6923076923076925,4.3478260869565215,5.86,-1.48,-0.11,2.49,0.478,1,"0.806451613",0.544,0.426,"-0.806451613",-0.095,-0.06600000000000006,-0.176,-0.083,17.1,,,,,,,
92,680474,"Schuemann, Max",2025,92,100,0.4,0.3,0.467,0.7,0.513,0.452,0.375,8,20,92.2,10.2,2446,88.5,88.85,9,36,56,0.29999999999999716,6.42,103,150,117,144,309,337,299,"-4.167","4.167",,,25,16,4,3,0,1,4,16,4,16,2.38304,0.56087,0.07283,0.10739,"92.5",171,43.75,6.25,4,5.52,-2.28,-0.04,2.48,0.52,1,"4.529347826",0.5,0.534,"-4.529347826",0.025,0.020000000000000018,0.166,0.061,25,,,,,,,
91,657675,"Martin, Rudy",2025,93,97.8,0.208,0.167,0.211,0.375,0.247,0.252,0.239,5,24,92.3,0.1,2191,89.3,89.13,7,49,42,-0.20000000000000284,6.2,102,145,98,149,280,307,290,"2.594","-2.594",,,24,20,3,1,0,1,4,16.7,0,0,2.27308,0.62615,0.43333,-0.42578,"91.5",123,35,5,4.166666666666666,5.83,-1.45,-0.09,2.36,0.208,1,"-2.850549451",0.239,0.347,"2.850549451",-0.031,-0.031,0.028,-0.005,14.3,,,,,,,
91,699111,"Omana, Diego",2025,92,98.9,0.261,0.087,0.462,0.348,0.262,0.189,0.182,6,23,91.6,8.8,2339,89.6,89.55,15,53,38,-0.09999999999999432,6.43,107,147,116,146,286,302,266,"2.229","-2.229",,,23,13,4,2,0,0,10,43.5,0,0,2.09659,0.79363,0.31824,0.35319,"90.3",169,38.46153846153847,7.6923076923076925,4.3478260869565215,5.93,-1.24,0.11,2.35,0.261,1,"-2.449450549",0.182,0.255,"2.449450549",0.079,0.07900000000000001,0.093,0.073,28.3,,,,,,,
90,695527,"Daugherty, Ian",2025,90,100,0.211,0.158,0.273,0.368,0.341,0.322,0.202,4,19,79.1,23.7,2350,88.8,88.27,20,40,50,-0.5,6.12,105,149,118,144,296,311,283,"-2.123","2.123",,,24,12,3,0,0,1,7,29.2,4,16.7,2.06322,0.88211,0.43467,0.29289,"89.1",172,8.333333333333332,8.333333333333332,4.166666666666666,5.82,-0.88,0.13,2.43,0.375,1,"2.358888889",0.369,0.319,"-2.358888889",0.009,0.006000000000000005,0.049,0.019,50,,,,,,,
90,694025,"Reyes, Felix",2025,90,100,0.261,0.13,0.294,0.391,0.313,0.328,0.3,6,23,93.3,14.5,2110,87.4,87.09,15,52,38,-0.30000000000001137,6.15,108,152,122,148,295,311,277,"-0.492","0.492",,,26,18,5,0,0,1,5,19.2,2,7.7,2.44233,0.59822,0.43289,0.39,"92.9",170,37.5,0,0,5.92,-1.37,0.15,2.13,0.32,0,"0.546666667",0.364,0.374,"-0.546666667",-0.039,-0.043999999999999984,0.017,-0.015,28.8,,,,,,,
90,683002,"Henderson, Gunnar",2025,90,100,0.263,0.316,0.231,0.579,0.371,0.436,0.36,5,19,95.3,8.7,2193,88.5,88.36,9,46,44,-0.09999999999999432,6.29,120,147,127,151,289,314,294,"-0.605","0.605",,,20,15,3,0,0,2,4,20,1,5,2.29311,0.66034,0.39133,-0.17244,"94.1",152,60,13.333333333333334,10,5.75,-0.5,0.08,2.32,0.3,2,"0.672222222",0.392,0.638,"-0.672222222",-0.097,-0.09200000000000003,-0.059,-0.065,19.6,,,,,,,
88,806068,"Emerson, Colt",2025,88,100,0.364,0.364,0.4,0.727,0.47,0.404,0.311,8,22,93.6,10.8,2308,90,90.17,12,44,44,0.20000000000000284,6.44,109,142,120,146,278,318,292,"-2.987","2.987",,,26,17,4,2,0,2,6,23.1,2,7.7,2.12466,0.72455,0.4333,-0.31761,"93.6",154,64.70588235294117,11.76470588235294,7.6923076923076925,5.79,-0.88,-0.03,2.1,0.423,2,"3.394318182",0.388,0.552,"-3.394318182",0.053,0.034999999999999976,0.175,0.066,27.3,,,,,,,
88,668901,"Vientos, Mark",2025,88,100,0.174,0.087,0.2,0.261,0.244,0.312,0.265,4,23,88.3,20,2194,85.5,85.46,15,47,41,0,6.15,103,149,124,146,298,323,298,"1.534","-1.534",,,26,20,2,2,0,0,3,11.5,3,11.5,2.95966,0.2223,0.13409,-0.11409,"92.0",152,40,0,0,5.98,-0.54,-0.03,2.36,0.269,0,"-1.743181818",0.35,0.343,"1.743181818",-0.091,-0.08099999999999996,-0.082,-0.068,31.9,,,,,,,
87,800068,"Pena, Isaac",2025,87,100,0.118,0,0.222,0.118,0.192,0.224,0.148,2,17,86,4.3,2241,88,88.03,10,27,60,0,6.34,107,147,116,145,291,315,285,"1.989","-1.989",,,20,9,2,0,0,0,8,40,3,15,2.14046,0.84782,0.56988,-0.56988,"91.1",80,33.33333333333333,0,0,5.83,-0.42,-0.09,2.34,0.25,0,"-2.286206897",0.276,0.174,"2.286206897",-0.03,-0.026000000000000023,-0.056,-0.032,37,,,,,,,
86,677601,"Rodriguez, Keyber",2025,86,100,0.294,0.118,0.455,0.412,0.363,0.249,0.18,5,17,83.9,-10.8,2145,89.3,89.33,11,36,50,0,6.39,103,150,112,150,305,315,287,"-0.586","0.586",,,20,11,3,2,0,0,6,30,2,10,2.23326,0.66488,0.39812,-0.21529,"89.9",90,27.27272727272727,0,0,5.94,0.01,0.14,2.52,0.4,0,"0.681395349",0.303,0.205,"-0.681395349",0.114,0.09700000000000003,0.207,0.114,30.6,,,,,,,
85,669208,"Bliss, Ryan",2025,85,100,0.385,0.231,0.556,0.615,0.461,0.376,0.271,5,13,88.7,19.6,2119,87.7,88.28,12,41,44,0.5999999999999943,6.5,99,145,115,143,305,327,290,"-1.599","1.599",,,18,9,2,3,0,0,5,27.8,4,22.2,2.38824,0.59494,0.35619,-0.20881,"90.5",184,44.44444444444444,0,0,5.88,0.49,0.44,2.26,0.5,0,"1.881176471",0.444,0.345,"-1.881176471",0.114,0.055999999999999994,0.27,0.085,29.3,,,,,,,
85,702025,"Genth, Harry",2025,85,100,0.053,0,0.125,0.053,0.16,0.209,0.107,1,19,81,12.8,2337,89.6,88.86,17,40,45,-0.6999999999999886,6.09,102,149,114,145,282,300,273,"3.336","-3.336",,,23,8,1,0,0,0,11,47.8,3,13,1.99812,0.89741,0.53341,0.41929,"89.6",153,25,0,0,5.76,-0.92,0.31,2.45,0.217,0,"-3.924705882",0.263,0.138,"3.924705882",-0.054,-0.04600000000000001,-0.085,-0.049,42.5,,,,,,,
84,701437,"Rudd, Jaden",2025,85,98.8,0.286,0.143,0.5,0.429,0.373,0.258,0.168,4,14,90.7,5.8,2249,87.1,87.1,11,30,54,0,6.41,109,144,105,143,266,298,279,"-1.556","1.556",,,17,8,2,2,0,0,6,35.3,3,17.6,2.54845,0.50726,0.27405,-0.27405,"90.8",154,37.5,0,0,5.45,-1.96,-0.05,2.25,0.412,0,"1.852380952",0.315,0.209,"-1.852380952",0.118,0.09699999999999998,0.22,0.115,36.7,,,,,,,
83,804944,"Lovich, Jackson",2025,83,100,0.636,0.364,0.737,1,0.693,0.421,0.358,14,22,95.6,13.9,2300,86.3,85.88,10,37,46,-0.3999999999999915,6.14,104,145,114,143,298,312,277,"-7.97","7.97",,,26,19,8,4,2,0,3,11.5,4,15.4,2.51639,0.71843,0.21854,-0.0322,"95.4",181,68.42105263157895,5.263157894736842,3.8461538461538463,5.82,-1.01,-0.01,2.57,0.692,1,"9.602409639",0.457,0.506,"-9.602409639",0.278,0.23499999999999993,0.494,0.272,27,,,,,,,
83,691191,"Salas, Jose",2025,84,98.8,0.444,0.333,0.538,0.778,0.51,0.358,0.278,8,18,90.3,5.1,2215,88.4,88.32,9,40,43,-0.10000000000000853,6.26,107,143,113,145,275,305,283,"-2.794","2.794",,,21,14,4,3,0,1,5,23.8,2,9.5,2.22482,0.73542,0.54554,-0.54554,"92.2",148,50,28.57142857142857,19.047619047619047,5.88,-1.29,-0.17,2.69,0.476,4,"3.36626506",0.334,0.529,"-3.36626506",0.166,0.14199999999999996,0.249,0.152,22.5,,,,,,,
82,672515,"Moreno, Gabriel",2025,82,100,0.4,0.45,0.462,0.85,0.546,0.357,0.254,8,20,96.5,20.6,2184,87.2,88.01,10,36,46,0.7999999999999972,6.5,106,151,125,148,318,338,303,"-3.92","3.92",,,23,15,3,3,0,2,5,21.7,3,13,2.5222,0.48171,0.27256,-0.11817,"93.1",195,53.333333333333336,13.333333333333334,8.695652173913043,5.76,0.12,0.09,2.29,0.478,2,"4.780487805",0.351,0.48,"-4.780487805",0.146,0.127,0.37,0.189,27.8,,,,,,,
82,683766,"Koss, Christian",2025,82,100,0.296,0.185,0.35,0.481,0.332,0.224,0.231,8,27,88.2,14.9,2331,87.9,88.28,17,50,32,0.3999999999999915,6.27,106,151,113,149,296,319,285,"-0.201","0.201",,,27,21,5,2,0,1,6,22.2,0,0,2.48573,0.51494,0.06713,-0.00812,"90.9",168,14.285714285714285,0,0,5.75,-1.53,0.21,2.37,0.296,0,"0.245121951",0.231,0.291,"-0.245121951",0.065,0.06499999999999997,0.19,0.108,34,,,,,,,
81,664761,"Bohm, Alec",2025,81,100,0.143,0.238,0.111,0.381,0.236,0.27,0.186,3,21,86.9,8.6,2292,88.8,88.8,7,42,39,0,6.26,105,151,124,147,303,321,288,"1.854","-1.854",,,22,19,1,0,1,1,2,9.1,1,4.5,2.38395,0.54475,0.2742,0.28333,"91.7",166,38.88888888888889,11.11111111111111,9.090909090909092,5.97,-0.94,0.17,2.54,0.182,2,"-2.288888889",0.225,0.41,"2.288888889",-0.043,-0.04300000000000001,-0.029,-0.034,16.7,,,,,,,
80,808037,"Hernandez, Juan",2025,80,100,0.313,0,0.417,0.313,0.361,0.337,0.253,5,16,92.4,2.7,2322,87.1,86.77,16,38,42,-0.29999999999999716,6.22,119,145,124,146,281,306,290,"-0.214","0.214",,,20,12,5,0,0,0,4,20,3,15,2.7305,0.31775,0.23215,-0.18329,"92.4",95,50,0,0,5.94,-1.31,-0.07,2.06,0.45,0,"0.2675",0.402,0.313,"-0.2675",0.06,0.04799999999999999,0,0.024,42.1,,,,,,,
80,815839,"Young, Quentin",2025,80,100,0.118,0,0.2,0.118,0.176,0.226,0.161,2,17,84.6,10.9,2378,88.4,88.08,19,37,43,-0.30000000000001137,6.17,109,148,123,145,295,310,280,"1.129","-1.129",,,22,10,2,0,0,0,9,40.9,2,9.1,2.32437,0.62775,0.06671,-0.05608,"90.0",140,20,0,0,5.81,-1.39,0.05,2.46,0.227,0,"-1.41125",0.273,0.176,"1.41125",-0.043,-0.04600000000000001,-0.058,-0.05,51.4,,,,,,,
78,700685,"Witt, Paul",2025,78,100,0.294,0.235,0.308,0.529,0.385,0.392,0.281,5,17,85.8,6.4,2229,88.6,87.98,10,37,41,-0.5999999999999943,6.21,105,151,116,144,298,318,291,"-1.017","1.017",,,19,14,3,1,0,1,3,15.8,2,10.5,2.34885,0.61231,0.30449,0.04269,"91.5",162,42.857142857142854,7.142857142857142,5.263157894736842,5.73,-0.77,0.14,2.37,0.368,1,"1.303846154",0.356,0.565,"-1.303846154",0.013,0.01200000000000001,-0.036,-0.007,27,,,,,,,
77,642731,"Estrada, Thairo",2025,77,100,0.304,0.043,0.389,0.348,0.302,0.295,0.275,7,23,90.6,8.8,2239,88.1,88.62,9,44,33,0.5,6.32,105,150,119,146,312,340,306,"-0.898","0.898",,,24,18,6,1,0,0,5,20.8,1,4.2,2.38208,0.56197,0.15143,-0.01506,"92.9",175,50,5.555555555555555,4.166666666666666,5.84,-1.03,0.24,2.34,0.333,1,"1.166233766",0.305,0.365,"-1.166233766",0.029,0.028000000000000025,-0.017,0.007,20.5,,,,,,,
77,656627,"Kolozsvary, Mark",2025,77,100,0.455,0.273,0.5,0.727,0.52,0.341,0.257,10,22,87.2,18.6,2037,85.9,85.58,10,39,38,-0.30000000000001137,6.26,108,150,117,145,296,321,294,"-3.352","3.352",,,24,19,6,3,0,1,3,12.5,2,8.3,2.7074,0.69948,0.33026,0.12506,"91.9",130,42.10526315789473,5.263157894736842,4.166666666666666,5.79,-0.99,0.14,2.38,0.5,1,"4.353246753",0.319,0.477,"-4.353246753",0.198,0.181,0.25,0.179,25.6,,,,,,,
77,663698,"Bart, Joey",2025,77,100,0.231,0,0.429,0.231,0.341,0.289,0.12,3,13,94.5,11,2143,89.4,89.1,8,27,50,-0.30000000000001137,6.08,104,152,123,147,298,325,286,"-0.743","0.743",,,18,7,3,0,0,0,6,33.3,4,22.2,2.32234,0.56169,0.36701,0.36701,"91.7",147,57.14285714285714,0,0,5.84,-1.28,0.14,2.42,0.444,0,"0.964935065",0.365,0.189,"-0.964935065",0.111,0.07900000000000001,0.042,0.052,29.6,,,,,,,
77,663968,"Mangum, Jake",2025,78,98.7,0.412,0.059,0.5,0.471,0.444,0.365,0.298,7,17,86,-1.5,2118,88.9,89.03,8,40,37,0.09999999999999432,6.42,114,147,114,151,283,321,296,"-2.277","2.277",,,21,14,6,1,0,0,3,14.3,4,19,2.38429,0.54026,0.49789,-0.49789,"91.3",128,42.857142857142854,0,0,5.58,-1.77,-0.2,2.29,0.524,0,"2.957142857",0.432,0.361,"-2.957142857",0.114,0.09200000000000003,0.11,0.079,20,,,,,,,
75,677356,"Young, Carter",2025,75,100,0.333,0.095,0.412,0.429,0.361,0.296,0.256,7,21,83.4,24.1,2051,85.8,85.81,4,36,39,0,6.15,103,143,110,150,286,320,288,"-0.609","0.609",,,23,17,5,2,0,0,4,17.4,2,8.7,2.64107,0.55055,0.40853,-0.25013,"90.1",154,11.76470588235294,5.88235294117647,4.3478260869565215,5.88,-1.33,-0.18,2.53,0.391,1,"0.812",0.321,0.344,"-0.812",0.077,0.07,0.085,0.065,11.1,,,,,,,
75,668670,"Rogers, Jake",2025,75,100,0.333,0.2,0.417,0.533,0.406,0.332,0.295,5,15,93.8,15.8,2110,87.7,87.88,10,29,46,0.20000000000000284,6.44,108,150,125,147,292,325,291,"-0.826","0.826",,,17,12,2,3,0,0,3,17.6,2,11.8,2.574,0.56187,0.392,0.40213,"93.4",154,58.333333333333336,0,0,5.74,-1.67,0.09,2.37,0.412,0,"1.101333333",0.378,0.36,"-1.101333333",0.038,0.033999999999999975,0.173,0.074,34.5,,,,,,,
75,694192,"Chourio, Jackson",2025,75,100,0.053,0.053,0.091,0.105,0.126,0.259,0.192,1,19,95.8,10.6,2335,88.8,89.23,15,41,34,0.4000000000000057,6.36,103,152,120,149,305,322,294,"4.055","-4.055",,,21,11,0,1,0,0,8,38.1,2,9.5,2.2488,0.65347,0.2116,0.03133,"92.8",184,72.72727272727273,9.090909090909092,4.761904761904762,5.66,-1.43,0.39,2.25,0.143,1,"-5.406666667",0.269,0.307,"5.406666667",-0.139,-0.12600000000000003,-0.202,-0.133,36.6,,,,,,,
75,835716,"Barker, Jack",2025,75,100,0.083,0,0.167,0.083,0.255,0.274,0.103,1,12,84.7,22,2215,86.8,85.73,12,30,45,-1.0999999999999943,5.8,111,146,112,151,288,316,295,"0.994","-0.994",,,17,6,1,0,0,0,6,35.3,5,29.4,2.22587,0.87851,0.6872,-0.5776,"89.7",173,0,0,0,6.14,-0.93,-0.17,2.33,0.353,0,"-1.325333333",0.367,0.123,"1.325333333",-0.02,-0.014000000000000012,-0.04,-0.019,40,,,,,,,
75,543877,"Vázquez, Christian",2025,75,100,0.133,0.2,0.077,0.333,0.278,0.225,0.142,2,15,73.2,1.8,2168,88.9,89.52,1,28,47,0.5999999999999943,6.49,104,149,122,148,290,324,293,"0.588","-0.588",,,18,14,1,0,0,1,1,5.6,3,16.7,2.16147,0.74378,0.27267,0.3292,"88.6",139,0,0,0,5.8,-0.85,0.36,2.46,0.278,0,"-0.784",0.285,0.16,"0.784",-0.009,-0.006999999999999951,0.173,0.053,3.6,,,,,,,
75,656976,"Smith, Pavin",2025,75,100,0.267,0.2,0.444,0.467,0.354,0.245,0.168,4,15,83.6,15,1973,86.6,86.86,8,31,44,0.30000000000001137,6.4,115,146,133,152,295,332,307,"0.033","-0.033",,,17,9,1,3,0,0,6,35.3,2,11.8,2.74747,0.3177,0.082,0.06413,"90.9",173,22.22222222222222,11.11111111111111,5.88235294117647,5.57,-0.12,-0.21,2.57,0.353,1,"-0.044",0.265,0.268,"0.044",0.099,0.08799999999999997,0.199,0.109,25.8,,,,,,,
74,702906,"Lara, Wilfredo",2025,74,100,0.2,0.067,0.214,0.267,0.27,0.402,0.316,3,15,85.5,9.2,2181,88.5,87.49,8,39,35,-1,5.92,105,148,116,146,291,303,271,"1.015","-1.015",,,19,14,2,1,0,0,2,10.5,2,10.5,2.21757,0.73878,0.77257,0.31203,"91.9",128,35.714285714285715,7.142857142857142,5.263157894736842,5.72,-1.02,-0.1,2.59,0.316,1,"-1.371621622",0.442,0.445,"1.371621622",-0.116,-0.126,-0.178,-0.132,20.5,,,,,,,
74,688367,"Mitchell, Tucker",2025,74,100,0.05,0,0.083,0.05,0.072,0.209,0.202,1,20,84.7,7.2,2189,88.1,88.63,14,41,33,0.5,6.38,102,149,117,146,303,324,291,"5.015","-5.015",,,22,12,1,0,0,0,9,40.9,1,4.5,2.26811,0.69315,0.13095,-0.10176,"89.5",179,25,0,0,5.66,-0.49,0.13,2.52,0.091,0,"-6.777027027",0.23,0.248,"6.777027027",-0.152,-0.139,-0.198,-0.137,34.1,,,,,,,
73,681974,"Vega, Onix",2025,73,100,0.211,0.053,0.267,0.263,0.219,0.342,0.326,4,19,86.7,13,2306,89.5,89.78,8,36,37,0.29999999999999716,6.45,108,148,116,145,289,299,277,"1.659","-1.659",,,21,15,3,1,0,0,5,23.8,1,4.8,2.14,0.76597,0.48137,0.42301,"90.0",158,20,6.666666666666667,4.761904761904762,5.51,-1.25,0.11,2.57,0.238,1,"-2.27260274",0.362,0.386,"2.27260274",-0.115,-0.124,-0.123,-0.123,22.2,,,,,,,
73,660670,"Acuña Jr., Ronald",2025,73,100,0.417,0.417,0.444,0.833,0.587,0.552,0.356,5,12,97.6,24,2245,89.4,89.22,9,31,42,-0.20000000000000284,6.24,111,151,122,147,309,326,302,"-4.096","4.096",,,19,10,2,2,0,1,2,10.5,7,36.8,2.15219,0.74,0.34247,0.15534,"94.0",195,60,30,15.789473684210526,5.88,-0.47,0.13,2.47,0.632,3,"5.610958904",0.594,0.765,"-5.610958904",0.061,0.038000000000000034,0.068,0.035,29,,,,,,,
73,696501,"Coley II, Mark",2025,73,100,0.214,0.214,0.25,0.429,0.385,0.28,0.12,3,14,80.1,5,2269,86.9,87.26,10,34,39,0.3999999999999915,6.43,105,145,108,144,290,318,277,"-1.32","1.32",,,19,9,2,0,0,1,5,26.3,3,15.8,2.66082,0.37877,-0.03219,-0.00534,"90.8",104,22.22222222222222,11.11111111111111,5.263157894736842,5.64,-0.98,0.22,2.3,0.421,1,"1.808219178",0.351,0.176,"-1.808219178",0.094,0.07,0.253,0.105,29.4,,,,,,,
73,804610,"Robinson, Shai",2025,73,100,0.077,0,0.143,0.077,0.215,0.255,0.132,1,13,84.2,14,2346,88,87.63,7,22,51,-0.4000000000000057,6.2,102,147,113,142,288,307,286,"1.725","-1.725",,,17,7,1,0,0,0,6,35.3,4,23.5,2.13781,0.85466,0.27425,0.26767,"91.6",142,42.857142857142854,0,0,5.91,-0.06,0.08,2.46,0.294,0,"-2.363013699",0.336,0.142,"2.363013699",-0.055,-0.04200000000000004,-0.065,-0.04,31.8,,,,,,,
72,678465,"Otosaka, Tomo",2025,73,98.6,0.227,0,0.294,0.227,0.201,0.267,0.279,5,22,85.3,5.4,2210,88.5,88.71,9,42,30,0.20000000000000284,6.3,109,144,100,148,289,323,298,"1.499","-1.499",,,22,17,5,0,0,0,5,22.7,0,0,2.36625,0.57451,0.40451,-0.28282,"89.5",113,18.75,0,0,5.43,-0.94,-0.19,2.37,0.227,0,"-2.081944444",0.279,0.331,"2.081944444",-0.052,-0.05200000000000002,-0.104,-0.066,21.4,,,,,,,
71,805808,"McGonigle, Kevin",2025,71,100,0.235,0.118,0.25,0.353,0.317,0.441,0.348,4,17,93.8,8,2252,89.4,88.93,5,32,39,-0.5,6.19,118,148,100,147,279,301,282,"-0.065","0.065",,,20,16,2,2,0,0,1,5,3,15,2.15521,0.73873,0.78155,-0.69225,"94.1",138,56.25,12.5,10,5.66,-2.24,-0.11,2.22,0.35,2,"0.091549296",0.446,0.588,"-0.091549296",-0.113,-0.09600000000000003,-0.235,-0.124,15.6,,,,,,,
71,684922,"Shuffield, Dalton",2025,73,97.3,0.167,0,0.273,0.167,0.176,0.199,0.185,3,18,91.3,9.2,2328,88.6,88.5,11,34,37,-0.09999999999999432,6.38,105,150,110,147,286,308,275,"2.551","-2.551",,,19,11,3,0,0,0,7,36.8,1,5.3,2.19577,0.76086,0.31366,0.08239,"93.4",160,36.36363636363637,0,0,5.78,-0.44,0.19,2.43,0.211,0,"-3.592957746",0.228,0.206,"3.592957746",-0.018,-0.017000000000000015,-0.039,-0.023,32.4,,,,,,,
71,570482,"Urshela, Gio",2025,71,100,0.5,0.357,0.667,0.857,0.591,0.438,0.369,7,14,88.1,10.5,2289,88,88.85,10,35,36,0.9000000000000057,6.56,100,147,118,143,306,331,292,"-2.952","2.952",,,16,10,4,2,0,1,4,25,2,12.5,2.58394,0.38127,0.30493,0.22521,"91.6",158,50,10,6.25,5.53,-0.76,0.19,2.33,0.563,1,"4.157746479",0.448,0.568,"-4.157746479",0.131,0.11499999999999994,0.289,0.153,28.6,,,,,,,
69,643446,"McNeil, Jeff",2025,69,100,0.263,0,0.294,0.263,0.312,0.384,0.272,5,19,89.6,28.6,2161,88.8,88.66,5,32,37,-0.09999999999999432,6.36,114,147,123,152,283,325,297,"0.217","-0.217",,,23,17,5,0,0,0,2,8.7,4,17.4,2.27072,0.67333,0.68493,-0.57739,"92.1",207,35.294117647058826,11.76470588235294,8.695652173913043,5.37,-1.3,-0.49,2.57,0.391,2,"-0.314492754",0.399,0.482,"0.314492754",-0.009,-0.008000000000000007,-0.219,-0.072,15.6,,,,,,,
68,689731,"Roberts, Cole",2025,69,98.6,0.158,0,0.167,0.158,0.167,0.258,0.241,3,19,83.8,14.9,2291,88.3,87.79,3,30,38,-0.5,6.21,104,149,114,148,281,302,272,"2.192","-2.192",,,20,18,3,0,0,0,1,5,1,5,2.20426,0.78074,0.43088,-0.005,"89.7",136,11.11111111111111,0,0,5.89,-0.49,0.14,2.37,0.2,0,"-3.223529412",0.279,0.297,"3.223529412",-0.083,-0.07900000000000001,-0.139,-0.091,10,,,,,,,
68,672761,"Pérez, Wenceel",2025,68,100,0.143,0.214,0.091,0.357,0.226,0.257,0.222,2,14,91,6.7,2169,89,89.03,9,30,38,0,6.43,104,143,111,146,279,309,285,"0.943","-0.943",,,16,12,1,0,0,1,3,18.8,1,6.3,2.04206,0.89,0.42191,-0.42191,"91.5",148,33.33333333333333,8.333333333333332,6.25,5.79,-0.57,0.04,2.49,0.188,1,"-1.386764706",0.258,0.341,"1.386764706",-0.079,-0.07,0.016,-0.031,30,,,,,,,
67,682643,"Ramirez, Alexander",2025,67,100,0.188,0.063,0.5,0.25,0.218,0.171,0.145,3,16,88.9,-8.5,2244,87.7,88.26,21,34,33,0.5999999999999943,6.5,102,152,116,148,301,330,290,"1.788","-1.788",,,17,6,2,1,0,0,10,58.8,1,5.9,2.64522,0.35507,0.26657,0.21821,"90.6",149,33.33333333333333,0,0,5.6,-1.72,0.35,2.36,0.235,0,"-2.668656716",0.195,0.173,"2.668656716",0.043,0.03999999999999998,0.077,0.047,61.8,,,,,,,
67,642133,"Tellez, Rowdy",2025,67,100,0.333,0.467,0.429,0.8,0.486,0.244,0.195,5,15,97,13.6,2128,88.9,88.88,15,29,38,0,6.25,117,147,125,151,305,334,299,"-2.467","2.467",,,16,9,2,1,0,2,6,37.5,1,6.3,2.36433,0.55478,0.60299,-0.58716,"95.2",209,55.55555555555556,11.11111111111111,6.25,5.77,-1.61,-0.05,2.16,0.375,1,"3.682089552",0.245,0.313,"-3.682089552",0.138,0.13,0.487,0.242,51.7,,,,,,,
67,621035,"Taylor, Chris",2025,67,100,0.211,0,0.308,0.211,0.211,0.337,0.289,4,19,92.6,26.4,2261,87.3,87.59,13,33,34,0.29999999999999716,6.39,108,152,121,147,308,331,292,"2.167","-2.167",,,20,13,4,0,0,0,6,30,1,5,2.4306,0.59388,0.20358,-0.05104,"91.9",208,25,8.333333333333332,5,5.75,-0.96,0.26,2.41,0.25,1,"-3.234328358",0.327,0.454,"3.234328358",-0.078,-0.07700000000000001,-0.243,-0.126,39.4,,,,,,,
67,695462,"Conley, Cal",2025,69,97.1,0.214,0.071,0.333,0.286,0.247,0.272,0.242,3,14,88.2,15.4,2118,86.2,86.18,14,37,30,0,6.39,112,148,114,149,286,300,275,"1.433","-1.433",,,15,9,2,1,0,0,5,33.3,1,6.7,2.57731,0.54672,0.32164,-0.32164,"90.4",168,33.33333333333333,0,0,6,-0.2,0.16,2.3,0.267,0,"-2.13880597",0.293,0.317,"2.13880597",-0.028,-0.025999999999999968,-0.031,-0.025,37.8,,,,,,,
66,609280,"Andujar, Miguel",2025,66,100,0.222,0.111,0.267,0.333,0.235,0.288,0.3,4,18,88,3.7,2184,91.2,91.8,10,42,24,0.5999999999999943,6.57,102,150,119,147,299,323,292,"0.989","-0.989",,,18,15,3,0,1,0,3,16.7,0,0,2.17167,0.59727,0.33652,0.18652,"91.6",154,46.666666666666664,0,0,5.89,-0.71,0.04,2.23,0.222,0,"-1.498484848",0.3,0.362,"1.498484848",-0.078,-0.07799999999999999,-0.029,-0.053,23.8,,,,,,,
66,669242,"Edman, Tommy",2025,66,100,0.286,0,0.333,0.286,0.33,0.311,0.237,4,14,90.2,27.2,2267,86.6,86.56,5,28,38,0,6.39,119,147,119,153,282,312,293,"0.257","-0.257",,,17,12,4,0,0,0,2,11.8,3,17.6,2.70621,0.40045,0.16515,-0.16515,"92.3",175,33.33333333333333,0,0,5.73,-1.96,-0.16,2.41,0.412,0,"-0.389393939",0.372,0.292,"0.389393939",0.049,0.03999999999999998,-0.006,0.019,17.9,,,,,,,
64,672356,"Arias, Gabriel",2025,64,100,0.308,0.231,0.333,0.538,0.423,0.385,0.297,4,13,89.4,12.2,2296,89.6,89.13,14,31,33,-0.5,6.05,110,151,116,146,297,320,285,"-1.919","1.919",,,16,10,3,0,0,1,3,18.8,3,18.8,2.20016,0.67683,0.18031,0.16344,"92.5",168,40,10,6.25,6.03,-1.52,0.25,2.37,0.438,1,"2.9984375",0.429,0.43,"-2.9984375",0.011,0.009000000000000008,0.108,0.038,45.2,,,,,,,
64,650968,"Pozo, Yohel",2025,64,100,0.333,0.429,0.294,0.762,0.457,0.277,0.254,7,21,86.8,9.6,2228,87.3,87.13,6,37,27,-0.20000000000000284,6.17,103,149,118,144,295,321,287,"-3.688","3.688",,,21,19,2,3,0,2,2,9.5,0,0,2.43422,0.61094,0.35656,-0.10344,"91.6",182,36.84210526315789,5.263157894736842,4.761904761904762,6.08,-0.49,0.19,2.38,0.333,1,"5.7625",0.254,0.392,"-5.7625",0.079,0.07900000000000001,0.37,0.18,16.2,,,,,,,
63,608385,"Winker, Jesse",2025,63,100,0.083,0.25,0,0.333,0.244,0.153,0.037,1,12,87.8,45.7,2272,87.1,87.25,8,25,38,0.10000000000000853,6.3,108,145,124,149,292,320,290,"1.785","-1.785",,,14,7,0,0,0,1,5,35.7,2,14.3,2.64079,0.40274,0.35254,-0.38397,"90.3",196,28.57142857142857,0,0,5.37,-1.8,-0.42,2.51,0.214,0,"-2.833333333",0.175,0.119,"2.833333333",0.046,0.03900000000000001,0.214,0.091,32,,,,,,,
63,809091,"Newton, Ben",2025,63,100,0.125,0.125,0.182,0.25,0.157,0.188,0.193,2,16,84.4,17.9,2186,90,90.55,14,36,27,0.5999999999999943,6.39,115,145,118,151,290,312,291,"2.895","-2.895",,,16,11,0,2,0,0,5,31.3,0,0,2.09111,0.73714,0.40597,-0.40597,"89.8",202,18.181818181818183,0,0,5.91,-1.69,-0.12,2.4,0.125,0,"-4.595238095",0.193,0.245,"4.595238095",-0.068,-0.068,0.005,-0.031,38.9,,,,,,,
62,681481,"Carpenter, Kerry",2025,62,100,0.133,0.2,0.1,0.333,0.226,0.322,0.237,2,15,92.3,18.4,2107,88.4,88.68,13,35,27,0.29999999999999716,6.4,110,147,120,151,292,320,298,"0.837","-0.837",,,16,11,1,0,0,1,4,25,1,6.3,2.31919,0.62306,0.61869,-0.34459,"92.1",158,54.54545454545454,9.090909090909092,6.25,5.7,-0.35,-0.03,2.4,0.188,1,"-1.35",0.284,0.473,"1.35",-0.104,-0.09599999999999997,-0.14,-0.096,37.1,,,,,,,
62,571771,"Hernández, Enrique",2025,62,100,0.357,0.143,0.455,0.5,0.409,0.289,0.222,5,14,94.9,10.6,2265,84.3,84.05,8,32,30,-0.29999999999999716,6.17,105,148,123,143,288,325,285,"-1.225","1.225",,,16,11,3,2,0,0,3,18.8,2,12.5,2.76919,0.49548,0.28597,-0.27887,"92.6",146,54.54545454545454,0,0,5.13,0.18,0.15,2.32,0.438,0,"1.975806452",0.32,0.32,"-1.975806452",0.135,0.118,0.18,0.12,25,,,,,,,
61,800231,"Cho, Won-Bin",2025,61,100,0.313,0.188,0.5,0.5,0.368,0.266,0.211,5,16,91.7,0.7,2208,88.1,87.87,13,30,31,-0.19999999999998863,6.31,105,141,111,145,274,305,282,"-2.893","2.893",,,17,9,4,0,0,1,7,41.2,1,5.9,2.24836,0.74383,0.42459,-0.3918,"92.5",156,55.55555555555556,11.11111111111111,5.88235294117647,5.5,-1.52,-0.1,2.48,0.353,1,"4.742622951",0.258,0.347,"-4.742622951",0.102,0.09499999999999997,0.153,0.102,43.3,,,,,,,
61,801346,"Hernandez, Luis",2025,61,100,0.444,0,0.667,0.444,0.487,0.403,0.255,4,9,83.8,22.5,2341,87.7,86.97,5,29,32,-0.7000000000000028,5.97,101,147,115,143,287,311,281,"-1.983","1.983",,,13,6,4,0,0,0,3,23.1,3,23.1,2.1841,0.82164,0.243,-0.036,"89.8",175,33.33333333333333,16.666666666666664,7.6923076923076925,5.92,-0.46,0.3,2.17,0.615,1,"3.250819672",0.484,0.379,"-3.250819672",0.189,0.131,0.065,0.084,17.2,,,,,,,
60,701771,"Amick, Billy",2025,60,100,0.267,0.133,0.444,0.4,0.31,0.206,0.162,4,15,87.6,18.8,2383,89.5,89.06,10,26,34,-0.4000000000000057,6.17,104,138,122,145,300,314,268,"0.048","-0.048",,,16,9,2,2,0,0,6,37.5,1,6.3,2.19133,0.706,0.41967,0.208,"92.1",135,44.44444444444444,0,0,5.35,-0.91,0.13,2.33,0.313,0,"-0.08",0.214,0.243,"0.08",0.105,0.099,0.157,0.104,38.5,,,,,,,
60,691023,"Walker, Jordan",2025,60,100,0.25,0,0.4,0.25,0.248,0.233,0.214,4,16,89.3,12.1,2267,88,88.24,13,35,25,0.20000000000000284,6.34,104,147,118,143,302,328,288,"0.195","-0.195",,,17,10,4,0,0,0,6,35.3,1,5.9,2.52817,0.4525,0.1339,0.1339,"91.7",141,30,0,0,5.97,-1.59,0.17,2.58,0.294,0,"-0.325",0.26,0.252,"0.325",0.036,0.033999999999999975,-0.002,0.015,37.1,,,,,,,
60,669477,"Schmitt, Casey",2025,60,100,0.154,0,0.182,0.154,0.267,0.342,0.237,2,13,80.7,10.1,2224,86,86.07,8,24,36,0.09999999999999432,6.42,99,149,116,142,312,331,308,"1.011","-1.011",,,17,11,2,0,0,0,2,11.8,4,23.5,2.84933,0.2785,0.274,0.31567,"93.1",164,36.36363636363637,0,0,5.87,-0.48,0.17,2.39,0.353,0,"-1.685",0.417,0.303,"1.685",-0.083,-0.064,-0.149,-0.075,33.3,,,,,,,
60,823153,"King, Matt",2025,61,98.4,0.083,0,0.111,0.083,0.259,0.38,0.247,1,12,87.3,14.9,2349,88.9,88.7,6,26,34,-0.20000000000000284,6.2,109,149,117,144,287,294,273,"0.88","-0.88",,,17,9,1,0,0,0,3,17.6,3,17.6,2.186,0.74417,0.36217,0.28417,"89.2",139,0,0,0,5.72,-0.8,0.19,2.54,0.353,0,"-1.466666667",0.468,0.325,"1.466666667",-0.164,-0.11500000000000005,-0.242,-0.121,23.1,,,,,,,
60,672018,"Brown, Dasan",2025,60,100,0.154,0.308,0.1,0.462,0.312,0.217,0.151,2,13,88.3,12.1,2232,90.3,90.57,4,23,37,0.29999999999999716,6.39,111,149,110,148,288,313,286,"0.712","-0.712",,,15,11,0,1,0,1,2,13.3,2,13.3,2.01017,0.83356,0.36534,0.28397,"91.2",109,36.36363636363637,0,0,5.88,-0.97,0.35,2.34,0.267,0,"-1.186666667",0.264,0.179,"1.186666667",0.003,0.0030000000000000027,0.283,0.095,17.4,,,,,,,
60,805590,"Palmer, Dylan",2025,60,100,0.4,0,0.444,0.4,0.431,0.359,0.28,4,10,85.3,3.8,2297,88.8,88.49,5,32,28,-0.29999999999999716,6.12,117,147,101,147,262,287,280,"-2.55","2.55",,,13,9,4,0,0,0,1,7.7,3,23.1,1.96333,0.96383,0.4875,-0.18017,"89.4",116,22.22222222222222,0,0,5.67,-0.85,-0.06,2.49,0.538,0,"4.25",0.446,0.311,"-4.25",0.12,0.09200000000000003,0.089,0.072,15.6,,,,,,,
59,669233,"Bullard, Tony",2025,59,100,0,0,0,0,0.118,0.168,0.061,0,9,72,18.3,2372,87.2,87.26,8,26,33,0.09999999999999432,6.32,98,147,119,143,300,326,281,"2.053","-2.053",,,12,6,0,0,0,0,4,33.3,1,8.3,2.55203,0.49051,0.03966,0.03966,"88.5",110,0,0,0,5.69,-1.71,0.34,2.04,0.167,0,"-3.479661017",0.217,0.069,"3.479661017",-0.061,-0.04999999999999999,-0.069,-0.05,30.8,,,,,,,
59,667472,"Myers, Dane",2025,59,100,0.167,0,0.25,0.167,0.256,0.284,0.196,2,12,92.6,1.4,2121,88.3,88.5,6,24,35,0.20000000000000284,6.33,104,149,116,144,305,320,284,"0.079","-0.079",,,15,8,2,0,0,0,4,26.7,3,20,2.34983,0.61517,0.29915,0.06017,"93.2",141,37.5,0,0,5.92,-0.14,0.21,2.32,0.333,0,"-0.133898305",0.357,0.218,"0.133898305",-0.029,-0.023999999999999966,-0.051,-0.028,25,,,,,,,
58,691026,"Winn, Masyn",2025,58,100,0.182,0.545,0,0.727,0.42,0.302,0.141,2,11,88.1,23.2,2328,87.4,87.22,7,20,38,-0.20000000000000284,6.15,112,153,120,150,294,316,275,"-1.18","1.18",,,13,6,0,0,0,2,5,38.5,2,15.4,2.69586,0.32386,-0.1207,0.07474,"93.2",183,66.66666666666666,33.33333333333333,15.384615384615385,5.92,-0.95,0.19,2.21,0.308,2,"2.034482759",0.273,0.419,"-2.034482759",0.041,0.034999999999999976,0.308,0.118,35,,,,,,,
57,681297,"Cowser, Colton",2025,57,100,0.545,0.364,0.667,0.909,0.628,0.593,0.485,6,11,100,14.1,2263,89.4,89.52,2,17,40,0.09999999999999432,6.31,115,146,115,153,285,310,293,"-3.232","3.232",,,13,9,2,4,0,0,2,15.4,2,15.4,2.37509,0.51947,0.17632,-0.32439,"95.8",183,66.66666666666666,22.22222222222222,15.384615384615385,6.16,-1.18,-0.18,2.27,0.615,2,"5.670175439",0.565,0.867,"-5.670175439",0.06,0.050000000000000044,0.042,0.035,11.8,,,,,,,
56,671289,"Freeman, Tyler",2025,56,100,0.167,0.083,0.2,0.25,0.31,0.369,0.261,2,12,86.5,20.9,2159,90.3,90.36,3,27,29,0.10000000000000853,6.23,108,153,117,149,302,325,296,"-0.066","0.066",,,16,10,1,1,0,0,2,12.5,2,12.5,2.08357,0.73804,0.34945,0.00218,"91.8",170,33.33333333333333,0,0,5.77,-0.39,0.22,2.46,0.375,0,"0.117857143",0.458,0.307,"-0.117857143",-0.094,-0.08300000000000002,-0.057,-0.059,11.1,,,,,,,
55,703188,"Valencia, Anthuan",2025,55,100,0.1,0,0.167,0.1,0.263,0.256,0.078,1,10,91.2,-11.5,2259,86.9,86.42,8,24,31,-0.5,6.18,105,145,116,146,292,314,287,"0.703","-0.703",,,14,6,1,0,0,0,4,28.6,3,21.4,2.51436,0.56691,0.36836,0.22,"90.5",96,33.33333333333333,0,0,5.6,-1.29,0.08,2.44,0.357,0,"-1.278181818",0.342,0.103,"1.278181818",0.022,0.014999999999999958,-0.003,0.007,33.3,,,,,,,
55,699235,"Leon, David",2025,55,100,0.2,0,0.5,0.2,0.262,0.238,0.153,2,10,83.7,12.3,2199,89.7,89.03,8,21,34,-0.7000000000000028,6.14,114,147,116,152,283,324,288,"0.733","-0.733",,,12,4,2,0,0,0,6,50,2,16.7,2.20473,0.69291,0.59618,-0.45073,"89.0",174,0,0,0,5.95,-1.21,0.03,2.2,0.333,0,"-1.332727273",0.294,0.19,"1.332727273",0.047,0.039000000000000035,0.01,0.024,38.1,,,,,,,
55,686490,"Eden, Cam",2025,55,100,0.313,0.125,0.357,0.438,0.361,0.305,0.226,5,16,84.9,16.2,2361,88.9,88.27,5,30,25,-0.6000000000000085,6.2,103,143,116,146,292,309,283,"-0.38","0.38",,,18,14,4,0,1,0,2,11.1,2,11.1,2.11455,0.83073,0.50436,0.17455,"90.3",179,35.714285714285715,7.142857142857142,5.555555555555555,5.73,-0.95,0,2.37,0.389,1,"0.690909091",0.312,0.371,"-0.690909091",0.087,0.07700000000000001,0.067,0.056,16.7,,,,,,,
54,686797,"Lee, Brooks",2025,54,100,0.231,0,0.333,0.231,0.239,0.265,0.226,3,13,85.9,12.7,2245,89.2,88.83,5,26,28,-0.4000000000000057,6.11,115,148,129,150,293,309,281,"0.64","-0.64",,,14,9,3,0,0,0,4,28.6,1,7.1,2.03778,0.85963,0.59537,-0.59537,"91.2",114,33.33333333333333,11.11111111111111,7.142857142857142,5.94,-0.05,0.18,2.15,0.286,1,"-1.185185185",0.282,0.305,"1.185185185",0.005,0.0040000000000000036,-0.074,-0.026,19.2,,,,,,,
54,691464,"Caldera, Fernando",2025,54,100,0.1,0.1,0.333,0.2,0.177,0.224,0.127,1,10,80.4,15,2257,88.1,88.6,12,22,32,0.5,6.2,109,153,121,145,305,335,296,"1.247","-1.247",,,11,3,0,1,0,0,7,63.6,1,9.1,2.54759,0.40556,0.18963,0.09519,"91.5",126,33.33333333333333,33.33333333333333,9.090909090909092,5.73,0.02,-0.02,2.3,0.182,1,"-2.309259259",0.206,0.296,"2.309259259",-0.027,-0.023999999999999994,-0.096,-0.047,54.5,,,,,,,
54,683146,"Baty, Brett",2025,54,100,0.3,0.2,0.429,0.5,0.371,0.241,0.186,3,10,86.6,32.7,2227,86.5,86.56,4,22,32,0.09999999999999432,6.43,111,145,124,151,284,316,299,"-0.238","0.238",,,11,7,1,2,0,0,3,27.3,1,9.1,2.65537,0.45377,0.23037,-0.27741,"89.7",184,28.57142857142857,14.285714285714285,9.090909090909092,5.5,-1.47,0.04,2.47,0.364,1,"0.440740741",0.26,0.276,"-0.440740741",0.114,0.10399999999999998,0.224,0.13,18.2,,,,,,,
53,809944,"Hainline, Elijah",2025,54,98.1,0.2,0.1,0.25,0.3,0.324,0.397,0.308,2,10,97.2,16.6,2356,87.3,86.98,8,24,29,-0.29999999999999716,6.39,113,153,109,151,311,326,292,"-0.043","0.043",,,13,8,1,1,0,0,2,15.4,3,23.1,2.54868,0.54019,-0.04868,-0.50189,"93.8",206,62.5,0,0,6.03,-0.13,0.31,2.53,0.385,0,"0.081132075",0.468,0.406,"-0.081132075",-0.108,-0.08300000000000002,-0.106,-0.073,33.3,,,,,,,
53,660644,"Bruján, Vidal",2025,53,100,0.308,0.077,0.444,0.385,0.3,0.186,0.189,4,13,83.5,27.7,2117,88,87.69,9,28,25,-0.29999999999999716,6.29,112,147,116,149,266,304,286,"0.341","-0.341",,,13,9,3,1,0,0,4,30.8,0,0,2.34321,0.66396,0.31269,-0.31269,"90.7",229,28.57142857142857,0,0,5.58,-0.44,0.21,2.29,0.308,0,"-0.643396226",0.189,0.241,"0.643396226",0.119,0.119,0.144,0.114,32.1,,,,,,,
52,657136,"Wong, Connor",2025,52,100,0.364,0.364,0.333,0.727,0.46,0.433,0.322,4,11,87,17.7,2166,86.7,87.03,6,20,32,0.29999999999999716,6.49,104,151,117,145,298,323,284,"-1.303","1.303",,,14,10,2,1,0,1,2,14.3,2,14.3,2.43923,0.62346,0.06538,-0.23808,"91.6",195,30,20,14.285714285714285,5.94,0.46,0.33,2.28,0.429,2,"2.505769231",0.405,0.653,"-2.505769231",0.042,0.023999999999999966,0.074,0.027,30,,,,,,,
51,681807,"Fry, David",2025,51,100,0.167,0.25,0.125,0.417,0.278,0.243,0.155,2,12,79.7,-7.4,2139,88.7,88.71,10,27,24,0,6.35,111,150,118,146,296,322,300,"-1.821","1.821",,,13,9,1,0,0,1,3,23.1,1,7.7,2.26784,0.6732,0.3964,0.3,"90.5",124,11.11111111111111,11.11111111111111,7.6923076923076925,6.09,-1.01,0.07,2.62,0.231,1,"3.570588235",0.22,0.329,"-3.570588235",0.012,0.01100000000000001,0.088,0.035,37,,,,,,,
51,661733,"Burt, Max",2025,51,100,0.25,0.167,0.375,0.417,0.338,0.217,0.149,3,12,90.8,10.6,2272,89.8,90.06,9,24,27,0.29999999999999716,6.4,112,154,119,146,292,320,283,"-0.589","0.589",,,14,8,2,0,1,0,4,28.6,2,14.3,2.19431,0.65863,0.32608,0.02765,"92.8",150,37.5,0,0,5.85,-0.4,0.1,2.49,0.357,0,"1.154901961",0.271,0.166,"-1.154901961",0.101,0.08599999999999997,0.251,0.121,37.5,,,,,,,
50,672820,"Sosa, Lenyn",2025,50,100,0.1,0.1,0.167,0.2,0.125,0.088,0.058,1,10,93,40.2,2210,91.5,91.8,12,28,22,0.29999999999999716,6.41,112,153,118,146,293,321,291,"1.986","-1.986",,,10,6,0,1,0,0,4,40,0,0,1.7686,0.9844,0.45265,0.06898,"91.6",168,33.33333333333333,16.666666666666664,10,5.84,-0.62,0.31,2.62,0.1,1,"-3.972",0.058,0.159,"3.972",0.042,0.042,0.041,0.037,42.9,,,,,,,
50,805779,"Wilson, Jacob",2025,50,100,0.214,0.286,0.154,0.5,0.324,0.218,0.182,3,14,84,5.6,2188,87.6,88.15,1,23,27,0.5,6.16,105,150,119,147,302,327,299,"-0.776","0.776",,,15,14,1,1,0,1,0,0,1,6.7,2.6998,0.2782,0.326,0.326,"91.0",124,28.57142857142857,0,0,5.32,-2.43,0.05,2.38,0.267,0,"1.552",0.236,0.247,"-1.552",0.032,0.031000000000000028,0.253,0.106,4.3,,,,,,,
49,813715,"Diaw, Khadim",2025,49,100,0.333,0.444,0.4,0.778,0.526,0.433,0.225,3,9,95.7,17.7,2249,88.6,88.29,4,22,27,-0.29999999999999716,6.22,100,143,111,135,290,304,285,"-2.35","2.35",,,12,6,1,1,0,1,3,25,1,8.3,1.9649,0.9702,0.37551,0.01224,"92.3",195,66.66666666666666,33.33333333333333,16.666666666666664,5.99,-0.52,0.02,2.29,0.5,2,"4.795918367",0.419,0.602,"-4.795918367",0.108,0.08100000000000002,0.176,0.093,18.2,,,,,,,
49,681375,"Hogan, Matt",2025,50,98,0.182,0,0.4,0.182,0.161,0.191,0.209,2,11,80.3,0.6,2329,88,88.33,12,24,25,0.29999999999999716,6.42,111,145,107,150,283,318,294,"1.759","-1.759",,,11,5,2,0,0,0,6,54.5,0,0,2.59041,0.37653,0.43959,-0.08816,"90.8",98,20,0,0,5.71,-0.47,0,2.1,0.182,0,"-3.589795918",0.209,0.227,"3.589795918",-0.027,-0.026999999999999996,-0.045,-0.03,50,,,,,,,
49,670867,"Maitan, Kevin",2025,49,100,0.3,0,0.429,0.3,0.336,0.273,0.199,3,10,80.7,-14.1,2331,87,87.21,6,20,29,0.20000000000000284,6.44,106,146,120,148,293,317,273,"-0.334","0.334",,,12,7,3,0,0,0,3,25,2,16.7,2.59959,0.45653,-0.08878,-0.08878,"90.9",116,28.57142857142857,0,0,5.73,-1.55,0,2.13,0.417,0,"0.681632653",0.332,0.237,"-0.681632653",0.101,0.08499999999999996,0.063,0.063,30,,,,,,,
48,702750,"Duran, Edinson",2025,49,98,0.308,0.077,0.444,0.385,0.3,0.212,0.218,4,13,82.3,26.9,2217,88.8,88.99,11,30,18,0.20000000000000284,6.58,102,150,115,145,293,315,285,"0.641","-0.641",,,13,9,3,1,0,0,4,30.8,0,0,2.17917,0.76312,0.15479,0.09729,"90.7",160,11.11111111111111,0,0,5.67,-1.26,0.17,2.25,0.308,0,"-1.335416667",0.218,0.268,"1.335416667",0.09,0.09,0.117,0.088,36.7,,,,,,,
48,678854,"Pena, Viandel",2025,48,100,0.1,0,0.167,0.1,0.189,0.215,0.13,1,10,77.2,0.7,2331,89.2,88.82,11,20,28,-0.4000000000000057,6.07,111,145,97,152,284,318,298,"1.67","-1.67",,,12,6,1,0,0,0,4,33.3,2,16.7,2.31354,0.58583,0.30667,-0.30667,"88.8",141,0,0,0,5.9,-1.72,-0.08,2.23,0.25,0,"-3.479166667",0.275,0.142,"3.479166667",-0.03,-0.025000000000000022,-0.042,-0.026,55,,,,,,,
48,684541,"Valenzuela, Sahid",2025,49,98,0.133,0,0.167,0.133,0.118,0.119,0.124,2,15,77.4,-10.4,2263,88.4,89,5,29,19,0.5999999999999943,6.5,110,148,104,148,275,297,279,"2.797","-2.797",,,15,12,2,0,0,0,3,20,0,0,2.35708,0.58489,0.375,-0.375,"88.6",114,0,0,0,5.67,-0.74,0.04,2.46,0.133,0,"-5.827083333",0.124,0.153,"5.827083333",0.009,0.009000000000000008,-0.02,-0.001,17.2,,,,,,,
48,678926,"De La Cruz, Carlos",2025,48,100,0.2,0.1,0.333,0.3,0.296,0.219,0.117,2,10,94.2,29.8,2250,87.6,87.04,11,24,24,-0.5999999999999943,6.12,105,149,120,145,305,324,287,"0.327","-0.327",,,12,6,1,1,0,0,4,33.3,1,8.3,2.48146,0.54271,0.35708,-0.08333,"93.6",164,66.66666666666666,0,0,5.87,0.05,-0.21,2.37,0.333,0,"-0.68125",0.265,0.171,"0.68125",0.083,0.068,0.129,0.077,45.8,,,,,,,
47,691913,"Castillo, Jesus",2025,47,100,0.154,0,0.167,0.154,0.176,0.266,0.254,2,13,82.9,8.7,2237,89.7,90.45,4,26,21,0.7999999999999972,6.6,105,151,114,146,305,314,294,"2.138","-2.138",,,14,12,2,0,0,0,1,7.1,1,7.1,2.15128,0.69,0.40936,0.35021,"90.2",123,25,0,0,5.79,-1.97,0.45,2.2,0.214,0,"-4.54893617",0.307,0.279,"4.54893617",-0.1,-0.093,-0.125,-0.09,15.4,,,,,,,
47,801130,"Birge, Alex",2025,47,100,0.167,0,0.333,0.167,0.332,0.367,0.208,1,6,83.3,-12.3,2307,86.6,86.25,3,11,36,-0.29999999999999716,6.31,124,147,115,146,290,305,283,"0.104","-0.104",,,9,3,1,0,0,0,3,33.3,2,22.2,2.60489,0.49468,0.07021,0.01404,"89.1",87,0,0,0,5.76,-1.09,-0.08,2.18,0.444,0,"-0.221276596",0.472,0.241,"0.221276596",-0.041,-0.02799999999999997,-0.074,-0.035,27.3,,,,,,,
47,656413,"Fairchild, Stuart",2025,47,100,0.417,0.083,0.556,0.5,0.421,0.314,0.284,5,12,81.3,5.9,2116,87.6,87.89,4,20,27,0.30000000000001137,6.39,107,152,115,148,311,312,295,"-0.93","0.93",,,13,9,4,1,0,0,3,23.1,1,7.7,2.44851,0.57087,0.33702,0.02851,"91.1",140,22.22222222222222,0,0,5.98,-0.63,0.08,2.53,0.462,0,"1.978723404",0.339,0.371,"-1.978723404",0.133,0.123,0.129,0.107,20,,,,,,,
46,681317,"Boyd, Jeremiah",2025,46,100,0.167,0,1,0.167,0.329,0.311,0.122,1,6,98.9,15,2173,92.8,93.2,7,12,34,0.4000000000000057,6.61,107,152,120,151,311,317,282,"-0.024","0.024",,,9,1,1,0,0,0,5,55.6,3,33.3,1.71565,0.95717,0.55022,0.42543,"93.2",188,100,0,0,5.88,-1.77,0.41,2.25,0.444,0,"0.052173913",0.415,0.159,"-0.052173913",0.045,0.029000000000000026,0.008,0.018,58.3,,,,,,,
46,802143,"Leonard, Dayne",2025,47,97.9,0.222,0,0.286,0.222,0.286,0.262,0.164,2,9,82.8,6.9,2325,88.2,87.81,5,15,31,-0.4000000000000057,6.33,108,148,120,147,290,314,278,"0.427","-0.427",,,11,7,2,0,0,0,2,18.2,2,18.2,2.29217,0.7013,0.43891,0.33978,"90.3",130,14.285714285714285,0,0,5.55,-1.64,0.26,2.42,0.364,0,"-0.92826087",0.316,0.219,"0.92826087",0.058,0.04799999999999999,0.003,0.024,33.3,,,,,,,
46,808145,"Taveras, Bracewell",2025,46,100,0,0,0,0,0.069,0.124,0.064,0,9,84.1,-2.4,2097,89.4,88.96,5,21,25,-0.4000000000000057,6.25,116,148,116,143,295,308,281,"2.298","-2.298",,,10,5,0,0,0,0,4,40,1,10,2.18804,0.71935,0.49913,-0.49913,"89.5",122,40,0,0,5.57,-0.81,-0.2,2.56,0.1,0,"-4.995652174",0.157,0.073,"4.995652174",-0.064,-0.056999999999999995,-0.073,-0.055,23.8,,,,,,,
46,668860,"Emshoff, Kale",2025,46,100,0.182,0,0.333,0.182,0.161,0.154,0.168,2,11,73.3,18,2225,88.2,88.69,6,22,24,0.5,6.63,111,149,116,145,286,308,276,"0.84","-0.84",,,11,6,2,0,0,0,5,45.5,0,0,2.33609,0.64174,0.33957,-0.08478,"88.7",168,20,0,0,5.31,0.25,-0.06,2.68,0.182,0,"-1.826086957",0.168,0.184,"1.826086957",0.014,0.013999999999999985,-0.002,0.007,27.3,,,,,,,
45,801460,"Minoso, Maykel",2025,45,100,0,0,0,0,0,0.18,0.197,0,13,81.1,5.7,2312,88.4,88.03,5,24,21,-0.4000000000000057,6.26,102,147,120,146,289,307,279,"4.108","-4.108",,,14,13,0,0,0,0,1,7.1,0,0,2.18378,0.774,0.36622,0.188,"89.0",128,7.6923076923076925,0,0,5.72,-1.59,0.17,2.37,0,0,"-9.128888889",0.183,0.244,"9.128888889",-0.197,-0.183,-0.244,-0.18,20.8,,,,,,,
45,681080,"Ricketts, Caleb",2025,45,100,0.538,0.692,0.556,1.231,0.738,0.503,0.384,7,13,92.4,19.9,2238,88.7,88.16,4,22,23,-0.5,6.17,118,148,108,143,282,311,288,"-3.095","3.095",,,13,11,2,3,0,2,2,15.4,0,0,2.06311,0.88533,0.73378,-0.73378,"93.8",185,54.54545454545454,27.27272727272727,23.076923076923077,5.72,-1.64,-0.53,2.46,0.538,3,"6.877777778",0.384,0.814,"-6.877777778",0.154,0.15400000000000003,0.417,0.235,18.2,,,,,,,
45,518934,"LeMahieu, DJ",2025,45,100,0.455,0,0.5,0.455,0.425,0.383,0.371,5,11,94.2,3.8,2308,88.5,88.33,2,19,26,-0.20000000000000284,6.24,104,146,117,143,307,333,295,"-1.853","1.853",,,12,10,5,0,0,0,1,8.3,1,8.3,2.38511,0.56067,0.19133,-0.25356,"93.5",160,50,0,0,5.9,-0.67,0.01,2.6,0.5,0,"4.117777778",0.424,0.451,"-4.117777778",0.084,0.07600000000000001,0.004,0.042,10.5,,,,,,,
44,701800,"Linarez, Carlos",2025,44,100,0.2,0.6,0,0.8,0.433,0.341,0.253,2,10,94.9,21,1893,87.3,87.13,10,22,22,-0.20000000000000284,6.2,109,151,122,147,295,319,285,"-0.528","0.528",,,11,5,0,0,0,2,5,45.5,1,9.1,2.52886,0.52818,0.36568,0.03659,"91.6",236,40,20,9.090909090909092,5.89,-0.02,0.35,2.43,0.273,1,"1.2",0.321,0.474,"-1.2",-0.053,-0.04799999999999999,0.326,0.092,45.5,,,,,,,
44,668942,"Rojas, Josh",2025,44,100,0.083,0.083,0.111,0.167,0.15,0.223,0.196,1,12,77.4,14.7,2196,88.7,88.81,8,25,19,0.09999999999999432,6.53,110,145,133,150,280,319,295,"2.023","-2.023",,,13,9,0,1,0,0,3,23.1,1,7.7,2.305,0.64455,0.46227,-0.08455,"90.3",134,0,0,0,5.89,-0.48,-0.14,2.38,0.154,0,"-4.597727273",0.258,0.228,"4.597727273",-0.113,-0.10400000000000001,-0.061,-0.073,32,,,,,,,
43,669003,"Mitchell, Garrett",2025,43,100,0.556,0,0.625,0.556,0.527,0.703,0.615,5,9,92.9,13.5,2142,86.7,86.94,6,22,21,0.20000000000000284,6.28,109,141,110,142,288,320,284,"-1.922","1.922",,,11,8,5,0,0,0,1,9.1,2,18.2,2.20721,0.84326,0.58884,-0.21907,"92.3",200,50,12.5,9.090909090909092,5.86,-0.42,-0.4,2.56,0.636,1,"4.469767442",0.685,1.046,"-4.469767442",-0.059,-0.049000000000000044,-0.49,-0.176,27.3,,,,,,,
43,806394,"Brooks, Robert",2025,43,100,0.2,0,0.25,0.2,0.223,0.257,0.224,2,10,82.3,15.5,2393,90.2,89.96,6,20,23,-0.20000000000000284,6.08,111,151,120,149,294,317,286,"1.26","-1.26",,,11,8,2,0,0,0,2,18.2,1,9.1,2.14953,0.67628,0.24093,-0.00093,"89.9",135,12.5,0,0,5.76,-0.59,0.31,2.43,0.273,0,"-2.930232558",0.294,0.26,"2.930232558",-0.024,-0.020999999999999963,-0.06,-0.034,30,,,,,,,
41,607732,"Stallings, Jacob",2025,41,100,0.4,0,0.571,0.4,0.41,0.401,0.365,4,10,81.9,8.9,2108,89.1,89.43,4,23,18,0.30000000000001137,6.42,102,149,120,146,296,313,289,"-1.084","1.084",,,12,7,4,0,0,0,3,25,2,16.7,2.07585,0.80585,0.36488,0.18049,"89.6",180,14.285714285714285,0,0,5.59,-1.25,0.22,2.5,0.5,0,"2.643902439",0.47,0.421,"-2.643902439",0.035,0.030000000000000027,-0.021,0.009,17.4,,,,,,,
40,680273,"Meyers, Chris",2025,40,100,0,0,0,0,0.346,0.459,0.243,0,4,83.1,5.5,2283,86,85.42,5,11,29,-0.5999999999999943,6.19,106,141,116,145,278,301,290,"-1.114","1.114",,,8,2,0,0,0,0,2,25,4,50,2.74425,0.3945,-0.01925,-0.08975,"91.7",121,0,0,0,5.67,0.32,-0.53,2.06,0.5,0,"2.785",0.621,0.265,"-2.785",-0.243,-0.121,-0.265,-0.113,45.5,,,,,,,
40,663503,"Marrero, Elih",2025,40,100,0,0,0,0,0.173,0.275,0.142,0,6,86.5,3.3,2096,88.7,89.65,2,13,27,0.8999999999999915,6.47,115,150,115,149,303,321,303,"1.204","-1.204",,,8,4,0,0,0,0,2,25,2,25,2.186,0.712,0.30925,-0.30925,"89.9",167,50,0,0,5.39,-1.19,-0.04,2.28,0.25,0,"-3.01",0.356,0.173,"3.01",-0.142,-0.10599999999999998,-0.173,-0.102,15.4,,,,,,,
39,700845,"Zebrowski, Adam",2025,39,100,0.2,0.1,0.286,0.3,0.257,0.194,0.143,2,10,88.2,13,2321,87.6,87.84,8,19,20,0.20000000000000284,6.38,104,150,122,147,300,318,294,"0.874","-0.874",,,11,7,1,1,0,0,3,27.3,1,9.1,2.69872,0.3159,0.13282,0.04564,"92.1",110,28.57142857142857,0,0,5.59,-1.7,0.39,2.59,0.273,0,"-2.241025641",0.221,0.196,"2.241025641",0.057,0.05200000000000002,0.104,0.063,42.1,,,,,,,
39,814440,"Eberly, Weston",2025,39,100,0,0,0,0,0.077,0.221,0.175,0,8,84.5,8,2283,88.3,88.49,9,20,19,0.20000000000000284,6.36,113,153,122,149,298,312,280,"1.824","-1.824",,,9,5,0,0,0,0,3,33.3,1,11.1,2.24179,0.70923,0.09769,0.09769,"91.9",127,20,0,0,5.92,-1.01,0.49,2.39,0.111,0,"-4.676923077",0.266,0.193,"4.676923077",-0.175,-0.15500000000000003,-0.193,-0.144,45,,,,,,,
39,669720,"Hays, Austin",2025,39,100,0.222,0.333,0.25,0.556,0.292,0.185,0.124,2,9,87.1,5.8,2369,89.5,89.53,9,22,17,0,6.37,92,148,118,144,302,321,295,"0.163","-0.163",,,10,5,1,0,0,1,5,50,0,0,2.16051,0.71667,0.15447,0.15447,"90.2",149,40,20,10,6.02,-1.14,0.08,2.29,0.2,1,"-0.417948718",0.115,0.355,"0.417948718",0.098,0.085,0.201,0.107,40.9,,,,,,,
38,682801,"Romero, Noelberth",2025,38,100,0.1,0,0.125,0.1,0.088,0.128,0.136,1,10,86,20.8,2267,91.4,91.53,7,22,16,0.09999999999999432,6.38,100,150,112,145,301,321,289,"2.314","-2.314",,,10,8,1,0,0,0,2,20,0,0,2.24605,0.515,0.33842,0.33842,"90.6",108,50,0,0,5.8,-1.44,0.24,2.24,0.1,0,"-6.089473684",0.136,0.155,"6.089473684",-0.036,-0.036000000000000004,-0.055,-0.04,31.8,,,,,,,
38,815535,"Rynders, Eddie",2025,38,100,0.2,0.1,0.286,0.3,0.26,0.213,0.149,2,10,89.1,26.1,2232,89.4,88.3,6,21,17,-1.1000000000000085,6.03,104,145,113,145,284,305,296,"0.472","-0.472",,,11,7,1,1,0,0,3,27.3,0,0,1.89658,1.00316,0.77079,-0.69289,"89.6",153,28.57142857142857,0,0,5.65,-0.89,0.17,2.65,0.273,0,"-1.242105263",0.226,0.232,"1.242105263",0.051,0.047000000000000014,0.068,0.047,28.6,,,,,,,
38,621438,"Taylor, Tyrone",2025,38,100,0.222,0,0.25,0.222,0.196,0.425,0.454,2,9,82.9,23,1998,86,86.23,3,16,22,0.20000000000000284,6.43,116,153,116,150,287,311,275,"0.959","-0.959",,,9,8,2,0,0,0,1,11.1,0,0,2.23658,0.88368,0.32158,0.18842,"89.5",150,25,0,0,6.32,-0.63,0.32,2.17,0.222,0,"-2.523684211",0.454,0.517,"2.523684211",-0.232,-0.232,-0.295,-0.229,18.8,,,,,,,
37,823817,"McCutcheon, Jake",2025,37,100,0,0,0,0,0.115,0.216,0.129,0,10,89.5,2.2,2242,87.9,87.19,5,17,20,-0.7000000000000028,6.04,118,147,128,151,274,305,287,"2.229","-2.229",,,12,6,0,0,0,0,4,33.3,2,16.7,2.37595,0.62378,0.47081,-0.30919,"92.0",98,50,0,0,5.49,-0.94,-0.32,2.34,0.167,0,"-6.024324324",0.274,0.148,"6.024324324",-0.129,-0.10700000000000001,-0.148,-0.101,29.4,,,,,,,
37,684491,"Rodriguez, Frank",2025,37,100,0.143,0,0.25,0.143,0.197,0.333,0.225,1,7,85,1,2276,90.2,90.47,6,20,17,0.29999999999999716,6.53,102,151,120,149,301,315,289,"0.812","-0.812",,,8,4,1,0,0,0,3,37.5,1,12.5,2.09459,0.74486,0.18919,-0.09189,"90.7",163,25,25,12.5,5.93,-0.2,0.44,2.53,0.25,1,"-2.194594595",0.322,0.434,"2.194594595",-0.082,-0.07200000000000001,-0.291,-0.136,30,,,,,,,
36,800139,"Perez, Reylin",2025,37,97.3,0.182,0,0.286,0.182,0.161,0.2,0.215,2,11,88.4,-6.7,2216,89,89.3,11,23,13,0.29999999999999716,6.41,122,149,104,152,280,314,290,"1.838","-1.838",,,11,7,2,0,0,0,4,36.4,0,0,2.18,0.72083,0.07806,-0.05139,"90.4",100,28.57142857142857,0,0,6.06,-0.87,-0.18,2.3,0.182,0,"-5.105555556",0.215,0.238,"5.105555556",-0.033,-0.033,-0.056,-0.039,47.8,,,,,,,
36,630105,"Cronenworth, Jake",2025,36,100,0.5,0.75,1,1.25,0.711,0.54,0.314,2,4,102.9,25,2178,88.3,88.89,3,7,29,0.6000000000000085,6.41,114,146,121,150,296,327,306,"-2.601","2.601",,,8,2,1,0,0,1,2,25,4,50,2.35444,0.56778,0.42444,-0.42444,"95.5",254,100,0,0,5.67,-1.72,-0.29,2.45,0.75,0,"7.225",0.657,0.606,"-7.225",0.186,0.09299999999999997,0.644,0.171,42.9,,,,,,,
36,690992,"Howard, Ed",2025,36,100,0.25,0.125,0.5,0.375,0.314,0.219,0.156,2,8,90.5,-4.3,2232,87.7,87.61,7,17,19,-0.10000000000000853,6.19,100,149,118,147,295,303,274,"0.201","-0.201",,,9,4,1,1,0,0,4,44.4,1,11.1,2.64667,0.34861,0.1775,-0.20139,"90.5",175,50,0,0,5.56,-0.71,0.14,2.33,0.333,0,"-0.558333333",0.25,0.215,"0.558333333",0.094,0.08300000000000002,0.16,0.095,41.2,,,,,,,
35,660821,"Sánchez, Jesús",2025,35,100,0.3,0.1,0.429,0.4,0.337,0.34,0.318,3,10,88.5,15.9,2220,87.5,87.46,4,15,20,0,6.34,108,144,130,147,288,314,277,"0","0",,,11,7,2,1,0,0,3,27.3,1,9.1,2.50286,0.51971,0.50143,-0.19857,"92.3",168,42.857142857142854,0,0,5.6,-0.32,-0.09,2.23,0.364,0,"0",0.38,0.382,"0",-0.018,-0.016000000000000014,0.018,-0.003,26.7,,,,,,,
35,543309,"Higashioka, Kyle",2025,35,100,0.25,0.25,0.5,0.5,0.313,0.183,0.175,2,8,98.9,1.8,2180,89.4,89.37,3,16,19,0,6,112,152,121,147,310,326,303,"0.584","-0.584",,,8,4,0,2,0,0,4,50,0,0,2.19771,0.65,0.24314,0.24314,"95.0",82,100,0,0,6.16,-1.28,0.18,2.49,0.25,0,"-1.668571429",0.175,0.249,"1.668571429",0.075,0.07500000000000001,0.251,0.13,18.8,,,,,,,
35,694384,"Schanuel, Nolan",2025,35,100,0.5,0.125,0.8,0.625,0.488,0.239,0.224,4,8,92.3,21.2,2180,88.2,88.25,3,17,18,0.09999999999999432,6.16,121,147,119,150,296,325,300,"-0.924","0.924",,,8,5,3,1,0,0,3,37.5,0,0,2.73629,0.23029,0.44571,-0.29429,"90.4",154,40,0,0,5.37,-1.98,-0.29,2.28,0.5,0,"2.64",0.224,0.334,"-2.64",0.276,0.276,0.291,0.249,17.6,,,,,,,
35,806534,"Gobbel, Ben",2025,35,100,0.5,0.1,0.625,0.6,0.501,0.375,0.354,5,10,87.2,12.3,2132,87.9,88.36,4,19,16,0.5,6.27,106,152,121,148,305,329,293,"-1.826","1.826",,,11,8,4,1,0,0,2,18.2,0,0,2.492,0.472,0.32543,-0.25229,"90.9",158,42.857142857142854,0,0,5.38,-0.58,-0.13,2.38,0.545,0,"5.217142857",0.419,0.427,"-5.217142857",0.146,0.12600000000000006,0.173,0.126,21.1,,,,,,,
34,690957,"Bohrofen, Jace",2025,34,100,0.333,0.5,0.5,0.833,0.538,0.519,0.323,2,6,83,11.7,2059,85.5,84.83,5,16,18,-0.7000000000000028,6.13,106,145,105,150,292,315,275,"-3.004","3.004",,,8,3,1,0,0,1,3,37.5,2,25,2.53882,0.63471,0.48706,-0.48706,"91.3",96,33.33333333333333,33.33333333333333,12.5,5.87,-1.59,-0.26,2.79,0.5,1,"8.835294118",0.492,0.784,"-8.835294118",0.01,0.008000000000000007,0.049,0.019,31.3,,,,,,,
33,677800,"Abreu, Wilyer",2025,33,100,0.167,0,0.25,0.167,0.225,0.245,0.168,1,6,90.2,28.3,2312,86.8,86.41,4,16,17,-0.3999999999999915,6.16,117,143,132,153,289,315,284,"0.506","-0.506",,,7,4,1,0,0,0,2,28.6,1,14.3,2.48,0.61061,0.23788,-0.23788,"92.2",179,50,0,0,5.74,-1.98,0,2.07,0.286,0,"-1.533333333",0.287,0.222,"1.533333333",-0.001,-0.0010000000000000009,-0.055,-0.02,25,,,,,,,
32,663898,"Rodgers, Brendan",2025,32,100,0.167,0,1,0.167,0.147,0.092,0.098,1,6,110.6,1,2565,87.8,87.92,7,13,19,0.20000000000000284,6.33,110,150,121,145,290,317,283,"1.153","-1.153",,,6,1,1,0,0,0,5,83.3,0,0,2.57375,0.40719,-0.11344,-0.11344,"93.6",81,100,0,0,5.81,-2.01,0.42,2.17,0.167,0,"-3.603125",0.098,0.109,"3.603125",0.069,0.069,0.058,0.055,53.8,,,,,,,
32,657656,"Laureano, Ramón",2025,32,100,0.375,0.5,0.4,0.875,0.521,0.422,0.27,3,8,90.4,15.2,2325,88.1,87.67,8,18,14,-0.3999999999999915,6.07,105,150,121,142,312,329,290,"-2.222","2.222",,,8,6,1,1,0,1,2,25,0,0,1.97187,0.98781,0.48031,0.48031,"96.8",137,66.66666666666666,16.666666666666664,12.5,5.87,-1.95,0.28,2.45,0.375,1,"6.94375",0.27,0.757,"-6.94375",0.105,0.10499999999999998,0.118,0.099,44.4,,,,,,,
32,691797,"Spikes, Ryan",2025,33,97,0.4,0,0.5,0.4,0.353,0.262,0.257,4,10,91,-5.6,2352,87.5,87.29,6,17,15,-0.20000000000000284,6.18,106,149,116,143,305,316,289,"-0.028","0.028",,,10,8,4,0,0,0,2,20,0,0,2.31438,0.7,0.405,0.2075,"92.9",61,50,0,0,5.71,-1.28,0.34,2.7,0.4,0,"0.0875",0.257,0.343,"-0.0875",0.143,0.14300000000000002,0.057,0.091,35.3,,,,,,,
32,803811,"Hogue, Josh",2025,32,100,0.3,0,0.333,0.3,0.304,0.277,0.25,3,10,93,0.3,2314,88.4,87.43,2,15,17,-1,5.9,109,147,130,151,272,307,290,"0.315","-0.315",,,11,9,3,0,0,0,1,9.1,1,9.1,2.38656,0.60258,0.46156,-0.40531,"93.0",139,44.44444444444444,0,0,5.31,-0.63,0,2.43,0.364,0,"-0.984375",0.318,0.285,"0.984375",0.05,0.045999999999999985,0.015,0.027,13.3,,,,,,,
32,669364,"Edwards, Xavier",2025,32,100,0.143,0,0.143,0.143,0.197,0.33,0.294,1,7,85.6,3.6,1923,89.5,90.08,2,21,11,0.5999999999999943,6.69,96,128,97,133,289,312,300,"1.182","-1.182",,,8,7,1,0,0,0,0,0,1,12.5,1.91563,0.95406,0.5875,-0.5875,"89.6",161,28.57142857142857,0,0,6.18,-1.97,0,2.51,0.25,0,"-3.69375",0.383,0.347,"3.69375",-0.151,-0.133,-0.204,-0.133,9.5,,,,,,,
31,822165,"Reeder, Canon",2025,31,100,0.375,0.25,0.5,0.625,0.453,0.242,0.165,3,8,87.6,10.8,2309,90.6,90.37,3,13,18,-0.19999999999998863,6.27,102,148,110,141,294,304,284,"-1.812","1.812",,,9,6,1,2,0,0,2,22.2,1,11.1,1.82129,0.99387,0.50226,0.50226,"93.7",191,50,0,0,5.77,-1.19,0.06,2.63,0.444,0,"5.84516129",0.257,0.262,"-5.84516129",0.21,0.187,0.363,0.211,23.1,,,,,,,
31,669127,"Langeliers, Shea",2025,31,100,0.615,0.231,0.583,0.846,0.632,0.535,0.519,8,13,90.7,2.3,2084,87.7,87.8,2,22,9,0.09999999999999432,6.08,101,145,119,143,298,334,291,"-4.303","4.303",,,13,13,7,0,0,1,0,0,0,0,2.56806,0.40548,0.46355,0.12355,"95.1",168,53.84615384615385,7.6923076923076925,7.6923076923076925,5.59,-0.35,-0.31,2.42,0.615,1,"13.880645161",0.519,0.718,"-13.880645161",0.096,0.09599999999999997,0.128,0.097,9.1,,,,,,,
30,669221,"Murphy, Sean",2025,30,100,0.2,0.3,0.125,0.5,0.292,0.302,0.209,2,10,87.3,17.7,2270,87.5,87.41,4,19,11,-0.09999999999999432,6.27,96,151,122,146,307,322,305,"0.46","-0.46",,,10,9,1,0,0,1,1,10,0,0,2.33633,0.68724,0.51621,0.41897,"92.7",174,33.33333333333333,11.11111111111111,10,5.69,-1.31,0.04,2.37,0.2,1,"-1.533333333",0.209,0.516,"1.533333333",-0.009,-0.00899999999999998,-0.016,-0.01,21.1,,,,,,,
30,671217,"Praytor, Sam",2025,30,100,0.222,0,0.25,0.222,0.246,0.248,0.192,2,9,86.8,12.6,2279,86.7,86.17,1,11,19,-0.5,6.06,110,151,122,146,286,295,277,"0.688","-0.688",,,10,8,2,0,0,0,1,10,1,10,2.51533,0.57333,0.25067,0.09733,"91.1",147,25,0,0,5.82,-0.5,-0.12,2.26,0.3,0,"-2.293333333",0.273,0.275,"2.293333333",0.03,0.02699999999999997,-0.053,-0.002,9.1,,,,,,,
30,681286,"Schwartz, JT",2025,30,100,0.143,0,0.333,0.143,0.201,0.157,0.083,1,7,90.6,20.7,2133,87.7,87.64,7,14,16,-0.10000000000000853,6.51,106,139,119,136,281,312,290,"0.654","-0.654",,,8,3,1,0,0,0,4,50,0,0,2.36133,0.68933,0.61433,-0.55367,"89.6",152,33.33333333333333,0,0,5.84,-1.2,-0.1,2.88,0.25,0,"-2.18",0.198,0.091,"2.18",0.06,0.05199999999999999,0.052,0.044,50,,,,,,,
29,805347,"Jarvis, Jim",2025,29,100,0.333,0.222,0.429,0.556,0.411,0.233,0.14,3,9,91.9,19.9,2171,87.9,87.94,6,18,11,0,6.24,115,150,103,149,286,327,304,"-0.624","0.624",,,10,7,1,2,0,0,2,20,0,0,2.37897,0.59241,0.40828,-0.40828,"91.6",148,42.857142857142854,14.285714285714285,10,6.51,-1.58,0.08,2,0.4,1,"2.151724138",0.226,0.285,"-2.151724138",0.193,0.17400000000000002,0.271,0.178,33.3,,,,,,,
29,694930,"Taylor, Carson",2025,29,100,0.714,0.714,1,1.429,0.875,0.515,0.325,5,7,96.8,18.2,2195,88.1,87.97,5,14,15,-0.09999999999999432,6.29,116,148,126,150,284,314,290,"-2.594","2.594",,,8,5,2,2,0,1,2,25,1,12.5,2.3831,0.60724,0.33345,-0.29483,"92.9",227,60,40,25,5.77,-1.66,-0.05,2.56,0.75,2,"8.944827586",0.409,0.855,"-8.944827586",0.389,0.341,0.574,0.36,35.7,,,,,,,
28,805865,"Lipscomb, Guy",2025,30,93.3,0.2,0,0.25,0.2,0.226,0.246,0.205,2,10,91.9,24,2301,85.8,85.79,3,16,12,0,6.15,117,148,112,153,281,318,286,"1.363","-1.363",,,11,8,2,0,0,0,2,18.2,0,0,2.60179,0.52143,0.11643,-0.18929,"91.8",175,50,0,0,6.09,-1.04,-0.26,2.5,0.273,0,"-4.867857143",0.278,0.252,"4.867857143",-0.005,-0.0050000000000000044,-0.052,-0.02,18.8,,,,,,,
28,664770,"Lukes, Nathan",2025,28,100,0.571,0.429,0.6,1,0.669,0.451,0.431,4,7,98.1,4.7,2099,86.4,86.12,1,12,16,-0.30000000000001137,6.06,108,148,117,152,293,327,288,"-1.549","1.549",,,7,6,3,0,0,1,1,14.3,0,0,2.62036,0.47607,0.07679,-0.07679,"94.0",145,66.66666666666666,16.666666666666664,14.285714285714285,4.9,-2.25,0.02,2.48,0.571,1,"5.532142857",0.431,0.612,"-5.532142857",0.14,0.13999999999999996,0.388,0.218,8.3,,,,,,,
28,695426,"Bramwell, Spencer",2025,28,100,0.5,0.125,0.667,0.625,0.488,0.421,0.423,4,8,86.9,-7.7,2245,88.2,88.74,4,17,11,0.5,6.54,112,148,119,146,296,323,282,"-1.102","1.102",,,8,6,3,1,0,0,2,25,0,0,2.26143,0.69464,0.00143,0.00143,"91.6",149,33.33333333333333,16.666666666666664,12.5,5.97,-1.54,0.18,2.19,0.5,1,"3.935714286",0.423,0.546,"-3.935714286",0.077,0.07700000000000001,0.079,0.067,23.5,,,,,,,
28,691276,"Caicuto, Luis",2025,28,100,0.167,0,0.333,0.167,0.147,0.095,0.098,1,6,93.4,32,2295,89.8,88.87,7,18,10,-0.8999999999999915,5.82,113,152,123,149,293,317,286,"0.958","-0.958",,,6,3,1,0,0,0,3,50,0,0,2.00857,0.85679,0.56429,-0.02929,"90.5",176,66.66666666666666,0,0,6.03,0.64,0.02,2.81,0.167,0,"-3.421428571",0.098,0.117,"3.421428571",0.069,0.069,0.05,0.052,38.9,,,,,,,
28,692568,"Ugueto, Miguel",2025,28,100,0.25,0,0.5,0.25,0.221,0.116,0.123,2,8,87.9,14.5,2413,85.8,85.77,8,16,12,0,6.48,109,148,122,147,289,315,285,"0.877","-0.877",,,8,4,2,0,0,0,4,50,0,0,2.92286,0.24821,0.02071,-0.11857,"89.8",123,25,0,0,5.67,-1.06,0.21,2.32,0.25,0,"-3.132142857",0.123,0.139,"3.132142857",0.127,0.127,0.111,0.105,50,,,,,,,
28,679821,"Jordan, Rowdey",2025,28,100,0.25,0,0.4,0.25,0.221,0.243,0.258,2,8,95.5,21.8,2296,86.3,86.19,3,14,14,-0.09999999999999432,6.24,115,151,115,147,289,309,274,"-0.15","0.15",,,8,5,2,0,0,0,3,37.5,0,0,2.65179,0.46643,0.09857,0.02429,"93.6",169,60,0,0,5.86,-0.94,0.13,2.33,0.25,0,"0.535714286",0.258,0.298,"-0.535714286",-0.008,-0.008000000000000007,-0.048,-0.022,21.4,,,,,,,
27,807972,"Turbi, Emil",2025,27,100,0.25,0.25,0.333,0.5,0.439,0.313,0.137,1,4,81.5,-3.3,2219,90.6,90.9,4,11,16,0.30000000000001137,6.29,119,146,114,149,289,324,300,"-0.442","0.442",,,6,3,0,1,0,0,1,16.7,2,33.3,1.94963,0.83926,0.33704,-0.33704,"88.5",122,0,0,0,5.97,-1.52,-0.07,2.68,0.5,0,"1.637037037",0.425,0.157,"-1.637037037",0.113,0.07500000000000001,0.343,0.126,36.4,,,,,,,
27,814188,"Bass, Jayson",2025,27,100,0.125,0,0.167,0.125,0.11,0.176,0.188,1,8,88.9,-18,2212,86.2,86.15,3,12,15,0,6.39,110,148,116,147,283,303,280,"0.72","-0.72",,,8,6,1,0,0,0,2,25,0,0,2.38,0.75667,0.33074,-0.33074,"92.8",27,50,0,0,5.5,0.74,0.19,2.6,0.125,0,"-2.666666667",0.188,0.206,"2.666666667",-0.063,-0.063,-0.081,-0.066,25,,,,,,,
27,807799,"Yoshida, Masataka",2025,27,100,0.2,0,0.25,0.2,0.262,0.294,0.225,1,5,76.9,2.8,2276,86,85.87,2,9,18,-0.09999999999999432,6.23,109,146,130,150,291,323,290,"0.438","-0.438",,,6,4,1,0,0,0,1,16.7,1,16.7,2.89185,0.23926,0.08704,-0.08704,"88.0",116,0,0,0,5.62,-2.49,-0.43,2.58,0.333,0,"-1.622222222",0.354,0.255,"1.622222222",-0.025,-0.020999999999999963,-0.055,-0.032,22.2,,,,,,,
26,804991,"Daniels, Ryan",2025,26,100,0,0,0,0,0,0.054,0.054,0,9,80.2,16.8,2255,88.6,88.42,4,15,11,-0.19999999999998863,6.18,121,147,106,146,269,315,302,"2.654","-2.654",,,9,5,0,0,0,0,4,44.4,0,0,1.89192,1.065,0.42231,-0.29615,"88.3",151,0,0,0,5.94,-0.35,-0.21,2.26,0,0,"-10.207692308",0.054,0.066,"10.207692308",-0.054,-0.054,-0.066,-0.054,26.7,,,,,,,
26,800506,"Sanchez, Luis",2025,26,100,0.333,0,0.333,0.333,0.394,0.388,0.319,1,3,84.7,9,2285,90.1,90.04,2,15,11,-0.09999999999999432,6.17,109,136,112,133,299,319,276,"-0.064","0.064",,,4,3,1,0,0,0,0,0,1,25,1.96,0.85269,0.50846,-0.06,"88.6",155,0,0,0,5.72,-0.26,-0.04,2.8,0.5,0,"0.246153846",0.489,0.346,"-0.246153846",0.014,0.01100000000000001,-0.013,0.006,13.3,,,,,,,
26,813859,"Schwartz, Nick",2025,27,96.3,0,0,0,0,0,0.099,0.108,0,7,62.9,-48.8,2300,90.1,90.08,4,15,11,0,6.13,107,151,124,146,295,326,298,"2.006","-2.006",,,7,4,0,0,0,0,3,42.9,0,0,2.56115,0.34308,0.5,0.66923,"88.0",85,0,0,0,5.2,-0.81,0.07,2.18,0,0,"-7.715384615",0.108,0.11,"7.715384615",-0.108,-0.108,-0.11,-0.099,26.7,,,,,,,
25,681941,"Palmer, Jaylen",2025,25,100,0,0,0,0,0,0.19,0.201,0,4,100.4,-7.3,2161,89.5,89.13,2,15,10,-0.4000000000000057,6,108,151,121,147,295,315,284,"1.106","-1.106",,,4,3,0,0,0,0,1,25,0,0,2.182,0.6856,0.6124,-0.0316,"93.2",126,100,0,0,5.9,-0.07,0.15,2.55,0,0,"-4.424",0.201,0.226,"4.424",-0.201,-0.201,-0.226,-0.19,13.3,,,,,,,
24,665161,"Peña, Jeremy",2025,24,100,0.167,0.5,0,0.667,0.431,0.51,0.303,1,6,95,12.3,2240,89.1,88.88,5,12,12,-0.19999999999998863,6.03,99,152,122,147,296,313,292,"-1.919","1.919",,,8,4,0,0,0,1,2,25,1,12.5,2.65292,0.27083,0.82333,0.045,"95.6",203,75,25,12.5,5.07,-1.03,0.19,2.26,0.375,1,"7.995833333",0.477,0.775,"-7.995833333",-0.136,-0.10199999999999998,-0.108,-0.079,41.7,,,,,,,
23,623168,"Heineman, Tyler",2025,23,100,0.5,0.25,0.5,0.75,0.606,0.433,0.252,2,4,84.2,32.8,2192,89.7,89.52,2,8,15,-0.20000000000000284,6.17,121,145,123,153,282,315,289,"-1.823","1.823",,,7,4,1,1,0,0,0,0,2,28.6,1.99652,0.85609,0.44696,-0.44696,"90.4",232,25,0,0,5.92,-1.32,-0.26,2.97,0.714,0,"7.926086957",0.572,0.281,"-7.926086957",0.248,0.14200000000000002,0.469,0.173,25,,,,,,,
23,663743,"Fortes, Nick",2025,23,100,0,0,0,0,0.099,0.13,0.03,0,6,82.9,50,2318,90.9,91.24,6,11,12,0.29999999999999716,6.43,110,154,118,146,294,312,281,"1.423","-1.423",,,7,4,0,0,0,0,2,28.6,1,14.3,2.10087,0.67174,0.36864,-0.37773,"90.9",170,0,0,0,5.88,0.33,0.43,2.1,0.143,0,"-6.186956522",0.168,0.057,"6.186956522",-0.03,-0.025000000000000022,-0.057,-0.031,54.5,,,,,,,
23,828602,"Mathey, Jack",2025,23,100,0.25,0,0.333,0.25,0.315,0.209,0.097,1,4,87.7,-20.3,2255,89.6,89.64,3,8,15,0,6.15,106,148,117,143,303,328,298,"0.114","-0.114",,,5,3,1,0,0,0,1,20,1,20,2.1213,0.73522,0.33826,0.0513,"92.5",55,66.66666666666666,0,0,6.09,0.1,0.2,2.03,0.4,0,"-0.495652174",0.278,0.099,"0.495652174",0.153,0.122,0.151,0.106,37.5,,,,,,,
23,663853,"Gonzalez, Romy",2025,23,100,0,0,0,0,0.086,0.217,0.138,0,7,92,0.1,2390,85.4,85.17,0,8,15,-0.20000000000000284,6.41,102,152,126,146,300,322,296,"1.667","-1.667",,,8,7,0,0,0,0,0,0,1,12.5,2.73043,0.4613,0.45826,0.45826,"93.0",114,42.857142857142854,0,0,5.42,-2.78,0.26,2.08,0.125,0,"-7.247826087",0.245,0.209,"7.247826087",-0.138,-0.12,-0.209,-0.131,0,,,,,,,
22,802459,"Johnson, Ryan",2025,22,100,0,0,0,0,0.145,0.342,0.186,0,4,92.3,24,2367,88.3,88.39,3,9,13,0.10000000000000853,6.08,103,153,115,148,318,331,292,"0.718","-0.718",,,5,2,0,0,0,0,2,40,0,0,2.43364,0.50909,0.18273,0.03364,"94.6",192,50,50,20,5.73,0.3,-0.38,2.46,0.2,1,"-3.263636364",0.349,0.412,"3.263636364",-0.186,-0.14899999999999997,-0.412,-0.197,33.3,,,,,,,
22,804603,"Pastore, Duncan",2025,22,100,0.143,0.143,0.167,0.286,0.179,0.262,0.233,1,7,89.5,18.2,2180,84.2,84.29,6,12,10,0.09999999999999432,6.43,102,147,119,145,286,298,277,"0.856","-0.856",,,7,6,0,1,0,0,1,14.3,0,0,2.95091,0.74682,0.13864,0.13864,"93.1",202,16.666666666666664,0,0,5.87,-1.75,0.34,2.24,0.143,0,"-3.890909091",0.233,0.39,"3.890909091",-0.09,-0.09000000000000002,-0.104,-0.083,50,,,,,,,
22,543807,"Springer, George",2025,22,100,0.4,0.8,0.25,1.2,0.663,0.362,0.224,2,5,96.8,23.2,2343,90,89.35,0,8,14,-0.7000000000000028,6.01,117,154,124,148,289,315,289,"-1.42","1.42",,,6,5,0,1,0,1,0,0,1,16.7,2.29,0.55727,0.33818,0.33818,"94.4",203,80,20,16.666666666666664,5.76,-1.84,0.01,2.6,0.5,1,"6.454545455",0.353,0.495,"-6.454545455",0.176,0.14700000000000002,0.705,0.301,0,,,,,,,
22,808253,"Escalona, Yhoan",2025,22,100,0.143,0,0.167,0.143,0.126,0.263,0.288,1,7,84.4,-4,2036,86.6,86.63,6,13,9,0,6.42,100,151,118,147,293,306,273,"1.369","-1.369",,,7,6,1,0,0,0,1,14.3,0,0,2.25455,0.82864,0.65318,-0.03045,"90.6",83,16.666666666666664,0,0,5.95,0.33,0.28,2.43,0.143,0,"-6.222727273",0.288,0.31,"6.222727273",-0.145,-0.145,-0.167,-0.137,46.2,,,,,,,
21,643217,"Benintendi, Andrew",2025,21,100,0.125,0,0.143,0.125,0.11,0.349,0.289,1,8,92,22.9,2242,87,86.29,2,14,7,-0.7000000000000028,5.81,117,147,116,152,283,322,289,"1.561","-1.561",,,8,7,1,0,0,0,1,12.5,0,0,2.30286,0.73,0.5381,-0.31333,"90.9",204,42.857142857142854,14.285714285714285,12.5,5.73,-0.87,-0.34,2.41,0.125,1,"-7.433333333",0.289,0.532,"7.433333333",-0.164,-0.16399999999999998,-0.407,-0.239,14.3,,,,,,,
21,694943,"Gonzalez, Juan",2025,21,100,0.286,0.143,0.333,0.429,0.357,0.32,0.261,2,7,81.9,8.7,2221,80.7,80.68,3,11,10,0,6.21,96,147,117,147,291,316,279,"-0.023","0.023",,,8,6,1,1,0,0,1,12.5,0,0,3.77476,0.44714,-0.20905,-0.63286,"90.8",167,33.33333333333333,0,0,5.82,-0.81,-0.1,2.44,0.375,0,"0.10952381",0.354,0.356,"-0.10952381",0.025,0.02100000000000002,0.073,0.037,27.3,,,,,,,
21,699066,"Avila, Carlos",2025,21,100,0,0,0,0,0,0.329,0.351,0,7,91.5,4.4,2212,91.7,91.42,5,13,8,-0.29999999999999716,6.46,116,147,116,153,279,316,292,"2.165","-2.165",,,7,5,0,0,0,0,2,28.6,0,0,1.71667,1.04286,0.58714,-0.58714,"92.8",126,40,0,0,5.62,-2.26,-0.06,2.41,0,0,"-10.30952381",0.351,0.394,"10.30952381",-0.351,-0.351,-0.394,-0.329,38.5,,,,,,,
20,656305,"Chapman, Matt",2025,20,100,0,0,0,0,0.173,0.213,0.059,0,3,97.8,25.5,2331,90.2,90.4,2,10,10,0.20000000000000284,6.28,111,150,126,144,308,349,301,"0.511","-0.511",,,4,2,0,0,0,0,1,25,1,25,2.0705,0.7325,0.3945,0.3945,"91.9",143,50,0,0,5.92,-1.11,0.19,2.57,0.25,0,"-2.555",0.294,0.063,"2.555",-0.059,-0.043999999999999984,-0.063,-0.04,20,,,,,,,
19,702328,"Stauss, Wade",2025,19,100,0,0,,0,0,0,,0,4,,,2046,89.2,89.82,6,9,10,0.5999999999999943,6.65,113,146,131,153,292,312,294,"1.158","-1.158",,,4,0,0,0,0,0,4,100,0,0,1.88316,1.02368,0.61789,-0.61789,"90.5",122,,,,5.82,-1.47,-0.21,2.15,0,,"-6.094736842",,,"6.094736842",,,,0,66.7,,,,,,,
19,692374,"Ramos, Jose",2025,19,100,0.167,0,0.333,0.167,0.147,0.213,0.232,1,6,85.5,-20.7,2302,88.4,88.19,5,10,9,-0.20000000000000284,6.18,99,148,113,143,301,308,298,"0.172","-0.172",,,6,3,1,0,0,0,3,50,0,0,2.36368,0.59053,0.04316,-0.1,"88.9",49,0,0,0,5.87,-0.77,0.08,2.6,0.167,0,"-0.905263158",0.232,0.254,"0.905263158",-0.065,-0.065,-0.087,-0.066,50,,,,,,,
19,672640,"Lopez, Otto",2025,19,100,0.25,0.25,0.333,0.5,0.313,0.316,0.23,1,4,91.1,-11.7,2058,89.7,90.11,2,7,12,0.3999999999999915,6.59,101,145,114,140,291,305,279,"-0.641","0.641",,,4,3,0,1,0,0,1,25,0,0,2.07421,0.78263,0.98053,-0.74474,"92.0",151,33.33333333333333,33.33333333333333,25,5.96,1.3,0.05,2.34,0.25,1,"3.373684211",0.23,0.524,"-3.373684211",0.02,0.01999999999999999,-0.024,-0.003,28.6,,,,,,,
19,801533,"Santos, Miguel",2025,19,100,0,0,0,0,0.346,0.429,0.174,0,2,96.2,-17.5,2235,89.4,90.27,0,6,13,0.8999999999999915,6.69,107,152,119,148,283,310,285,"0.023","-0.023",,,4,2,0,0,0,0,0,0,2,50,2.04579,0.80947,0.54737,0.55895,"92.1",117,50,0,0,5.57,-1.29,0.25,2.48,0.5,0,"-0.121052632",0.587,0.2,"0.121052632",-0.174,-0.08699999999999997,-0.2,-0.083,0,,,,,,,
19,808694,"Chirinos, Nixon",2025,19,100,0,0,0,0,0.346,0.365,0.037,0,2,75.6,-12,2354,89.2,89.16,3,6,13,0,6.31,107,148,119,144,269,294,261,"0.086","-0.086",,,4,1,0,0,0,0,1,25,2,50,2.02579,0.87474,0.59684,0.35368,"88.0",92,0,0,0,5.77,-0.68,0.55,1.52,0.5,0,"-0.452631579",0.518,0.046,"0.452631579",-0.037,-0.018000000000000016,-0.046,-0.019,50,,,,,,,
19,620443,"Torrens, Luis",2025,19,100,0,0,0,0,0,0.056,0.062,0,4,74.4,-10.5,2158,87.5,87.85,3,10,9,0.29999999999999716,6.53,100,149,117,144,284,305,277,"1.154","-1.154",,,4,2,0,0,0,0,2,50,0,0,2.15316,0.87895,0.20579,0.20579,"89.1",154,0,0,0,5.9,-1.12,0.08,2.47,0,0,"-6.073684211",0.062,0.071,"6.073684211",-0.062,-0.062,-0.071,-0.056,30,,,,,,,
18,813880,"Saltiban, Devin",2025,18,100,0.6,0.6,0.5,1.2,0.76,0.329,0.242,3,5,97.6,25.8,2205,87.3,87.18,0,10,8,-0.09999999999999432,6.42,113,151,111,145,288,312,284,"-1.897","1.897",,,5,5,2,0,0,1,0,0,0,0,2.23,0.81667,0.33722,0.00167,"92.9",149,60,20,20,5.71,-0.85,-0.18,3.05,0.6,1,"10.538888889",0.242,0.541,"-10.538888889",0.358,0.358,0.659,0.431,0,,,,,,,
18,683228,"Thomas, Jared",2025,18,100,0,0,0,0,0.346,0.41,0.142,0,2,87.5,33,2211,89,88.56,1,4,14,-0.4000000000000057,6.41,123,150,114,146,275,295,284,"-0.432","0.432",,,4,2,0,0,0,0,0,0,2,50,1.86056,1.09056,0.52889,-0.17667,"93.0",121,50,0,0,5.8,-0.45,0.31,2.36,0.5,0,"2.4",0.571,0.155,"-2.4",-0.142,-0.07099999999999995,-0.155,-0.064,25,,,,,,,
18,808282,"Cardoza, Victor",2025,18,100,0.25,0,0.5,0.25,0.321,0.303,0.208,1,4,100.2,-4,2525,94.4,93.97,3,6,12,-0.4000000000000057,6.3,99,138,115,144,283,302,273,"0.363","-0.363",,,5,2,1,0,0,0,2,40,0,0,1.60722,0.98944,0.87222,0.87222,"94.1",122,100,0,0,5.83,-1.69,0.3,2.29,0.4,0,"-2.016666667",0.366,0.242,"2.016666667",0.042,0.03400000000000003,0.008,0.018,50,,,,,,,
16,702631,"Guzman, Adonys",2025,16,100,0.4,0.6,0.25,1,0.584,0.329,0.304,2,5,91.6,12,2403,87.7,87.38,1,6,10,-0.29999999999999716,6.36,111,147,111,145,290,306,287,"-0.793","0.793",,,5,5,1,0,0,1,0,0,0,0,2.14875,0.87562,0.10063,0.45937,"92.3",116,20,0,0,5.66,-0.5,-0.25,2.15,0.4,0,"4.95625",0.304,0.46,"-4.95625",0.096,0.09600000000000003,0.54,0.255,16.7,,,,,,,
16,664332,"Gómez, Moisés",2025,16,100,0,0,0,0,0,0.041,0.045,0,4,94.9,-10,2271,83.2,83.66,5,11,5,0.5,6.42,109,154,120,149,287,303,277,"1.19","-1.19",,,4,1,0,0,0,0,3,75,0,0,2.85625,0.46313,-0.23063,-0.23063,"91.3",198,0,0,0,5.92,-2.1,-0.1,2.58,0,0,"-7.4375",0.045,0.046,"7.4375",-0.045,-0.045,-0.046,-0.041,45.5,,,,,,,
15,664238,"Moore, Dylan",2025,15,100,0.25,0.25,0.333,0.5,0.313,0.139,0.112,1,4,89.1,44,2362,85.4,86.09,2,8,7,0.6999999999999886,6.58,111,147,121,148,306,326,289,"0.184","-0.184",,,4,3,0,1,0,0,1,25,0,0,2.698,0.44,0.32067,-0.52733,"89.9",199,33.33333333333333,0,0,5.07,2.38,-0.01,2.48,0.25,0,"-1.226666667",0.112,0.228,"1.226666667",0.138,0.138,0.272,0.174,25,,,,,,,
15,694229,"Lira, Enderso",2025,15,100,0.333,0,1,0.333,0.394,0.301,0.183,1,3,100.4,5,2232,89.4,88.99,2,4,11,-0.4000000000000057,6.19,101,152,114,145,296,322,280,"-0.216","0.216",,,4,1,1,0,0,0,2,50,1,25,2.328,0.564,0.49933,0.49933,"94.2",53,100,0,0,6.26,-2.22,0.24,2.21,0.5,0,"1.44",0.387,0.207,"-1.44",0.15,0.11299999999999999,0.126,0.093,50,,,,,,,
15,814973,"Dawson, Logan",2025,15,100,0.5,0,1,0.5,0.525,0.52,0.481,1,2,70.5,22,2259,89.1,87.93,4,6,9,-1.1999999999999886,5.95,115,147,110,150,292,317,305,"-0.486","0.486",,,3,1,1,0,0,0,1,33.3,1,33.3,2.05533,0.89467,0.61733,0.35867,"88.0",101,0,0,0,6.36,0.97,-0.28,2.26,0.667,0,"3.24",0.654,0.504,"-3.24",0.019,0.013000000000000012,-0.004,0.005,66.7,,,,,,,
14,815586,"Olsavsky, Joe",2025,14,100,0,0,,0,0.241,0.241,,0,2,,,2523,82.7,83.04,2,3,11,0.29999999999999716,6.49,110,148,117,149,300,318,298,"0.224","-0.224",,,3,0,0,0,0,0,2,66.7,0,0,3.36429,0.01071,-0.37643,0.13214,"88.0",170,,,,5.66,1.04,-0.1,2.95,0.333,,"-1.6",0.333,,"1.6",,0,,0,66.7,,,,,,,
13,669065,"Stowers, Kyle",2025,13,100,0,0,0,0,0.173,0.228,0.081,0,3,80.5,9.3,2212,89.7,90.34,0,6,7,0.5999999999999943,6.55,116,148,123,150,278,321,293,"0.425","-0.425",,,4,3,0,0,0,0,0,0,1,25,2.08692,0.74846,0.36308,-0.36308,"88.8",93,0,0,0,5.78,-1.65,0.12,1.99,0.25,0,"-3.269230769",0.311,0.092,"3.269230769",-0.081,-0.061,-0.092,-0.055,0,,,,,,,
12,691739,"Sanders, Will",2025,12,100,0,0,,0,0,0,,0,2,,,2282,93.4,94.58,0,0,12,1.1999999999999886,6.92,114,149,107,152,268,300,273,"0.566","-0.566",,,2,0,0,0,0,0,2,100,0,0,1.545,1.06417,0.53167,0.53167,,,,,,5.64,2.51,-0.13,2.66,0,,"-4.716666667",,,"4.716666667",,,,0,,,,,,,,
12,680994,"Biddison, Nick",2025,12,100,0.333,0,0.5,0.333,0.294,0.258,0.285,1,3,79.3,1,2327,88.2,87.77,2,5,7,-0.4000000000000057,5.99,100,130,103,126,288,308,284,"0.268","-0.268",,,3,2,1,0,0,0,1,33.3,0,0,2.39917,0.53917,0.09545,0.09545,"88.0",132,0,0,0,6.38,-1.87,0.11,2.39,0.333,0,"-2.233333333",0.285,0.313,"2.233333333",0.048,0.04800000000000004,0.02,0.036,40,,,,,,,
12,692232,"Gonzalez, Fernando",2025,13,92.3,0,0,0,0,0,0.152,0.125,0,3,89,15.3,2371,87,87.42,3,6,6,0.4000000000000057,6.5,98,148,114,146,282,295,274,"0.882","-0.882",,,3,3,0,0,0,0,0,0,0,0,2.30417,0.74417,-0.02833,-0.02833,"91.7",217,0,0,0,5.91,-2.01,0.55,2.42,0,0,"-7.35",0.125,0.24,"7.35",-0.125,-0.125,-0.24,-0.152,50,,,,,,,
11,672386,"Kirk, Alejandro",2025,11,100,0.333,0,0.333,0.333,0.294,0.275,0.299,1,3,82.2,20.7,2292,89.1,89.38,0,7,4,0.30000000000001137,6.37,105,151,123,147,297,306,286,"0.163","-0.163",,,3,3,1,0,0,0,0,0,0,0,2.03364,0.84364,0.64818,0.64818,"89.7",161,33.33333333333333,0,0,5.39,-2.59,-0.34,2.23,0.333,0,"-1.481818182",0.299,0.334,"1.481818182",0.034,0.03400000000000003,-0.001,0.019,0,,,,,,,
11,687543,"Jenkins, Andrew",2025,11,100,0.333,0,1,0.333,0.294,0.136,0.141,1,3,91.6,2,2374,86,85.44,4,8,3,-0.5999999999999943,6.17,111,151,133,148,304,321,278,"0.106","-0.106",,,3,1,1,0,0,0,2,66.7,0,0,2.90545,0.22636,-0.07091,0.07091,"89.8",54,0,0,0,5.91,1.73,0.06,2.21,0.333,0,"-0.963636364",0.141,0.167,"0.963636364",0.192,0.19200000000000003,0.166,0.158,50,,,,,,,
11,800516,"Hernandez, Alberto",2025,11,100,0,0,0,0,0,0.043,0.047,0,4,103.1,-58,2127,89.6,90.27,1,5,6,0.7000000000000028,6.74,103,152,103,148,285,311,272,"1.189","-1.189",,,4,3,0,0,0,0,1,25,0,0,2.08818,0.78273,0.42455,0.31364,"95.5",3,50,0,0,5.71,-0.88,0.56,2.12,0,0,"-10.809090909",0.047,0.053,"10.809090909",-0.047,-0.047,-0.053,-0.043,20,,,,,,,
10,800597,"McClaughry, Nik",2025,10,100,0.5,0,1,0.5,0.441,0.402,0.446,1,2,87.9,17,2264,89.6,90.15,3,5,5,0.6000000000000085,6.46,117,152,123,149,305,323,295,"-0.236","0.236",,,2,1,1,0,0,0,1,50,0,0,1.975,0.866,0.923,-0.923,"88.0",239,0,0,0,5.61,2.11,0.46,2.84,0.5,0,"2.36",0.446,0.489,"-2.36",0.054,0.05399999999999999,0.011,0.039,60,,,,,,,
10,694034,"Gomez, Mario",2025,10,100,0,0,0,0,0,0.269,0.281,0,3,89.3,5,2285,92.7,91.83,1,7,3,-0.7999999999999972,6.06,108,148,103,151,286,327,294,"0.136","-0.136",,,3,2,0,0,0,0,1,33.3,0,0,1.844,0.877,0.31,-0.07,"93.4",156,50,0,0,5.69,-0.03,-0.49,2.36,0,0,"-1.36",0.281,0.336,"1.36",-0.281,-0.281,-0.336,-0.269,14.3,,,,,,,
10,806367,"Hill, Turner",2025,10,100,0.333,0.333,0.333,0.667,0.417,0.25,0.265,1,3,96,8.3,1852,90.6,90.85,0,5,5,0.20000000000000284,6.52,117,144,101,153,261,249,302,"-0.163","0.163",,,3,3,0,1,0,0,0,0,0,0,1.96,0.834,0.719,-0.719,"93.1",130,66.66666666666666,0,0,6.23,-1.47,-0.37,2.3,0.333,0,"1.63",0.265,0.309,"-1.63",0.068,0.068,0.358,0.167,0,,,,,,,
10,815009,"Mujica, Cesar",2025,10,100,0,0,0,0,0,0.069,0.072,0,3,91,-5,2398,89.7,89.6,2,4,6,-0.10000000000000853,6.49,98,149,121,146,292,303,262,"0.809","-0.809",,,3,1,0,0,0,0,2,66.7,0,0,2.344,0.524,0.567,0.567,"89.5",14,0,0,0,5.9,-2.42,0.49,1.74,0,0,"-8.09",0.072,0.086,"8.09",-0.072,-0.072,-0.086,-0.069,50,,,,,,,
9,694425,"Bigbie, Justice",2025,9,100,0.25,0.75,0,1,0.509,0.151,0.088,1,4,88.9,22.7,2481,84.9,85.59,0,4,5,0.6999999999999886,6.81,115,154,122,148,283,324,276,"-0.677","0.677",,,4,4,0,0,0,1,0,0,0,0,2.71556,0.48333,-0.27444,-0.25444,"93.8",176,33.33333333333333,0,0,5.54,1.21,-0.22,2.77,0.25,0,"7.522222222",0.088,0.278,"-7.522222222",0.162,0.162,0.722,0.358,0,,,,,,,
7,800192,"Aguiar, Roinny",2025,7,100,0,0,0,0,0,0.085,0.051,0,3,91.5,41.5,2429,91.2,90.26,1,4,3,-0.9000000000000057,6.06,111,153,108,146,298,310,285,"0.865","-0.865",,,3,2,0,0,0,0,1,33.3,0,0,1.62857,1.17,0.72571,0.72571,"90.3",266,0,0,0,5.95,-1.12,-0.24,2.35,0,0,"-12.357142857",0.051,0.15,"12.357142857",-0.051,-0.051,-0.15,-0.085,25,,,,,,,
7,676053,"Opitz, Casey",2025,7,100,0,0,,0,0,0,,0,1,,,2105,88.8,87.4,2,3,4,-1.3999999999999915,5.39,124,148,128,153,285,316,290,"0.293","-0.293",,,1,0,0,0,0,0,1,100,0,0,2.73857,0.18,0.22714,-0.22714,"96.3",61,,,,5.5,-2.08,-0.19,2.36,0,,"-4.185714286",,,"4.185714286",,,,0,66.7,,,,,,,
6,686952,"Dernedde, Kyle",2025,6,100,0,0,,0,0,0,,0,1,,,2204,97.6,97.17,1,2,4,-0.3999999999999915,6.22,112,153,125,147,301,324,261,"0.311","-0.311",,,1,0,0,0,0,0,1,100,0,0,1.81167,0.60833,0.76,0.76,"94.6",3,,,,6.13,-2.24,-0.27,2.08,0,,"-5.183333333",,,"5.183333333",,,,0,50,,,,,,,
5,676768,"Quezada, Andrew",2025,5,100,0,0,,0,0,0,,0,1,,,2235,95.8,95.66,0,0,5,-0.09999999999999432,5.86,115,147,113,151,285,328,300,"0.311","-0.311",,,1,0,0,0,0,0,1,100,0,0,1.286,1.168,0.422,-0.422,,,,,,6.32,-1.71,0.01,3.07,0,,"-6.22",,,"6.22",,,,0,,,,,,,,
5,806337,"Whorff, Jarret",2025,5,100,0,0,0,0,0,0.036,0.031,0,1,81.9,52,2213,91.7,92.84,0,3,2,1.0999999999999943,6.54,115,153,118,146,282,308,272,"0.294","-0.294",,,1,1,0,0,0,0,0,0,0,0,1.436,1.234,0.8,0.8,"88.0",128,0,0,0,6.49,-1.9,0.22,1.91,0,0,"-5.88",0.031,0.047,"5.88",-0.031,-0.031,-0.047,-0.036,0,,,,,,,
5,676680,"Cosgrove, Tom",2025,5,100,0,0,,0,0,0,,0,1,,,2077,89.7,89.76,2,3,2,0.09999999999999432,6.02,117,149,110,154,264,297,278,"0.292","-0.292",,,1,0,0,0,0,0,1,100,0,0,2.404,0.41,0.204,0.204,"88.0",34,,,,5.65,2.07,0.04,2.57,0,,"-5.84",,,"5.84",,,,0,66.7,,,,,,,
4,813851,"Becker, Colton",2025,4,100,0,0,,0,0,0,,0,1,,,1940,87.4,87.15,1,2,2,-0.20000000000000284,6.07,88,146,119,136,300,321,277,"0.283","-0.283",,,1,0,0,0,0,0,1,100,0,0,2.39,0.6275,-0.06,-0.06,"88.0",6,,,,5.91,-0.87,-0.14,2.88,0,,"-7.075",,,"7.075",,,,0,50,,,,,,,
4,670109,"Bosiokovic, Jacob",2025,4,100,0,0,,0,0,0,,0,1,,,2268,89.6,89.28,3,3,1,-0.29999999999999716,6.25,87,148,111,142,280,314,292,"0.331","-0.331",,,1,0,0,0,0,0,1,100,0,0,1.81,1.075,0.765,0.765,,,,,,6.27,-2.29,-0.44,2.09,0,,"-8.275",,,"8.275",,,,0,100,,,,,,,
4,680253,"Bischoff, Kyle",2025,4,100,0,0,,0,0,0,,0,1,,,2360,88,87.38,0,0,4,-0.5999999999999943,5.88,111,153,123,152,289,311,294,"0.311","-0.311",,,1,0,0,0,0,0,1,100,0,0,2.31,0.685,0.305,-0.305,,,,,,5.91,1.65,-0.29,1.63,0,,"-7.775",,,"7.775",,,,0,,,,,,,,
3,805953,"Huezo, Anthony",2025,3,100,1,0,1,1,0.883,0.726,0.74,1,1,98.4,10,2285,90.4,90.2,0,1,2,-0.20000000000000284,6.07,126,148,125,150,295,326,315,"-0.375","0.375",,,1,1,1,0,0,0,0,0,0,0,1.58667,1.19333,0.26333,-0.26333,"98.4",201,100,0,0,6.03,-1.57,-0.22,3.37,1,0,"12.5",0.74,0.896,"-12.5",0.26,0.26,0.104,0.157,0,,,,,,,
3,681306,"MacLeod, Christian",2025,3,100,0,0,,0,0,0,,0,1,,,2238,92.3,93.33,0,0,3,1,6.53,99,143,91,136,242,291,272,"0.301","-0.301",,,1,0,0,0,0,0,1,100,0,0,1.45,1.19,0.70333,-0.70333,,,,,,6.36,-1.97,0,2.69,0,,"-10.033333333",,,"10.033333333",,,,0,,,,,,,,
1,689880,"Emmerson, Myles",2025,1,100,1,1,1,2,1.252,0.376,0.223,1,1,95.9,30,2233,97.3,97.4,0,1,0,0.10000000000000853,6.1,109,152,128,147,289,334,296,"-0.601","0.601",,,1,1,0,1,0,0,0,0,0,0,1.38,1.01,0.78,0.78,"95.9",356,100,0,0,5.53,-2.07,-0.47,2.39,1,0,"60.1",0.223,0.694,"-60.1",0.777,0.777,1.306,0.876,0,,,,,,,