"pitches","player_id","player_name","year","total_pitches","pitch_percent","ba","iso","babip","slg","woba","xwoba","xba","hits","abs","launch_speed","launch_angle","spin_rate","velocity","effective_speed","whiffs","swings","takes","eff_min_vel","release_extension","pos3_int_start_distance","pos4_int_start_distance","pos5_int_start_distance","pos6_int_start_distance","pos7_int_start_distance","pos8_int_start_distance","pos9_int_start_distance","pitcher_run_exp","run_exp","bat_speed","swing_length","pa","bip","singles","doubles","triples","hrs","so","k_percent","bb","bb_percent","api_break_z_with_gravity","api_break_z_induced","api_break_x_arm","api_break_x_batter_in","hyper_speed","bbdist","hardhit_percent","barrels_per_bbe_percent","barrels_per_pa_percent","release_pos_z","release_pos_x","plate_x","plate_z","obp","barrels_total","batter_run_value_per_100","xobp","xslg","pitcher_run_value_per_100","xbadiff","xobpdiff","xslgdiff","wobadiff","swing_miss_percent","arm_angle","attack_angle","attack_direction","swing_path_tilt","rate_ideal_attack_angle","intercept_ball_minus_batter_pos_x_inches","intercept_ball_minus_batter_pos_y_inches"
2612,686531,"Lipcius, Andre",2024,2612,100,0.271,0.188,0.322,0.459,0.351,0.304,0.229,152,560,86.8,18.6,2214,87.7,87.81,376,1270,1342,0.09999999999999432,6.23,105,150,119,145,300,323,292,"-16.361","16.361",,,634,420,99,26,2,25,144,22.7,67,10.6,2.48474,0.55041,0.25217,0.12316,"90.5",167,30.787589498806682,6.443914081145586,4.2586750788643535,5.77,-1.09,0.17,2.36,0.35,27,"0.626378254",0.313,0.372,"-0.626378254",0.042,0.03699999999999998,0.087,0.047,29.6,,,,,,,
2514,682183,"Avans, Drew",2024,2526,99.5,0.266,0.127,0.363,0.393,0.335,0.313,0.24,140,527,88.8,11.5,2176,88.8,88.92,315,1157,1357,0.10000000000000853,6.25,115,147,107,150,290,321,299,"-8.249","8.249",,,610,372,97,27,8,8,157,25.7,79,13,2.25984,0.67299,0.46133,-0.3287,"90.9",165,39.62264150943396,3.7735849056603774,2.2950819672131146,5.8,-1.1,-0.05,2.38,0.362,14,"0.328122514",0.341,0.349,"-0.328122514",0.026,0.020999999999999963,0.044,0.022,27.2,,,,,,,
2500,682877,"Brito, Juan",2024,2504,99.8,0.255,0.188,0.279,0.443,0.353,0.318,0.23,140,549,87.7,18.2,2144,88,88.09,248,1141,1359,0.09999999999999432,6.25,114,146,112,149,287,318,285,"-14.198","14.198",,,647,447,79,40,0,21,105,16.2,87,13.4,2.36403,0.61188,0.38144,-0.38144,"91.4",160,33.408071748878925,6.053811659192825,4.1731066460587325,5.91,-0.84,-0.05,2.35,0.363,27,"0.56792",0.342,0.364,"-0.56792",0.025,0.020999999999999963,0.079,0.035,21.7,,,,,,,
2462,805367,"Meidroth, Chase",2024,2462,100,0.293,0.108,0.332,0.4,0.378,0.344,0.252,128,437,88.6,5,2197,88.5,88.61,88,757,1705,0.09999999999999432,6.37,108,150,118,146,294,317,281,"-33.989","33.989",,,558,371,98,20,3,7,71,12.7,105,18.8,2.24686,0.71876,0.37614,0.19779,"91.3",147,34.332425068119896,2.17983651226158,1.4336917562724014,5.78,-0.76,0.02,2.32,0.437,8,"1.380544273",0.407,0.332,"-1.380544273",0.041,0.030000000000000027,0.068,0.034,11.6,,,,,,,
2461,669392,"Taylor, Samad",2024,2489,98.9,0.248,0.122,0.336,0.371,0.318,0.287,0.213,122,491,86,11.1,2220,88.3,88.41,291,1043,1418,0.10000000000000853,6.3,103,148,106,145,297,319,287,"-0.799","0.799",,,571,341,88,19,4,11,156,27.3,68,11.9,2.31295,0.64868,0.30541,0.06266,"90.3",156,28.908554572271388,3.5398230088495577,2.1015761821366024,5.82,-0.62,0.13,2.29,0.343,12,"0.032466477",0.317,0.308,"-0.032466477",0.035,0.026000000000000023,0.063,0.031,27.9,,,,,,,
2394,664247,"Garlick, Kyle",2024,2394,100,0.236,0.206,0.286,0.442,0.333,0.303,0.214,127,538,88.7,17.1,2219,87.5,87.8,331,1107,1287,0.29999999999999716,6.28,106,151,120,146,303,330,298,"-11.477","11.477",,,618,374,75,21,3,28,170,27.5,68,11,2.51633,0.48653,0.25974,0.08773,"91.6",155,38.97849462365591,9.13978494623656,5.501618122977346,5.79,-0.96,0.12,2.29,0.325,34,"0.47940685",0.31,0.362,"-0.47940685",0.022,0.015000000000000013,0.08,0.03,29.9,,,,,,,
2385,670231,"Rave, John",2024,2397,99.5,0.257,0.213,0.301,0.47,0.351,0.308,0.228,127,494,88.4,12.6,2151,87.7,87.73,238,1012,1373,0,6.18,115,145,108,150,286,319,290,"-10.142","10.142",,,566,373,69,32,5,21,125,22.1,65,11.5,2.38576,0.61388,0.36952,-0.2945,"91.4",151,37.2972972972973,8.64864864864865,5.6537102473498235,5.79,-0.98,-0.1,2.33,0.345,32,"0.42524109",0.321,0.369,"-0.42524109",0.029,0.023999999999999966,0.101,0.043,23.5,,,,,,,
2341,695657,"Montgomery, Colson",2024,2341,100,0.214,0.167,0.281,0.381,0.316,0.307,0.216,104,485,85.8,18.1,2196,88,88.15,304,1065,1276,0.09999999999999432,6.3,114,145,121,150,286,319,293,"1.958","-1.958",,,572,324,62,21,3,18,164,28.7,68,11.9,2.36421,0.61521,0.31344,-0.19424,"91.3",148,34.25925925925926,7.716049382716049,4.370629370629371,5.78,-0.78,-0.1,2.41,0.327,25,"-0.08363947",0.33,0.346,"0.08363947",-0.002,-0.0030000000000000027,0.035,0.009,28.5,,,,,,,
2298,670224,"Misner, Kameron",2024,2300,99.9,0.245,0.195,0.333,0.439,0.349,0.304,0.214,107,437,88.8,14.9,2181,87.6,87.56,342,1017,1281,0,6.24,115,146,115,150,284,319,293,"-8.381","8.381",,,516,287,60,26,4,17,152,29.5,72,14,2.40813,0.60459,0.31759,-0.28106,"91.4",156,36.933797909407666,5.574912891986063,3.10077519379845,5.83,-0.72,-0.16,2.36,0.357,16,"0.364708442",0.331,0.338,"-0.364708442",0.031,0.025999999999999968,0.101,0.045,33.6,,,,,,,
2255,682239,"Ritter, Luke",2024,2255,100,0.257,0.223,0.345,0.48,0.369,0.337,0.228,123,479,89.6,10.1,2176,87.5,87.62,363,1017,1238,0.09999999999999432,6.3,105,150,118,145,293,320,285,"-29.718","29.718",,,567,307,70,25,2,26,174,30.7,73,12.9,2.43908,0.57838,0.30794,0.12893,"91.8",152,44.44444444444444,12.745098039215685,6.878306878306878,5.88,-0.95,0.15,2.33,0.369,39,"1.317871397",0.345,0.414,"-1.317871397",0.029,0.02400000000000002,0.066,0.032,35.7,,,,,,,
2238,687957,"Harris, Dustin",2024,2241,99.9,0.27,0.12,0.337,0.39,0.328,0.286,0.227,131,485,84.2,17.9,2211,88.2,88.4,229,1008,1230,0.20000000000000284,6.28,116,146,113,151,292,321,295,"1.347","-1.347",,,557,369,96,22,3,10,123,22.1,57,10.2,2.38242,0.57407,0.3437,-0.20546,"90.1",152,23.160762942779293,3.2697547683923704,2.154398563734291,5.8,-0.74,-0.15,2.35,0.352,12,"-0.060187668",0.317,0.309,"0.060187668",0.043,0.034999999999999976,0.081,0.042,22.7,,,,,,,
2238,665846,"Bastidas, Jesús",2024,2238,100,0.242,0.206,0.28,0.448,0.341,0.31,0.22,127,525,87.2,21.9,2261,88.2,88.43,342,1199,1039,0.20000000000000284,6.3,108,151,118,146,296,319,287,"1.158","-1.158",,,604,389,70,31,1,25,140,23.2,52,8.6,2.39427,0.56815,0.2794,0.1037,"91.0",167,35.958005249343834,7.086614173228346,4.470198675496689,5.77,-0.72,0.17,2.38,0.334,27,"-0.051742627",0.319,0.372,"0.051742627",0.022,0.015000000000000013,0.076,0.031,28.5,,,,,,,
2229,676625,"Bannon, Rylan",2024,2229,100,0.221,0.184,0.277,0.406,0.344,0.308,0.194,96,434,88,15.4,2213,87.8,87.9,308,976,1253,0.10000000000000853,6.26,106,149,118,145,290,317,282,"-13.59","13.59",,,536,300,54,22,2,18,136,25.4,93,17.4,2.4023,0.58716,0.25544,0.06033,"91.2",154,37.79264214046823,5.351170568561873,2.9850746268656714,5.87,-0.68,0.04,2.37,0.366,16,"0.609690444",0.346,0.312,"-0.609690444",0.027,0.020000000000000018,0.094,0.036,31.6,,,,,,,
2223,670870,"Severino, Yunior",2024,2223,100,0.254,0.18,0.321,0.434,0.337,0.317,0.229,124,489,89.7,8.1,2185,86.5,86.49,363,1036,1187,0,6.24,113,147,121,149,290,320,289,"-12.124","12.124",,,564,342,80,21,2,21,154,27.3,66,11.7,2.62017,0.47779,0.23169,-0.23392,"92.1",144,42.22873900293255,9.090909090909092,5.49645390070922,5.9,-0.52,-0.06,2.3,0.34,31,"0.545389114",0.322,0.389,"-0.545389114",0.025,0.018000000000000016,0.045,0.02,35,,,,,,,
2205,703149,"Arias, Roderick",2024,2205,100,0.233,0.161,0.331,0.394,0.322,0.289,0.202,110,472,89.4,11.5,2189,88.3,88.22,399,1088,1117,-0.09999999999999432,6.28,110,144,117,146,286,306,280,"-3.571","3.571",,,550,306,68,21,8,13,170,30.9,67,12.2,2.22576,0.73869,0.57042,-0.57029,"91.1",149,39.67213114754099,7.540983606557377,4.181818181818182,5.69,-1.09,-0.07,2.44,0.335,23,"0.161950113",0.309,0.325,"-0.161950113",0.031,0.026000000000000023,0.069,0.033,36.7,,,,,,,
2205,664731,"Higgins, P.J.",2024,2205,100,0.259,0.126,0.332,0.385,0.309,0.275,0.228,133,514,87.3,12.5,2209,87.8,87.81,288,1086,1119,0,6.25,106,150,118,147,294,319,284,"1.855","-1.855",,,567,379,90,32,0,11,140,24.7,44,7.8,2.39803,0.60871,0.20633,-0.00057,"90.4",159,31.03448275862069,3.978779840848806,2.6455026455026456,5.91,-0.58,0.09,2.38,0.319,15,"-0.084126984",0.294,0.319,"0.084126984",0.031,0.025000000000000022,0.066,0.034,26.5,,,,,,,
2168,683357,"Caissie, Owen",2024,2169,100,0.276,0.195,0.372,0.471,0.366,0.325,0.239,130,471,89.5,13.9,2146,87.4,87.53,333,1038,1130,0.09999999999999432,6.25,114,146,121,151,284,317,292,"-21.191","21.191",,,545,317,79,29,3,19,156,28.6,68,12.5,2.41456,0.60097,0.34454,-0.25459,"91.5",149,42.857142857142854,8.571428571428571,4.954128440366973,5.91,-0.68,-0.16,2.46,0.371,27,"0.977444649",0.339,0.391,"-0.977444649",0.037,0.03199999999999997,0.08,0.041,32.1,,,,,,,
2148,671913,"Palmegiani, Damiano",2024,2148,100,0.216,0.178,0.266,0.394,0.313,0.281,0.191,98,454,89.5,19.7,2182,86.9,86.98,313,982,1166,0.09999999999999432,6.26,106,150,119,145,293,318,288,"4.651","-4.651",,,524,310,59,18,0,21,147,28.1,55,10.5,2.51899,0.54604,0.25413,-0.02324,"92.0",146,43.54838709677419,7.419354838709677,4.3893129770992365,5.81,-0.75,0.17,2.18,0.315,23,"-0.216527002",0.294,0.327,"0.216527002",0.025,0.02100000000000002,0.067,0.032,31.9,,,,,,,
2145,688760,"Crim, Blaine",2024,2145,100,0.276,0.19,0.307,0.466,0.363,0.348,0.266,139,504,89.1,15.3,2254,87.8,88.11,249,985,1160,0.29999999999999716,6.3,106,151,120,147,300,321,290,"-24.348","24.348",,,585,407,85,32,2,20,101,17.3,70,12,2.45437,0.52639,0.2121,0.0508,"92.2",161,41.089108910891085,7.1782178217821775,4.957264957264957,5.76,-0.85,0.2,2.28,0.369,29,"1.135104895",0.363,0.423,"-1.135104895",0.01,0.006000000000000005,0.043,0.015,25.3,,,,,,,
2136,678894,"Peguero, Liover",2024,2139,99.9,0.257,0.154,0.325,0.41,0.316,0.281,0.221,127,495,88.1,10.9,2273,87.6,87.66,323,1006,1130,0.10000000000000853,6.22,105,149,116,145,296,320,284,"6.673","-6.673",,,552,364,81,29,4,13,139,25.2,46,8.3,2.49473,0.51389,0.13687,0.07661,"91.5",142,36.63911845730027,5.234159779614325,3.4420289855072466,5.82,-0.81,0.15,2.27,0.319,19,"-0.312406367",0.291,0.335,"0.312406367",0.036,0.028000000000000025,0.075,0.035,32.1,,,,,,,
2119,694425,"Bigbie, Justice",2024,2119,100,0.248,0.086,0.304,0.334,0.3,0.316,0.253,121,488,89.7,4.1,2214,87.8,87.75,239,992,1127,0,6.25,106,151,119,147,294,320,283,"10.83","-10.83",,,558,389,89,26,2,4,104,18.6,60,10.8,2.40459,0.5969,0.24553,0.07375,"91.6",150,42.63157894736842,4.473684210526316,3.046594982078853,5.86,-0.8,0.16,2.28,0.333,17,"-0.511090137",0.34,0.366,"0.511090137",-0.005,-0.007000000000000006,-0.032,-0.016,24.1,,,,,,,
2116,672359,"Ornelas, Tirso",2024,2119,99.9,0.295,0.201,0.316,0.496,0.369,0.326,0.264,142,482,88,8.7,2211,88.4,88.63,214,1023,1093,0.19999999999998863,6.24,115,146,117,149,297,326,303,"-32.852","32.852",,,543,400,93,24,2,23,88,16.2,51,9.4,2.41435,0.53025,0.30367,-0.26092,"91.8",152,39.79848866498741,6.297229219143577,4.6040515653775325,5.69,-0.9,-0.06,2.39,0.363,25,"1.552551985",0.337,0.401,"-1.552551985",0.031,0.025999999999999968,0.095,0.043,20.9,,,,,,,
2112,682650,"Nuñez, Malcom",2024,2112,100,0.25,0.115,0.294,0.365,0.296,0.293,0.245,117,468,87.7,11.1,2257,87,87.07,237,934,1178,0.09999999999999432,6.23,107,150,118,146,297,322,285,"15.895","-15.895",,,526,372,85,21,0,11,108,20.5,42,8,2.59417,0.46215,0.12787,0.01248,"91.5",140,38.91891891891892,4.594594594594595,3.2319391634980987,5.79,-0.86,0.18,2.19,0.31,17,"-0.752604167",0.309,0.349,"0.752604167",0.005,0.0010000000000000009,0.016,0.003,25.4,,,,,,,
2085,671286,"Rodríguez, Johnathan",2024,2085,100,0.301,0.239,0.361,0.54,0.398,0.341,0.242,132,439,92.5,7.2,2208,87.5,87.57,260,890,1195,0.09999999999999432,6.26,107,150,121,147,298,321,283,"-31.58","31.58",,,507,314,85,18,0,29,128,25.2,63,12.4,2.48275,0.53317,0.20882,0.08261,"93.5",153,54.807692307692314,11.858974358974358,7.297830374753452,5.89,-0.81,0.13,2.34,0.389,37,"1.514628297",0.34,0.431,"-1.514628297",0.059,0.04899999999999999,0.109,0.057,29.2,,,,,,,
2075,680693,"Lavigne, Grant",2024,2080,99.8,0.24,0.185,0.31,0.426,0.343,0.322,0.223,105,437,87.6,12.7,2212,87.8,88.27,314,937,1138,0.5,6.3,115,146,119,149,297,326,305,"-15.307","15.307",,,523,299,66,15,6,18,143,27.3,71,13.6,2.50103,0.46986,0.29881,-0.23085,"91.4",151,40.13377926421405,8.361204013377927,4.780114722753346,5.65,-0.77,-0.11,2.33,0.356,25,"0.737686747",0.342,0.368,"-0.737686747",0.017,0.013999999999999957,0.058,0.021,33.5,,,,,,,
2067,676946,"Batten, Matthew",2024,2072,99.8,0.252,0.126,0.303,0.378,0.308,0.283,0.238,120,476,86.5,15.7,2229,88.5,88.84,195,904,1163,0.29999999999999716,6.28,106,150,114,146,301,324,293,"3.357","-3.357",,,538,373,83,24,3,10,111,20.6,48,8.9,2.389,0.54273,0.27727,0.10543,"91.0",156,34.946236559139784,1.6129032258064515,1.1152416356877324,5.73,-0.92,0,2.3,0.323,6,"-0.162409289",0.314,0.309,"0.162409289",0.014,0.009000000000000008,0.069,0.025,21.6,,,,,,,
2067,689288,"Koperniak, Matt",2024,2067,100,0.309,0.203,0.351,0.512,0.379,0.321,0.255,143,463,88.9,10.4,2173,87.4,87.45,229,992,1075,0.09999999999999432,6.24,116,146,115,150,285,320,294,"-28.745","28.745",,,513,370,92,28,3,20,96,18.7,43,8.4,2.41772,0.60507,0.33989,-0.25222,"91.7",155,42.972972972972975,6.756756756756757,4.8732943469785575,5.75,-0.72,-0.08,2.33,0.37,25,"1.390662796",0.322,0.407,"-1.390662796",0.054,0.04799999999999999,0.105,0.058,23.1,,,,,,,
2059,694175,"León, Pedro",2024,2066,99.7,0.295,0.217,0.375,0.512,0.378,0.33,0.246,137,465,88.2,14,2242,88.4,88.61,331,1031,1028,0.19999999999998863,6.29,107,150,116,146,297,320,290,"-23.347","23.347",,,525,325,86,25,2,24,144,27.4,42,8,2.40011,0.54591,0.29777,0.09629,"92.5",142,42.901234567901234,11.419753086419753,7.0476190476190474,5.77,-0.76,0.11,2.35,0.368,37,"1.133899951",0.326,0.424,"-1.133899951",0.049,0.04199999999999998,0.088,0.048,32.1,,,,,,,
2053,613564,"Vosler, Jason",2024,2053,100,0.303,0.27,0.337,0.573,0.4,0.353,0.269,141,466,89.4,18.6,2224,88.1,88.23,236,1007,1046,0.10000000000000853,6.28,114,144,118,149,291,324,295,"-35.321","35.321",,,523,357,81,25,4,31,113,21.6,45,8.6,2.36434,0.60847,0.3413,-0.16119,"91.7",170,39.77591036414566,10.644257703081232,7.265774378585086,5.78,-0.65,-0.04,2.38,0.37,38,"1.720457867",0.341,0.474,"-1.720457867",0.034,0.02899999999999997,0.099,0.047,23.4,,,,,,,
2050,682927,"Simon, Ronny",2024,2063,99.4,0.274,0.149,0.328,0.423,0.338,0.283,0.226,125,456,89.1,8.2,2151,87.3,87.28,208,945,1105,0,6.25,111,147,108,148,282,316,286,"-9.237","9.237",,,513,361,81,30,4,10,98,19.1,47,9.2,2.48203,0.56908,0.33478,-0.33478,"91.7",144,40.11142061281337,4.456824512534819,3.1189083820662766,5.82,-0.72,-0.06,2.31,0.349,16,"0.450585366",0.307,0.315,"-0.450585366",0.048,0.04199999999999998,0.108,0.055,22,,,,,,,
2042,669899,"Ward, Ryan",2024,2042,100,0.258,0.285,0.294,0.543,0.361,0.315,0.227,122,473,90.2,15.4,2194,87.7,87.91,309,1065,977,0.20000000000000284,6.26,114,146,122,150,296,326,302,"-11.305","11.305",,,516,336,60,22,7,33,141,27.3,37,7.2,2.47412,0.52526,0.31927,-0.257,"91.5",165,44.57831325301205,12.650602409638553,8.13953488372093,5.75,-1.16,-0.11,2.36,0.312,42,"0.553623898",0.287,0.436,"-0.553623898",0.031,0.025000000000000022,0.107,0.046,29,,,,,,,
2040,668472,"Pratto, Nick",2024,2043,99.9,0.242,0.168,0.328,0.41,0.321,0.28,0.214,104,429,87.1,17.8,2170,87.7,87.74,284,924,1116,0,6.19,116,145,119,150,287,319,291,"-6.089","6.089",,,487,284,66,20,2,16,149,30.6,53,10.9,2.3904,0.60712,0.34385,-0.28671,"90.9",161,35.1063829787234,6.028368794326241,3.4907597535934287,5.8,-0.91,-0.1,2.29,0.324,17,"0.298480392",0.3,0.321,"-0.298480392",0.028,0.02400000000000002,0.089,0.041,30.7,,,,,,,
2033,680577,"Keirsey Jr., DaShawn",2024,2035,99.9,0.299,0.177,0.369,0.476,0.363,0.298,0.244,132,441,87.7,11.8,2228,87.9,87.96,240,955,1078,0.09999999999999432,6.25,113,146,113,149,283,316,290,"-16.667","16.667",,,503,334,89,22,7,14,116,23.1,48,9.5,2.35338,0.63478,0.28769,-0.18187,"90.7",160,36.474164133738604,2.735562310030395,1.7892644135188867,5.89,-0.47,-0.07,2.33,0.368,9,"0.819822922",0.325,0.332,"-0.819822922",0.055,0.04299999999999998,0.144,0.065,25.1,,,,,,,
2028,672463,"Lantigua, Rafael",2024,2033,99.8,0.265,0.072,0.333,0.337,0.321,0.312,0.246,117,442,86.5,6.9,2200,88.1,88.2,194,886,1142,0.10000000000000853,6.29,105,150,110,145,293,315,281,"0.789","-0.789",,,516,343,93,20,0,4,100,19.4,70,13.6,2.37358,0.611,0.35838,0.11494,"90.7",145,29.91202346041056,2.932551319648094,1.937984496124031,5.79,-0.78,0.06,2.31,0.368,10,"-0.038905325",0.353,0.329,"0.038905325",0.019,0.015000000000000013,0.008,0.009,21.9,,,,,,,
2028,694355,"Gentry, Tyler",2024,2034,99.7,0.249,0.174,0.344,0.423,0.333,0.281,0.198,106,426,88.4,9.4,2201,87.9,87.93,261,878,1150,0,6.25,107,150,118,146,295,319,284,"-3.255","3.255",,,482,278,65,24,1,16,148,30.7,52,10.8,2.38851,0.59266,0.27523,0.05627,"91.0",140,38.1294964028777,8.992805755395683,5.186721991701245,5.81,-0.79,0.13,2.24,0.336,25,"0.160502959",0.291,0.331,"-0.160502959",0.051,0.04500000000000004,0.092,0.052,29.7,,,,,,,
2019,686555,"Collins, Isaac",2024,2019,100,0.273,0.201,0.322,0.475,0.373,0.338,0.247,114,417,88.5,14.2,2167,88.5,88.61,164,792,1227,0.09999999999999432,6.28,110,146,112,147,290,319,293,"-27.126","27.126",,,498,325,65,28,7,14,96,19.3,69,13.9,2.29979,0.65219,0.4125,-0.41157,"91.7",166,39.38461538461539,5.846153846153846,3.815261044176707,5.8,-0.79,-0.02,2.29,0.384,19,"1.343536404",0.363,0.382,"-1.343536404",0.026,0.02100000000000002,0.093,0.035,20.7,,,,,,,
2015,546991,"Almora Jr., Albert",2024,2021,99.7,0.292,0.147,0.329,0.439,0.342,0.287,0.244,151,517,86.8,11,2218,87.6,87.85,212,1034,981,0.30000000000001137,6.26,106,150,114,146,301,327,294,"-5.453","5.453",,,567,441,95,45,2,9,80,14.1,41,7.2,2.48689,0.50856,0.2277,0.03491,"90.8",147,31.746031746031743,2.0408163265306123,1.5873015873015872,5.81,-1,0.1,2.26,0.347,9,"0.270620347",0.306,0.335,"-0.270620347",0.048,0.04099999999999998,0.104,0.055,20.5,,,,,,,
2011,682668,"Acuña, Luisangel",2024,2016,99.8,0.258,0.098,0.299,0.355,0.287,0.265,0.232,140,543,87.9,4.3,2204,87.4,87.45,228,1036,975,0.09999999999999432,6.28,106,150,113,146,294,317,281,"16.422","-16.422",,,581,452,107,20,6,7,95,16.4,32,5.5,2.47737,0.54702,0.27641,0.10675,"91.4",129,35.9375,3.3482142857142856,2.5817555938037864,5.9,-0.9,0.18,2.33,0.299,15,"-0.816608652",0.278,0.317,"0.816608652",0.026,0.020999999999999963,0.038,0.022,22,,,,,,,
2008,685382,"Navigato, Andrew",2024,2008,100,0.271,0.229,0.333,0.5,0.372,0.327,0.233,121,446,86.7,19.6,2216,88,87.9,275,963,1045,-0.09999999999999432,6.23,106,151,117,147,292,321,283,"-24.37","24.37",,,512,321,66,29,5,21,126,24.6,55,10.7,2.39236,0.59392,0.22747,0.07013,"90.9",166,33.22683706070288,8.945686900958465,5.46875,5.87,-0.81,0.15,2.33,0.363,28,"1.213645418",0.331,0.407,"-1.213645418",0.038,0.03199999999999997,0.093,0.045,28.6,,,,,,,
2007,642727,"Alcántara, Sergio",2024,2009,99.9,0.266,0.145,0.323,0.411,0.353,0.312,0.236,108,406,85.7,11.3,2176,88.5,88.86,168,812,1195,0.4000000000000057,6.29,110,146,110,149,291,325,299,"-15.995","15.995",,,489,318,72,21,7,8,91,18.6,78,16,2.34786,0.59852,0.43729,-0.43729,"90.2",155,24.126984126984127,1.2698412698412698,0.81799591002045,5.79,-0.96,-0.13,2.35,0.384,4,"0.796960638",0.362,0.311,"-0.796960638",0.03,0.02200000000000002,0.1,0.041,20.7,,,,,,,
2006,681962,"Capra, Vinny",2024,2006,100,0.261,0.121,0.313,0.382,0.324,0.302,0.232,112,429,87.5,12.1,2181,88.4,88.53,161,799,1207,0.09999999999999432,6.31,105,149,115,144,295,318,287,"-1.567","1.567",,,488,340,77,26,1,8,91,18.6,51,10.5,2.30674,0.64868,0.32802,0.10014,"91.2",151,36.17647058823529,5.588235294117648,3.8934426229508197,5.83,-0.77,0.1,2.24,0.346,19,"0.078115653",0.321,0.353,"-0.078115653",0.029,0.024999999999999967,0.029,0.022,20.2,,,,,,,
1990,695336,"Saggese, Thomas",2024,1993,99.8,0.25,0.187,0.292,0.437,0.324,0.3,0.237,119,476,87.8,16.8,2223,87.8,87.81,265,1061,929,0,6.23,106,150,116,145,292,321,287,"1.612","-1.612",,,524,359,73,23,3,20,121,23.1,31,5.9,2.35702,0.63912,0.21976,0.04765,"90.8",164,36.49025069637883,5.8495821727019495,4.007633587786259,5.83,-0.51,0.19,2.41,0.311,21,"-0.081005025",0.3,0.379,"0.081005025",0.013,0.01100000000000001,0.058,0.024,25,,,,,,,
1988,677941,"Adams, Jordyn",2024,2001,99.4,0.252,0.127,0.34,0.379,0.311,0.268,0.208,119,472,86.4,11,2244,88.1,88.38,303,1017,971,0.30000000000001137,6.28,104,149,109,146,303,325,288,"3.262","-3.262",,,535,331,83,22,4,10,147,27.5,51,9.5,2.46541,0.49921,0.23133,0.09844,"90.4",150,30.815709969788518,5.13595166163142,3.177570093457944,5.8,-1.11,0.14,2.34,0.326,17,"-0.164084507",0.289,0.302,"0.164084507",0.044,0.03700000000000003,0.077,0.043,29.8,,,,,,,
1984,676116,"Noda, Ryan",2024,1984,100,0.224,0.261,0.289,0.486,0.381,0.336,0.19,78,348,88.5,18.5,2217,88.5,88.85,299,819,1165,0.29999999999999716,6.31,116,144,122,150,297,329,301,"-23.369","23.369",,,446,216,33,21,2,22,134,30,88,19.7,2.33721,0.59503,0.33581,-0.17922,"91.7",147,40.46511627906977,10.69767441860465,5.15695067264574,5.74,-0.73,-0.11,2.41,0.39,23,"1.177872984",0.366,0.367,"-1.177872984",0.034,0.02400000000000002,0.119,0.045,36.5,,,,,,,
1960,687478,"Devanney, Cam",2024,1965,99.7,0.251,0.192,0.314,0.442,0.337,0.304,0.224,115,459,88.3,13.2,2211,87.5,87.61,343,1057,903,0.09999999999999432,6.21,106,150,117,146,295,319,284,"-12.393","12.393",,,518,325,67,27,2,19,136,26.3,46,8.9,2.43264,0.5743,0.2123,0.09127,"91.0",151,39.07692307692307,8,5.019305019305019,5.81,-0.9,0.08,2.35,0.332,26,"0.632295918",0.308,0.377,"-0.632295918",0.027,0.02400000000000002,0.065,0.033,32.5,,,,,,,
1959,664068,"Kingery, Scott",2024,1970,99.4,0.26,0.223,0.316,0.484,0.339,0.28,0.213,119,457,87.2,20.9,2213,88.2,88.33,315,1028,931,0.09999999999999432,6.34,106,150,112,144,294,321,286,"-5.883","5.883",,,494,322,72,17,5,25,138,27.9,34,6.9,2.30193,0.67502,0.30137,0.10691,"91.0",163,36.477987421383645,7.232704402515723,4.65587044534413,5.86,-0.85,0.12,2.35,0.31,23,"0.300306279",0.268,0.369,"-0.300306279",0.047,0.04199999999999998,0.115,0.059,30.6,,,,,,,
1956,669288,"Johnson, Daniel",2024,1956,100,0.259,0.188,0.313,0.448,0.331,0.3,0.237,117,451,89.8,14.9,2159,87.7,87.75,308,1020,936,0,6.26,113,145,113,149,289,319,291,"1.777","-1.777",,,499,328,75,20,1,21,129,25.9,36,7.2,2.4313,0.5836,0.30984,-0.28556,"91.7",152,41.15853658536585,7.926829268292683,5.210420841683367,5.81,-0.89,-0.08,2.33,0.319,26,"-0.090848671",0.302,0.375,"0.090848671",0.022,0.017000000000000015,0.073,0.031,30.2,,,,,,,
1953,681584,"Villar, David",2024,1953,100,0.26,0.181,0.328,0.441,0.349,0.313,0.213,106,408,88.2,17.9,2243,87.9,87.91,257,858,1095,0,6.23,106,150,119,146,301,328,298,"-14.202","14.202",,,480,290,64,26,0,16,124,25.8,58,12.1,2.44004,0.55979,0.27258,0.06114,"91.3",159,40,8.275862068965518,5,5.74,-0.74,0.04,2.35,0.358,24,"0.72718894",0.322,0.372,"-0.72718894",0.047,0.035999999999999976,0.069,0.036,30,,,,,,,
1936,671976,"Peters, Tristan",2024,1937,99.9,0.238,0.164,0.28,0.402,0.328,0.287,0.204,97,408,85.2,19.1,2193,87.7,87.73,225,890,1046,0,6.27,114,145,115,150,283,318,290,"-2.489","2.489",,,475,316,59,21,5,12,94,19.8,61,12.8,2.39132,0.6181,0.31039,-0.25054,"90.3",153,23.49206349206349,4.761904761904762,3.1578947368421053,5.8,-0.88,-0.13,2.36,0.341,15,"0.12856405",0.312,0.317,"-0.12856405",0.034,0.029000000000000026,0.085,0.041,25.3,,,,,,,
1934,682210,"Hoese, Kody",2024,1934,100,0.287,0.188,0.334,0.475,0.362,0.313,0.254,133,463,88.5,15,2221,87.8,87.95,228,970,964,0.10000000000000853,6.28,105,150,119,146,300,322,292,"-16.456","16.456",,,524,364,82,32,2,17,103,19.7,52,9.9,2.44901,0.55097,0.23368,0.07918,"91.0",169,38.227146814404435,4.986149584487535,3.435114503816794,5.75,-0.93,0.18,2.33,0.361,18,"0.850879007",0.333,0.369,"-0.850879007",0.033,0.02799999999999997,0.106,0.049,23.5,,,,,,,
1926,669742,"Hall, Darick",2024,1926,100,0.236,0.15,0.28,0.387,0.311,0.312,0.24,102,432,89.4,17.8,2182,88,88.01,268,946,980,0,6.3,115,146,128,151,290,323,293,"3.485","-3.485",,,486,323,69,17,0,16,111,22.8,48,9.9,2.37513,0.61838,0.34141,-0.26223,"92.1",163,44.5141065830721,5.956112852664576,3.909465020576132,5.87,-0.98,-0.13,2.39,0.317,19,"-0.180944964",0.321,0.384,"0.180944964",-0.004,-0.0040000000000000036,0.003,-0.001,28.3,,,,,,,
1920,660758,"Fabian, Sandro",2024,1920,100,0.27,0.192,0.291,0.462,0.348,0.325,0.265,121,448,86.3,13.7,2244,88.4,88.7,183,925,995,0.29999999999999716,6.33,107,151,120,147,300,322,290,"-14.962","14.962",,,500,374,71,31,2,17,76,15.2,44,8.8,2.32459,0.62263,0.26701,0.08233,"91.8",152,33.51206434316354,5.361930294906166,4,5.83,-0.69,0.14,2.39,0.342,20,"0.779270833",0.338,0.392,"-0.779270833",0.005,0.0040000000000000036,0.07,0.023,19.8,,,,,,,
1918,676551,"Hicklen, Brewer",2024,1919,99.9,0.246,0.225,0.31,0.471,0.36,0.328,0.215,102,414,89.7,15.5,2203,88.3,88.43,295,851,1067,0.10000000000000853,6.29,107,149,118,144,299,323,290,"-18.983","18.983",,,494,280,58,17,5,22,139,28.1,57,11.5,2.32266,0.65345,0.26552,0.0884,"91.9",156,42.857142857142854,9.642857142857144,5.465587044534413,5.83,-0.69,0.09,2.34,0.358,27,"0.989728884",0.333,0.407,"-0.989728884",0.031,0.024999999999999967,0.064,0.032,34.7,,,,,,,
1911,664702,"Straw, Myles",2024,1915,99.8,0.24,0.09,0.298,0.33,0.29,0.3,0.258,104,433,87.2,7.9,2224,88.7,88.72,118,801,1110,0,6.26,107,149,108,146,293,313,273,"12.589","-12.589",,,488,342,77,18,6,3,95,19.5,50,10.2,2.26108,0.66967,0.30986,0.08541,"90.3",159,32.94117647058823,0.5882352941176471,0.4098360655737705,5.92,-0.73,0.13,2.38,0.318,2,"-0.658765044",0.334,0.33,"0.658765044",-0.018,-0.016000000000000014,0,-0.01,14.7,,,,,,,
1911,670237,"Slaughter, Jake",2024,1912,99.9,0.282,0.164,0.366,0.445,0.35,0.324,0.25,124,440,88,11.2,2211,87.6,87.69,291,954,957,0.10000000000000853,6.26,106,150,119,146,296,322,287,"-14.525","14.525",,,495,313,82,27,0,15,130,26.3,42,8.5,2.44524,0.56402,0.22518,0.03547,"91.2",150,36.74121405750799,8.30670926517572,5.252525252525253,5.82,-0.63,0.17,2.29,0.356,26,"0.76007326",0.327,0.407,"-0.76007326",0.032,0.02899999999999997,0.038,0.026,30.5,,,,,,,
1891,660636,"Castillo, Diego",2024,1891,100,0.261,0.136,0.293,0.397,0.337,0.306,0.233,104,398,87.6,10.2,2246,88.1,88.13,134,693,1198,0,6.25,108,151,119,146,294,317,281,"-6.065","6.065",,,470,333,70,23,2,9,70,14.9,63,13.4,2.30806,0.67945,0.27679,0.05157,"91.1",153,30.909090909090907,3.3333333333333335,2.3404255319148937,5.9,-0.66,0.11,2.32,0.364,11,"0.320729773",0.342,0.328,"-0.320729773",0.028,0.021999999999999964,0.069,0.031,19.3,,,,,,,
1887,700242,"Sweeney, Trey",2024,1887,100,0.267,0.184,0.347,0.451,0.344,0.306,0.238,115,430,90.9,10.1,2178,88.1,88.24,244,870,1017,0.10000000000000853,6.24,114,146,118,149,291,321,297,"-14.117","14.117",,,483,303,69,28,3,15,130,26.9,46,9.5,2.40195,0.58561,0.33723,-0.28059,"92.1",161,45.51495016611295,8.305647840531561,5.175983436853002,5.81,-0.95,-0.13,2.42,0.342,25,"0.748118707",0.318,0.371,"-0.748118707",0.029,0.02400000000000002,0.08,0.038,28,,,,,,,
1877,663609,"Baker, Luken",2024,1877,100,0.231,0.303,0.228,0.535,0.37,0.336,0.222,87,376,91.1,17.7,2199,87.5,87.59,207,756,1121,0.09999999999999432,6.24,106,151,122,145,295,325,290,"-17.807","17.807",,,449,273,37,18,0,32,110,24.5,64,14.3,2.38741,0.62179,0.28357,0.0453,"92.3",167,42.124542124542124,13.91941391941392,8.463251670378618,5.83,-0.47,0.14,2.41,0.341,38,"0.948694726",0.335,0.429,"-0.948694726",0.009,0.006000000000000005,0.106,0.034,27.4,,,,,,,
1858,683770,"Robertson, Will",2024,1858,100,0.226,0.203,0.296,0.429,0.324,0.313,0.227,91,403,90.5,10.7,2167,88.1,88.26,330,919,939,0.20000000000000284,6.3,116,146,121,151,289,318,292,"-3.64","3.64",,,462,262,48,23,1,19,145,31.4,48,10.4,2.35908,0.61874,0.40647,-0.299,"92.1",151,47.10424710424711,8.108108108108109,4.545454545454546,5.85,-1.17,-0.1,2.39,0.316,21,"0.19590958",0.321,0.381,"-0.19590958",-0.001,-0.0050000000000000044,0.048,0.011,35.9,,,,,,,
1857,681198,"Rumfield, T.J.",2024,1857,100,0.292,0.169,0.326,0.461,0.359,0.335,0.265,123,421,87.7,10.5,2167,87.8,87.91,166,877,980,0.10000000000000853,6.3,114,145,121,149,285,323,295,"-13.262","13.262",,,473,346,82,26,0,15,78,16.5,42,8.9,2.43301,0.57013,0.31071,-0.27998,"91.3",157,38.01169590643275,6.140350877192982,4.439746300211417,5.78,-1,-0.17,2.46,0.364,21,"0.714162628",0.342,0.419,"-0.714162628",0.027,0.021999999999999964,0.042,0.024,18.9,,,,,,,
1847,680672,"Waddell, Luke",2024,1853,99.7,0.233,0.087,0.268,0.32,0.284,0.284,0.235,93,400,86.5,12.1,2196,88.4,88.53,138,850,997,0.09999999999999432,6.28,114,146,107,148,283,314,293,"16.891","-16.891",,,456,342,66,21,4,2,64,14,39,8.6,2.29002,0.66213,0.34943,-0.1982,"90.0",166,25.364431486880466,1.1661807580174928,0.8771929824561403,5.82,-0.69,-0.17,2.35,0.312,4,"-0.914510016",0.315,0.312,"0.914510016",-0.002,-0.0030000000000000027,0.008,0,16.2,,,,,,,
1843,664670,"Lopez, Alejo",2024,1853,99.5,0.299,0.092,0.345,0.391,0.347,0.299,0.244,120,402,81.5,10.9,2196,88.9,89.06,181,972,871,0.19999999999998863,6.31,110,145,106,147,284,313,288,"-9","9",,,463,340,93,21,2,4,64,13.8,47,10.2,2.2102,0.71128,0.39829,-0.3952,"89.2",144,14.454277286135694,1.1799410029498525,0.8639308855291578,5.83,-0.77,-0.04,2.4,0.387,4,"0.488334238",0.34,0.309,"-0.488334238",0.055,0.046999999999999986,0.082,0.048,18.6,,,,,,,
1842,519303,"Soto, Elliot",2024,1859,99.1,0.217,0.085,0.291,0.302,0.283,0.283,0.219,84,387,82.9,11,2228,88.6,88.91,224,821,1021,0.30000000000001137,6.28,105,149,111,147,301,321,285,"17.004","-17.004",,,450,279,62,15,3,4,112,24.9,57,12.7,2.40831,0.52359,0.32552,0.14944,"90.1",153,24.014336917562723,2.1505376344086025,1.3333333333333335,5.8,-0.96,0.05,2.3,0.318,6,"-0.923127036",0.321,0.291,"0.923127036",-0.002,-0.0030000000000000027,0.011,0,27.3,,,,,,,
1836,671221,"Waters, Drew",2024,1836,100,0.29,0.204,0.383,0.494,0.376,0.327,0.241,114,393,88.7,11.5,2162,87.1,87.07,280,907,929,0,6.17,113,146,113,149,289,318,289,"-23.015","23.015",,,457,277,64,33,4,13,121,26.5,53,11.6,2.46221,0.58623,0.33469,-0.33469,"91.5",142,38.90909090909091,8.727272727272728,5.25164113785558,5.8,-0.77,-0.1,2.37,0.379,24,"1.253540305",0.34,0.394,"-1.253540305",0.049,0.03899999999999998,0.1,0.049,30.9,,,,,,,
1827,669386,"Hauver, Trevor",2024,1827,100,0.246,0.178,0.347,0.425,0.345,0.313,0.221,87,353,88.9,12.7,2201,88.3,88.55,214,747,1080,0.20000000000000284,6.27,113,146,116,150,289,319,296,"-6.543","6.543",,,419,230,47,28,1,11,125,29.8,58,13.8,2.33429,0.61447,0.35979,-0.26817,"90.8",165,36.40350877192983,7.894736842105263,4.295942720763723,5.78,-0.89,-0.12,2.4,0.359,18,"0.358128079",0.339,0.352,"-0.358128079",0.025,0.019999999999999962,0.073,0.032,28.6,,,,,,,
1826,693049,"Colás, Oscar",2024,1827,99.9,0.244,0.155,0.3,0.399,0.316,0.288,0.224,98,401,89,11.2,2179,87.1,87.26,240,883,943,0.20000000000000284,6.3,113,145,118,150,285,318,292,"-2.086","2.086",,,459,301,62,21,4,11,107,23.3,47,10.2,2.50611,0.53443,0.28646,-0.26114,"92.2",147,42.333333333333336,5.666666666666666,3.7037037037037033,5.77,-0.73,-0.2,2.31,0.325,17,"0.114238773",0.308,0.334,"-0.114238773",0.02,0.017000000000000015,0.065,0.028,27.2,,,,,,,
1824,668751,"Mitchell, Cal",2024,1825,99.9,0.277,0.235,0.307,0.512,0.373,0.346,0.26,113,408,89.8,13.6,2177,88.1,88.42,201,813,1011,0.30000000000001137,6.27,115,146,117,149,297,326,302,"-12.538","12.538",,,468,318,63,26,2,22,95,20.3,55,11.8,2.42055,0.54227,0.28566,-0.24604,"91.5",165,42.586750788643535,8.832807570977918,5.982905982905983,5.69,-1.04,-0.1,2.36,0.359,28,"0.687390351",0.345,0.45,"-0.687390351",0.017,0.014000000000000012,0.062,0.027,24.7,,,,,,,
1818,679881,"Martínez, J.P.",2024,1822,99.8,0.23,0.118,0.317,0.348,0.305,0.29,0.208,86,374,86.2,12.8,2188,87.6,87.72,225,814,1004,0.10000000000000853,6.28,115,145,107,149,287,318,293,"5.548","-5.548",,,434,258,56,22,2,6,118,27.2,53,12.2,2.4303,0.597,0.27848,-0.21863,"90.8",144,36.82170542635659,6.2015503875969,3.686635944700461,5.82,-0.88,-0.08,2.34,0.332,16,"-0.305170517",0.314,0.322,"0.305170517",0.022,0.018000000000000016,0.026,0.015,27.6,,,,,,,
1815,660829,"Park, Hoy",2024,1818,99.8,0.252,0.143,0.32,0.395,0.34,0.28,0.194,90,357,84.8,12.8,2198,88.8,89.1,188,746,1069,0.29999999999999716,6.29,114,144,110,148,288,322,299,"-12.573","12.573",,,429,262,60,18,3,9,98,22.8,65,15.2,2.29036,0.61973,0.41975,-0.253,"90.2",137,25.954198473282442,2.2900763358778624,1.3986013986013985,5.68,-0.89,-0.08,2.34,0.369,6,"0.692727273",0.321,0.275,"-0.692727273",0.058,0.04799999999999999,0.12,0.06,25.2,,,,,,,
1814,671117,"Baker, Darren",2024,1825,99.4,0.283,0.056,0.358,0.34,0.307,0.288,0.257,121,427,85.7,2.9,2160,88.5,88.57,163,803,1011,0.09999999999999432,6.27,113,145,103,147,275,312,292,"0.359","-0.359",,,471,338,99,20,2,0,91,19.3,42,8.9,2.26719,0.68089,0.39023,-0.33168,"90.1",141,26.865671641791046,0.2985074626865672,0.21231422505307856,5.86,-1.1,-0.02,2.39,0.346,1,"-0.019790518",0.325,0.309,"0.019790518",0.026,0.020999999999999963,0.031,0.019,20.3,,,,,,,
1812,687859,"Johnston, Troy",2024,1815,99.8,0.275,0.149,0.327,0.424,0.333,0.318,0.265,131,476,86.8,10,2178,87.9,87.98,238,980,832,0.09999999999999432,6.26,114,146,113,149,288,319,287,"-3.215","3.215",,,525,378,86,30,4,11,100,19,37,7,2.38427,0.60117,0.35744,-0.24374,"91.1",155,32.97872340425532,4.787234042553192,3.428571428571429,5.79,-0.8,-0.08,2.35,0.339,18,"0.177428256",0.331,0.385,"-0.177428256",0.01,0.008000000000000007,0.039,0.015,24.3,,,,,,,
1808,669450,"Hummel, Cooper",2024,1808,100,0.277,0.177,0.341,0.454,0.382,0.35,0.244,97,350,89.8,12.5,2214,88.2,88.3,177,757,1051,0.09999999999999432,6.24,112,147,116,149,293,318,293,"-25.808","25.808",,,439,265,58,26,3,10,89,20.3,76,17.3,2.35988,0.60007,0.34053,-0.34053,"92.1",152,44.31372549019608,5.88235294117647,3.416856492027335,5.77,-0.53,0.02,2.42,0.415,15,"1.427433628",0.394,0.37,"-1.427433628",0.033,0.020999999999999963,0.084,0.032,23.4,,,,,,,
1804,690291,"Jung, Jace",2024,1804,100,0.258,0.203,0.305,0.461,0.366,0.344,0.234,90,349,87.7,17.3,2183,88.1,88.12,200,744,1060,0,6.25,115,145,119,150,287,322,292,"-20.604","20.604",,,430,261,50,24,1,15,95,22.1,71,16.5,2.37521,0.60052,0.36934,-0.26411,"91.4",173,36.04651162790697,8.914728682170542,5.348837209302325,5.85,-0.92,-0.15,2.31,0.38,23,"1.142128603",0.363,0.407,"-1.142128603",0.024,0.017000000000000015,0.054,0.022,26.9,,,,,,,
1804,572204,"Thompson, Trayce",2024,1804,100,0.233,0.238,0.27,0.471,0.336,0.289,0.204,88,378,89.2,19.3,2172,87.7,87.77,244,775,1029,0.09999999999999432,6.26,108,151,120,146,290,318,286,"0.224","-0.224",,,431,264,45,19,1,23,120,27.8,45,10.4,2.38875,0.60949,0.34007,0.09763,"91.7",154,36.50190114068441,9.885931558935361,6.0324825986078885,5.9,-0.9,0.16,2.38,0.313,26,"-0.012416851",0.291,0.357,"0.012416851",0.029,0.02200000000000002,0.114,0.047,31.5,,,,,,,
1803,666915,"Dalbec, Bobby",2024,1803,100,0.252,0.227,0.364,0.479,0.352,0.311,0.203,91,361,91.3,13.5,2213,87.6,87.7,311,806,997,0.10000000000000853,6.33,108,151,121,146,296,322,287,"-6.272","6.272",,,410,215,50,20,1,20,148,36.1,46,11.2,2.41359,0.62139,0.23433,0.07748,"92.4",167,49.532710280373834,14.018691588785046,7.317073170731707,5.78,-1.02,0.18,2.37,0.337,30,"0.34786467",0.296,0.412,"-0.34786467",0.049,0.041000000000000036,0.067,0.041,38.6,,,,,,,
1802,686639,"Dunn, Jack",2024,1817,99.2,0.221,0.119,0.252,0.34,0.316,0.305,0.216,78,353,85.6,13.3,2216,88.3,88.39,138,710,1092,0.10000000000000853,6.32,105,149,112,146,296,318,282,"-6.752","6.752",,,428,283,56,11,2,9,72,16.8,64,15,2.32486,0.64011,0.2654,0.0952,"90.4",145,25.177304964539005,2.8368794326241136,1.8691588785046727,5.85,-0.91,0.16,2.31,0.353,8,"0.374694784",0.35,0.306,"-0.374694784",0.005,0.0030000000000000027,0.034,0.011,19.4,,,,,,,
1800,657193,"Alvarez, Eddy",2024,1815,99.2,0.247,0.22,0.296,0.466,0.354,0.324,0.23,92,373,89.9,12.3,2181,87.4,87.46,207,747,1053,0.09999999999999432,6.35,114,144,108,148,283,317,290,"-10.843","10.843",,,438,268,47,26,1,18,109,24.9,48,11,2.43225,0.6232,0.29667,-0.27418,"91.6",165,42.04545454545455,7.954545454545454,4.794520547945205,5.78,-0.97,-0.18,2.27,0.349,21,"0.602388889",0.338,0.383,"-0.602388889",0.017,0.010999999999999954,0.083,0.03,27.7,,,,,,,
1799,694376,"Whitcomb, Shay",2024,1799,100,0.293,0.237,0.32,0.53,0.387,0.35,0.259,121,413,89.5,16.9,2270,87.9,88.18,239,850,949,0.29999999999999716,6.29,107,151,119,147,299,322,290,"-26.361","26.361",,,480,325,75,19,2,25,95,19.8,52,10.8,2.4813,0.50623,0.25499,0.1332,"92.6",148,43.53312302839117,8.832807570977918,5.833333333333333,5.8,-0.97,0.12,2.38,0.377,28,"1.465314063",0.352,0.445,"-1.465314063",0.034,0.025000000000000022,0.085,0.037,28.1,,,,,,,
1798,672012,"Black, Tyler",2024,1798,100,0.259,0.171,0.299,0.43,0.354,0.335,0.244,100,386,85.7,13.5,2168,88.4,88.48,159,804,994,0.09999999999999432,6.27,114,145,114,149,287,320,297,"-7.982","7.982",,,459,302,67,14,5,14,86,18.7,59,12.9,2.33501,0.636,0.36282,-0.28753,"90.6",158,31.893687707641195,6.64451827242525,4.357298474945534,5.82,-1.03,-0.13,2.37,0.373,20,"0.443937709",0.361,0.382,"-0.443937709",0.015,0.01200000000000001,0.048,0.019,19.8,,,,,,,
1797,656484,"Gray, Tristan",2024,1798,99.9,0.249,0.216,0.301,0.465,0.337,0.322,0.241,104,417,90.2,18.5,2187,87.9,88.06,285,900,897,0.19999999999998863,6.31,114,145,119,150,293,324,289,"-5.062","5.062",,,468,301,56,25,4,19,121,25.9,41,8.8,2.41998,0.56744,0.32908,-0.25359,"92.5",160,46.33333333333333,10.333333333333334,6.623931623931624,5.73,-0.79,-0.09,2.33,0.321,31,"0.281691708",0.314,0.422,"-0.281691708",0.008,0.007000000000000006,0.043,0.015,31.7,,,,,,,
1791,686765,"Sogard, Nick",2024,1797,99.7,0.278,0.165,0.333,0.444,0.364,0.324,0.248,101,363,86.7,14,2167,87.5,87.54,157,716,1075,0,6.31,111,146,111,148,285,317,286,"-21.449","21.449",,,433,277,68,19,1,13,90,20.8,63,14.5,2.41426,0.62341,0.33711,-0.33711,"90.5",159,28.880866425992778,3.9711191335740073,2.5404157043879905,5.81,-0.77,-0.08,2.34,0.386,11,"1.197599107",0.361,0.354,"-1.197599107",0.03,0.025000000000000022,0.09,0.04,21.9,,,,,,,
1791,680890,"Biggers, Jax",2024,1814,98.7,0.258,0.112,0.327,0.37,0.336,0.292,0.212,90,349,84.7,15.7,2249,88.8,89.1,143,714,1077,0.29999999999999716,6.3,113,146,105,150,286,317,294,"-7.692","7.692",,,429,269,61,22,4,3,87,20.3,71,16.6,2.30732,0.60536,0.32596,-0.2306,"89.8",154,19.029850746268657,1.1194029850746268,0.6993006993006993,5.78,-0.77,-0.05,2.29,0.38,3,"0.429480737",0.346,0.273,"-0.429480737",0.046,0.03400000000000003,0.097,0.044,20,,,,,,,
1781,542208,"Pérez, Carlos",2024,1781,100,0.26,0.284,0.258,0.544,0.375,0.275,0.204,106,408,85.5,19.7,2239,88.1,88.42,153,805,976,0.30000000000001137,6.32,107,151,121,146,300,328,296,"-19.166","19.166",,,467,333,48,27,4,27,80,17.1,48,10.3,2.44079,0.52417,0.28407,0.07822,"91.5",148,32.53012048192771,3.614457831325301,2.569593147751606,5.73,-0.7,0.11,2.37,0.343,12,"1.076137002",0.296,0.309,"-1.076137002",0.056,0.04700000000000004,0.235,0.1,19,,,,,,,
1780,691594,"Sanoja, Javier",2024,1789,99.5,0.284,0.142,0.289,0.426,0.336,0.28,0.244,122,430,85.6,8.5,2211,88.4,88.51,79,829,951,0.09999999999999432,6.26,106,149,107,146,295,314,274,"-6.765","6.765",,,483,407,79,31,6,6,30,6.2,44,9.1,2.29515,0.65446,0.34756,0.15489,"90.4",147,25.615763546798032,0,0,5.77,-0.85,0.09,2.33,0.348,0,"0.38005618",0.317,0.297,"-0.38005618",0.04,0.030999999999999972,0.129,0.056,9.5,,,,,,,
1774,592622,"Payton, Mark",2024,1781,99.6,0.307,0.155,0.357,0.461,0.365,0.307,0.254,127,414,87,14.1,2201,87.5,87.63,139,774,1000,0.09999999999999432,6.29,115,144,107,149,282,315,290,"-13.378","13.378",,,471,338,85,30,2,10,81,17.2,52,11,2.44073,0.5694,0.31669,-0.22451,"90.7",158,27.083333333333332,3.273809523809524,2.335456475583864,5.74,-0.76,-0.17,2.22,0.38,11,"0.754114994",0.336,0.349,"-0.754114994",0.053,0.043999999999999984,0.112,0.058,18,,,,,,,
1766,669208,"Bliss, Ryan",2024,1768,99.9,0.27,0.187,0.332,0.457,0.363,0.333,0.239,97,359,89.3,10.6,2230,88.7,88.76,249,850,916,0.09999999999999432,6.29,105,149,109,145,298,321,289,"-15.156","15.156",,,430,268,57,25,3,12,97,22.6,60,14,2.23083,0.71007,0.3433,0.07903,"91.2",163,43.656716417910445,7.462686567164178,4.651162790697675,5.84,-0.61,0.1,2.38,0.377,20,"0.858210646",0.354,0.386,"-0.858210646",0.031,0.02300000000000002,0.071,0.03,29.3,,,,,,,
1764,669087,"Huff, Sam",2024,1764,100,0.246,0.17,0.344,0.416,0.316,0.282,0.212,107,435,89.3,11.5,2245,88.3,88.51,315,939,825,0.20000000000000284,6.29,106,150,121,146,301,322,290,"4.225","-4.225",,,477,286,60,33,1,13,150,31.4,39,8.2,2.36637,0.58897,0.25694,0.11451,"91.7",153,41.25874125874126,6.993006993006993,4.1928721174004195,5.78,-0.78,0.06,2.37,0.31,20,"-0.239512472",0.28,0.357,"0.239512472",0.034,0.02999999999999997,0.059,0.034,33.5,,,,,,,
1763,663905,"Blankenhorn, Travis",2024,1765,99.9,0.239,0.261,0.268,0.5,0.351,0.313,0.216,95,398,89.3,17.9,2143,87.3,87.38,268,900,863,0.10000000000000853,6.29,115,145,120,150,287,322,294,"-9.684","9.684",,,449,283,45,22,2,26,117,26.1,40,8.9,2.47453,0.56857,0.31662,-0.2609,"92.0",162,42.44604316546763,12.589928057553957,7.795100222717149,5.87,-0.85,-0.18,2.39,0.321,35,"0.549290981",0.303,0.405,"-0.549290981",0.023,0.018000000000000016,0.095,0.038,29.8,,,,,,,
1757,680728,"Del Castillo, Adrian",2024,1758,99.9,0.31,0.293,0.33,0.602,0.42,0.378,0.283,127,410,90.4,16.5,2188,88.1,88.4,190,808,949,0.30000000000001137,6.29,115,146,118,150,296,328,303,"-37.811","37.811",,,466,332,62,36,3,26,79,17,50,10.7,2.43732,0.52349,0.33989,-0.23537,"92.5",178,47.28915662650602,11.44578313253012,8.15450643776824,5.8,-0.94,-0.14,2.31,0.391,38,"2.152020489",0.368,0.508,"-2.152020489",0.027,0.02300000000000002,0.094,0.042,23.5,,,,,,,
1750,693409,"Prieto, César",2024,1764,99.2,0.269,0.169,0.284,0.439,0.323,0.299,0.263,132,490,88.3,10.3,2192,87.6,87.68,169,1017,733,0.10000000000000853,6.24,115,146,106,150,283,319,292,"-1.034","1.034",,,521,429,80,35,3,14,63,12.1,23,4.4,2.40309,0.60452,0.3001,-0.2271,"91.3",155,36.13053613053613,4.662004662004662,3.8387715930902107,5.83,-0.52,-0.18,2.37,0.309,20,"0.059085714",0.303,0.377,"-0.059085714",0.006,0.006000000000000005,0.062,0.024,16.6,,,,,,,
1742,670148,"Mondou, Nate",2024,1749,99.6,0.265,0.139,0.33,0.404,0.338,0.303,0.238,97,366,86.1,15,2212,89.1,89.53,183,857,885,0.4000000000000057,6.3,114,147,115,150,291,321,300,"-11.809","11.809",,,434,284,64,20,8,5,89,20.5,53,12.2,2.25722,0.62795,0.36118,-0.25719,"90.0",173,27.915194346289752,2.4734982332155475,1.6129032258064515,5.72,-1.14,-0.08,2.42,0.364,7,"0.677898967",0.343,0.32,"-0.677898967",0.027,0.020999999999999963,0.084,0.035,21.4,,,,,,,
1738,623205,"Velazquez, Andrew",2024,1755,99,0.234,0.156,0.329,0.39,0.297,0.269,0.207,98,418,86.2,11.8,2165,87.7,87.82,406,989,749,0.09999999999999432,6.32,112,145,106,148,289,317,291,"11.994","-11.994",,,456,265,65,17,0,16,156,34.2,34,7.5,2.42399,0.60137,0.34574,-0.34224,"91.2",158,40.37735849056604,7.169811320754717,4.166666666666666,5.79,-0.97,-0.04,2.31,0.292,19,"-0.690103567",0.267,0.34,"0.690103567",0.027,0.024999999999999967,0.05,0.028,41.1,,,,,,,
1737,671083,"Kennedy, Buddy",2024,1737,100,0.272,0.185,0.312,0.458,0.362,0.323,0.244,106,389,89.5,16,2196,88.1,88.07,152,743,994,0,6.25,106,150,118,145,294,321,285,"-15.478","15.478",,,462,311,61,31,1,13,84,18.2,59,12.8,2.36439,0.61573,0.32927,0.09131,"91.5",154,38.961038961038966,4.220779220779221,2.813852813852814,5.85,-0.94,0.14,2.35,0.374,13,"0.891076569",0.354,0.359,"-0.891076569",0.028,0.020000000000000018,0.099,0.039,20.5,,,,,,,
1733,621458,"Ríos, Edwin",2024,1733,100,0.286,0.261,0.363,0.547,0.396,0.357,0.246,103,360,89.9,14.8,2176,87.3,87.24,281,798,935,-0.09999999999999432,6.21,117,146,123,151,290,324,296,"-28.265","28.265",,,418,245,53,28,0,22,117,28,53,12.7,2.52979,0.49895,0.23617,-0.22105,"91.8",168,41.80327868852459,14.344262295081966,8.373205741626794,5.88,-0.66,-0.21,2.35,0.38,35,"1.630986728",0.346,0.477,"-1.630986728",0.04,0.03400000000000003,0.07,0.039,35.2,,,,,,,
1733,694359,"Kavadas, Niko",2024,1733,100,0.264,0.257,0.383,0.521,0.396,0.358,0.212,81,307,92,18.8,2184,87.3,87.32,202,594,1139,0,6.32,115,145,126,150,290,324,293,"-23.754","23.754",,,383,181,40,22,0,19,130,33.9,62,16.2,2.48778,0.57417,0.30127,-0.21664,"92.3",176,53.888888888888886,17.77777777777778,8.355091383812011,5.77,-0.8,-0.17,2.39,0.399,32,"1.370686671",0.36,0.455,"-1.370686671",0.052,0.039000000000000035,0.066,0.038,34,,,,,,,
1727,695257,"Cook, Billy",2024,1727,100,0.279,0.208,0.345,0.486,0.374,0.331,0.229,102,366,88.4,20.2,2198,87.7,87.76,227,786,941,0.09999999999999432,6.23,106,150,118,146,299,321,284,"-20.996","20.996",,,428,265,61,22,3,16,104,24.3,50,11.7,2.40768,0.61035,0.30598,0.11917,"91.3",160,36.50190114068441,9.505703422053232,5.841121495327103,5.82,-0.76,0.17,2.33,0.376,25,"1.215749855",0.334,0.414,"-1.215749855",0.05,0.04199999999999998,0.072,0.043,28.9,,,,,,,
1725,678391,"Vivas, Jorbit",2024,1726,99.9,0.221,0.137,0.251,0.359,0.318,0.3,0.216,79,357,83.9,15.4,2149,87.7,87.85,202,809,916,0.09999999999999432,6.32,114,145,113,150,282,321,293,"-7.696","7.696",,,436,288,50,18,2,9,73,16.7,61,14,2.42714,0.58252,0.30494,-0.26983,"90.5",146,26.20689655172414,2.413793103448276,1.6055045871559634,5.78,-1,-0.17,2.42,0.347,7,"0.446144928",0.345,0.299,"-0.446144928",0.005,0.0020000000000000018,0.06,0.018,25,,,,,,,
1724,676632,"Madris, Bligh",2024,1724,100,0.222,0.222,0.261,0.444,0.333,0.327,0.225,81,365,89,21.1,2143,88.2,88.22,249,834,890,0,6.26,116,146,118,151,285,322,291,"-2.774","2.774",,,429,257,40,20,2,19,111,25.9,53,12.4,2.34668,0.62002,0.39101,-0.32026,"91.5",173,44.01544401544402,11.583011583011583,6.993006993006993,5.82,-0.97,-0.14,2.36,0.323,30,"0.160904872",0.327,0.419,"-0.160904872",-0.003,-0.0040000000000000036,0.025,0.006,29.9,,,,,,,
1723,681393,"Norby, Connor",2024,1723,100,0.293,0.203,0.387,0.496,0.379,0.326,0.239,111,379,87.7,15.2,2156,87.1,87.23,263,883,840,0.10000000000000853,6.28,106,149,117,145,295,317,282,"-20.653","20.653",,,440,260,69,24,1,17,123,28,53,12,2.54914,0.53774,0.28656,0.06484,"90.7",157,33.85214007782101,10.116731517509727,5.909090909090909,5.83,-0.84,0.12,2.31,0.382,26,"1.198665119",0.336,0.401,"-1.198665119",0.054,0.045999999999999985,0.095,0.053,29.8,,,,,,,
1723,665052,"Conine, Griffin",2024,1723,100,0.268,0.208,0.351,0.475,0.357,0.335,0.24,103,385,89.9,10.4,2168,87.4,87.47,304,847,876,0.09999999999999432,6.26,116,146,121,150,291,321,289,"-14.774","14.774",,,437,258,62,21,1,19,129,29.5,47,10.8,2.4582,0.56946,0.30143,-0.24304,"92.1",164,42.80155642023346,10.894941634241246,6.407322654462242,5.74,-0.8,-0.09,2.4,0.35,28,"0.857457922",0.327,0.438,"-0.857457922",0.028,0.022999999999999965,0.037,0.022,35.9,,,,,,,
1714,642197,"Westbrook, Jamie",2024,1714,100,0.277,0.173,0.311,0.45,0.356,0.329,0.251,99,358,86.8,10.7,2217,88.2,88.32,157,784,930,0.09999999999999432,6.35,108,149,119,145,293,317,283,"-8.935","8.935",,,424,292,62,24,1,12,72,17,47,11.1,2.30069,0.67556,0.26141,0.11584,"90.9",165,32.31292517006803,7.482993197278912,5.188679245283019,5.79,-0.85,0.02,2.35,0.368,22,"0.521295216",0.347,0.389,"-0.521295216",0.026,0.02100000000000002,0.061,0.027,20,,,,,,,
1711,663536,"English, Tristin",2024,1711,100,0.263,0.162,0.302,0.425,0.328,0.305,0.241,114,433,89.2,10.9,2237,87.3,87.61,220,937,774,0.29999999999999716,6.25,106,150,120,147,304,330,296,"-1.133","1.133",,,478,341,78,18,2,16,95,19.9,32,6.7,2.5276,0.48771,0.22961,0.09574,"91.4",163,37.46312684365782,5.899705014749262,4.184100418410042,5.81,-1.08,0.12,2.34,0.326,20,"0.066218586",0.308,0.38,"-0.066218586",0.022,0.018000000000000016,0.045,0.023,23.5,,,,,,,
1707,680810,"Hamilton, Quincy",2024,1711,99.8,0.246,0.22,0.292,0.465,0.353,0.284,0.191,85,346,87.8,15.1,2210,88.2,88.32,195,777,930,0.09999999999999432,6.26,115,146,117,150,291,320,294,"-12.993","12.993",,,406,255,44,21,5,15,94,23.2,54,13.3,2.38954,0.57857,0.36092,-0.26563,"91.4",156,38.4,6.800000000000001,4.1871921182266005,5.7,-0.75,-0.07,2.39,0.35,17,"0.76115993",0.306,0.312,"-0.76115993",0.055,0.043999999999999984,0.153,0.069,25.1,,,,,,,
1705,665953,"Chaparro, Andrés",2024,1705,100,0.329,0.244,0.366,0.574,0.417,0.364,0.287,132,401,89.9,14.5,2238,87.4,87.72,238,897,808,0.29999999999999716,6.29,107,151,121,146,302,329,296,"-37.759","37.759",,,454,321,81,27,1,23,82,18.1,47,10.4,2.53638,0.47254,0.20418,-0.01405,"92.5",164,45.17133956386293,9.034267912772584,6.387665198237885,5.79,-1.01,0.18,2.28,0.403,29,"2.214604106",0.366,0.47,"-2.214604106",0.042,0.03700000000000003,0.104,0.053,26.5,,,,,,,
1702,682729,"Clase, Jonatan",2024,1711,99.5,0.255,0.18,0.325,0.435,0.335,0.331,0.256,92,361,88,14.7,2163,88.2,88.26,201,784,918,0.09999999999999432,6.27,110,146,103,147,286,318,291,"-2.858","2.858",,,417,258,55,21,4,12,110,26.4,49,11.8,2.35013,0.61587,0.4115,-0.4115,"90.8",154,36.57587548638132,8.171206225680933,5.0359712230215825,5.88,-0.76,-0.06,2.32,0.338,21,"0.167920094",0.341,0.413,"-0.167920094",-0.001,-0.0030000000000000027,0.022,0.004,25.6,,,,,,,
1701,681987,"Eaton, Nate",2024,1708,99.6,0.251,0.188,0.299,0.439,0.317,0.263,0.209,107,426,85.5,17.1,2221,87.6,87.59,214,846,855,0,6.22,105,150,115,146,294,320,283,"-1.802","1.802",,,457,320,60,30,1,16,108,23.6,27,5.9,2.4236,0.58227,0.2004,0.03537,"91.2",156,32.60188087774294,5.956112852664576,4.157549234135667,5.8,-0.72,0.09,2.34,0.298,19,"0.105937684",0.26,0.331,"-0.105937684",0.042,0.03799999999999998,0.108,0.054,25.3,,,,,,,
1696,815734,"Jasso, Dylan",2024,1696,100,0.24,0.155,0.303,0.395,0.32,0.306,0.221,82,342,88.2,16.6,2287,88.6,88.46,161,688,1008,-0.09999999999999432,6.28,106,147,116,144,294,305,274,"-1.168","1.168",,,397,250,49,22,2,9,97,24.4,40,10.1,2.21063,0.74038,0.39126,0.18532,"90.9",165,38.95582329317269,6.827309236947792,4.282115869017632,5.73,-1.08,0.12,2.47,0.332,17,"0.068867925",0.319,0.363,"-0.068867925",0.019,0.013000000000000012,0.032,0.014,23.4,,,,,,,
1694,570481,"González, Erik",2024,1697,99.8,0.243,0.102,0.296,0.345,0.276,0.27,0.241,105,432,86.3,4.6,2205,87.8,87.83,226,860,834,0,6.23,107,150,115,147,295,319,282,"12.422","-12.422",,,461,341,74,24,1,6,94,20.4,24,5.2,2.40502,0.58765,0.23621,0.01896,"91.0",144,34.023668639053255,2.6627218934911245,1.9522776572668112,5.89,-0.66,0.13,2.32,0.284,9,"-0.733293979",0.284,0.322,"0.733293979",0.002,0,0.023,0.006,26.3,,,,,,,
1693,677588,"Tena, José",2024,1704,99.4,0.28,0.198,0.351,0.477,0.352,0.317,0.249,112,400,91.1,6.3,2189,87.8,87.91,265,871,822,0.10000000000000853,6.25,114,144,107,148,285,318,291,"-8.608","8.608",,,437,286,71,21,2,18,115,26.3,34,7.8,2.40223,0.5909,0.29274,-0.27637,"92.2",152,50.175438596491226,8.070175438596491,5.263157894736842,5.85,-0.8,-0.15,2.32,0.339,23,"0.508446545",0.311,0.414,"-0.508446545",0.031,0.028000000000000025,0.063,0.035,30.4,,,,,,,
1690,668723,"Vilade, Ryan",2024,1690,100,0.278,0.171,0.347,0.449,0.343,0.331,0.263,109,392,90.2,14,2218,88.4,88.37,225,838,852,0,6.25,106,151,118,147,294,321,283,"-4.697","4.697",,,440,290,70,24,2,13,108,24.5,37,8.4,2.30673,0.65116,0.25086,0.03267,"91.8",171,44.32624113475177,8.51063829787234,5.454545454545454,5.89,-0.69,0.15,2.39,0.343,24,"0.277928994",0.332,0.424,"-0.277928994",0.015,0.01100000000000001,0.025,0.012,26.8,,,,,,,
1683,656308,"Chavis, Michael",2024,1683,100,0.259,0.187,0.302,0.446,0.336,0.311,0.246,105,406,88.4,12.9,2179,87.6,87.76,245,864,819,0.20000000000000284,6.29,105,148,118,144,294,320,288,"-6.219","6.219",,,451,311,62,26,1,16,97,21.5,32,7.1,2.4155,0.61553,0.30197,0.00744,"91.7",152,35.80645161290323,7.419354838709677,5.099778270509978,5.78,-0.47,0.23,2.4,0.328,23,"0.369518717",0.317,0.386,"-0.369518717",0.013,0.01100000000000001,0.06,0.025,28.4,,,,,,,
1680,682627,"De La Cruz, Jose",2024,1680,100,0.225,0.159,0.327,0.385,0.307,0.321,0.223,89,395,89.6,12.7,2285,87.2,86.98,361,872,808,-0.20000000000000284,6.19,106,148,117,145,292,312,280,"0.642","-0.642",,,446,241,58,14,2,15,156,35,38,8.5,2.46132,0.58268,0.31884,0.09962,"92.3",149,44.398340248962654,12.863070539419086,6.950672645739911,5.8,-0.96,0.14,2.36,0.309,31,"-0.038214286",0.309,0.422,"0.038214286",0.002,0,-0.037,-0.014,41.4,,,,,,,
1679,701206,"Montero, Willy",2024,1679,100,0.244,0.111,0.299,0.355,0.294,0.275,0.226,106,434,87.1,9.7,2270,87.1,87.02,256,916,763,-0.09999999999999432,6.27,104,147,116,145,295,306,273,"11.053","-11.053",,,486,338,74,23,2,7,103,21.2,40,8.2,2.46056,0.59058,0.28795,0.07146,"91.1",149,34.82142857142857,3.869047619047619,2.674897119341564,5.72,-0.89,0.23,2.39,0.311,13,"-0.658308517",0.296,0.316,"0.658308517",0.018,0.015000000000000013,0.039,0.019,27.9,,,,,,,
1668,677956,"Hinds, Rece",2024,1668,100,0.208,0.169,0.313,0.377,0.288,0.286,0.203,79,379,89,12.3,2212,86.3,86.42,343,855,813,0.10000000000000853,6.26,106,150,118,146,296,323,289,"9.996","-9.996",,,420,222,45,18,2,14,159,37.9,36,8.6,2.6611,0.43161,0.09727,-0.11413,"92.0",144,40.27149321266968,13.574660633484163,7.142857142857142,5.88,-0.59,0.2,2.29,0.281,30,"-0.599280576",0.277,0.373,"0.599280576",0.005,0.0040000000000000036,0.004,0.002,40.1,,,,,,,
1666,641779,"Leblanc, Charles",2024,1667,99.9,0.254,0.183,0.326,0.438,0.358,0.319,0.221,86,338,86.2,16.5,2234,88,88.29,162,663,1003,0.29999999999999716,6.31,106,150,119,146,303,324,289,"-14.079","14.079",,,411,239,51,20,3,12,103,25.1,66,16.1,2.47442,0.4952,0.2775,0.151,"90.6",162,33.89121338912134,7.531380753138076,4.37956204379562,5.76,-1.21,0.19,2.36,0.377,18,"0.845078031",0.351,0.344,"-0.845078031",0.033,0.026000000000000023,0.094,0.039,24.4,,,,,,,
1665,665966,"Narváez, Carlos",2024,1665,100,0.254,0.158,0.332,0.412,0.346,0.318,0.226,85,335,89.7,14,2226,88,88.18,232,734,931,0.20000000000000284,6.32,106,150,118,145,294,322,286,"-8.681","8.681",,,402,234,54,20,0,11,105,26.1,55,13.7,2.37846,0.60209,0.22363,0.10423,"91.6",163,42.48927038626609,6.437768240343347,3.731343283582089,5.75,-0.9,0.16,2.31,0.368,15,"0.521381381",0.348,0.35,"-0.521381381",0.028,0.020000000000000018,0.062,0.028,31.6,,,,,,,
1663,669200,"McCoy, Mason",2024,1676,99.2,0.253,0.125,0.336,0.378,0.31,0.259,0.211,95,376,84.7,16.8,2239,88.6,88.98,208,764,899,0.4000000000000057,6.3,106,150,114,147,300,324,292,"1.504","-1.504",,,419,273,61,26,3,5,105,25.1,39,9.3,2.33574,0.58515,0.25508,0.08178,"89.9",160,23.44322344322344,1.098901098901099,0.7159904534606205,5.75,-0.82,0.07,2.29,0.325,3,"-0.090438966",0.288,0.279,"0.090438966",0.042,0.03700000000000003,0.099,0.051,27.2,,,,,,,
1657,666703,"Rosario, Eguy",2024,1657,100,0.263,0.268,0.29,0.531,0.38,0.318,0.227,93,354,86.8,13.4,2227,88,88.32,219,766,891,0.29999999999999716,6.24,107,151,120,146,305,328,298,"-22.31","22.31",,,412,269,44,24,4,21,88,21.4,50,12.1,2.50041,0.4615,0.22715,0.06797,"91.5",144,34.701492537313435,7.835820895522389,5.097087378640777,5.75,-0.87,0.14,2.24,0.359,21,"1.346409173",0.331,0.38,"-1.346409173",0.036,0.02799999999999997,0.151,0.062,28.6,,,,,,,
1656,699013,"Valdez, Esmerlyn",2024,1656,100,0.217,0.22,0.281,0.438,0.341,0.316,0.194,75,345,88.5,16.9,2291,87.6,87.44,257,758,898,-0.19999999999998863,6.27,105,148,117,145,293,310,283,"-5.86","5.86",,,414,218,38,17,1,19,130,31.4,55,13.3,2.38306,0.63833,0.29429,0.10501,"91.8",144,43.11926605504588,11.46788990825688,6.038647342995169,5.73,-1.06,0.17,2.41,0.341,25,"0.353864734",0.322,0.383,"-0.353864734",0.023,0.019000000000000017,0.055,0.025,33.9,,,,,,,
1655,571875,"Lamb, Jake",2024,1655,100,0.264,0.129,0.32,0.393,0.325,0.301,0.23,94,356,89.1,13.7,2200,87.8,87.82,194,770,885,0,6.21,114,145,123,150,288,323,295,"-1.412","1.412",,,411,279,63,23,1,7,84,20.4,40,9.7,2.42173,0.60616,0.2825,-0.24706,"91.2",161,42.29390681003584,4.301075268817205,2.9197080291970803,5.82,-0.93,-0.11,2.33,0.345,12,"0.085317221",0.321,0.341,"-0.085317221",0.034,0.023999999999999966,0.052,0.024,25.2,,,,,,,
1650,680837,"Fitzgerald, Ryan",2024,1667,99,0.228,0.181,0.274,0.409,0.323,0.279,0.196,82,359,87.2,16.5,2169,88.1,88.13,203,790,860,0,6.22,114,145,109,150,286,318,291,"-0.02","0.02",,,413,262,48,17,3,14,99,24,42,10.2,2.33628,0.63188,0.32876,-0.27797,"90.4",161,27.099236641221374,5.7251908396946565,3.631961259079903,5.82,-0.89,-0.07,2.33,0.324,15,"0.001212121",0.297,0.318,"-0.001212121",0.032,0.027000000000000024,0.091,0.044,25.7,,,,,,,
1650,687799,"Marlowe, Cade",2024,1656,99.6,0.23,0.162,0.325,0.392,0.32,0.298,0.195,78,339,88.1,21.3,2182,87.9,87.97,261,798,852,0.09999999999999432,6.25,114,144,108,148,290,322,296,"-0.999","0.999",,,402,213,53,8,4,13,133,33.1,52,12.9,2.4047,0.60061,0.37477,-0.15172,"90.5",160,33.33333333333333,9.389671361502346,4.975124378109453,5.84,-0.64,-0.11,2.3,0.333,20,"0.060545455",0.306,0.359,"-0.060545455",0.035,0.027000000000000024,0.033,0.022,32.7,,,,,,,
1650,685301,"Gorski, Matt",2024,1651,99.9,0.257,0.265,0.312,0.522,0.355,0.304,0.22,100,389,89.1,16.8,2239,87.2,87.26,316,847,803,0.09999999999999432,6.2,106,150,118,146,296,323,287,"-9.519","9.519",,,431,270,48,24,5,23,124,28.8,37,8.6,2.54553,0.48639,0.14254,-0.00293,"92.0",162,43.866171003717476,11.524163568773234,7.192575406032482,5.79,-0.68,0.16,2.3,0.318,31,"0.576909091",0.285,0.415,"-0.576909091",0.037,0.03300000000000003,0.107,0.051,37.3,,,,,,,
1649,664954,"Sullivan, Brett",2024,1650,99.9,0.261,0.223,0.267,0.484,0.355,0.288,0.225,103,395,85.2,22,2204,88.3,88.64,102,764,885,0.29999999999999716,6.28,115,145,115,149,294,325,302,"-6.242","6.242",,,451,339,55,25,6,17,60,13.3,48,10.6,2.40203,0.54236,0.29358,-0.21263,"90.5",160,26.331360946745562,2.9585798816568047,2.2172949002217295,5.68,-0.87,-0.13,2.4,0.344,10,"0.378532444",0.314,0.323,"-0.378532444",0.036,0.02999999999999997,0.161,0.067,13.4,,,,,,,
1649,670276,"Stevenson, Cal",2024,1659,99.4,0.301,0.187,0.355,0.487,0.393,0.361,0.273,95,316,90.3,13.7,2183,88.2,88.28,119,610,1039,0.09999999999999432,6.32,116,146,107,150,283,318,292,"-21.829","21.829",,,384,253,57,25,5,8,66,17.2,65,16.9,2.28881,0.67975,0.3512,-0.31239,"91.5",174,42.10526315789473,6.0728744939271255,3.90625,5.88,-1.2,-0.08,2.3,0.417,15,"1.323771983",0.396,0.417,"-1.323771983",0.028,0.020999999999999963,0.07,0.032,19.5,,,,,,,
1646,666211,"Trammell, Taylor",2024,1648,99.9,0.252,0.234,0.316,0.486,0.375,0.345,0.227,84,333,90.4,19.6,2155,87.6,87.75,263,763,883,0.20000000000000284,6.31,114,145,112,150,286,324,294,"-16.068","16.068",,,404,227,44,20,2,18,108,26.7,63,15.6,2.48586,0.52353,0.26032,-0.28881,"92.3",167,46.18834080717489,13.004484304932735,7.1782178217821775,5.77,-1.13,-0.13,2.33,0.379,29,"0.97618469",0.36,0.418,"-0.97618469",0.025,0.019000000000000017,0.068,0.03,34.5,,,,,,,
1644,808818,"Smith, David",2024,1647,99.8,0.179,0.096,0.24,0.275,0.305,0.313,0.187,52,291,87.7,11.1,2222,88.6,88.36,160,611,1033,-0.19999999999998863,6.2,110,145,110,146,279,307,283,"1.316","-1.316",,,384,207,33,13,3,3,89,23.2,77,20.1,2.15346,0.79287,0.57765,-0.57765,"90.4",143,30.582524271844658,4.368932038834951,2.34375,5.78,-1.11,-0.06,2.4,0.365,9,"-0.080048662",0.374,0.275,"0.080048662",-0.008,-0.009000000000000008,0,-0.008,26.2,,,,,,,
1643,570560,"Sánchez, Yolmer",2024,1647,99.8,0.22,0.169,0.267,0.389,0.324,0.306,0.221,73,332,87.5,16.7,2121,88,88.09,192,716,927,0.09999999999999432,6.29,112,146,113,148,282,317,287,"0.091","-0.091",,,393,249,38,23,3,9,84,21.4,53,13.5,2.31502,0.67094,0.4927,-0.4927,"90.7",162,32.1285140562249,4.417670682730924,2.7989821882951653,5.86,-0.85,-0.12,2.32,0.338,11,"-0.005538649",0.339,0.331,"0.005538649",-0.001,-0.0010000000000000009,0.058,0.018,26.8,,,,,,,
1637,668791,"Prato, Anthony",2024,1639,99.9,0.228,0.123,0.296,0.35,0.328,0.307,0.214,76,334,87.4,9.7,2237,88.6,88.62,146,648,989,0,6.23,107,150,117,146,296,317,280,"-7.577","7.577",,,411,250,47,20,6,3,85,20.7,67,16.3,2.25935,0.67882,0.32854,0.07206,"90.8",163,36.84210526315789,0.8097165991902834,0.48661800486618007,5.89,-0.57,0.03,2.35,0.37,2,"0.462858888",0.36,0.292,"-0.462858888",0.014,0.010000000000000009,0.058,0.021,22.5,,,,,,,
1627,670092,"Brooks, Trenton",2024,1634,99.6,0.301,0.153,0.335,0.454,0.378,0.349,0.266,98,326,88.5,17,2197,88.3,88.3,138,687,940,0,6.26,115,144,113,149,292,327,302,"-21.478","21.478",,,400,273,69,18,1,10,61,15.3,63,15.8,2.36398,0.5975,0.40346,-0.28316,"91.1",166,35.8974358974359,4.029304029304029,2.75,5.73,-0.83,-0.09,2.33,0.41,11,"1.320098341",0.384,0.396,"-1.320098341",0.035,0.025999999999999968,0.058,0.029,20.1,,,,,,,
1624,663845,"Rivas III, Alfonso",2024,1630,99.6,0.222,0.109,0.303,0.331,0.31,0.306,0.223,69,311,87.8,14.5,2185,88,88.01,183,687,937,0,6.23,112,145,115,150,284,320,293,"1.533","-1.533",,,374,221,43,21,2,3,92,24.6,49,13.1,2.31254,0.67051,0.34635,-0.2858,"90.9",147,35.74660633484163,4.524886877828054,2.6737967914438503,5.83,-0.9,-0.13,2.45,0.348,10,"-0.094396552",0.349,0.31,"0.094396552",-0.001,-0.0010000000000000009,0.021,0.004,26.6,,,,,,,
1624,702789,"Gauthier, Austin",2024,1626,99.9,0.244,0.075,0.319,0.319,0.308,0.285,0.211,88,360,87.4,3.4,2235,88.3,88.49,161,735,889,0.20000000000000284,6.28,106,150,115,147,300,319,287,"4.405","-4.405",,,421,274,67,16,4,1,86,20.4,56,13.3,2.37916,0.58451,0.29048,0.13598,"90.9",159,33.579335793357934,2.5830258302583027,1.66270783847981,5.78,-1.07,0.07,2.35,0.354,7,"-0.271243842",0.326,0.286,"0.271243842",0.033,0.02799999999999997,0.033,0.023,21.9,,,,,,,
1621,669471,"Mann, Devin",2024,1626,99.7,0.252,0.164,0.304,0.416,0.339,0.308,0.226,86,341,85.8,21.4,2226,87.6,87.61,155,686,935,0,6.21,107,151,119,145,293,320,286,"-7.074","7.074",,,397,253,56,17,0,13,90,22.7,47,11.8,2.42186,0.58162,0.20885,0.04871,"90.7",165,31.620553359683797,5.533596837944664,3.5264483627204033,5.82,-0.76,0.18,2.27,0.353,14,"0.436397286",0.33,0.352,"-0.436397286",0.026,0.022999999999999965,0.064,0.031,22.6,,,,,,,
1618,672724,"Peraza, Oswald",2024,1619,99.9,0.248,0.155,0.287,0.403,0.33,0.296,0.223,88,355,84,9.2,2211,87.4,87.55,211,742,876,0.09999999999999432,6.33,106,149,117,144,293,323,286,"-5.558","5.558",,,411,272,61,13,0,14,86,20.9,44,10.7,2.49284,0.52999,0.14704,0.06943,"91.1",129,32.08955223880597,4.477611940298507,2.9197080291970803,5.73,-1.01,0.12,2.27,0.343,12,"0.343510507",0.324,0.319,"-0.343510507",0.025,0.019000000000000017,0.084,0.034,28.4,,,,,,,
1614,605346,"López, Jack",2024,1626,99.3,0.268,0.15,0.345,0.418,0.325,0.26,0.21,102,380,83.4,8.7,2240,88.6,88.85,251,841,773,0.30000000000001137,6.28,105,150,112,147,302,324,288,"-0.054","0.054",,,420,273,72,15,3,12,111,26.4,31,7.4,2.41263,0.51824,0.29397,0.16789,"90.1",149,27.106227106227106,4.029304029304029,2.619047619047619,5.79,-1.14,-0.02,2.41,0.329,11,"0.003345725",0.277,0.301,"-0.003345725",0.058,0.05199999999999999,0.117,0.065,29.8,,,,,,,
1613,806124,"Houck, Colin",2024,1613,100,0.208,0.11,0.335,0.318,0.277,0.251,0.184,76,365,87.4,16.1,2272,87.5,87.38,250,681,932,-0.09999999999999432,6.29,106,149,116,145,294,307,278,"12.62","-12.62",,,417,217,51,15,5,5,152,36.5,39,9.4,2.36018,0.66605,0.39525,0.18142,"90.9",158,31.336405529953915,4.6082949308755765,2.3980815347721824,5.73,-1.04,0.11,2.37,0.297,10,"-0.782393056",0.278,0.264,"0.782393056",0.024,0.01899999999999996,0.054,0.026,36.7,,,,,,,
1613,682617,"Luciano, Marco",2024,1613,100,0.25,0.13,0.338,0.38,0.342,0.335,0.234,79,316,89.8,5.6,2223,87.7,87.81,204,657,956,0.09999999999999432,6.29,107,150,118,146,300,324,295,"-6.683","6.683",,,383,214,59,9,1,10,103,26.9,64,16.7,2.41441,0.58393,0.24983,0.00675,"92.3",144,47.88732394366197,8.450704225352112,4.699738903394255,5.75,-0.65,0.16,2.31,0.379,18,"0.414321141",0.366,0.375,"-0.414321141",0.016,0.013000000000000012,0.005,0.007,31.1,,,,,,,
1612,694362,"Dunn, Blake",2024,1626,99.1,0.235,0.116,0.325,0.351,0.308,0.279,0.203,83,353,86.4,14.8,2181,88.1,88.24,196,752,860,0.10000000000000853,6.29,107,150,109,146,295,320,284,"1.325","-1.325",,,407,241,58,16,2,7,113,27.8,45,11.1,2.3247,0.64766,0.29578,0.04985,"90.6",154,35,5.833333333333333,3.43980343980344,5.88,-0.64,0.13,2.37,0.334,14,"-0.08219603",0.307,0.301,"0.08219603",0.032,0.027000000000000024,0.05,0.029,26.1,,,,,,,
1605,682265,"Clarke, Wes",2024,1605,100,0.243,0.215,0.343,0.458,0.346,0.333,0.229,78,321,90.5,16.9,2206,87.9,88.02,284,699,906,0.09999999999999432,6.26,107,149,119,145,300,326,293,"-7.235","7.235",,,372,193,46,13,1,18,131,35.2,44,11.8,2.41605,0.59065,0.24284,0.04537,"92.0",178,43.523316062176164,13.471502590673575,6.989247311827956,5.79,-0.74,0.13,2.33,0.339,26,"0.450778816",0.328,0.427,"-0.450778816",0.014,0.01100000000000001,0.031,0.013,40.6,,,,,,,
1604,675659,"Jones, Greg",2024,1605,99.9,0.269,0.191,0.399,0.46,0.35,0.291,0.212,97,361,91.7,6.7,2189,87.8,88.28,316,806,798,0.5,6.28,112,147,109,149,297,323,299,"-9.665","9.665",,,405,219,62,17,2,16,143,35.3,37,9.1,2.47044,0.49747,0.31084,-0.31084,"91.9",148,48.61111111111111,9.25925925925926,4.938271604938271,5.63,-0.72,-0.09,2.36,0.346,20,"0.60255611",0.296,0.354,"-0.60255611",0.057,0.04999999999999999,0.106,0.059,39.2,,,,,,,
1597,676113,"DeLoach, Zach",2024,1597,100,0.287,0.124,0.39,0.41,0.347,0.321,0.257,102,356,87.3,9.7,2159,87.5,87.63,227,697,900,0.09999999999999432,6.3,115,145,119,150,284,317,293,"-7.716","7.716",,,411,252,72,22,2,6,107,26,48,11.7,2.43251,0.581,0.32292,-0.29521,"91.1",153,35.85657370517929,5.9760956175298805,3.64963503649635,5.76,-0.62,-0.15,2.35,0.375,15,"0.483155917",0.35,0.364,"-0.483155917",0.03,0.025000000000000022,0.046,0.026,32.6,,,,,,,
1596,813880,"Saltiban, Devin",2024,1596,100,0.238,0.192,0.281,0.43,0.342,0.313,0.209,82,344,86.1,13.4,2265,88,87.81,194,698,898,-0.20000000000000284,6.28,106,148,113,144,292,306,276,"-7.533","7.533",,,409,248,51,13,1,17,100,24.4,50,12.2,2.28613,0.71433,0.39244,0.14423,"91.0",147,34.93975903614458,9.63855421686747,5.8679706601467,5.8,-0.98,0.17,2.42,0.348,24,"0.471992481",0.326,0.367,"-0.471992481",0.029,0.021999999999999964,0.063,0.029,27.8,,,,,,,
1594,699293,"Cuevas, Yohairo",2024,1594,100,0.206,0.076,0.292,0.282,0.28,0.272,0.191,70,340,87.3,11.3,2215,87.9,87.67,219,717,877,-0.20000000000000284,6.23,114,146,116,148,282,309,288,"13.806","-13.806",,,401,237,47,21,1,1,105,26.2,54,13.5,2.29349,0.72031,0.54947,-0.5293,"91.0",148,36.016949152542374,2.9661016949152543,1.7456359102244388,5.72,-1.08,-0.22,2.4,0.322,7,"-0.866122961",0.31,0.273,"0.866122961",0.015,0.01200000000000001,0.009,0.008,30.5,,,,,,,
1589,694186,"Polanco, Shalin",2024,1592,99.8,0.188,0.153,0.252,0.341,0.271,0.257,0.185,69,367,86.5,13.3,2212,88,87.79,321,874,715,-0.20000000000000284,6.25,114,145,111,148,285,309,286,"17.488","-17.488",,,411,241,37,19,2,11,128,31.1,38,9.2,2.30351,0.69569,0.50054,-0.43916,"90.9",142,32.780082987551864,5.809128630705394,3.40632603406326,5.73,-1.22,-0.16,2.4,0.27,14,"-1.100566394",0.271,0.288,"1.100566394",0.003,-0.0010000000000000009,0.053,0.014,36.7,,,,,,,
1587,815089,"Morales, Coby",2024,1587,100,0.248,0.071,0.367,0.319,0.309,0.322,0.242,81,326,89.6,9.5,2221,88.3,88.16,202,698,889,-0.09999999999999432,6.28,113,144,120,147,283,306,285,"1.689","-1.689",,,381,214,67,9,1,4,113,29.7,47,12.3,2.23774,0.73619,0.5279,-0.47694,"91.1",166,42.05607476635514,7.009345794392523,3.937007874015748,5.7,-1.04,-0.15,2.41,0.354,15,"-0.106427221",0.349,0.364,"0.106427221",0.006,0.0050000000000000044,-0.045,-0.013,28.9,,,,,,,
1580,687208,"Hickey, Nathan",2024,1580,100,0.21,0.187,0.282,0.397,0.326,0.338,0.225,63,300,90.6,17.8,2180,87.3,87.43,202,603,977,0.10000000000000853,6.34,113,144,122,149,284,319,292,"2.446","-2.446",,,365,190,34,15,1,13,114,31.2,58,15.9,2.47116,0.59465,0.27879,-0.25645,"92.1",164,46.56084656084656,10.582010582010582,5.47945205479452,5.78,-0.93,-0.13,2.36,0.34,20,"-0.154810127",0.356,0.399,"0.154810127",-0.015,-0.01599999999999996,-0.002,-0.012,33.5,,,,,,,
1569,663604,"Lockridge, Brandon",2024,1583,99.1,0.293,0.095,0.402,0.387,0.354,0.302,0.231,96,328,89.5,4.4,2193,88.3,88.51,165,674,895,0.20000000000000284,6.32,105,150,110,147,301,321,287,"-11.889","11.889",,,387,236,71,21,2,2,92,23.8,56,14.5,2.32534,0.632,0.31605,0.12955,"91.6",148,42.241379310344826,2.586206896551724,1.550387596899225,5.76,-0.71,0.07,2.36,0.401,6,"0.757743786",0.35,0.301,"-0.757743786",0.062,0.051000000000000045,0.086,0.052,24.5,,,,,,,
1569,672478,"Diaz, Jordan",2024,1569,100,0.301,0.228,0.327,0.529,0.382,0.346,0.282,119,395,89.3,3.7,2250,87.7,88.03,214,849,720,0.29999999999999716,6.34,107,150,120,146,302,327,295,"-22.284","22.284",,,436,319,74,22,1,22,78,17.9,34,7.8,2.53495,0.45603,0.22329,0.01551,"92.2",136,42.76729559748428,6.60377358490566,4.81651376146789,5.76,-0.69,0.12,2.26,0.362,21,"1.420267686",0.346,0.444,"-1.420267686",0.019,0.016000000000000014,0.085,0.036,25.2,,,,,,,
1567,666183,"Bishop, Hunter",2024,1569,99.9,0.246,0.141,0.323,0.387,0.307,0.281,0.215,89,362,87.7,11.9,2199,88,88,244,762,805,0,6.26,113,144,114,148,294,326,303,"7.477","-7.477",,,411,257,59,18,3,9,113,27.5,34,8.3,2.40571,0.57986,0.37838,-0.33059,"91.4",149,33.984375,6.640625,4.13625304136253,5.73,-0.91,-0.1,2.37,0.316,17,"-0.477153797",0.293,0.327,"0.477153797",0.031,0.02300000000000002,0.06,0.026,32,,,,,,,
1561,687867,"Dungan, Clay",2024,1565,99.7,0.251,0.189,0.32,0.44,0.346,0.298,0.22,81,323,87.2,8.4,2190,88.2,88.45,167,684,877,0.20000000000000284,6.27,116,146,110,149,292,322,301,"-7.306","7.306",,,384,238,42,24,8,7,90,23.4,50,13,2.38479,0.57012,0.30704,-0.23221,"90.6",153,33.47457627118644,4.661016949152542,2.864583333333333,5.72,-0.95,-0.08,2.35,0.357,11,"0.468033312",0.334,0.31,"-0.468033312",0.031,0.022999999999999965,0.13,0.048,24.4,,,,,,,
1558,682119,"Jordan, Levi",2024,1558,100,0.307,0.182,0.358,0.489,0.377,0.31,0.243,108,352,86.5,7.8,2174,88.1,88.11,181,695,863,0,6.26,107,150,117,147,296,318,285,"-18.639","18.639",,,401,278,71,23,1,13,78,19.5,30,7.5,2.40565,0.56828,0.25823,0.11692,"91.0",147,34.65703971119133,5.054151624548736,3.4912718204488775,5.92,-0.74,0.09,2.27,0.382,14,"1.196341463",0.327,0.365,"-1.196341463",0.064,0.05499999999999999,0.124,0.067,26,,,,,,,
1556,675628,"Hill, Darius",2024,1562,99.6,0.262,0.089,0.317,0.352,0.296,0.276,0.232,91,347,84.5,11.9,2149,88.3,88.39,188,813,743,0.10000000000000853,6.25,114,146,108,150,279,311,289,"4.88","-4.88",,,386,283,65,23,1,2,70,18.1,31,8,2.24469,0.71714,0.40461,-0.31527,"90.3",152,26.95035460992908,2.4822695035460995,1.8134715025906734,5.91,-0.82,-0.06,2.36,0.319,7,"-0.313624679",0.298,0.308,"0.313624679",0.03,0.02100000000000002,0.044,0.02,23.1,,,,,,,
1552,595284,"Knapp, Andrew",2024,1554,99.9,0.283,0.164,0.359,0.446,0.359,0.314,0.234,95,336,87.6,14.6,2181,88,88.23,216,776,776,0.20000000000000284,6.3,112,146,117,148,292,321,296,"-8.244","8.244",,,397,247,62,21,2,10,95,23.9,51,12.8,2.39503,0.57774,0.38003,-0.38003,"90.6",161,37.24696356275304,6.0728744939271255,3.7783375314861463,5.8,-1.03,-0.09,2.37,0.378,15,"0.531185567",0.34,0.354,"-0.531185567",0.049,0.03799999999999998,0.092,0.045,27.8,,,,,,,
1546,680769,"Alexander, CJ",2024,1546,100,0.302,0.257,0.347,0.559,0.391,0.354,0.275,113,374,88.2,17.6,2165,87.6,87.6,208,792,754,0,6.19,115,145,117,150,289,322,292,"-21.333","21.333",,,411,290,61,27,6,19,85,20.7,31,7.5,2.44336,0.56402,0.31469,-0.26496,"91.7",172,42.2680412371134,10.309278350515463,7.2992700729927,5.76,-0.86,-0.04,2.4,0.361,30,"1.379883571",0.338,0.476,"-1.379883571",0.027,0.022999999999999965,0.083,0.037,26.3,,,,,,,
1536,823356,"Eeles, Payton",2024,1544,99.5,0.3,0.203,0.335,0.503,0.402,0.348,0.241,90,300,86.9,8.9,2194,88.1,88.1,103,626,910,0,6.24,114,146,105,149,278,314,289,"-23.54","23.54",,,376,247,58,14,7,11,59,15.7,53,14.1,2.25341,0.7215,0.39718,-0.23138,"90.5",152,28.163265306122447,6.122448979591836,3.9893617021276597,5.86,-0.51,-0.11,2.31,0.426,15,"1.532552083",0.382,0.384,"-1.532552083",0.059,0.043999999999999984,0.119,0.054,16.5,,,,,,,
1535,694215,"Montero, Hans",2024,1536,99.9,0.207,0.127,0.282,0.334,0.288,0.262,0.186,70,338,86.9,9.1,2284,87.9,87.77,227,686,849,-0.10000000000000853,6.26,104,147,115,145,291,303,271,"9.307","-9.307",,,389,228,48,9,5,8,112,28.8,44,11.3,2.32057,0.68036,0.31935,0.12586,"90.7",153,32.88888888888889,5.777777777777778,3.3419023136246784,5.77,-0.91,0.19,2.42,0.306,13,"-0.606319218",0.289,0.28,"0.606319218",0.021,0.017000000000000015,0.054,0.026,33.1,,,,,,,
1535,669326,"Teodosio, Bryce",2024,1546,99.3,0.274,0.144,0.37,0.418,0.328,0.245,0.191,110,402,82.9,11.2,2244,88.3,88.52,230,786,749,0.20000000000000284,6.29,104,149,112,146,303,324,289,"-3.818","3.818",,,450,289,74,19,12,5,119,26.4,35,7.8,2.42246,0.53187,0.25337,0.13808,"90.4",139,26.573426573426573,3.146853146853147,2,5.79,-1.12,0.17,2.32,0.338,9,"0.248729642",0.268,0.263,"-0.248729642",0.083,0.07,0.155,0.083,29.3,,,,,,,
1532,694661,"Tirotta, Riley",2024,1533,99.9,0.238,0.189,0.312,0.427,0.355,0.329,0.215,72,302,87.7,10.9,2204,87.6,87.72,211,620,912,0.10000000000000853,6.28,105,150,118,146,294,317,282,"-11.6","11.6",,,369,202,42,16,1,13,101,27.4,56,15.2,2.39349,0.61657,0.31241,0.03116,"91.3",151,37.62376237623762,9.405940594059405,5.149051490514905,5.83,-0.81,0.14,2.3,0.374,19,"0.757180157",0.355,0.368,"-0.757180157",0.023,0.019000000000000017,0.059,0.026,34,,,,,,,
1524,694202,"Beltre, Manuel",2024,1524,100,0.233,0.093,0.283,0.326,0.297,0.259,0.197,85,365,82.3,16.8,2247,87.8,87.63,175,745,779,-0.20000000000000284,6.25,107,148,116,145,288,303,275,"3.287","-3.287",,,420,288,63,15,2,5,79,18.8,39,9.3,2.34447,0.6586,0.36243,0.12319,"90.0",140,18.466898954703833,1.0452961672473868,0.7142857142857143,5.77,-0.84,0.12,2.32,0.329,3,"-0.215682415",0.298,0.255,"0.215682415",0.036,0.031000000000000028,0.071,0.038,23.5,,,,,,,
1523,691277,"De Los Santos, Deyvison",2024,1523,100,0.265,0.26,0.298,0.524,0.354,0.318,0.236,103,389,90.6,4.5,2220,87.7,87.81,308,877,646,0.09999999999999432,6.27,109,151,122,147,302,326,291,"-9.938","9.938",,,419,284,55,21,1,26,108,25.8,21,5,2.54297,0.45237,0.21391,0.01132,"92.7",143,41.57706093189964,11.827956989247312,7.875894988066825,5.78,-0.88,0.14,2.23,0.31,33,"0.652527905",0.284,0.454,"-0.652527905",0.029,0.026000000000000023,0.07,0.036,35.1,,,,,,,
1509,670712,"Brosseau, Mike",2024,1509,100,0.263,0.154,0.303,0.417,0.34,0.318,0.239,92,350,87.7,12.4,2204,87.9,88.02,178,718,791,0.09999999999999432,6.29,107,150,119,145,292,319,284,"-8.246","8.246",,,404,269,68,9,0,15,84,20.8,39,9.7,2.39135,0.60102,0.28452,0.0942,"91.0",154,37.07865168539326,5.2434456928838955,3.4653465346534658,5.86,-0.87,0.11,2.38,0.354,14,"0.546454606",0.337,0.37,"-0.546454606",0.024,0.01699999999999996,0.047,0.022,24.8,,,,,,,
1507,676939,"Herron, Jimmy",2024,1510,99.8,0.276,0.174,0.294,0.45,0.35,0.283,0.224,100,362,85.2,15.9,2263,88.3,88.71,121,661,846,0.4000000000000057,6.29,106,150,117,146,304,324,296,"-13.296","13.296",,,410,307,68,15,3,14,58,14.1,40,9.8,2.43202,0.5041,0.22755,0.04574,"90.3",160,25.163398692810457,2.287581699346405,1.707317073170732,5.61,-0.68,0.15,2.26,0.354,7,"0.882282681",0.309,0.315,"-0.882282681",0.052,0.044999999999999984,0.135,0.067,18.3,,,,,,,
1504,691723,"Mayo, Coby",2024,1504,100,0.287,0.275,0.338,0.562,0.392,0.352,0.253,99,345,90.7,19,2205,87.4,87.5,193,673,831,0.09999999999999432,6.29,106,150,120,145,294,321,286,"-27.557","27.557",,,388,250,51,23,3,22,97,25,38,9.8,2.48952,0.54702,0.25088,0.0764,"92.8",171,41.365461847389554,13.654618473895583,8.762886597938143,5.84,-0.84,0.12,2.3,0.361,34,"1.83224734",0.334,0.474,"-1.83224734",0.034,0.02699999999999997,0.088,0.04,28.7,,,,,,,
1499,666165,"Sabol, Blake",2024,1508,99.4,0.242,0.145,0.303,0.386,0.321,0.314,0.232,82,339,87.1,13.1,2181,88,88.12,222,735,764,0.09999999999999432,6.25,113,145,112,149,293,323,302,"1.502","-1.502",,,394,245,56,14,1,11,98,24.9,48,12.2,2.364,0.63643,0.42971,-0.31618,"90.9",166,35.65573770491803,7.786885245901639,4.822335025380711,5.78,-0.83,-0.15,2.34,0.338,19,"-0.100200133",0.329,0.377,"0.100200133",0.01,0.009000000000000008,0.009,0.007,30.2,,,,,,,
1498,682073,"Hensley, David",2024,1499,99.9,0.232,0.142,0.306,0.374,0.325,0.328,0.245,70,302,91.2,1.1,2250,88.8,89.18,105,519,979,0.4000000000000057,6.31,108,150,119,146,300,323,289,"1.826","-1.826",,,357,213,42,20,1,7,89,24.9,54,15.1,2.31961,0.58511,0.34252,0.11303,"92.6",153,49.75609756097561,5.853658536585367,3.361344537815126,5.76,-0.82,0.07,2.38,0.35,12,"-0.121895861",0.364,0.358,"0.121895861",-0.013,-0.014000000000000012,0.016,-0.003,20.2,,,,,,,
1489,671655,"Valera, George",2024,1489,100,0.248,0.204,0.3,0.452,0.341,0.315,0.225,80,323,90.5,9.7,2162,88,88.01,185,645,844,0,6.24,113,144,117,149,289,322,291,"-6.521","6.521",,,374,227,48,15,0,17,101,27,45,12,2.42209,0.55771,0.32865,-0.23248,"92.3",155,45.13274336283185,10.619469026548673,6.417112299465241,5.91,-0.73,-0.08,2.33,0.337,24,"0.437944929",0.318,0.396,"-0.437944929",0.023,0.019000000000000017,0.056,0.026,28.7,,,,,,,
1485,801938,"Owusu-Asiedu, Avery",2024,1490,99.7,0.188,0.136,0.285,0.325,0.273,0.236,0.158,58,308,86.5,20.7,2275,87.9,87.78,258,700,785,-0.10000000000000853,6.28,107,150,117,145,293,307,276,"16.115","-16.115",,,352,181,36,11,2,9,129,36.6,37,10.5,2.31142,0.68818,0.31444,0.11354,"90.8",154,35,6.111111111111111,3.125,5.8,-1.06,0.11,2.43,0.284,11,"-1.085185185",0.259,0.245,"1.085185185",0.03,0.024999999999999967,0.08,0.037,36.9,,,,,,,
1483,700932,"Manzardo, Kyle",2024,1483,100,0.267,0.281,0.276,0.548,0.401,0.38,0.254,78,292,89.2,19.6,2167,88,88.16,126,578,905,0.20000000000000284,6.32,114,144,122,149,286,320,288,"-30.591","30.591",,,362,230,37,20,1,20,67,18.5,59,16.3,2.43029,0.55164,0.29636,-0.22545,"91.9",185,45.21739130434783,12.608695652173912,8.011049723756907,5.92,-0.81,-0.14,2.33,0.395,29,"2.062778152",0.386,0.489,"-2.062778152",0.013,0.009000000000000008,0.059,0.021,21.8,,,,,,,
1483,696291,"McCants, Jordan",2024,1490,99.5,0.2,0.083,0.283,0.283,0.257,0.241,0.187,65,325,85.2,10.1,2236,88.6,88.43,199,696,787,-0.19999999999998863,6.24,111,145,104,146,272,298,283,"15","-15",,,368,222,47,12,3,3,107,29.1,34,9.2,2.12691,0.81566,0.55836,-0.46909,"89.7",145,22.07207207207207,1.8018018018018018,1.0869565217391304,5.73,-1.09,-0.04,2.36,0.283,4,"-1.01146325",0.272,0.248,"1.01146325",0.013,0.010999999999999954,0.035,0.016,28.6,,,,,,,
1482,668853,"Shenton, Austin",2024,1482,100,0.258,0.239,0.33,0.497,0.37,0.297,0.208,80,310,84.9,15.1,2167,87.3,87.46,236,668,814,0.20000000000000284,6.29,112,145,123,150,281,318,292,"-16.202","16.202",,,363,202,47,12,1,20,110,30.3,48,13.2,2.47877,0.57444,0.28943,-0.2529,"90.4",170,27.722772277227726,6.435643564356436,3.581267217630854,5.75,-0.81,-0.12,2.31,0.361,13,"1.093252362",0.318,0.339,"-1.093252362",0.05,0.04299999999999998,0.158,0.073,35.3,,,,,,,
1478,676628,"Contreras, Mark",2024,1478,100,0.199,0.112,0.274,0.311,0.284,0.299,0.214,64,322,90.2,9.7,2181,87.8,87.9,214,732,746,0.10000000000000853,6.34,113,145,114,150,282,317,291,"11.935","-11.935",,,378,220,41,15,3,5,104,27.5,45,11.9,2.36674,0.64823,0.32321,-0.27216,"91.7",154,44.23963133640553,5.529953917050691,3.1746031746031744,5.77,-0.81,-0.13,2.41,0.312,12,"-0.807510149",0.326,0.329,"0.807510149",-0.015,-0.014000000000000012,-0.018,-0.015,29.2,,,,,,,
1476,678554,"Mead, Curtis",2024,1476,100,0.288,0.192,0.316,0.481,0.361,0.296,0.229,105,364,86.5,15,2236,87.9,88,168,767,709,0.09999999999999432,6.28,107,150,119,145,288,318,285,"-12.76","12.76",,,409,304,67,19,6,13,64,15.6,28,6.8,2.39547,0.61082,0.23185,0.02348,"91.4",155,37.17105263157895,6.578947368421052,4.88997555012225,5.81,-0.84,0.12,2.41,0.357,20,"0.864498645",0.305,0.356,"-0.864498645",0.059,0.05199999999999999,0.125,0.065,21.9,,,,,,,
1471,806146,"Lombard Jr., George",2024,1471,100,0.232,0.116,0.306,0.348,0.312,0.312,0.219,72,310,88.6,12.5,2277,88.5,88.36,200,666,805,-0.09999999999999432,6.28,106,148,116,144,293,304,272,"1.112","-1.112",,,365,224,48,17,2,5,88,24.1,46,12.6,2.22719,0.73089,0.44604,0.17733,"91.0",157,35.874439461883405,6.726457399103139,4.10958904109589,5.72,-0.86,0.14,2.45,0.342,15,"-0.075594833",0.333,0.359,"0.075594833",0.013,0.009000000000000008,-0.011,0,30,,,,,,,
1470,694377,"Yorke, Nick",2024,1470,100,0.333,0.165,0.404,0.498,0.398,0.367,0.302,99,297,91.5,9.4,2234,87.3,87.39,132,634,836,0.10000000000000853,6.26,107,150,119,147,300,321,284,"-27.424","27.424",,,342,233,66,25,0,8,65,19,40,11.7,2.46805,0.59361,0.18464,0.10065,"92.0",166,48.917748917748916,5.627705627705628,3.8011695906432745,5.83,-0.68,0.15,2.34,0.416,13,"1.865578231",0.391,0.441,"-1.865578231",0.031,0.024999999999999967,0.057,0.031,20.8,,,,,,,
1470,668731,"Baddoo, Akil",2024,1472,99.9,0.237,0.181,0.313,0.417,0.331,0.316,0.228,76,321,87,16.6,2146,87.9,87.74,211,664,806,-0.20000000000000284,6.2,117,146,111,150,287,321,291,"-3.894","3.894",,,374,223,41,21,5,9,100,26.7,47,12.6,2.38879,0.60229,0.38193,-0.29211,"91.7",158,37.15596330275229,8.715596330275229,5.080213903743315,5.86,-0.86,-0.11,2.3,0.338,19,"0.264897959",0.333,0.368,"-0.264897959",0.009,0.0050000000000000044,0.049,0.015,31.8,,,,,,,
1464,695238,"Wagner, Will",2024,1467,99.8,0.31,0.13,0.333,0.44,0.384,0.349,0.263,88,284,88.6,8.3,2218,88.6,88.82,85,585,879,0.20000000000000284,6.27,115,146,116,149,289,317,292,"-24.352","24.352",,,352,252,65,15,2,6,37,10.5,59,16.8,2.33997,0.58827,0.37196,-0.28473,"91.6",154,35.77235772357724,4.471544715447155,3.125,5.77,-1.15,-0.07,2.4,0.429,11,"1.663387978",0.397,0.369,"-1.663387978",0.047,0.03199999999999997,0.071,0.035,14.5,,,,,,,
1463,686894,"Wiemer, Joey",2024,1464,99.9,0.221,0.088,0.321,0.31,0.304,0.284,0.19,65,294,87.7,9.2,2212,87.3,87.41,203,601,862,0.10000000000000853,6.27,106,149,118,145,298,323,290,"7.288","-7.288",,,352,196,46,15,1,3,98,27.8,55,15.6,2.55476,0.48293,0.16094,0.04502,"91.5",143,31.794871794871792,5.128205128205128,2.840909090909091,5.87,-0.72,0.13,2.32,0.349,10,"-0.498154477",0.324,0.282,"0.498154477",0.031,0.024999999999999967,0.028,0.02,33.8,,,,,,,
1462,669374,"Hiura, Keston",2024,1462,100,0.287,0.293,0.349,0.58,0.399,0.381,0.259,93,324,89.2,14.8,2185,88.4,88.41,251,727,735,0,6.22,106,150,120,146,297,327,291,"-23.085","23.085",,,363,218,51,15,1,26,107,29.5,34,9.4,2.33097,0.6191,0.358,0.11583,"92.2",174,45.16129032258064,17.972350230414747,10.743801652892563,5.83,-0.96,0.13,2.37,0.361,39,"1.579001368",0.336,0.556,"-1.579001368",0.028,0.024999999999999967,0.024,0.018,34.5,,,,,,,
1461,681146,"Bride, Jonah",2024,1461,100,0.267,0.187,0.298,0.454,0.38,0.345,0.247,70,262,87.2,6.5,2221,87.9,87.99,79,486,975,0.09999999999999432,6.24,107,149,119,144,296,319,279,"-19.312","19.312",,,330,209,44,14,1,11,56,17,60,18.2,2.38778,0.5956,0.28447,0.07175,"90.9",141,36.53846153846153,5.769230769230769,3.6363636363636362,5.82,-0.77,0.11,2.3,0.409,12,"1.32183436",0.394,0.36,"-1.32183436",0.02,0.014999999999999958,0.094,0.035,16.3,,,,,,,
1460,663968,"Mangum, Jake",2024,1460,100,0.317,0.126,0.373,0.442,0.347,0.298,0.267,126,398,88.8,8.1,2156,87.9,88,201,900,560,0.09999999999999432,6.29,111,147,108,148,279,314,288,"-9.117","9.117",,,428,328,89,30,1,6,73,17.1,23,5.4,2.38075,0.61113,0.32459,-0.32372,"91.2",160,39.14373088685015,2.7522935779816518,2.102803738317757,5.83,-0.67,-0.04,2.39,0.357,9,"0.624452055",0.313,0.357,"-0.624452055",0.05,0.043999999999999984,0.085,0.049,22.3,,,,,,,
1443,680716,"Ornelas, Jonathan",2024,1452,99.4,0.245,0.077,0.325,0.322,0.287,0.263,0.217,79,323,89,4.5,2258,87.9,88.09,148,586,857,0.19999999999998863,6.3,106,150,115,147,300,320,287,"9.258","-9.258",,,358,237,63,10,3,3,87,24.3,29,8.1,2.40681,0.57239,0.23702,0.04163,"91.7",135,41.201716738197426,2.575107296137339,1.675977653631285,5.77,-0.65,0.17,2.31,0.316,6,"-0.641580042",0.292,0.284,"0.641580042",0.028,0.02400000000000002,0.038,0.024,25.3,,,,,,,
1440,670351,"Rojas, Jose",2024,1441,99.9,0.244,0.294,0.246,0.538,0.375,0.343,0.231,68,279,90.1,22.3,2152,88.3,88.51,133,605,835,0.20000000000000284,6.35,113,145,117,149,289,322,293,"-16.328","16.328",,,331,212,29,17,1,21,72,21.8,45,13.6,2.32135,0.64349,0.33566,-0.30079,"92.1",176,41.9811320754717,11.320754716981133,7.250755287009064,5.78,-0.93,-0.11,2.39,0.347,24,"1.133888889",0.341,0.436,"-1.133888889",0.013,0.00599999999999995,0.102,0.032,22,,,,,,,
1432,546994,"Hinojosa, C.J.",2024,1436,99.7,0.221,0.106,0.255,0.327,0.27,0.262,0.222,77,349,85.5,15.7,2204,87.8,87.76,178,755,677,0,6.24,106,150,116,145,289,316,282,"11.699","-11.699",,,383,282,55,14,1,7,70,18.3,25,6.5,2.39323,0.61119,0.30161,0.09036,"90.2",162,23.487544483985765,0.7117437722419928,0.5221932114882507,5.78,-0.7,0.07,2.28,0.282,2,"-0.816969274",0.285,0.294,"0.816969274",-0.001,-0.0030000000000000027,0.033,0.008,23.6,,,,,,,
1431,702616,"Holliday, Jackson",2024,1432,99.9,0.268,0.208,0.337,0.475,0.395,0.356,0.228,71,265,90.3,8.5,2160,88.1,88.08,150,550,881,0,6.25,117,146,116,150,288,320,293,"-20.073","20.073",,,344,191,36,25,0,10,77,22.4,74,21.5,2.36705,0.63444,0.42652,-0.29249,"91.7",161,48.167539267015705,7.853403141361256,4.3604651162790695,5.81,-0.82,-0.17,2.37,0.427,15,"1.402725367",0.398,0.385,"-1.402725367",0.04,0.02899999999999997,0.09,0.039,27.3,,,,,,,
1430,681230,"Murray Jr., BJ",2024,1430,100,0.204,0.144,0.245,0.348,0.301,0.29,0.211,61,299,87,11.6,2124,87.7,87.78,175,625,805,0.09999999999999432,6.23,114,147,116,150,287,318,289,"4.531","-4.531",,,353,215,40,10,0,11,86,24.4,50,14.2,2.37938,0.61654,0.38138,-0.38138,"90.8",147,33.95348837209302,3.7209302325581395,2.26628895184136,5.91,-0.75,0.02,2.39,0.32,8,"-0.316853147",0.327,0.299,"0.316853147",-0.007,-0.007000000000000006,0.049,0.011,28,,,,,,,
1428,657088,"Wall, Forrest",2024,1433,99.7,0.277,0.114,0.379,0.391,0.345,0.289,0.205,80,289,86.1,10.5,2236,88.3,88.3,182,634,794,0,6.25,114,146,107,149,286,318,294,"-2.426","2.426",,,337,201,61,11,2,6,88,26.1,42,12.5,2.36107,0.592,0.3379,-0.23334,"90.1",153,27.500000000000004,4.5,2.6706231454005933,5.8,-1.03,-0.13,2.39,0.38,9,"0.169887955",0.318,0.311,"-0.169887955",0.072,0.062,0.08,0.056,28.7,,,,,,,
1425,594694,"Difo, Wilmer",2024,1431,99.6,0.274,0.129,0.342,0.403,0.34,0.293,0.229,83,303,84.3,13.8,2143,87.9,88.01,201,718,707,0.09999999999999432,6.3,110,146,108,147,282,314,287,"-6.65","6.65",,,356,229,60,14,2,7,79,22.2,44,12.4,2.38985,0.5945,0.39517,-0.39517,"89.8",149,23.893805309734514,3.0973451327433628,1.9662921348314606,5.74,-0.78,-0.02,2.29,0.368,7,"0.466666667",0.332,0.304,"-0.466666667",0.045,0.035999999999999976,0.099,0.047,28,,,,,,,
1422,670869,"Soto, Livan",2024,1438,98.9,0.27,0.103,0.322,0.373,0.332,0.312,0.254,81,300,85.3,16.1,2172,87.7,87.75,148,678,744,0.09999999999999432,6.22,113,144,107,150,284,316,290,"-1.621","1.621",,,353,243,59,17,1,4,61,17.3,45,12.7,2.40108,0.59327,0.31711,-0.23668,"89.6",158,20,1.6666666666666667,1.13314447592068,5.84,-0.69,-0.17,2.34,0.368,4,"0.113994374",0.357,0.328,"-0.113994374",0.016,0.01100000000000001,0.045,0.02,21.8,,,,,,,
1421,680862,"MacIver, Willie",2024,1423,99.9,0.297,0.233,0.366,0.53,0.39,0.323,0.239,94,317,89.4,9.6,2284,87.9,88.42,249,725,696,0.5,6.31,107,150,119,147,303,326,296,"-26.471","26.471",,,367,231,55,19,5,15,90,24.5,37,10.1,2.49977,0.46306,0.18108,0.10809,"91.5",161,40.43478260869565,6.521739130434782,4.087193460490464,5.65,-0.96,0.11,2.3,0.381,15,"1.862843068",0.335,0.391,"-1.862843068",0.058,0.045999999999999985,0.139,0.067,34.3,,,,,,,
1418,669397,"Allen, Nick",2024,1422,99.7,0.345,0.154,0.375,0.498,0.404,0.331,0.279,110,319,85.7,8.5,2217,88.4,88.81,84,621,797,0.3999999999999915,6.3,107,150,113,147,300,325,290,"-31.845","31.845",,,375,282,76,26,1,7,41,10.9,49,13.1,2.331,0.60273,0.34908,0.06944,"90.5",149,27.30496453900709,1.0638297872340425,0.8,5.73,-0.59,0.14,2.26,0.432,3,"2.245768688",0.38,0.343,"-2.245768688",0.066,0.05199999999999999,0.155,0.073,13.5,,,,,,,
1414,624417,"Brigman, Bryson",2024,1418,99.7,0.336,0.14,0.38,0.477,0.373,0.285,0.25,122,363,85.3,10.2,2240,87.9,88.19,119,692,722,0.29999999999999716,6.28,105,150,114,147,302,325,290,"-16.181","16.181",,,399,306,92,18,3,9,61,15.3,26,6.5,2.46231,0.52486,0.23122,0.02415,"90.0",140,21.49837133550489,2.2801302931596092,1.7543859649122806,5.82,-0.81,0.2,2.29,0.384,7,"1.144342291",0.308,0.328,"-1.144342291",0.086,0.07600000000000001,0.149,0.088,17.2,,,,,,,
1411,642336,"Mejía, Francisco",2024,1412,99.9,0.275,0.154,0.308,0.429,0.34,0.294,0.237,91,331,85.3,15.4,2132,87.8,87.83,170,803,608,0,6.24,110,146,114,148,290,320,293,"-4.793","4.793",,,375,271,64,14,2,11,64,17.1,38,10.1,2.39415,0.62684,0.39474,-0.3914,"90.1",154,23.247232472324722,3.3210332103321036,2.4,5.84,-0.82,-0.12,2.4,0.349,9,"0.339688164",0.317,0.334,"-0.339688164",0.038,0.03199999999999997,0.095,0.046,21.2,,,,,,,
1411,605119,"Anderson, Brian",2024,1411,100,0.237,0.127,0.305,0.365,0.306,0.307,0.229,71,299,87.3,9.2,2210,87.8,87.83,237,679,732,0,6.26,107,149,119,145,301,320,287,"8.436","-8.436",,,347,212,51,11,0,9,93,26.8,38,11,2.39274,0.6191,0.29974,0.02241,"91.0",151,33.490566037735846,7.0754716981132075,4.322766570605188,5.82,-0.33,0.08,2.38,0.326,15,"-0.597873848",0.322,0.357,"0.597873848",0.008,0.0040000000000000036,0.008,-0.001,34.9,,,,,,,
1410,692657,"Alfonzo, Omar",2024,1412,99.9,0.248,0.136,0.328,0.384,0.324,0.302,0.232,75,302,92.8,9,2261,88,87.73,147,560,850,-0.29999999999999716,6.21,114,145,117,148,282,309,291,"0.539","-0.539",,,350,212,51,15,1,8,92,26.3,43,12.3,2.30257,0.69342,0.42986,-0.34232,"93.1",136,53.301886792452834,5.188679245283019,3.1428571428571432,5.71,-1.03,-0.05,2.38,0.346,11,"-0.03822695",0.335,0.325,"0.03822695",0.016,0.010999999999999954,0.059,0.022,26.3,,,,,,,
1410,686490,"Eden, Cam",2024,1420,99.3,0.196,0.13,0.251,0.326,0.277,0.275,0.2,62,316,87.3,13.1,2220,87.8,88.01,189,676,734,0.20000000000000284,6.34,106,149,111,145,293,317,283,"11.691","-11.691",,,364,223,40,11,3,8,96,26.4,41,11.3,2.3856,0.61177,0.26845,0.11319,"90.9",144,34.82142857142857,4.464285714285714,2.7472527472527473,5.78,-0.86,0.13,2.37,0.292,10,"-0.829148936",0.296,0.31,"0.829148936",-0.004,-0.0040000000000000036,0.016,0.002,28,,,,,,,
1410,670223,"Mervis, Matt",2024,1410,100,0.235,0.199,0.301,0.434,0.332,0.282,0.193,71,302,87.8,22.5,2138,87.3,87.28,251,737,673,0,6.19,116,145,123,151,292,320,293,"-3.131","3.131",,,350,201,41,15,0,15,105,30,37,10.6,2.46457,0.56212,0.33108,-0.32906,"92.1",152,40.298507462686565,7.462686567164178,4.285714285714286,5.9,-0.74,-0.14,2.4,0.329,15,"0.222056738",0.296,0.324,"-0.222056738",0.042,0.03300000000000003,0.11,0.05,34.1,,,,,,,
1409,680911,"Miller, Owen",2024,1409,100,0.276,0.116,0.333,0.392,0.329,0.302,0.245,93,337,85.3,6.3,2218,88.1,88.16,112,669,740,0.10000000000000853,6.25,105,150,118,146,297,320,287,"-5.327","5.327",,,380,269,67,18,3,5,70,18.4,36,9.5,2.34326,0.66693,0.28537,0.07019,"90.5",153,30.597014925373134,4.104477611940299,2.8947368421052633,5.82,-0.61,0.1,2.34,0.353,11,"0.378069553",0.326,0.343,"-0.378069553",0.031,0.02699999999999997,0.049,0.027,16.7,,,,,,,
1406,676439,"Feduccia, Hunter",2024,1406,100,0.285,0.144,0.359,0.43,0.371,0.355,0.262,81,284,89.1,13,2194,88,88.13,123,564,842,0.09999999999999432,6.25,114,146,120,150,291,321,299,"-15.313","15.313",,,348,215,55,17,3,6,72,20.7,58,16.7,2.46263,0.53863,0.33226,-0.27185,"91.4",176,40.654205607476634,5.607476635514018,3.4482758620689653,5.76,-1.01,-0.13,2.29,0.408,12,"1.089118065",0.391,0.398,"-1.089118065",0.023,0.01699999999999996,0.032,0.016,21.8,,,,,,,
1405,640458,"Mercado, Óscar",2024,1407,99.9,0.219,0.184,0.229,0.403,0.307,0.296,0.232,68,310,84.7,16.4,2236,88.2,88.56,176,701,704,0.3999999999999915,6.28,106,151,116,146,300,325,292,"2.398","-2.398",,,358,257,40,11,5,12,60,16.8,35,9.8,2.42763,0.51923,0.24043,0.0385,"90.7",144,28.404669260700388,5.447470817120623,3.910614525139665,5.74,-0.95,0.21,2.31,0.304,14,"-0.170676157",0.316,0.345,"0.170676157",-0.013,-0.01200000000000001,0.058,0.011,25.1,,,,,,,
1404,675910,"Williams, Chris",2024,1405,99.9,0.221,0.239,0.283,0.461,0.348,0.293,0.186,62,280,89,24.3,2229,87.6,87.68,205,610,794,0.10000000000000853,6.27,108,151,119,146,293,318,283,"-10.387","10.387",,,333,176,29,16,0,17,106,31.8,48,14.4,2.40509,0.61044,0.25625,0.04426,"91.6",171,37.93103448275862,8.045977011494253,4.2042042042042045,5.92,-0.59,0.18,2.27,0.339,14,"0.739814815",0.312,0.331,"-0.739814815",0.035,0.027000000000000024,0.13,0.055,33.6,,,,,,,
1400,667663,"Stovall, Hunter",2024,1407,99.5,0.262,0.104,0.284,0.366,0.297,0.249,0.219,103,393,85.1,7.7,2286,88.4,88.88,131,756,644,0.5,6.34,107,149,114,146,302,323,293,"7.034","-7.034",,,423,345,77,18,1,7,50,11.8,28,6.6,2.42195,0.51285,0.24239,0.07972,"90.4",146,26.666666666666668,0.8695652173913043,0.7092198581560284,5.67,-0.8,0.09,2.28,0.31,3,"-0.502428571",0.272,0.279,"0.502428571",0.043,0.03799999999999998,0.087,0.048,17.3,,,,,,,
1400,622268,"Walton, Donovan",2024,1402,99.9,0.302,0.136,0.329,0.438,0.353,0.313,0.256,102,338,85.2,11.4,2207,88.5,88.67,119,708,692,0.20000000000000284,6.29,113,146,110,149,288,323,301,"-8.87","8.87",,,382,296,74,17,4,7,46,12,36,9.4,2.34423,0.60462,0.43946,-0.264,"90.6",154,29.39189189189189,3.040540540540541,2.356020942408377,5.74,-0.66,-0.11,2.29,0.372,9,"0.633571429",0.334,0.365,"-0.633571429",0.046,0.03799999999999998,0.073,0.04,16.8,,,,,,,
1399,676896,"Roller, Chris",2024,1403,99.7,0.199,0.154,0.326,0.353,0.277,0.225,0.162,66,331,84.4,23.8,2196,87.9,87.93,294,698,701,0,6.25,106,149,115,145,297,322,289,"19.437","-19.437",,,368,182,38,15,3,10,151,41,33,9,2.37995,0.62413,0.26097,0.13981,"90.2",165,26.923076923076923,6.593406593406594,3.260869565217391,5.83,-0.9,0.07,2.3,0.274,12,"-1.389349535",0.241,0.248,"1.389349535",0.037,0.03300000000000003,0.105,0.052,42.1,,,,,,,
1395,702332,"Durbin, Caleb",2024,1400,99.6,0.284,0.184,0.293,0.468,0.375,0.313,0.236,88,310,83.8,15.4,2211,88.3,88.44,96,599,796,0.10000000000000853,6.34,107,150,110,145,289,316,280,"-19.457","19.457",,,369,276,53,23,2,10,37,10,45,12.2,2.28439,0.67747,0.34701,0.16742,"90.7",143,25.454545454545453,3.272727272727273,2.4390243902439024,5.8,-0.89,0.22,2.26,0.39,9,"1.394767025",0.351,0.333,"-1.394767025",0.048,0.039000000000000035,0.135,0.062,16,,,,,,,
1394,681526,"Lavastida, Bryan",2024,1399,99.6,0.229,0.157,0.285,0.386,0.319,0.298,0.207,67,293,87.5,7.8,2220,87.4,87.46,181,642,752,0.09999999999999432,6.28,107,150,118,147,295,318,278,"-0.642","0.642",,,340,215,39,18,2,8,79,23.2,37,10.9,2.47872,0.54569,0.20047,0.02267,"91.1",142,36.15023474178404,8.450704225352112,5.294117647058823,5.88,-0.74,0.1,2.26,0.332,18,"0.046054519",0.315,0.339,"-0.046054519",0.022,0.017000000000000015,0.047,0.021,28.2,,,,,,,
1391,668664,"Strumpf, Chase",2024,1394,99.8,0.235,0.177,0.346,0.412,0.332,0.313,0.211,65,277,86.8,18.7,2225,87.6,87.67,222,624,767,0.10000000000000853,6.22,107,151,119,147,291,313,283,"-3.803","3.803",,,323,165,40,13,0,12,113,35,44,13.6,2.42217,0.5759,0.22921,0.06269,"90.7",163,36.96969696969697,12.121212121212121,6.191950464396285,5.87,-0.85,0.14,2.28,0.341,20,"0.273400431",0.321,0.38,"-0.273400431",0.024,0.020000000000000018,0.032,0.019,35.6,,,,,,,
1391,691023,"Walker, Jordan",2024,1391,100,0.263,0.164,0.309,0.427,0.327,0.301,0.235,90,342,91.2,8.5,2203,87.6,87.65,193,705,686,0,6.26,107,151,122,145,294,324,289,"-0.353","0.353",,,377,271,55,23,3,9,73,19.4,31,8.2,2.39595,0.61194,0.26189,0.05709,"92.9",144,44.074074074074076,9.62962962962963,6.896551724137931,5.83,-0.68,0.17,2.5,0.326,26,"0.025377426",0.304,0.376,"-0.025377426",0.028,0.02200000000000002,0.051,0.026,27.4,,,,,,,
1382,665155,"Maton, Nick",2024,1382,100,0.258,0.213,0.284,0.471,0.361,0.346,0.249,75,291,87.1,17.3,2161,87.7,87.72,158,608,774,0,6.26,116,144,114,148,287,321,290,"-12.666","12.666",,,343,224,46,12,1,16,70,20.4,44,12.8,2.45703,0.54715,0.33757,-0.28674,"91.2",159,36.607142857142854,9.375,6.122448979591836,5.82,-1.02,-0.22,2.32,0.362,21,"0.916497829",0.355,0.428,"-0.916497829",0.009,0.007000000000000006,0.043,0.015,26,,,,,,,
1378,666198,"Kieboom, Carter",2024,1379,99.9,0.266,0.121,0.323,0.387,0.336,0.298,0.227,81,305,88.1,14.7,2197,87.9,87.95,162,608,770,0.09999999999999432,6.3,105,150,118,146,297,320,285,"-9.571","9.571",,,358,236,58,16,0,7,72,20.1,46,12.8,2.35283,0.64304,0.26496,0.10367,"91.7",148,36.17021276595745,2.9787234042553195,1.9553072625698324,5.89,-0.85,0.13,2.33,0.366,7,"0.694557329",0.336,0.312,"-0.694557329",0.039,0.02999999999999997,0.075,0.038,26.6,,,,,,,
1375,677943,"Banfield, Will",2024,1375,100,0.247,0.132,0.325,0.379,0.294,0.244,0.198,84,340,87,13.8,2186,87.7,87.76,215,695,680,0.09999999999999432,6.26,106,150,120,145,297,320,281,"8.478","-8.478",,,371,240,59,14,2,9,105,28.3,24,6.5,2.41205,0.59171,0.29017,0.04532,"91.1",150,32.083333333333336,3.75,2.4258760107816713,5.75,-0.58,0.15,2.38,0.296,9,"-0.616581818",0.253,0.291,"0.616581818",0.049,0.04299999999999998,0.088,0.05,30.9,,,,,,,
1374,806263,"Winokur, Brandon",2024,1374,100,0.253,0.187,0.33,0.44,0.338,0.293,0.215,84,332,89.6,13.8,2289,87.2,86.99,261,698,676,-0.20000000000000284,6.26,106,149,117,145,293,308,275,"-2.306","2.306",,,381,228,51,17,3,13,108,28.3,34,8.9,2.4318,0.62049,0.26577,0.08997,"91.8",147,37.00440528634361,5.726872246696035,3.4120734908136483,5.76,-1.23,0.18,2.38,0.337,13,"0.16783115",0.306,0.343,"-0.16783115",0.038,0.031000000000000028,0.097,0.045,37.4,,,,,,,
1372,595453,"Wallach, Chad",2024,1373,99.9,0.248,0.183,0.324,0.431,0.336,0.301,0.206,72,290,88.4,17.2,2239,87.7,88.01,226,668,704,0.29999999999999716,6.3,106,150,120,146,304,326,291,"-3.53","3.53",,,334,197,44,15,1,12,96,28.7,35,10.5,2.5452,0.44284,0.18304,0.09135,"91.4",154,44.16243654822335,10.152284263959391,5.9880239520958085,5.81,-1.04,0.13,2.32,0.338,20,"0.25728863",0.304,0.368,"-0.25728863",0.042,0.03400000000000003,0.063,0.035,33.8,,,,,,,
1360,663731,"Kaiser, Connor",2024,1366,99.6,0.213,0.119,0.322,0.332,0.304,0.279,0.188,61,286,86.7,11.9,2282,88,88.53,262,638,722,0.5,6.34,107,151,117,146,303,325,296,"2.75","-2.75",,,340,177,41,12,2,6,110,32.4,48,14.1,2.46791,0.49024,0.21564,0.09441,"90.5",148,31.63841807909605,5.084745762711865,2.6470588235294117,5.62,-0.79,0.14,2.32,0.335,9,"-0.202205882",0.314,0.283,"0.202205882",0.025,0.02100000000000002,0.049,0.025,41.1,,,,,,,
1357,800510,"Gil, Samuel",2024,1357,100,0.229,0.064,0.298,0.293,0.284,0.263,0.201,68,297,85.7,3.6,2284,88,87.87,145,593,764,-0.09999999999999432,6.23,105,148,114,146,287,304,271,"12.133","-12.133",,,345,226,55,8,4,1,74,21.4,41,11.9,2.27533,0.71588,0.35468,0.18305,"90.4",140,29.646017699115045,0.4424778761061947,0.2898550724637681,5.79,-0.91,0.25,2.47,0.328,1,"-0.894104643",0.304,0.26,"0.894104643",0.028,0.02400000000000002,0.033,0.021,24.5,,,,,,,
1351,642201,"White, Eli",2024,1352,99.9,0.295,0.154,0.373,0.449,0.368,0.325,0.25,86,292,85.5,11.8,2204,87.9,88.18,185,662,689,0.29999999999999716,6.31,106,148,116,144,298,319,286,"-14.106","14.106",,,339,217,59,17,2,8,76,22.4,38,11.2,2.42063,0.56991,0.30893,0.09491,"90.6",148,34.10138248847927,5.0691244239631335,3.2448377581120944,5.8,-0.9,0.04,2.33,0.389,11,"1.04411547",0.351,0.369,"-1.04411547",0.045,0.038000000000000034,0.08,0.043,27.9,,,,,,,
1349,689041,"Thomas, Rhylan",2024,1360,99.2,0.272,0.099,0.288,0.371,0.304,0.26,0.23,96,353,84.7,10.5,2202,88.3,88.52,96,772,577,0.20000000000000284,6.31,111,145,104,148,279,313,292,"6.194","-6.194",,,381,319,73,17,0,6,36,9.4,26,6.8,2.27108,0.68673,0.3575,-0.28709,"89.5",160,21.630094043887148,0.3134796238244514,0.26246719160104987,5.77,-0.92,-0.06,2.43,0.32,1,"-0.45915493",0.283,0.292,"0.45915493",0.042,0.03700000000000003,0.079,0.044,12.4,,,,,,,
1347,680709,"Dunn, Nick",2024,1347,100,0.316,0.152,0.328,0.467,0.364,0.33,0.288,102,323,88.1,12.2,2180,87.9,87.91,66,566,781,0,6.23,114,145,113,148,282,318,292,"-11.428","11.428",,,361,295,72,19,3,8,33,9.1,30,8.3,2.33811,0.64746,0.35243,-0.28833,"91.4",161,34.91525423728813,2.3728813559322033,1.9390581717451523,5.8,-0.7,-0.1,2.3,0.374,7,"0.84840386",0.352,0.391,"-0.84840386",0.028,0.02200000000000002,0.076,0.034,11.7,,,,,,,
1346,814431,"Castillo, Jackson",2024,1346,100,0.256,0.148,0.307,0.404,0.352,0.335,0.238,69,270,88.2,15.6,2222,88.4,88.24,137,554,792,-0.20000000000000284,6.27,112,144,116,146,277,302,282,"-14.6","14.6",,,334,209,44,17,1,7,65,19.5,58,17.4,2.21097,0.75029,0.55911,-0.47565,"90.9",163,35.406698564593306,4.784688995215311,2.9940119760479043,5.74,-1.06,-0.05,2.42,0.386,10,"1.084695394",0.375,0.355,"-1.084695394",0.018,0.01100000000000001,0.049,0.017,24.7,,,,,,,
1344,683748,"Mesa Jr., Victor",2024,1347,99.8,0.254,0.169,0.296,0.423,0.32,0.282,0.228,84,331,87.1,12.9,2193,88.3,88.33,219,767,577,0,6.24,115,146,110,149,288,318,285,"2.414","-2.414",,,365,253,55,15,1,13,81,22.2,29,7.9,2.34182,0.6204,0.3787,-0.28,"91.0",152,32.93650793650794,5.555555555555555,3.8356164383561646,5.79,-0.85,-0.09,2.38,0.315,14,"-0.179613095",0.293,0.341,"0.179613095",0.026,0.02200000000000002,0.082,0.038,28.6,,,,,,,
1343,542364,"Ortega, Rafael",2024,1346,99.8,0.287,0.211,0.333,0.498,0.393,0.337,0.237,71,247,86.8,17.7,2184,87.8,87.93,116,536,807,0.10000000000000853,6.28,114,144,111,149,285,317,288,"-20.25","20.25",,,310,191,43,15,2,11,62,20,56,18.1,2.41071,0.58035,0.34375,-0.2391,"91.2",155,30.89005235602094,6.282722513089005,3.870967741935484,5.74,-0.78,-0.22,2.34,0.413,12,"1.507818317",0.376,0.365,"-1.507818317",0.05,0.03699999999999998,0.133,0.056,21.6,,,,,,,
1341,698933,"Hernandez, Ronald",2024,1342,99.9,0.288,0.094,0.372,0.381,0.341,0.316,0.248,86,299,86.6,10,2211,88.3,88.07,172,637,704,-0.20000000000000284,6.27,112,145,115,147,285,308,285,"-10.095","10.095",,,345,223,70,9,2,5,77,22.3,41,11.9,2.25114,0.72928,0.57075,-0.57075,"91.0",133,34.52914798206278,3.1390134529147984,2.0289855072463765,5.73,-1.18,-0.08,2.39,0.38,7,"0.752796421",0.347,0.35,"-0.752796421",0.04,0.03300000000000003,0.031,0.025,27,,,,,,,
1338,669384,"Delgado, Raynel",2024,1343,99.6,0.275,0.151,0.358,0.426,0.349,0.315,0.24,82,298,86,9.5,2177,88.2,88.24,194,673,665,0,6.25,114,144,109,150,280,318,288,"-8.731","8.731",,,340,213,57,14,2,9,85,25,38,11.2,2.36215,0.60126,0.35596,-0.26395,"90.7",151,32.3943661971831,5.633802816901409,3.5294117647058822,5.85,-0.83,-0.06,2.36,0.365,12,"0.652541106",0.334,0.371,"-0.652541106",0.035,0.030999999999999972,0.055,0.034,28.8,,,,,,,
1336,649966,"Urías, Luis",2024,1337,99.9,0.258,0.153,0.286,0.411,0.35,0.344,0.251,74,287,87,21.6,2221,88.4,88.67,128,612,724,0.29999999999999716,6.33,104,150,118,145,296,323,290,"-7.277","7.277",,,349,234,51,12,1,10,57,16.3,48,13.8,2.33116,0.61298,0.30252,0.14161,"91.2",166,34.48275862068966,6.0344827586206895,4.011461318051576,5.82,-0.71,0.07,2.34,0.376,14,"0.544685629",0.374,0.391,"-0.544685629",0.007,0.0020000000000000018,0.02,0.006,20.9,,,,,,,
1335,669743,"Call, Alex",2024,1338,99.8,0.221,0.193,0.243,0.414,0.343,0.306,0.207,55,249,87.3,18.5,2197,88.3,88.35,98,493,842,0.10000000000000853,6.29,105,149,113,145,293,317,286,"-5.124","5.124",,,308,192,30,13,1,11,60,19.5,53,17.2,2.30452,0.67292,0.284,0.12195,"90.8",166,31.25,3.6458333333333335,2.272727272727273,5.89,-0.93,0.16,2.37,0.36,7,"0.383820225",0.35,0.308,"-0.383820225",0.014,0.010000000000000009,0.106,0.037,19.9,,,,,,,
1328,493329,"Gurriel, Yuli",2024,1328,100,0.292,0.192,0.316,0.485,0.374,0.322,0.254,85,291,88.9,17.2,2232,87.7,87.83,93,545,783,0.09999999999999432,6.26,107,150,120,147,299,321,289,"-15.053","15.053",,,333,243,54,18,1,12,49,14.7,39,11.7,2.44059,0.57163,0.23706,-0.00647,"91.8",168,39.004149377593365,4.564315352697095,3.303303303303303,5.86,-0.7,0.09,2.32,0.378,11,"1.133509036",0.346,0.374,"-1.133509036",0.038,0.03200000000000003,0.111,0.052,17.1,,,,,,,
1328,668974,"Handley, Maverick",2024,1331,99.8,0.196,0.085,0.253,0.281,0.28,0.273,0.191,53,270,84,7.3,2166,88,88.07,176,617,711,0.09999999999999432,6.27,105,149,116,146,294,317,280,"10.352","-10.352",,,327,201,37,12,1,3,74,22.6,44,13.5,2.36461,0.6162,0.34805,0.11467,"90.1",137,28.000000000000004,2.5,1.529051987767584,5.78,-0.68,0.12,2.37,0.321,5,"-0.779518072",0.319,0.255,"0.779518072",0.005,0.0020000000000000018,0.026,0.007,28.5,,,,,,,
1328,700731,"Delgado, Keiner",2024,1330,99.8,0.231,0.121,0.286,0.352,0.3,0.259,0.195,74,321,86.4,15.9,2217,88.1,87.8,191,644,684,-0.29999999999999716,6.24,113,146,107,149,286,309,283,"2.125","-2.125",,,362,239,53,11,2,8,82,22.7,31,8.6,2.23244,0.75688,0.56263,-0.56263,"90.6",136,26.582278481012654,2.109704641350211,1.3812154696132597,5.75,-1.11,-0.01,2.31,0.318,5,"-0.16001506",0.286,0.274,"0.16001506",0.036,0.03200000000000003,0.078,0.041,29.7,,,,,,,
1326,682641,"Matos, Luis",2024,1328,99.8,0.252,0.196,0.243,0.448,0.333,0.309,0.248,82,326,88,21,2238,87.7,87.69,98,681,645,0,6.29,104,150,118,145,299,324,296,"0.842","-0.842",,,373,294,46,22,0,14,40,10.7,28,7.5,2.38934,0.62014,0.29401,0.05683,"91.6",159,35.374149659863946,3.741496598639456,2.949061662198391,5.75,-0.59,0.25,2.29,0.324,11,"-0.063499246",0.328,0.362,"0.063499246",0.004,-0.0040000000000000036,0.086,0.024,14.4,,,,,,,
1320,681370,"Haskin, Hudson",2024,1328,99.4,0.216,0.089,0.307,0.305,0.303,0.283,0.188,58,269,85.1,14.2,2197,88.2,88.33,172,573,747,0.09999999999999432,6.28,104,149,113,144,296,317,281,"3.932","-3.932",,,327,180,43,10,1,4,91,27.8,43,13.1,2.32111,0.63743,0.3409,0.07017,"90.3",140,25.842696629213485,3.3707865168539324,1.834862385321101,5.8,-0.76,0.06,2.37,0.349,6,"-0.297878788",0.327,0.269,"0.297878788",0.028,0.021999999999999964,0.036,0.02,30,,,,,,,
1316,665856,"Camargo, Jair",2024,1316,100,0.219,0.19,0.278,0.408,0.305,0.288,0.205,67,306,89.3,13.6,2249,87.2,87.16,244,651,665,0,6.21,107,150,120,146,297,317,282,"5.45","-5.45",,,340,207,36,17,1,13,101,29.7,25,7.4,2.51071,0.53687,0.18331,-0.01703,"91.8",145,32.367149758454104,10.144927536231885,6.176470588235294,5.93,-0.56,0.13,2.3,0.291,21,"-0.414133739",0.279,0.375,"0.414133739",0.014,0.011999999999999955,0.033,0.017,37.5,,,,,,,
1315,656024,"Pérez, Carlos",2024,1316,99.9,0.273,0.157,0.278,0.43,0.319,0.253,0.227,101,370,84.4,18.1,2211,87.6,87.71,105,674,641,0.10000000000000853,6.31,105,149,119,144,289,316,284,"-1.83","1.83",,,396,332,68,20,1,12,42,10.6,19,4.8,2.43836,0.56884,0.27983,0.03762,"90.9",138,25.6797583081571,1.812688821752266,1.5151515151515151,5.77,-0.72,0.24,2.32,0.311,6,"0.139163498",0.272,0.292,"-0.139163498",0.046,0.03899999999999998,0.138,0.066,15.6,,,,,,,
1313,678489,"Barrosa, Jorge",2024,1318,99.6,0.267,0.153,0.31,0.42,0.342,0.289,0.223,75,281,87.1,11.1,2158,87.6,87.88,120,584,729,0.30000000000001137,6.26,111,146,108,148,293,324,298,"-4.57","4.57",,,324,224,49,17,1,8,59,18.2,38,11.7,2.43027,0.57265,0.39533,-0.39362,"91.2",143,30.76923076923077,2.262443438914027,1.5432098765432098,5.79,-0.89,-0.04,2.26,0.358,5,"0.348057883",0.321,0.31,"-0.348057883",0.044,0.03699999999999998,0.11,0.053,20.5,,,,,,,
1305,657709,"Papierski, Michael",2024,1306,99.9,0.242,0.13,0.292,0.372,0.326,0.302,0.231,67,277,83.1,13.9,2177,88.1,88.22,113,565,740,0.10000000000000853,6.26,112,146,119,148,289,320,293,"1.212","-1.212",,,334,215,43,18,0,6,67,20.1,48,14.4,2.35829,0.65332,0.41076,-0.41076,"90.3",146,27.570093457943923,2.336448598130841,1.4970059880239521,5.78,-0.71,-0.1,2.44,0.356,5,"-0.092873563",0.35,0.3,"0.092873563",0.011,0.006000000000000005,0.072,0.024,20,,,,,,,
1304,669137,"Alvarez, Armando",2024,1304,100,0.315,0.245,0.359,0.56,0.413,0.336,0.25,86,273,89.8,13.7,2218,88.2,88.66,105,541,763,0.5,6.33,106,150,119,147,303,329,296,"-27.364","27.364",,,316,213,50,20,1,15,61,19.3,40,12.7,2.39419,0.55183,0.30058,0.02454,"91.4",176,43.1924882629108,7.042253521126761,4.746835443037975,5.73,-0.38,0.15,2.29,0.405,15,"2.098466258",0.35,0.405,"-2.098466258",0.065,0.05500000000000005,0.155,0.077,19.4,,,,,,,
1303,642215,"Wilson, Weston",2024,1305,99.8,0.237,0.248,0.253,0.485,0.351,0.301,0.207,62,262,88.7,18.5,2214,87.8,87.91,155,563,740,0.10000000000000853,6.33,106,150,118,144,295,322,287,"-6.689","6.689",,,310,192,33,11,0,18,76,24.5,41,13.2,2.37446,0.61525,0.31404,0.01861,"91.3",148,36.17021276595745,6.914893617021277,4.193548387096775,5.9,-0.63,0.12,2.28,0.335,13,"0.513353799",0.316,0.343,"-0.513353799",0.03,0.019000000000000017,0.142,0.05,27.5,,,,,,,
1300,805951,"Baro, Boston",2024,1300,100,0.298,0.119,0.35,0.417,0.348,0.316,0.263,88,295,85.3,9.2,2215,88.2,88.03,106,537,763,-0.20000000000000284,6.27,115,146,110,150,280,306,286,"-9.11","9.11",,,338,244,65,15,4,4,55,16.3,37,10.9,2.24141,0.73686,0.59253,-0.53602,"90.1",158,21.810699588477366,2.880658436213992,2.0710059171597637,5.71,-1.02,-0.24,2.37,0.376,7,"0.700769231",0.347,0.356,"-0.700769231",0.035,0.029000000000000026,0.061,0.032,19.7,,,,,,,
1293,686948,"Baldwin, Drake",2024,1293,100,0.298,0.185,0.327,0.484,0.387,0.405,0.304,82,275,92.8,7.7,2165,87.8,87.92,135,590,703,0.10000000000000853,6.3,113,144,120,149,292,321,296,"-18.062","18.062",,,334,226,56,13,1,12,54,16.2,52,15.6,2.415,0.58602,0.27738,-0.2064,"92.9",159,53.09734513274337,10.619469026548673,7.18562874251497,5.82,-0.79,-0.06,2.39,0.407,24,"1.396906419",0.417,0.508,"-1.396906419",-0.006,-0.010000000000000009,-0.024,-0.018,22.9,,,,,,,
1291,699082,"Aponte, Yhoangel",2024,1291,100,0.196,0.13,0.276,0.326,0.289,0.294,0.204,53,270,88,9.2,2276,88,87.81,178,552,739,-0.20000000000000284,6.22,105,148,117,144,292,307,276,"5.603","-5.603",,,318,176,32,13,2,6,96,30.2,35,11,2.32119,0.66753,0.36821,0.1632,"91.3",148,42.285714285714285,8,4.40251572327044,5.76,-1.1,0.18,2.37,0.311,14,"-0.434004648",0.319,0.323,"0.434004648",-0.008,-0.008000000000000007,0.003,-0.005,32.2,,,,,,,
1285,656666,"Lugbauer, Drew",2024,1285,100,0.206,0.202,0.306,0.408,0.3,0.292,0.19,59,287,90.5,11,2212,87.4,87.55,290,670,615,0.09999999999999432,6.26,114,145,124,150,296,326,298,"10.192","-10.192",,,322,159,31,13,0,15,131,40.7,31,9.6,2.53721,0.47512,0.27095,-0.20344,"91.8",149,44.65408805031446,15.09433962264151,7.453416149068323,5.74,-1.04,-0.09,2.42,0.283,24,"-0.793151751",0.271,0.388,"0.793151751",0.016,0.011999999999999955,0.02,0.008,43.3,,,,,,,
1285,805796,"Nimmala, Arjun",2024,1285,100,0.224,0.231,0.296,0.454,0.324,0.261,0.184,66,295,88.7,20.7,2297,87.5,87.28,189,599,686,-0.20000000000000284,6.21,105,149,117,145,288,303,274,"-1.618","1.618",,,330,192,30,17,6,13,105,31.8,25,7.6,2.42313,0.60259,0.30405,0.108,"91.5",165,40.625,7.291666666666667,4.242424242424243,5.78,-1.13,0.14,2.37,0.3,14,"0.125914397",0.265,0.318,"-0.125914397",0.04,0.034999999999999976,0.136,0.063,31.6,,,,,,,
1282,673995,"Wendzel, Davis",2024,1282,100,0.266,0.144,0.299,0.41,0.337,0.294,0.232,74,278,84.7,18.9,2248,88,88.31,137,599,683,0.29999999999999716,6.3,106,151,119,147,297,321,291,"-4.866","4.866",,,322,229,50,16,0,8,53,16.5,32,9.9,2.4208,0.54584,0.19121,0.02349,"90.8",158,28.38427947598253,2.6200873362445414,1.8633540372670807,5.86,-0.49,0.14,2.31,0.354,6,"0.379563183",0.324,0.322,"-0.379563183",0.034,0.02999999999999997,0.088,0.043,22.9,,,,,,,
1280,805102,"Chourio, Byron",2024,1282,99.8,0.212,0.073,0.292,0.285,0.251,0.225,0.187,64,302,82.7,12,2214,88.5,88.24,187,651,629,-0.29999999999999716,6.22,110,144,109,145,280,303,281,"19.802","-19.802",,,337,214,51,6,5,2,94,27.9,27,8,2.15812,0.8002,0.61023,-0.61023,"89.3",140,13.551401869158877,0.46728971962616817,0.2967359050445104,5.79,-1.16,-0.07,2.43,0.276,1,"-1.54703125",0.254,0.231,"1.54703125",0.025,0.02200000000000002,0.054,0.026,28.7,,,,,,,
1279,692478,"Arias, Victor",2024,1281,99.8,0.278,0.177,0.345,0.455,0.368,0.313,0.227,77,277,89,5.7,2220,88.2,87.98,173,559,720,-0.20000000000000284,6.23,114,145,110,148,280,304,283,"-22.568","22.568",,,328,208,47,19,3,8,71,21.6,35,10.7,2.26258,0.71549,0.51476,-0.42921,"92.0",136,42.30769230769231,8.173076923076923,5.182926829268292,5.77,-1.04,-0.31,2.37,0.384,17,"1.764503518",0.342,0.347,"-1.764503518",0.051,0.04199999999999998,0.108,0.055,30.9,,,,,,,
1279,669722,"Davidson, Logan",2024,1279,100,0.3,0.235,0.414,0.535,0.38,0.306,0.23,93,310,89.8,15.8,2221,88.1,88.4,238,674,605,0.30000000000001137,6.32,113,146,118,149,299,329,300,"-17.884","17.884",,,342,205,52,23,4,14,108,31.6,22,6.4,2.42313,0.53737,0.25205,-0.25205,"91.5",151,39.21568627450981,10.784313725490197,6.432748538011696,5.7,-0.83,0.03,2.42,0.357,22,"1.398279906",0.297,0.391,"-1.398279906",0.07,0.06,0.144,0.074,35.3,,,,,,,
1272,669369,"Johnson, Bryce",2024,1281,99.3,0.281,0.146,0.356,0.427,0.368,0.321,0.237,71,253,86.4,11,2166,88.2,88.67,108,515,757,0.5,6.32,110,146,108,148,295,326,299,"-10.436","10.436",,,310,192,47,15,5,4,64,20.6,43,13.9,2.38349,0.56458,0.36666,-0.36666,"90.5",145,31.25,2.083333333333333,1.2903225806451613,5.73,-0.91,-0.07,2.38,0.403,4,"0.820440252",0.371,0.317,"-0.820440252",0.044,0.03200000000000003,0.11,0.047,21,,,,,,,
1271,669256,"Solak, Nick",2024,1273,99.8,0.306,0.136,0.346,0.442,0.372,0.36,0.281,90,294,89,6.6,2225,88.5,88.68,111,555,716,0.20000000000000284,6.31,106,149,116,146,298,322,288,"-23.487","23.487",,,344,243,68,13,0,9,53,15.4,40,11.6,2.28124,0.66407,0.33795,0.0765,"91.9",147,42.79835390946502,6.995884773662551,4.941860465116279,5.81,-0.52,0.11,2.28,0.401,17,"1.847915028",0.384,0.416,"-1.847915028",0.025,0.017000000000000015,0.026,0.012,20,,,,,,,
1268,506702,"León, Sandy",2024,1273,99.6,0.182,0.081,0.255,0.263,0.28,0.262,0.16,43,236,82.7,19.2,2202,88.5,88.6,152,495,773,0.09999999999999432,6.27,111,146,120,148,288,316,291,"6.472","-6.472",,,292,154,34,4,0,5,85,29.1,51,17.5,2.24814,0.70455,0.38056,-0.37764,"89.7",148,15.584415584415584,3.896103896103896,2.054794520547945,5.82,-0.87,-0.11,2.47,0.329,6,"-0.510410095",0.312,0.226,"0.510410095",0.022,0.017000000000000015,0.037,0.018,30.7,,,,,,,
1264,660766,"Yepez, Juan",2024,1264,100,0.263,0.175,0.276,0.438,0.348,0.33,0.248,72,274,87.1,16.8,2223,88.2,88.27,117,589,675,0.09999999999999432,6.3,106,150,120,146,293,319,285,"-7.968","7.968",,,319,232,46,15,0,11,45,14.1,40,12.5,2.32312,0.65554,0.23568,0.11519,"90.9",155,31.16883116883117,7.792207792207792,5.6426332288401255,5.91,-0.93,0.22,2.38,0.357,18,"0.630379747",0.347,0.394,"-0.630379747",0.015,0.010000000000000009,0.044,0.018,19.9,,,,,,,
1264,691922,"Rivas, Javier",2024,1269,99.6,0.219,0.171,0.299,0.389,0.292,0.272,0.201,73,334,89,7.7,2312,87.5,87.33,251,687,577,-0.20000000000000284,6.24,105,149,115,145,294,308,279,"12.176","-12.176",,,362,216,41,19,1,12,118,32.6,16,4.4,2.38875,0.63983,0.2844,0.04559,"91.9",128,44.651162790697676,9.30232558139535,5.524861878453039,5.72,-0.91,0.23,2.37,0.279,20,"-0.963291139",0.263,0.351,"0.963291139",0.018,0.016000000000000014,0.038,0.02,36.5,,,,,,,
1261,681546,"Outman, James",2024,1269,99.4,0.262,0.273,0.309,0.535,0.389,0.344,0.222,67,256,88.8,17.3,2173,87.8,88.05,183,597,664,0.20000000000000284,6.27,113,145,115,149,298,325,301,"-19.061","19.061",,,309,179,33,15,2,17,80,25.9,43,13.9,2.45419,0.54383,0.33247,-0.21382,"91.7",167,44.134078212290504,13.966480446927374,8.090614886731391,5.76,-1.06,-0.09,2.33,0.377,25,"1.511578113",0.346,0.431,"-1.511578113",0.04,0.031000000000000028,0.104,0.045,30.7,,,,,,,
1257,679734,"Carreras, Julio",2024,1268,99.1,0.225,0.109,0.33,0.334,0.271,0.235,0.198,68,302,87.7,1.6,2267,88.6,89.09,193,633,624,0.5,6.3,106,150,110,146,303,325,294,"13.954","-13.954",,,328,202,44,17,5,2,102,31.1,22,6.7,2.37767,0.53332,0.23528,0.1268,"91.0",131,37.12871287128713,2.4752475247524752,1.524390243902439,5.62,-0.78,0.06,2.38,0.28,5,"-1.110103421",0.256,0.262,"1.110103421",0.027,0.02400000000000002,0.072,0.036,30.5,,,,,,,
1254,800607,"Hettiger, Kehden",2024,1254,100,0.196,0.116,0.253,0.311,0.314,0.315,0.202,44,225,85.6,15.7,2211,88.6,88.47,120,469,785,-0.09999999999999432,6.29,111,145,116,147,282,305,283,"-0.271","0.271",,,287,159,29,9,1,5,68,23.7,57,19.9,2.17625,0.77504,0.56059,-0.56059,"90.3",162,28.48101265822785,3.79746835443038,2.0905923344947737,5.81,-1.02,-0.12,2.42,0.362,6,"0.021610845",0.37,0.293,"-0.021610845",-0.006,-0.008000000000000007,0.018,-0.001,25.6,,,,,,,
1248,695391,"Harris, Brett",2024,1253,99.6,0.275,0.14,0.332,0.415,0.354,0.317,0.248,73,265,86.6,4.7,2221,88.4,88.72,125,521,727,0.29999999999999716,6.31,107,151,118,148,301,325,293,"-11.431","11.431",,,312,204,54,9,2,8,62,19.9,41,13.1,2.39791,0.5417,0.32464,0.10935,"91.3",141,33.497536945812804,2.955665024630542,1.9230769230769231,5.76,-0.76,0.15,2.22,0.381,6,"0.915945513",0.358,0.334,"-0.915945513",0.027,0.02300000000000002,0.081,0.037,24,,,,,,,
1239,656541,"Hilliard, Sam",2024,1239,100,0.288,0.254,0.352,0.542,0.389,0.316,0.22,76,264,92,12.6,2221,87.9,88.42,178,566,673,0.5,6.33,116,146,118,150,296,329,310,"-15.196","15.196",,,305,190,42,15,5,14,77,25.2,38,12.5,2.42981,0.52962,0.24697,-0.21214,"92.6",157,46.31578947368421,10,6.229508196721312,5.69,-0.71,-0.03,2.42,0.374,19,"1.226472962",0.317,0.396,"-1.226472962",0.068,0.056999999999999995,0.146,0.073,31.4,,,,,,,
1238,660634,"Hernández, Yonny",2024,1248,99.2,0.235,0.07,0.29,0.305,0.29,0.266,0.21,64,272,84.9,9.6,2164,88.9,89.11,114,596,642,0.19999999999998863,6.31,112,146,107,147,285,315,291,"5.298","-5.298",,,312,216,52,7,3,2,57,18.3,35,11.2,2.21874,0.68924,0.42634,-0.42634,"89.5",145,14.883720930232558,0.9302325581395349,0.641025641025641,5.76,-1,-0.04,2.35,0.33,2,"-0.427948304",0.308,0.263,"0.427948304",0.025,0.02200000000000002,0.042,0.024,19.1,,,,,,,
1236,666126,"Cortes, Carlos",2024,1236,100,0.246,0.21,0.255,0.456,0.339,0.329,0.245,69,281,90.9,15.8,2144,87.7,87.95,129,544,692,0.29999999999999716,6.32,113,146,120,150,283,319,290,"-9.664","9.664",,,320,224,42,11,0,16,60,18.8,36,11.3,2.40761,0.59107,0.36974,-0.35099,"92.1",167,39.189189189189186,7.657657657657657,5.3125,5.83,-1.07,-0.15,2.32,0.328,17,"0.781877023",0.33,0.418,"-0.781877023",0.001,-0.0020000000000000018,0.038,0.01,23.7,,,,,,,
1233,669477,"Schmitt, Casey",2024,1234,99.9,0.275,0.196,0.31,0.471,0.348,0.332,0.258,80,291,88.3,14,2228,88,88.07,179,617,616,0.09999999999999432,6.25,106,150,118,146,301,326,295,"-6.026","6.026",,,333,229,50,16,1,13,70,21,30,9,2.38195,0.59374,0.26706,0.05348,"91.7",168,41.48471615720524,8.296943231441048,5.7057057057057055,5.8,-0.68,0.17,2.35,0.342,19,"0.488726683",0.33,0.434,"-0.488726683",0.017,0.01200000000000001,0.037,0.016,29,,,,,,,
1230,660707,"Montero, Elehuris",2024,1230,100,0.309,0.273,0.384,0.582,0.413,0.336,0.243,79,256,88.4,21.6,2271,87.3,87.69,161,517,713,0.4000000000000057,6.27,107,149,121,146,302,326,297,"-26.897","26.897",,,294,180,44,16,3,16,78,26.5,33,11.2,2.59408,0.41011,0.17153,0.11942,"92.1",175,40,11.666666666666666,7.142857142857142,5.62,-0.95,0.3,2.27,0.391,21,"2.186747967",0.338,0.414,"-2.186747967",0.066,0.05299999999999999,0.168,0.077,31.1,,,,,,,
1228,703601,"Clark, Max",2024,1231,99.8,0.285,0.145,0.333,0.43,0.36,0.318,0.242,73,256,87.3,7,2253,88.4,88.13,100,484,744,-0.30000000000001137,6.21,113,144,108,144,276,306,286,"-14.46","14.46",,,306,205,53,10,3,7,55,18,46,15,2.23835,0.72945,0.47481,-0.43945,"91.2",144,35.609756097560975,3.414634146341464,2.287581699346405,5.8,-1.04,-0.13,2.48,0.389,7,"1.17752443",0.355,0.346,"-1.17752443",0.043,0.03400000000000003,0.084,0.042,20.7,,,,,,,
1228,692490,"Feliz, Cristian",2024,1229,99.9,0.19,0.205,0.302,0.395,0.309,0.265,0.154,49,258,86.3,17.4,2200,87.7,87.41,254,580,648,-0.29999999999999716,6.19,112,144,122,146,286,308,284,"1.154","-1.154",,,301,130,24,11,0,14,129,42.9,29,9.6,2.37258,0.64609,0.47923,-0.45009,"91.5",139,37.98449612403101,11.627906976744185,4.983388704318937,5.75,-1.23,-0.21,2.39,0.302,15,"-0.093973941",0.272,0.305,"0.093973941",0.036,0.02999999999999997,0.09,0.044,43.8,,,,,,,
1222,672642,"Berroa, Steward",2024,1232,99.2,0.279,0.179,0.351,0.458,0.363,0.301,0.228,70,251,86.3,12.6,2140,87.9,88.06,140,548,674,0.19999999999998863,6.3,111,146,102,148,284,317,288,"-9.805","9.805",,,290,181,48,9,3,10,71,24.5,35,12.1,2.36881,0.6184,0.42229,-0.42229,"90.1",147,25.69832402234637,5.027932960893855,3.103448275862069,5.83,-0.85,-0.02,2.31,0.372,9,"0.802373159",0.33,0.332,"-0.802373159",0.051,0.04199999999999998,0.126,0.062,25.5,,,,,,,
1220,663967,"Salazar, César",2024,1222,99.8,0.25,0.158,0.27,0.408,0.347,0.312,0.23,65,260,84.1,17.1,2203,88.5,88.76,100,561,659,0.29999999999999716,6.3,114,145,117,150,289,318,293,"-8.697","8.697",,,318,219,42,13,2,8,45,14.2,44,13.8,2.30141,0.63231,0.38402,-0.22286,"90.3",154,22.018348623853214,1.834862385321101,1.257861635220126,5.74,-0.88,-0.15,2.4,0.374,4,"0.712868852",0.361,0.308,"-0.712868852",0.02,0.013000000000000012,0.1,0.035,17.8,,,,,,,
1220,679529,"Torkelson, Spencer",2024,1220,100,0.239,0.204,0.319,0.442,0.347,0.323,0.202,54,226,89.8,23.3,2191,87.9,87.85,154,479,741,-0.10000000000000853,6.21,105,151,120,146,292,323,286,"-5.975","5.975",,,274,146,30,13,0,11,85,31,41,15,2.3953,0.60021,0.22854,0.024,"91.9",181,41.66666666666667,9.722222222222223,5.109489051094891,5.85,-0.82,0.2,2.36,0.354,14,"0.489754098",0.332,0.374,"-0.489754098",0.037,0.021999999999999964,0.068,0.024,32.2,,,,,,,
1212,668843,"Capel, Conner",2024,1215,99.8,0.212,0.216,0.23,0.429,0.335,0.312,0.204,49,231,87,23.1,2180,87.7,87.71,134,501,711,0,6.25,117,145,115,150,287,320,293,"-4.214","4.214",,,284,173,24,12,1,12,63,22.2,45,15.8,2.43167,0.5817,0.29041,-0.21205,"90.7",162,28.07017543859649,7.602339181286549,4.577464788732395,5.85,-0.7,-0.09,2.33,0.339,13,"0.347689769",0.335,0.357,"-0.347689769",0.008,0.0040000000000000036,0.072,0.023,26.7,,,,,,,
1212,624523,"Unroe, Riley",2024,1226,98.9,0.257,0.143,0.355,0.401,0.342,0.31,0.22,61,237,87.6,15.2,2117,88,88.01,154,530,682,0,6.23,112,147,109,148,283,318,287,"-2.938","2.938",,,280,161,39,16,0,6,77,27.5,41,14.6,2.35925,0.61862,0.38539,-0.38539,"90.4",154,27.500000000000004,8.75,5,5.87,-0.89,-0.02,2.32,0.368,14,"0.242409241",0.338,0.345,"-0.242409241",0.037,0.02999999999999997,0.056,0.032,29.1,,,,,,,
1208,676070,"Amaya, Jacob",2024,1208,100,0.221,0.109,0.283,0.33,0.286,0.297,0.227,59,267,89.8,11.4,2224,88.2,88.36,108,444,764,0.20000000000000284,6.27,105,150,117,146,298,319,285,"13.04","-13.04",,,302,196,42,10,2,5,72,23.8,32,10.6,2.38016,0.57683,0.34027,0.11841,"92.0",165,41.23711340206185,6.185567010309279,3.9735099337748347,5.69,-0.77,0.11,2.35,0.308,12,"-1.079470199",0.314,0.349,"1.079470199",-0.006,-0.006000000000000005,-0.019,-0.011,24.3,,,,,,,
1208,702283,"Toman, Tucker",2024,1208,100,0.221,0.097,0.326,0.318,0.278,0.247,0.186,64,289,85.9,11.1,2218,88.4,88.16,228,617,591,-0.20000000000000284,6.19,111,146,116,148,280,305,285,"9.032","-9.032",,,326,188,46,12,2,4,104,31.9,27,8.3,2.20046,0.76503,0.58198,-0.56766,"90.4",143,28.723404255319153,4.25531914893617,2.4539877300613497,5.76,-1.15,-0.19,2.43,0.301,8,"-0.747682119",0.27,0.267,"0.747682119",0.035,0.030999999999999972,0.051,0.031,37,,,,,,,
1205,693073,"Campbell, Clayton",2024,1205,100,0.201,0.093,0.255,0.295,0.27,0.267,0.195,54,268,85.2,10.8,2298,87.7,87.47,152,546,659,-0.20000000000000284,6.19,105,148,117,146,288,306,275,"10.903","-10.903",,,315,200,37,13,0,4,75,23.8,33,10.5,2.36417,0.64533,0.3007,0.11933,"90.5",153,27.500000000000004,2,1.2698412698412698,5.8,-1.05,0.14,2.43,0.298,4,"-0.904813278",0.299,0.278,"0.904813278",0.006,-0.0010000000000000009,0.017,0.003,27.8,,,,,,,
1202,688363,"Pauley, Graham",2024,1202,100,0.224,0.173,0.259,0.397,0.323,0.294,0.215,61,272,87.5,15.5,2167,88.7,89.04,130,564,638,0.29999999999999716,6.28,114,146,119,149,296,326,300,"-5.193","5.193",,,319,207,35,15,1,10,67,21,38,11.9,2.33245,0.58042,0.36282,-0.26625,"91.1",152,38.164251207729464,2.898550724637681,1.8808777429467085,5.77,-1.03,-0.13,2.4,0.332,6,"0.43202995",0.324,0.316,"-0.43202995",0.009,0.008000000000000007,0.081,0.029,23,,,,,,,
1199,687714,"Cluff, Jackson",2024,1211,99,0.211,0.167,0.289,0.378,0.311,0.276,0.177,53,251,88.5,20.4,2143,88,88.05,209,547,652,0.09999999999999432,6.29,111,145,107,149,282,318,293,"1.793","-1.793",,,295,161,31,11,2,9,92,31.2,37,12.5,2.38473,0.60372,0.3611,-0.33602,"91.5",158,36.024844720496894,8.074534161490684,4.406779661016949,5.84,-1.2,-0.03,2.28,0.322,13,"-0.149541284",0.295,0.299,"0.149541284",0.034,0.027000000000000024,0.079,0.035,38.2,,,,,,,
1198,682619,"Martinez, Orelvis",2024,1198,100,0.267,0.256,0.305,0.523,0.37,0.368,0.262,75,281,89.3,16.9,2230,86.9,86.95,210,605,593,0.09999999999999432,6.27,105,150,120,145,295,321,289,"-11.939","11.939",,,317,207,38,19,1,17,76,24,25,7.9,2.55276,0.50907,0.18259,0.04629,"93.1",161,45.893719806763286,13.043478260869565,8.517350157728707,5.85,-0.83,0.19,2.23,0.342,27,"0.996577629",0.34,0.513,"-0.996577629",0.005,0.0020000000000000018,0.01,0.002,34.7,,,,,,,
1196,663550,"Cabbage, Trey",2024,1197,99.9,0.244,0.232,0.348,0.476,0.357,0.329,0.224,60,246,94.8,11.5,2208,87.8,87.81,199,549,647,0,6.25,115,146,120,150,292,323,298,"-5.365","5.365",,,290,148,32,12,3,13,100,34.5,41,14.1,2.43452,0.56211,0.32671,-0.25432,"93.3",149,57.931034482758626,13.793103448275861,6.896551724137931,5.72,-0.88,-0.11,2.36,0.352,20,"0.448578595",0.337,0.407,"-0.448578595",0.02,0.014999999999999958,0.069,0.028,36.2,,,,,,,
1195,687019,"Alvarez, Andrés",2024,1200,99.6,0.267,0.149,0.35,0.416,0.342,0.284,0.199,68,255,87.9,11.8,2237,87.7,87.71,165,564,631,0,6.22,106,150,111,146,295,319,282,"-8.171","8.171",,,294,183,46,12,4,6,73,24.8,33,11.2,2.44468,0.55785,0.23211,0.12561,"90.9",144,32.78688524590164,6.0109289617486334,3.741496598639456,5.78,-0.71,0.08,2.27,0.361,11,"0.68376569",0.302,0.323,"-0.68376569",0.068,0.059,0.093,0.058,29.3,,,,,,,
1194,698927,"Duran, Edward",2024,1194,100,0.235,0.053,0.281,0.288,0.286,0.287,0.23,62,264,84.7,8.9,2286,88.1,87.89,113,536,658,-0.19999999999998863,6.26,107,149,118,145,290,303,273,"5.808","-5.808",,,309,221,49,12,1,0,47,15.2,35,11.3,2.31061,0.67888,0.34026,0.12903,"89.9",142,20,0.45454545454545453,0.3236245954692557,5.74,-0.97,0.17,2.34,0.333,1,"-0.486432161",0.332,0.284,"0.486432161",0.005,0.0010000000000000009,0.004,-0.001,21.1,,,,,,,
1194,691011,"Romo, Drew",2024,1199,99.6,0.295,0.204,0.328,0.499,0.358,0.294,0.252,100,339,86,15,2187,87.4,87.99,142,657,537,0.5999999999999943,6.33,113,147,115,149,298,327,303,"-5.074","5.074",,,365,276,63,19,4,14,66,18.1,16,4.4,2.54029,0.44925,0.28376,-0.28376,"90.7",150,28.72727272727273,4,3.0136986301369864,5.63,-0.78,-0.06,2.27,0.337,11,"0.424958124",0.299,0.362,"-0.424958124",0.043,0.038000000000000034,0.137,0.064,21.6,,,,,,,
1193,687363,"Scott II, Victor",2024,1217,98,0.19,0.098,0.213,0.288,0.259,0.257,0.198,56,295,84.9,9.1,2189,88.2,88.27,107,534,659,0.09999999999999432,6.24,108,144,97,148,279,317,292,"15.743","-15.743",,,337,241,41,7,2,6,57,16.9,36,10.7,2.25817,0.70153,0.39184,-0.27987,"90.6",134,25.72614107883817,2.0746887966804977,1.483679525222552,5.79,-0.61,-0.14,2.39,0.282,5,"-1.319614417",0.291,0.261,"1.319614417",-0.008,-0.009000000000000008,0.027,0.002,20,,,,,,,
1193,572008,"Owings, Chris",2024,1194,99.9,0.26,0.146,0.341,0.406,0.351,0.299,0.207,66,254,84.7,16.5,2214,87.8,88.01,141,510,683,0.20000000000000284,6.27,105,149,117,145,297,318,289,"-12.456","12.456",,,305,176,48,8,1,9,79,25.9,44,14.4,2.46466,0.54325,0.2353,0.03078,"90.0",158,24.571428571428573,5.714285714285714,3.278688524590164,5.77,-0.71,0.16,2.27,0.38,10,"1.044090528",0.336,0.309,"-1.044090528",0.053,0.043999999999999984,0.097,0.052,27.6,,,,,,,
1189,694974,"Shade, Colby",2024,1192,99.7,0.274,0.109,0.385,0.383,0.339,0.29,0.22,73,266,83.3,17,2260,87.3,87.16,166,550,639,-0.09999999999999432,6.23,105,148,115,145,290,304,271,"-6.365","6.365",,,313,183,52,17,0,4,86,27.5,26,8.3,2.36639,0.67213,0.34343,0.1396,"89.7",145,22.404371584699454,2.73224043715847,1.5974440894568689,5.69,-0.87,0.14,2.43,0.374,5,"0.535323802",0.33,0.288,"-0.535323802",0.054,0.043999999999999984,0.095,0.049,30.2,,,,,,,
1189,699712,"Heredia, Raylin",2024,1190,99.9,0.245,0.183,0.35,0.428,0.317,0.258,0.2,63,257,89,13.7,2253,87.9,87.75,194,551,638,-0.20000000000000284,6.3,105,150,116,145,292,308,278,"1.615","-1.615",,,288,165,38,11,6,8,97,33.7,21,7.3,2.35415,0.65182,0.3682,0.1424,"91.4",141,40.74074074074074,4.938271604938271,2.7777777777777777,5.77,-0.85,0.21,2.41,0.309,8,"-0.135828427",0.271,0.304,"0.135828427",0.045,0.03799999999999998,0.124,0.059,35.2,,,,,,,
1188,687515,"Thomas, Colby",2024,1188,100,0.272,0.287,0.347,0.559,0.382,0.288,0.209,76,279,87.9,18.2,2218,88.3,88.69,226,667,521,0.4000000000000057,6.33,106,150,118,146,302,329,296,"-13.089","13.089",,,314,187,32,25,2,17,95,30.3,23,7.3,2.42721,0.51975,0.29959,0.01154,"91.6",162,36.55913978494624,8.60215053763441,5.095541401273886,5.72,-0.53,0.11,2.31,0.344,16,"1.101767677",0.288,0.361,"-1.101767677",0.063,0.055999999999999994,0.198,0.094,33.9,,,,,,,
1183,670113,"Haley, Jim",2024,1185,99.8,0.244,0.152,0.303,0.396,0.308,0.283,0.224,69,283,86.2,13.4,2229,87.5,87.64,169,567,616,0.09999999999999432,6.33,106,151,116,144,294,322,285,"5.512","-5.512",,,310,209,43,17,1,8,75,24.2,19,6.1,2.44205,0.57802,0.20622,0.07322,"91.7",144,37.19806763285024,6.763285024154589,4.516129032258064,5.82,-0.98,0.15,2.33,0.306,14,"-0.465934066",0.289,0.345,"0.465934066",0.02,0.017000000000000015,0.051,0.025,29.8,,,,,,,
1181,678225,"Bae, Ji Hwan",2024,1186,99.6,0.343,0.167,0.433,0.51,0.407,0.325,0.256,84,245,89.5,9.1,2203,88.1,88.15,132,537,644,0,6.21,112,145,108,150,280,320,294,"-22.413","22.413",,,289,185,61,12,4,7,63,21.8,39,13.5,2.33588,0.63833,0.30049,-0.22616,"91.1",157,38.58695652173913,2.717391304347826,1.7301038062283738,5.85,-0.73,-0.15,2.35,0.431,5,"1.897798476",0.362,0.352,"-1.897798476",0.087,0.069,0.158,0.082,24.6,,,,,,,
1181,668876,"Humphreys, Zach",2024,1187,99.5,0.21,0.075,0.265,0.286,0.278,0.266,0.198,53,252,84.7,3.9,2231,88.7,89.02,114,467,714,0.29999999999999716,6.3,106,150,117,147,303,323,287,"10.347","-10.347",,,293,192,40,10,0,3,61,20.8,39,13.3,2.33966,0.57617,0.29319,0.14217,"90.2",138,23.684210526315788,0.5263157894736842,0.3412969283276451,5.8,-1.11,0.17,2.35,0.317,1,"-0.876121931",0.309,0.255,"0.876121931",0.012,0.008000000000000007,0.031,0.012,24.4,,,,,,,
1181,641829,"Martin, Jason",2024,1186,99.6,0.28,0.235,0.324,0.515,0.373,0.313,0.231,74,264,88.7,10.8,2164,88.2,88.61,163,558,623,0.3999999999999915,6.32,113,146,115,150,298,328,298,"-14.245","14.245",,,298,201,41,17,3,13,65,21.8,29,9.7,2.47229,0.48027,0.37121,-0.32279,"91.5",162,43.28358208955223,7.462686567164178,5.033557046979865,5.81,-1.12,-0.04,2.32,0.356,15,"1.206181202",0.314,0.391,"-1.206181202",0.049,0.04199999999999998,0.124,0.06,29.2,,,,,,,
1176,660844,"Rivas, Leo",2024,1182,99.5,0.295,0.13,0.369,0.425,0.387,0.334,0.231,59,200,85.9,13.2,2184,88.9,89.02,91,422,754,0.09999999999999432,6.24,110,146,104,148,288,319,290,"-17.535","17.535",,,260,153,42,12,1,4,51,19.6,55,21.2,2.22403,0.69838,0.48145,-0.48145,"90.2",152,24.18300653594771,2.6143790849673203,1.5384615384615385,5.84,-0.81,-0.08,2.37,0.442,4,"1.491071429",0.396,0.316,"-1.491071429",0.064,0.045999999999999985,0.109,0.053,21.6,,,,,,,
1176,803679,"Hernandez, Sammy",2024,1178,99.8,0.263,0.076,0.325,0.34,0.32,0.274,0.209,69,262,83.6,13.5,2280,87.7,87.54,127,546,630,-0.20000000000000284,6.23,105,148,116,145,289,302,270,"-6.523","6.523",,,307,210,52,15,1,1,54,17.6,29,9.4,2.32042,0.69205,0.3757,0.17991,"89.8",131,19.617224880382775,0.4784688995215311,0.32573289902280134,5.68,-0.93,0.22,2.32,0.365,1,"0.554676871",0.32,0.26,"-0.554676871",0.054,0.044999999999999984,0.08,0.046,23.3,,,,,,,
1175,665019,"Clemens, Kody",2024,1176,99.9,0.261,0.213,0.291,0.474,0.339,0.34,0.266,71,272,92.6,11.9,2150,87.7,87.71,129,567,608,0,6.29,117,146,117,150,289,321,292,"-3.536","3.536",,,299,212,42,13,3,13,63,21.1,20,6.7,2.37605,0.6283,0.4063,-0.29368,"92.3",172,50.48543689320388,9.223300970873787,6.354515050167224,5.88,-0.99,-0.18,2.36,0.318,19,"0.30093617",0.324,0.459,"-0.30093617",-0.005,-0.006000000000000005,0.015,-0.001,22.8,,,,,,,
1173,682515,"Porter, Logan",2024,1173,100,0.267,0.186,0.354,0.453,0.359,0.301,0.21,66,247,87.8,11.9,2206,87.3,87.46,156,473,700,0.20000000000000284,6.25,106,151,119,146,296,321,288,"-9.747","9.747",,,292,168,41,14,1,10,82,28.1,39,13.4,2.49306,0.53034,0.21144,0.04015,"91.1",158,36.30952380952381,7.738095238095238,4.4520547945205475,5.81,-0.61,0.11,2.32,0.37,13,"0.830946292",0.322,0.344,"-0.830946292",0.057,0.04799999999999999,0.109,0.058,33,,,,,,,
1171,682988,"Locklear, Tyler",2024,1171,100,0.26,0.17,0.33,0.43,0.351,0.339,0.236,69,265,89.5,8.3,2216,87.9,88.14,178,577,594,0.19999999999998863,6.33,105,150,120,146,298,325,292,"-10.672","10.672",,,317,193,43,15,3,8,76,24,38,12,2.39259,0.58762,0.27376,0.03537,"91.8",150,40.625,9.895833333333332,5.993690851735016,5.75,-0.6,0.13,2.33,0.369,19,"0.911357814",0.353,0.407,"-0.911357814",0.024,0.016000000000000014,0.023,0.012,30.8,,,,,,,
1169,666197,"Kessinger, Grae",2024,1170,99.9,0.26,0.126,0.328,0.385,0.317,0.285,0.221,68,262,87.7,14.7,2232,88.1,88.26,131,523,646,0.20000000000000284,6.28,108,151,119,147,297,319,287,"2.703","-2.703",,,292,195,48,13,1,6,68,23.3,29,9.9,2.3595,0.61426,0.33101,0.05818,"90.9",166,33.67875647668394,3.1088082901554404,2.054794520547945,5.72,-0.57,0.17,2.35,0.332,6,"-0.231223268",0.3,0.334,"0.231223268",0.039,0.03200000000000003,0.051,0.032,25,,,,,,,
1168,665180,"Cardenas, Ruben",2024,1168,100,0.277,0.273,0.279,0.55,0.38,0.342,0.263,80,289,87.6,16.8,2238,87.8,87.94,163,606,562,0.10000000000000853,6.31,106,150,119,146,291,320,287,"-20.953","20.953",,,321,235,42,17,1,20,56,17.4,21,6.5,2.39391,0.60428,0.2455,0.08622,"91.3",158,37.87234042553192,9.787234042553191,7.165109034267912,5.83,-0.9,0.06,2.4,0.343,23,"1.793921233",0.331,0.453,"-1.793921233",0.014,0.01200000000000001,0.097,0.038,26.9,,,,,,,
1168,693307,"Dingler, Dillon",2024,1168,100,0.308,0.251,0.337,0.559,0.398,0.4,0.299,81,263,91,18.4,2194,87.9,87.92,144,570,598,0,6.26,106,151,120,146,290,322,284,"-18.46","18.46",,,301,207,49,15,0,17,61,20.3,30,10,2.39068,0.60454,0.24922,0.03677,"92.4",174,46.116504854368934,14.077669902912621,9.634551495016613,5.88,-0.73,0.18,2.34,0.379,29,"1.580479452",0.375,0.561,"-1.580479452",0.009,0.0040000000000000036,-0.002,-0.002,25.3,,,,,,,
1165,641505,"Davis, Jonathan",2024,1166,99.9,0.229,0.108,0.325,0.338,0.311,0.293,0.21,55,240,86.7,7,2213,88.3,88.36,134,468,697,0.10000000000000853,6.21,105,150,110,144,295,316,277,"0.631","-0.631",,,283,161,38,12,1,4,79,27.9,33,11.7,2.29222,0.66977,0.37633,0.11926,"90.5",130,32.298136645962735,5.590062111801243,3.180212014134275,5.82,-0.61,0.05,2.37,0.344,9,"-0.05416309",0.328,0.307,"0.05416309",0.019,0.01599999999999996,0.031,0.018,28.6,,,,,,,
1164,698929,"Hernandez, Jesus",2024,1166,99.8,0.208,0.076,0.276,0.284,0.274,0.287,0.22,52,250,86.4,5.1,2265,87.8,87.58,114,480,684,-0.20000000000000284,6.23,105,147,114,145,292,300,269,"7.054","-7.054",,,291,183,39,9,2,2,69,23.7,38,13.1,2.3268,0.68015,0.40227,0.15366,"90.2",143,29.67032967032967,2.197802197802198,1.3745704467353952,5.67,-0.89,0.21,2.39,0.313,4,"-0.606013746",0.324,0.299,"0.606013746",-0.012,-0.01100000000000001,-0.015,-0.013,23.8,,,,,,,
1163,680737,"Helman, Michael",2024,1163,100,0.271,0.217,0.323,0.487,0.361,0.315,0.239,75,277,88,17.5,2232,87.8,87.93,177,576,587,0.10000000000000853,6.28,107,151,118,146,293,318,283,"-9.121","9.121",,,314,203,43,18,0,14,76,24.2,29,9.2,2.36517,0.62694,0.2639,0.05687,"91.5",154,37.93103448275862,8.866995073891626,5.7324840764331215,5.86,-0.59,0.11,2.36,0.35,18,"0.784264832",0.326,0.375,"-0.784264832",0.032,0.023999999999999966,0.112,0.046,30.7,,,,,,,
1163,692371,"Espinoza, Lizandro",2024,1169,99.5,0.209,0.119,0.276,0.328,0.286,0.265,0.197,56,268,86.5,14.6,2304,88.2,88.13,174,578,585,-0.10000000000000853,6.25,104,147,107,144,287,302,271,"9.656","-9.656",,,311,187,39,8,3,6,83,26.7,32,10.3,2.22011,0.75078,0.40713,0.18198,"90.4",153,30.810810810810814,3.2432432432432434,1.929260450160772,5.72,-1.04,0.2,2.38,0.306,6,"-0.830266552",0.298,0.273,"0.830266552",0.012,0.008000000000000007,0.055,0.021,30.1,,,,,,,
1163,663714,"Kroon, Matt",2024,1166,99.7,0.252,0.191,0.304,0.443,0.334,0.301,0.226,62,246,89.5,13.3,2218,87.6,87.65,144,490,673,0.10000000000000853,6.3,106,150,117,145,296,320,283,"-5.656","5.656",,,277,179,37,14,0,11,69,24.9,22,7.9,2.39519,0.62129,0.28604,-0.03527,"91.5",154,40.229885057471265,8.620689655172415,5.415162454873646,5.85,-0.46,0.19,2.31,0.326,15,"0.486328461",0.306,0.372,"-0.486328461",0.026,0.020000000000000018,0.071,0.033,29.4,,,,,,,
1161,805373,"Alvarez Jr., Nacho",2024,1161,100,0.297,0.167,0.328,0.463,0.377,0.35,0.264,73,246,86.3,8.4,2231,88.3,88.4,79,490,671,0.10000000000000853,6.28,107,149,119,147,300,319,285,"-15.597","15.597",,,288,202,53,9,1,10,45,15.6,36,12.5,2.35882,0.60461,0.26563,0.09535,"91.0",169,35.148514851485146,6.435643564356436,4.513888888888888,5.82,-0.82,0.13,2.38,0.396,13,"1.343410853",0.37,0.412,"-1.343410853",0.033,0.026000000000000023,0.051,0.027,16.1,,,,,,,
1159,624513,"Nuñez, Dom",2024,1162,99.7,0.203,0.138,0.291,0.341,0.304,0.263,0.174,44,217,83.7,20.3,2179,88,88.07,143,450,709,0.09999999999999432,6.28,115,144,118,149,283,317,287,"4.812","-4.812",,,260,139,26,11,2,5,79,30.4,42,16.2,2.42598,0.55438,0.29418,-0.26111,"90.0",162,21.58273381294964,4.316546762589928,2.307692307692308,5.83,-0.84,-0.11,2.28,0.331,6,"-0.415185505",0.307,0.246,"0.415185505",0.029,0.02400000000000002,0.095,0.041,31.8,,,,,,,
1159,541650,"Pérez, Hernán",2024,1163,99.7,0.21,0.18,0.232,0.39,0.286,0.303,0.233,56,267,88.7,12.8,2195,87.3,87.45,160,547,612,0.20000000000000284,6.3,107,151,117,147,295,320,284,"4.647","-4.647",,,295,205,32,11,2,11,66,22.4,22,7.5,2.43833,0.59995,0.20544,0.02401,"91.6",148,40.68627450980392,8.333333333333332,5.762711864406779,5.83,-0.62,0.04,2.37,0.271,17,"-0.400949094",0.297,0.386,"0.400949094",-0.023,-0.025999999999999968,0.004,-0.017,29.3,,,,,,,
1156,670242,"Wallner, Matt",2024,1156,100,0.259,0.286,0.316,0.544,0.376,0.352,0.237,67,259,92,17.2,2236,88.1,88.12,196,589,567,0,6.25,117,145,124,149,289,322,294,"-18.222","18.222",,,297,171,32,15,1,19,91,30.6,32,10.8,2.36846,0.61731,0.30918,-0.1386,"93.0",165,47.928994082840234,15.384615384615385,8.754208754208754,5.91,-0.7,0.05,2.41,0.343,26,"1.576297578",0.328,0.48,"-1.576297578",0.022,0.015000000000000013,0.064,0.024,33.3,,,,,,,
1148,681114,"Trautwein, Michael",2024,1150,99.8,0.189,0.174,0.27,0.363,0.277,0.26,0.186,49,259,88,14.3,2201,87.2,87.24,222,574,574,0,6.26,114,145,117,151,286,320,293,"9.17","-9.17",,,288,160,23,15,3,8,100,34.7,25,8.7,2.48968,0.55552,0.21688,-0.12814,"91.1",154,39.62264150943396,8.176100628930817,4.513888888888888,5.85,-0.42,-0.2,2.37,0.267,13,"-0.798780488",0.264,0.314,"0.798780488",0.003,0.0030000000000000027,0.049,0.017,38.7,,,,,,,
1148,663796,"Montes, Coco",2024,1148,100,0.335,0.217,0.388,0.551,0.41,0.36,0.284,85,254,89.7,11.6,2248,87.8,88.41,111,537,611,0.6000000000000085,6.37,107,150,118,146,304,329,299,"-22.025","22.025",,,297,205,54,16,6,9,54,18.2,37,12.5,2.44848,0.5235,0.18479,0.06994,"91.7",164,42.926829268292686,8.780487804878048,6.0606060606060606,5.68,-0.68,0.22,2.38,0.414,18,"1.918554007",0.373,0.451,"-1.918554007",0.051,0.04099999999999998,0.1,0.05,20.7,,,,,,,
1142,650968,"Pozo, Yohel",2024,1142,100,0.324,0.214,0.316,0.538,0.369,0.274,0.259,112,346,86,14,2240,87.3,87.57,117,690,452,0.29999999999999716,6.29,107,150,120,147,301,328,294,"-11.619","11.619",,,361,322,69,27,1,15,30,8.3,7,1.9,2.56861,0.45281,0.21232,-0.01301,"91.0",151,32.087227414330215,3.4267912772585665,3.0470914127423825,5.7,-0.45,0.15,2.29,0.335,11,"1.017425569",0.274,0.36,"-1.017425569",0.065,0.061,0.178,0.095,17,,,,,,,
1140,672744,"Canario, Alexander",2024,1140,100,0.24,0.26,0.292,0.5,0.358,0.344,0.233,59,246,89.2,15.9,2167,87.3,87.43,206,550,590,0.10000000000000853,6.23,107,151,119,146,297,321,287,"-13.463","13.463",,,282,161,29,13,0,17,86,30.5,32,11.3,2.4328,0.58182,0.28648,0.1052,"92.5",147,45.3416149068323,16.77018633540373,9.574468085106384,5.95,-0.69,0.13,2.36,0.333,27,"1.180964912",0.327,0.466,"-1.180964912",0.007,0.006000000000000005,0.034,0.014,37.5,,,,,,,
1140,678760,"Leonard, Eddys",2024,1140,100,0.258,0.18,0.326,0.438,0.332,0.294,0.233,73,283,86.9,17.8,2266,87.9,87.87,188,600,540,0,6.27,106,150,119,146,287,316,280,"-1.511","1.511",,,314,203,44,17,2,10,82,26.1,19,6.1,2.45974,0.53216,0.15285,0.07357,"91.5",143,36.5,6,3.821656050955414,5.87,-0.89,0.3,2.31,0.325,12,"0.13254386",0.305,0.35,"-0.13254386",0.025,0.020000000000000018,0.088,0.038,31.3,,,,,,,
1140,694310,"Ware, Bryson",2024,1144,99.7,0.2,0.146,0.239,0.346,0.293,0.296,0.215,52,260,87.5,10.1,2272,87.7,87.57,150,512,628,-0.10000000000000853,6.29,105,148,114,144,293,306,275,"3.473","-3.473",,,304,189,32,11,0,9,74,24.3,33,10.9,2.33595,0.68351,0.32341,0.10775,"91.3",142,36.55913978494624,4.838709677419355,2.9605263157894735,5.75,-0.79,0.16,2.4,0.306,9,"-0.304649123",0.322,0.322,"0.304649123",-0.015,-0.016000000000000014,0.024,-0.003,29.3,,,,,,,
1136,660757,"Gonzalez, Oscar",2024,1136,100,0.294,0.19,0.345,0.484,0.352,0.343,0.29,90,306,89.8,7.3,2206,87.5,87.66,181,659,477,0.20000000000000284,6.32,106,150,120,146,297,324,286,"-8.765","8.765",,,329,242,55,22,3,10,66,20.1,18,5.5,2.48395,0.53549,0.18061,0.05581,"92.6",145,45.45454545454545,7.851239669421488,5.775075987841945,5.71,-1,0.14,2.31,0.337,19,"0.771566901",0.335,0.453,"-0.771566901",0.004,0.0020000000000000018,0.031,0.009,27.5,,,,,,,
1136,643393,"Kemp, Tony",2024,1139,99.7,0.261,0.146,0.269,0.407,0.334,0.276,0.219,73,280,85.7,16.1,2176,88.8,88.92,78,538,598,0.10000000000000853,6.3,114,145,107,149,279,314,292,"-7.602","7.602",,,323,247,51,12,1,9,36,11.1,35,10.8,2.2446,0.67885,0.40846,-0.21273,"89.7",152,16.3265306122449,0.8163265306122449,0.6191950464396285,5.87,-0.76,-0.08,2.28,0.35,2,"0.669190141",0.315,0.283,"-0.669190141",0.042,0.034999999999999976,0.124,0.058,14.5,,,,,,,
1134,605244,"Garcia, Aramis",2024,1136,99.8,0.156,0.121,0.213,0.277,0.219,0.236,0.171,40,256,86.5,20.6,2232,87.9,88.03,183,533,601,0.09999999999999432,6.34,106,151,118,145,293,321,284,"22.374","-22.374",,,276,158,25,7,0,8,99,35.9,13,4.7,2.32437,0.66407,0.23548,0.02056,"90.9",165,35.13513513513514,8.108108108108109,4.3478260869565215,5.87,-0.91,0.13,2.39,0.214,12,"-1.973015873",0.231,0.296,"1.973015873",-0.015,-0.017000000000000015,-0.019,-0.017,34.3,,,,,,,
1132,680868,"Winkel, Patrick",2024,1132,100,0.228,0.134,0.311,0.362,0.281,0.287,0.236,63,276,87.8,12,2183,87.5,87.52,173,570,562,0,6.25,114,145,122,149,288,317,289,"10.243","-10.243",,,297,187,40,16,0,7,90,30.3,19,6.4,2.45247,0.56682,0.31997,-0.24881,"91.4",151,40.64171122994652,8.55614973262032,5.387205387205387,5.93,-0.75,-0.13,2.34,0.279,16,"-0.904858657",0.287,0.367,"0.904858657",-0.008,-0.007999999999999952,-0.005,-0.006,30.4,,,,,,,
1130,665482,"Celestino, Gilberto",2024,1131,99.9,0.276,0.087,0.345,0.362,0.318,0.295,0.244,70,254,87.6,-2.6,2248,88.2,88.17,136,506,624,0,6.23,106,149,116,147,299,320,281,"-0.599","0.599",,,283,197,54,13,0,3,57,20.1,27,9.5,2.3748,0.58884,0.2022,0.05674,"91.7",130,43.75,3.6458333333333335,2.4734982332155475,5.82,-0.89,0.04,2.3,0.35,7,"0.05300885",0.323,0.325,"-0.05300885",0.032,0.02699999999999997,0.037,0.023,26.9,,,,,,,
1128,813852,"Paige, Trey",2024,1136,99.3,0.246,0.127,0.325,0.373,0.322,0.302,0.23,56,228,88.8,6.7,2232,88.4,88.23,167,560,568,-0.20000000000000284,6.2,114,145,115,148,281,304,283,"0.045","-0.045",,,269,168,36,13,5,2,62,23,36,13.4,2.18851,0.7725,0.62086,-0.57981,"90.8",144,35.50295857988166,3.5502958579881656,2.2304832713754648,5.65,-1.09,-0.16,2.42,0.351,6,"-0.003989362",0.338,0.324,"0.003989362",0.016,0.012999999999999956,0.049,0.02,29.8,,,,,,,
1128,692390,"Cordoba, Jose",2024,1141,98.9,0.237,0.139,0.278,0.376,0.295,0.272,0.222,68,287,84.5,8.6,2277,87.6,87.51,172,630,498,-0.09999999999999432,6.25,105,147,114,144,291,306,274,"6.351","-6.351",,,316,232,41,19,3,5,57,18,21,6.6,2.37727,0.64428,0.4047,0.21091,"90.5",136,27.038626609442062,3.862660944206009,2.848101265822785,5.68,-0.87,0.21,2.37,0.298,9,"-0.563031915",0.286,0.316,"0.563031915",0.015,0.01200000000000001,0.06,0.023,27.3,,,,,,,
1121,806368,"Houghton, Maddux",2024,1122,99.9,0.243,0.091,0.354,0.333,0.304,0.276,0.205,59,243,84.3,10.1,2290,87.7,87.56,152,502,619,-0.10000000000000853,6.27,105,148,113,145,291,304,275,"3.293","-3.293",,,285,161,45,9,2,3,86,30.2,29,10.2,2.32708,0.68903,0.28886,0.1525,"90.0",157,27.95031055900621,1.8633540372670807,1.0526315789473684,5.85,-1.09,0.07,2.42,0.34,3,"-0.293755575",0.312,0.278,"0.293755575",0.038,0.028000000000000025,0.055,0.028,30.3,,,,,,,
1121,684576,"Isola, Alex",2024,1121,100,0.215,0.118,0.25,0.333,0.282,0.273,0.214,51,237,83.9,20.5,2217,87.5,87.57,120,499,622,0.09999999999999432,6.25,106,150,119,145,294,320,283,"9.768","-9.768",,,273,189,33,13,0,5,53,19.4,30,11,2.41307,0.59737,0.27076,0.02079,"90.5",153,22.872340425531913,3.1914893617021276,2.197802197802198,5.9,-0.48,0.17,2.31,0.3,6,"-0.871364853",0.302,0.298,"0.871364853",0.001,-0.0020000000000000018,0.035,0.009,24,,,,,,,
1119,682868,"Ramos, Bryan",2024,1119,100,0.263,0.152,0.313,0.416,0.331,0.324,0.254,64,243,88.2,12.8,2208,87.6,87.87,152,497,622,0.30000000000001137,6.34,106,150,120,146,293,320,285,"-0.525","0.525",,,279,187,43,13,0,8,58,20.8,24,8.6,2.40678,0.596,0.24605,0.01293,"91.4",169,37.368421052631575,7.368421052631578,5.017921146953405,5.72,-0.72,0.09,2.33,0.339,14,"0.04691689",0.335,0.39,"-0.04691689",0.009,0.0040000000000000036,0.026,0.007,30.6,,,,,,,
1118,621311,"Dahl, David",2024,1119,99.9,0.286,0.218,0.343,0.504,0.367,0.296,0.228,76,266,89.2,16.5,2176,87.8,87.88,156,572,546,0.10000000000000853,6.31,117,147,121,150,287,321,293,"-5.961","5.961",,,292,195,48,12,2,14,71,24.3,26,8.9,2.40142,0.59569,0.37998,-0.29418,"90.9",170,37.765957446808514,5.851063829787234,3.767123287671233,5.86,-1.14,-0.16,2.3,0.349,11,"0.533184258",0.298,0.37,"-0.533184258",0.058,0.05099999999999999,0.134,0.071,27.3,,,,,,,
1117,683146,"Baty, Brett",2024,1118,99.9,0.253,0.253,0.264,0.507,0.367,0.386,0.271,58,229,88.2,13,2119,87.5,87.75,125,491,626,0.29999999999999716,6.33,115,145,122,149,285,319,294,"-11.252","11.252",,,268,175,32,10,0,16,57,21.3,33,12.3,2.42378,0.58754,0.3935,-0.32819,"92.5",167,44,15.428571428571427,10.074626865671641,5.83,-0.91,-0.06,2.48,0.351,27,"1.007341092",0.368,0.525,"-1.007341092",-0.018,-0.017000000000000015,-0.018,-0.019,25.5,,,,,,,
1116,676724,"Young, Jared",2024,1119,99.7,0.283,0.223,0.325,0.506,0.399,0.389,0.279,66,233,91.7,11.3,2186,87.8,87.85,125,489,627,0,6.23,115,146,113,149,286,321,294,"-19.318","19.318",,,283,180,38,15,2,11,53,18.7,41,14.5,2.35735,0.63702,0.32711,-0.26849,"92.3",148,50,10,6.36042402826855,5.75,-0.81,-0.1,2.35,0.41,18,"1.731003584",0.406,0.475,"-1.731003584",0.004,0.003999999999999948,0.031,0.01,25.6,,,,,,,
1110,686482,"Driscoll, Logan",2024,1110,100,0.292,0.181,0.356,0.473,0.362,0.303,0.24,76,260,86.4,10.9,2176,86.9,86.87,171,539,571,0,6.23,113,144,123,150,280,317,290,"-13.298","13.298",,,292,201,44,24,1,7,61,20.9,26,8.9,2.54321,0.56919,0.27465,-0.21597,"91.2",156,35.53299492385787,7.614213197969544,5.136986301369863,5.81,-0.87,-0.12,2.34,0.363,15,"1.198018018",0.319,0.356,"-1.198018018",0.052,0.043999999999999984,0.117,0.059,31.7,,,,,,,
1110,656976,"Smith, Pavin",2024,1110,100,0.318,0.246,0.35,0.564,0.423,0.381,0.257,75,236,89.2,16.3,2197,87.8,88.15,81,407,703,0.29999999999999716,6.27,114,145,119,149,294,332,305,"-24.26","24.26",,,287,190,45,15,2,13,49,17.1,47,16.4,2.51028,0.46468,0.30602,-0.16593,"92.1",168,42.10526315789473,11.052631578947368,7.317073170731707,5.73,-0.98,-0.15,2.43,0.429,21,"2.185585586",0.382,0.494,"-2.185585586",0.061,0.046999999999999986,0.07,0.042,19.9,,,,,,,
1107,682663,"Ramírez, Agustín",2024,1107,100,0.246,0.165,0.287,0.411,0.334,0.307,0.229,61,248,88.2,7.9,2192,87.6,87.82,127,509,598,0.20000000000000284,6.31,106,150,119,146,298,324,286,"-7.566","7.566",,,287,190,39,12,1,9,59,20.6,33,11.5,2.49491,0.50428,0.22632,0.1205,"92.3",136,40.42553191489361,6.382978723404255,4.181184668989547,5.77,-1.07,0.14,2.26,0.345,12,"0.683468835",0.331,0.345,"-0.683468835",0.017,0.013999999999999957,0.066,0.027,25,,,,,,,
1100,702176,"Roden, Alan",2024,1102,99.8,0.309,0.198,0.338,0.506,0.391,0.342,0.276,75,243,88,8,2161,88.3,88.38,85,468,632,0.10000000000000853,6.28,116,146,117,151,283,318,292,"-17.92","17.92",,,283,204,48,15,3,9,41,14.5,34,12,2.33217,0.62569,0.45337,-0.33633,"92.1",144,36.94581280788177,4.433497536945813,3.180212014134275,5.8,-1.06,-0.11,2.33,0.399,9,"1.629090909",0.372,0.392,"-1.629090909",0.033,0.027000000000000024,0.114,0.049,18.2,,,,,,,
1095,622569,"Reyes, Pablo",2024,1100,99.5,0.291,0.207,0.303,0.498,0.378,0.34,0.269,66,227,88.5,15,2221,88.2,88.44,81,437,658,0.20000000000000284,6.34,106,149,112,145,291,316,282,"-14.432","14.432",,,262,190,45,7,2,12,39,14.9,33,12.6,2.33348,0.62628,0.28613,0.17981,"91.5",163,37.56613756613756,4.761904761904762,3.435114503816794,5.89,-1.1,0.15,2.41,0.378,9,"1.317990868",0.361,0.403,"-1.317990868",0.022,0.017000000000000015,0.095,0.038,18.5,,,,,,,
1092,642451,"Liberato, Luis",2024,1093,99.9,0.263,0.122,0.346,0.384,0.309,0.263,0.212,67,255,88,9.2,2182,87.6,87.68,178,554,538,0.10000000000000853,6.28,113,145,108,149,290,319,297,"4.332","-4.332",,,278,186,45,17,1,4,70,25.2,21,7.6,2.41299,0.63196,0.31746,-0.26472,"90.9",149,31.72043010752688,5.913978494623656,3.9568345323741005,5.88,-0.88,-0.04,2.37,0.32,11,"-0.396703297",0.274,0.316,"0.396703297",0.051,0.045999999999999985,0.068,0.046,32.1,,,,,,,
1091,669023,"Downs, Jeter",2024,1094,99.7,0.261,0.235,0.316,0.496,0.364,0.309,0.215,59,226,87.3,22.7,2198,88,88.22,121,488,603,0.20000000000000284,6.35,104,150,116,145,293,322,287,"-10.204","10.204",,,271,165,29,17,3,10,68,25.1,30,11.1,2.35692,0.62724,0.27376,0.07043,"90.9",165,36.96969696969697,9.090909090909092,5.535055350553505,5.74,-0.83,0.13,2.29,0.358,15,"0.935288726",0.321,0.369,"-0.935288726",0.046,0.03699999999999998,0.127,0.055,24.8,,,,,,,
1087,815459,"Friedrick, Ross",2024,1087,100,0.184,0.075,0.24,0.259,0.232,0.248,0.192,44,239,88.3,4.6,2194,88.1,87.97,149,541,546,-0.09999999999999432,6.27,113,145,119,147,286,307,286,"21.997","-21.997",,,268,174,33,7,1,3,70,26.1,21,7.8,2.25758,0.72461,0.59941,-0.5322,"91.4",142,38.15028901734104,4.046242774566474,2.6119402985074625,5.68,-1.09,-0.1,2.41,0.254,7,"-2.023643054",0.266,0.27,"2.023643054",-0.008,-0.01200000000000001,-0.011,-0.016,27.5,,,,,,,
1085,656821,"Padlo, Kevin",2024,1085,100,0.189,0.172,0.234,0.361,0.299,0.293,0.191,43,227,90.1,19.5,2195,87.8,87.89,152,463,622,0.10000000000000853,6.27,108,149,119,145,295,320,289,"5.768","-5.768",,,276,154,22,12,0,9,79,28.6,41,14.9,2.45271,0.58326,0.24165,0.05473,"92.2",154,36.36363636363637,9.090909090909092,5.072463768115942,5.8,-0.8,0.15,2.33,0.312,14,"-0.531612903",0.316,0.322,"0.531612903",-0.002,-0.0040000000000000036,0.039,0.006,32.8,,,,,,,
1083,694208,"Ballesteros, Moisés",2024,1083,100,0.281,0.173,0.33,0.454,0.345,0.326,0.261,73,260,88.7,15.4,2180,87.5,87.48,144,567,516,0,6.18,118,147,125,152,285,313,290,"-4.103","4.103",,,285,201,48,15,0,10,60,21.1,23,8.1,2.45181,0.55555,0.2831,-0.2531,"91.3",165,37.81094527363184,8.955223880597014,6.315789473684211,5.9,-0.86,-0.12,2.34,0.34,18,"0.378855032",0.323,0.424,"-0.378855032",0.02,0.017000000000000015,0.03,0.019,25.4,,,,,,,
1083,802544,"Vradenburg, Brock",2024,1083,100,0.193,0.076,0.269,0.269,0.29,0.33,0.214,38,197,90.6,7.6,2193,87.8,87.58,136,412,671,-0.20000000000000284,6.22,114,145,120,146,280,305,290,"2.979","-2.979",,,249,136,27,9,0,2,65,26.1,48,19.3,2.27329,0.72844,0.57304,-0.48263,"91.9",140,45.588235294117645,8.823529411764707,4.819277108433735,5.68,-0.92,-0.09,2.38,0.345,12,"-0.275069252",0.369,0.342,"0.275069252",-0.021,-0.02400000000000002,-0.073,-0.04,33,,,,,,,
1077,656448,"Garrett, Stone",2024,1078,99.9,0.248,0.09,0.369,0.338,0.306,0.271,0.203,58,234,87,16.6,2217,87.7,87.8,199,544,533,0.09999999999999432,6.3,107,150,119,146,297,321,286,"0.12","-0.12",,,273,152,43,12,0,3,83,30.4,29,10.6,2.4316,0.57021,0.24816,-0.00793,"90.7",151,30.76923076923077,5.128205128205128,2.93040293040293,5.81,-0.87,0.21,2.32,0.34,8,"-0.011142061",0.301,0.284,"0.011142061",0.045,0.039000000000000035,0.054,0.035,36.6,,,,,,,
1073,694200,"Almonte, Ariel",2024,1073,100,0.223,0.195,0.309,0.418,0.333,0.323,0.22,49,220,88,13.9,2193,87.4,87.23,178,507,566,-0.20000000000000284,6.28,113,145,120,147,288,310,289,"-4.494","4.494",,,258,134,28,10,0,11,86,33.3,37,14.3,2.39011,0.64979,0.46592,-0.47854,"92.2",150,41.7910447761194,11.940298507462686,6.2015503875969,5.75,-1.17,-0.09,2.39,0.337,16,"0.418825722",0.335,0.388,"-0.418825722",0.003,0.0020000000000000018,0.03,0.01,35.1,,,,,,,
1069,695596,"Raposo, Nick",2024,1070,99.9,0.206,0.134,0.237,0.34,0.276,0.281,0.225,52,253,86.2,15.6,2201,87.9,87.84,98,488,581,-0.10000000000000853,6.22,107,151,119,146,291,317,284,"8.497","-8.497",,,279,194,34,10,0,8,59,21.1,25,9,2.3497,0.64443,0.28073,0.08324,"90.6",157,28.645833333333332,3.125,2.1505376344086025,5.82,-0.72,0.12,2.37,0.28,6,"-0.794855005",0.298,0.329,"0.794855005",-0.019,-0.01799999999999996,0.011,-0.005,20.1,,,,,,,
1063,683301,"Arnold, Bryce",2024,1063,100,0.188,0.127,0.245,0.314,0.298,0.289,0.191,43,229,84.4,15.9,2254,88.5,88.45,122,432,631,0,6.27,105,148,114,145,289,303,272,"7.536","-7.536",,,279,157,26,11,0,6,73,26.2,42,15.1,2.21468,0.75187,0.42944,0.19022,"90.3",153,28.846153846153843,5.128205128205128,2.867383512544803,5.79,-1.05,0.04,2.42,0.33,8,"-0.708936971",0.333,0.281,"0.708936971",-0.003,-0.0030000000000000027,0.033,0.009,28.2,,,,,,,
1062,680718,"Barger, Addison",2024,1062,100,0.26,0.206,0.299,0.466,0.376,0.38,0.279,53,204,90.2,10.6,2114,87.7,87.73,94,426,636,0,6.27,115,145,122,150,287,319,291,"-14.805","14.805",,,249,156,29,15,0,9,48,19.3,40,16.1,2.45219,0.55,0.42728,-0.30433,"92.2",153,43.790849673202615,8.49673202614379,5.220883534136546,5.84,-0.93,-0.17,2.32,0.391,13,"1.394067797",0.409,0.448,"-1.394067797",-0.019,-0.01799999999999996,0.018,-0.004,22.1,,,,,,,
1060,675656,"Smith, Kevin",2024,1063,99.7,0.234,0.098,0.347,0.332,0.272,0.255,0.205,55,235,86.3,17.9,2197,88.1,88.34,159,540,520,0.20000000000000284,6.36,106,150,115,145,295,321,284,"9.792","-9.792",,,261,153,38,14,0,3,88,33.7,17,6.5,2.34592,0.63109,0.28503,0.07692,"90.7",160,32.6797385620915,5.228758169934641,3.065134099616858,5.75,-0.78,0.13,2.34,0.287,8,"-0.923773585",0.267,0.297,"0.923773585",0.029,0.019999999999999962,0.035,0.017,29.4,,,,,,,
1058,657247,"O'Keefe, Brian",2024,1058,100,0.281,0.273,0.289,0.554,0.389,0.36,0.251,68,242,90.1,18,2175,87.8,87.76,150,494,564,0,6.18,105,150,120,145,294,320,286,"-14.952","14.952",,,280,191,38,12,0,18,55,19.6,34,12.1,2.37356,0.62161,0.29183,0.08861,"91.7",170,38.7434554973822,12.041884816753926,8.214285714285714,5.81,-0.77,0,2.38,0.364,23,"1.413232514",0.343,0.478,"-1.413232514",0.03,0.020999999999999963,0.076,0.029,30.4,,,,,,,
1056,678545,"Basabe, Osleivis",2024,1056,100,0.249,0.088,0.287,0.337,0.279,0.247,0.211,65,261,86.3,4.4,2183,87.5,87.47,131,566,490,0,6.26,108,149,114,147,287,315,282,"11.377","-11.377",,,282,214,52,8,0,5,50,17.7,14,5,2.39482,0.62974,0.2325,0.05059,"90.9",146,31.753554502369667,3.3175355450236967,2.4822695035460995,5.92,-0.45,0.06,2.38,0.294,7,"-1.077367424",0.261,0.287,"1.077367424",0.038,0.032999999999999974,0.05,0.032,23.1,,,,,,,
1055,690180,"Windham, Bryce",2024,1062,99.3,0.258,0.12,0.331,0.378,0.316,0.296,0.244,58,225,87.3,10.5,2153,87.9,88.07,79,459,596,0.19999999999998863,6.24,115,146,112,151,281,314,291,"2.483","-2.483",,,253,171,37,17,2,2,55,21.7,26,10.3,2.33996,0.63825,0.31934,-0.24806,"90.4",168,29.411764705882355,2.3529411764705883,1.5810276679841897,5.9,-0.84,0.04,2.4,0.336,4,"-0.23535545",0.325,0.334,"0.23535545",0.014,0.01100000000000001,0.044,0.02,17.2,,,,,,,
1054,657562,"Dorrian, Patrick",2024,1055,99.9,0.168,0.08,0.234,0.248,0.241,0.268,0.187,40,238,87.4,10.9,2158,88.4,88.53,175,480,574,0.09999999999999432,6.3,112,144,112,148,289,320,295,"20.481","-20.481",,,274,161,29,6,2,3,79,28.8,32,11.7,2.34346,0.64068,0.36777,-0.34383,"91.4",152,35.84905660377358,5.660377358490567,3.2846715328467155,5.85,-1.11,0.01,2.36,0.27,9,"-1.94316888",0.288,0.295,"1.94316888",-0.019,-0.01799999999999996,-0.047,-0.027,36.5,,,,,,,
1053,608700,"Plawecki, Kevin",2024,1056,99.7,0.261,0.184,0.273,0.444,0.342,0.294,0.23,68,261,87,9.9,2215,88.7,88.91,100,493,560,0.20000000000000284,6.26,106,150,121,146,305,326,294,"-0.565","0.565",,,296,220,42,15,0,11,43,14.5,32,10.8,2.35292,0.56211,0.31677,0.02612,"91.4",148,36.07305936073059,5.0228310502283104,3.7162162162162162,5.75,-0.66,0.11,2.34,0.341,11,"0.05365622",0.315,0.339,"-0.05365622",0.031,0.026000000000000023,0.105,0.048,20.3,,,,,,,
1053,687588,"Pries, Micah",2024,1053,100,0.227,0.139,0.274,0.366,0.293,0.314,0.247,54,238,87,16.6,2163,87.6,87.59,156,550,503,0,6.25,115,145,120,150,283,319,288,"8.209","-8.209",,,263,176,38,7,1,8,63,24,20,7.6,2.45452,0.55521,0.32484,-0.2946,"91.1",159,35.22727272727273,5.681818181818182,3.802281368821293,5.84,-0.65,-0.07,2.37,0.297,10,"-0.779582146",0.315,0.397,"0.779582146",-0.02,-0.018000000000000016,-0.031,-0.021,28.4,,,,,,,
1049,680814,"Burdick, Peyton",2024,1049,100,0.187,0.183,0.294,0.37,0.298,0.297,0.183,41,219,89,15.6,2219,88,88.08,202,468,581,0.09999999999999432,6.27,107,151,120,147,294,323,286,"4.923","-4.923",,,257,113,23,7,0,11,108,42,31,12.1,2.30736,0.68015,0.23974,-0.03944,"91.7",169,42.47787610619469,15.929203539823009,7.003891050583658,5.86,-0.65,0.17,2.39,0.3,18,"-0.469304099",0.298,0.36,"0.469304099",0.004,0.0020000000000000018,0.01,0.001,43.2,,,,,,,
1049,800208,"Plaz, Axiel",2024,1049,100,0.211,0.237,0.237,0.447,0.322,0.316,0.209,48,228,89.5,20.6,2294,87.8,87.6,160,500,549,-0.20000000000000284,6.24,105,149,117,146,294,308,278,"-1.815","1.815",,,263,154,24,9,0,15,78,29.7,28,10.6,2.34765,0.65521,0.31545,0.06025,"91.6",152,41.830065359477125,13.071895424836603,7.604562737642586,5.72,-0.91,0.25,2.34,0.3,20,"0.173021926",0.304,0.406,"-0.173021926",0.002,-0.0040000000000000036,0.041,0.006,32,,,,,,,
1044,675986,"Smith-Njigba, Canaan",2024,1046,99.8,0.214,0.109,0.308,0.323,0.305,0.31,0.213,43,201,89.3,5.8,2208,87.8,87.95,144,429,615,0.20000000000000284,6.28,116,146,115,151,284,321,294,"5.639","-5.639",,,245,135,27,12,2,2,68,27.8,41,16.7,2.43632,0.56674,0.27114,-0.3005,"91.4",153,38.23529411764706,8.823529411764707,4.8979591836734695,5.78,-0.88,-0.09,2.32,0.344,12,"-0.5401341",0.344,0.332,"0.5401341",0.001,0,-0.009,-0.005,33.6,,,,,,,
1044,690971,"Davis, Chase",2024,1044,100,0.215,0.114,0.286,0.329,0.292,0.285,0.207,49,228,87.4,9.2,2224,88.1,88.01,124,442,602,-0.09999999999999432,6.23,113,144,119,146,283,308,285,"6.627","-6.627",,,269,164,29,17,0,3,68,25.3,33,12.3,2.24711,0.73059,0.60686,-0.52343,"91.7",140,34.355828220858896,5.521472392638037,3.3457249070631967,5.65,-0.9,-0.09,2.34,0.32,9,"-0.634770115",0.316,0.305,"0.634770115",0.008,0.0040000000000000036,0.024,0.007,28.1,,,,,,,
1043,678877,"Noel, Jhonkensy",2024,1043,100,0.295,0.283,0.322,0.578,0.399,0.328,0.237,76,258,88.4,15.4,2209,87.9,87.92,155,569,474,0,6.25,108,151,121,147,297,324,285,"-20.075","20.075",,,284,198,41,15,2,18,60,21.1,19,6.7,2.43503,0.55582,0.24186,0.09024,"92.4",154,38.07106598984771,11.6751269035533,8.098591549295776,5.88,-0.82,0.03,2.38,0.359,23,"1.924736337",0.307,0.444,"-1.924736337",0.058,0.05199999999999999,0.134,0.071,27.2,,,,,,,
1042,656669,"Luplow, Jordan",2024,1042,100,0.255,0.195,0.286,0.45,0.344,0.327,0.243,56,220,89.1,18.6,2261,87.9,88.05,138,498,544,0.09999999999999432,6.34,106,150,118,144,295,321,286,"-10.463","10.463",,,254,171,33,13,0,10,52,20.5,28,11,2.31103,0.67091,0.19423,0.01169,"91.5",162,39.285714285714285,9.523809523809524,6.299212598425196,5.9,-0.81,0.08,2.33,0.343,16,"1.004126679",0.335,0.4,"-1.004126679",0.012,0.008000000000000007,0.05,0.017,27.7,,,,,,,
1038,695000,"Ruiz, Poncho",2024,1038,100,0.261,0.132,0.302,0.393,0.332,0.314,0.238,61,234,86,13.3,2260,87.3,87.21,91,425,613,-0.09999999999999432,6.28,105,148,117,145,290,303,272,"-6.288","6.288",,,275,193,38,19,0,4,45,16.4,32,11.6,2.37758,0.66534,0.28317,0.164,"90.6",159,29.166666666666668,4.6875,3.272727272727273,5.79,-1.15,0.12,2.34,0.356,9,"0.605780347",0.339,0.359,"-0.605780347",0.023,0.01699999999999996,0.034,0.018,21.4,,,,,,,
1037,676679,"Vázquez, Luis",2024,1043,99.4,0.261,0.171,0.315,0.432,0.341,0.285,0.216,61,234,88.2,11.4,2181,87.9,87.98,121,480,557,0.09999999999999432,6.28,106,151,116,147,293,316,281,"-4.014","4.014",,,266,176,37,16,0,8,59,22.2,25,9.4,2.33945,0.65727,0.29831,0.08249,"91.3",150,38.285714285714285,6.2857142857142865,4.135338345864661,5.91,-0.66,-0.01,2.45,0.346,11,"0.38707811",0.307,0.322,"-0.38707811",0.045,0.03899999999999998,0.11,0.056,25.2,,,,,,,
1029,592144,"Bernard, Wynton",2024,1030,99.9,0.277,0.124,0.318,0.402,0.312,0.287,0.27,69,249,83.6,9.3,2198,87.8,87.91,113,503,526,0.10000000000000853,6.28,107,149,114,145,294,316,280,"3.499","-3.499",,,264,206,50,12,2,5,44,16.7,12,4.5,2.43312,0.5565,0.25453,0.05027,"90.6",137,26.699029126213592,2.4271844660194173,1.893939393939394,5.85,-0.76,0.16,2.29,0.314,5,"-0.340038873",0.307,0.335,"0.340038873",0.007,0.007000000000000006,0.067,0.025,22.5,,,,,,,
1026,687462,"Horwitz, Spencer",2024,1026,100,0.335,0.179,0.401,0.514,0.422,0.385,0.297,71,212,89.6,13,2175,88.3,88.38,74,417,609,0.10000000000000853,6.29,118,146,120,150,284,314,292,"-24.983","24.983",,,259,171,43,22,2,4,41,15.8,44,17,2.3515,0.60744,0.4427,-0.29381,"91.5",173,38.82352941176471,5.294117647058823,3.474903474903475,5.78,-0.87,-0.05,2.31,0.456,9,"2.434990253",0.425,0.44,"-2.434990253",0.038,0.031000000000000028,0.074,0.037,17.7,,,,,,,
1025,686551,"Cairo, Christian",2024,1034,99.1,0.213,0.084,0.281,0.297,0.295,0.278,0.183,43,202,87.4,8.7,2208,88.3,88.3,107,398,627,0,6.28,106,149,107,146,292,314,277,"3.762","-3.762",,,248,148,33,5,3,2,58,23.4,40,16.1,2.31802,0.64347,0.34968,0.11449,"90.4",152,26.20689655172414,3.4482758620689653,2.0161290322580645,5.86,-0.53,0.11,2.27,0.343,5,"-0.36702439",0.322,0.267,"0.36702439",0.03,0.02100000000000002,0.03,0.017,26.9,,,,,,,
1025,807720,"Forrester, Garret",2024,1025,100,0.255,0.089,0.381,0.344,0.338,0.313,0.217,49,192,88.6,8.8,2284,88.4,88.27,102,344,681,-0.10000000000000853,6.28,105,148,117,145,293,305,275,"-4.81","4.81",,,239,127,34,14,0,1,67,28,37,15.5,2.24868,0.71291,0.44182,0.23226,"91.3",147,40.476190476190474,3.968253968253968,2.092050209205021,5.68,-0.88,0.02,2.37,0.393,5,"0.469268293",0.366,0.297,"-0.469268293",0.038,0.027000000000000024,0.047,0.025,29.7,,,,,,,
1024,801430,"Jobert, Brayden",2024,1025,99.9,0.193,0.145,0.238,0.338,0.307,0.321,0.217,40,207,89,14.6,2215,88.1,88.02,129,464,560,-0.09999999999999432,6.21,111,144,116,147,283,306,284,"1.772","-1.772",,,260,149,24,8,2,6,63,24.2,36,13.8,2.2172,0.75562,0.62196,-0.51131,"91.1",149,38.92617449664429,6.0402684563758395,3.4615384615384617,5.69,-1.11,-0.12,2.44,0.336,9,"-0.173046875",0.357,0.34,"0.173046875",-0.024,-0.020999999999999963,-0.002,-0.014,27.8,,,,,,,
1018,669234,"Malloy, Justyn-Henry",2024,1018,100,0.258,0.199,0.353,0.457,0.377,0.339,0.226,48,186,88.5,15.3,2205,87.7,87.68,120,394,624,0,6.31,106,150,120,145,294,323,287,"-12.714","12.714",,,236,123,25,16,0,7,66,28,43,18.2,2.38806,0.6208,0.22769,0.05759,"90.7",156,33.33333333333333,8.333333333333332,4.23728813559322,5.9,-0.91,0.15,2.32,0.403,10,"1.24891945",0.382,0.355,"-1.24891945",0.032,0.02100000000000002,0.102,0.038,30.5,,,,,,,
1016,666397,"Julien, Edouard",2024,1016,100,0.242,0.167,0.358,0.409,0.359,0.361,0.233,45,186,89.8,8.4,2189,86.9,86.93,99,384,632,0,6.19,117,146,116,150,285,319,294,"-5.236","5.236",,,232,113,29,8,1,7,73,31.5,45,19.4,2.53792,0.51408,0.22784,-0.11722,"91.3",164,45.13274336283185,10.619469026548673,5.172413793103448,5.97,-0.86,-0.11,2.43,0.392,12,"0.515354331",0.385,0.422,"-0.515354331",0.009,0.007000000000000006,-0.013,-0.002,25.8,,,,,,,
1016,805999,"Ewing, A.J.",2024,1016,100,0.243,0.119,0.331,0.362,0.321,0.306,0.207,53,218,88,13.4,2198,88,87.93,127,432,584,-0.09999999999999432,6.31,113,146,112,149,281,306,288,"-0.263","0.263",,,258,152,37,10,2,4,68,26.4,36,14,2.26542,0.72895,0.59071,-0.55461,"90.8",173,36.423841059602644,7.9470198675496695,4.651162790697675,5.7,-1.11,-0.16,2.29,0.353,12,"0.025885827",0.324,0.356,"-0.025885827",0.036,0.02899999999999997,0.006,0.015,29.4,,,,,,,
1016,701833,"Viars, Jordan",2024,1018,99.8,0.25,0.241,0.331,0.491,0.362,0.311,0.218,56,224,85.3,23,2187,88.2,88,159,477,539,-0.20000000000000284,6.25,117,146,116,146,285,309,285,"-3.948","3.948",,,261,145,28,14,2,12,81,31,28,10.7,2.23482,0.74667,0.5691,-0.55855,"91.9",161,36.11111111111111,10.416666666666668,5.747126436781609,5.8,-1.21,-0.18,2.4,0.349,15,"0.388582677",0.324,0.362,"-0.388582677",0.032,0.024999999999999967,0.129,0.051,33.3,,,,,,,
1013,605421,"Pérez, Michael",2024,1014,99.9,0.256,0.194,0.308,0.45,0.349,0.31,0.226,54,211,89.4,16.6,2149,87.6,87.76,109,471,542,0.20000000000000284,6.25,114,145,117,148,292,325,293,"-7.448","7.448",,,245,155,31,14,0,9,58,23.7,26,10.6,2.4575,0.56537,0.42835,-0.3059,"91.5",144,36.12903225806451,7.096774193548387,4.489795918367347,5.76,-1.17,-0.1,2.32,0.351,11,"0.735241856",0.326,0.369,"-0.735241856",0.03,0.024999999999999967,0.081,0.039,23.1,,,,,,,
1000,811210,"Kretzschmar, Kade",2024,1000,100,0.281,0.088,0.341,0.369,0.343,0.311,0.238,61,217,86.1,9.6,2234,88.7,88.56,97,447,553,-0.10000000000000853,6.19,113,144,118,147,280,304,283,"-3.665","3.665",,,262,177,47,10,3,1,43,16.4,34,13,2.15743,0.77895,0.62834,-0.53434,"90.5",153,25.98870056497175,2.824858757062147,1.9083969465648856,5.68,-0.99,-0.17,2.39,0.393,5,"0.3665",0.359,0.31,"-0.3665",0.043,0.03400000000000003,0.059,0.032,21.7,,,,,,,
995,664753,"Costes, Marty",2024,995,100,0.235,0.071,0.267,0.307,0.279,0.294,0.249,56,238,86.6,3.7,2231,88.1,88.16,91,484,511,0.10000000000000853,6.25,107,150,118,146,298,318,276,"6.846","-6.846",,,270,199,47,5,0,4,43,15.9,21,7.8,2.32945,0.6425,0.3126,0.096,"91.0",138,34.84848484848485,1.5151515151515151,1.1111111111111112,5.79,-0.78,0.13,2.35,0.311,3,"-0.688040201",0.327,0.315,"0.688040201",-0.014,-0.016000000000000014,-0.008,-0.015,18.8,,,,,,,
995,592348,"Goodrum, Niko",2024,995,100,0.284,0.175,0.381,0.46,0.363,0.334,0.25,60,211,89.2,8.8,2128,87.8,87.92,142,438,557,0.10000000000000853,6.3,112,145,119,147,289,319,289,"-7.072","7.072",,,243,146,41,8,4,7,66,27.2,29,11.9,2.38062,0.61651,0.39221,-0.39221,"91.6",160,44.52054794520548,9.58904109589041,5.761316872427984,5.76,-0.71,-0.05,2.38,0.374,14,"0.710753769",0.344,0.41,"-0.710753769",0.034,0.030000000000000027,0.05,0.029,32.4,,,,,,,
987,668845,"Schunk, Aaron",2024,988,99.9,0.291,0.178,0.336,0.469,0.348,0.288,0.233,80,275,85.4,13.9,2273,87.9,88.5,142,570,417,0.5999999999999943,6.33,107,151,118,147,305,328,297,"-8.731","8.731",,,298,224,47,24,2,7,53,17.8,19,6.4,2.48504,0.47516,0.1641,0.01875,"90.7",159,27.232142857142854,4.910714285714286,3.691275167785235,5.68,-0.6,0.15,2.34,0.339,11,"0.884599797",0.288,0.365,"-0.884599797",0.058,0.051000000000000045,0.104,0.06,24.9,,,,,,,
983,669065,"Stowers, Kyle",2024,983,100,0.24,0.314,0.247,0.555,0.367,0.338,0.221,55,229,91.2,16.2,2183,88.1,88.19,186,554,429,0.10000000000000853,6.27,113,144,118,149,289,319,291,"-10.807","10.807",,,264,168,20,16,1,18,66,25,26,9.8,2.32835,0.65484,0.38092,-0.28864,"91.8",168,44.31137724550898,14.97005988023952,9.469696969696969,5.8,-0.83,-0.13,2.41,0.322,25,"1.099389624",0.31,0.474,"-1.099389624",0.019,0.01200000000000001,0.081,0.029,33.6,,,,,,,
981,660620,"Araúz, Jonathan",2024,981,100,0.227,0.098,0.289,0.324,0.272,0.27,0.23,51,225,89.2,12.1,2150,88.7,88.93,105,452,529,0.20000000000000284,6.29,110,146,114,148,291,318,292,"12.722","-12.722",,,244,169,36,11,1,3,56,23,19,7.8,2.27404,0.64738,0.41113,-0.41113,"92.3",151,40.7185628742515,3.592814371257485,2.459016393442623,5.8,-1,-0.01,2.33,0.287,6,"-1.296839959",0.291,0.309,"1.296839959",-0.003,-0.0040000000000000036,0.015,0.002,23.2,,,,,,,
980,800476,"Cruz, John",2024,981,99.9,0.154,0.038,0.219,0.192,0.21,0.22,0.162,36,234,81.9,9.9,2206,88.2,87.93,147,465,515,-0.29999999999999716,6.18,113,145,113,146,276,303,285,"25.443","-25.443",,,271,161,29,6,0,1,78,28.8,27,10,2.19255,0.78424,0.59854,-0.50812,"89.5",132,14.19753086419753,0.6172839506172839,0.36900369003690037,5.66,-0.92,-0.17,2.4,0.248,1,"-2.59622449",0.257,0.2,"2.59622449",-0.008,-0.009000000000000008,-0.008,-0.01,31.6,,,,,,,
979,664314,"Florial, Estevan",2024,979,100,0.213,0.157,0.28,0.371,0.308,0.311,0.214,42,197,88.6,15.1,2170,88.1,88,172,453,526,-0.09999999999999432,6.21,113,144,116,150,284,317,288,"3.863","-3.863",,,231,127,29,4,0,9,72,31.2,30,13,2.39728,0.5809,0.36119,-0.31011,"91.5",158,40.15748031496063,7.874015748031496,4.329004329004329,5.89,-0.73,-0.12,2.4,0.32,10,"-0.394586313",0.323,0.369,"0.394586313",-0.001,-0.0030000000000000027,0.002,-0.003,38,,,,,,,
977,668965,"Zamora, Freddy",2024,979,99.8,0.193,0.055,0.244,0.248,0.252,0.278,0.219,42,218,85.6,7.1,2204,88.2,88.29,93,412,565,0.09999999999999432,6.29,106,148,114,144,297,320,289,"11.558","-11.558",,,253,166,34,6,0,2,55,21.7,28,11.1,2.34392,0.61808,0.30503,0.10817,"90.3",133,27.710843373493976,1.2048192771084338,0.7905138339920948,5.78,-0.81,0.12,2.34,0.292,2,"-1.183009212",0.315,0.287,"1.183009212",-0.026,-0.02300000000000002,-0.039,-0.026,22.6,,,,,,,
976,665839,"Valdez, Enmanuel",2024,977,99.9,0.233,0.212,0.26,0.446,0.337,0.333,0.24,45,193,89.2,22.9,2183,87,87.07,95,403,573,0.09999999999999432,6.32,112,145,115,149,287,320,290,"-5.968","5.968",,,224,142,26,8,0,11,53,23.7,27,12.1,2.50226,0.61499,0.27186,-0.25038,"91.8",176,40.140845070422536,10.56338028169014,6.696428571428571,5.77,-0.97,-0.13,2.35,0.33,15,"0.61147541",0.337,0.42,"-0.61147541",-0.007,-0.007000000000000006,0.026,0.004,23.6,,,,,,,
976,677008,"Kjerstad, Heston",2024,976,100,0.3,0.3,0.353,0.601,0.417,0.362,0.252,64,213,90.7,16.8,2191,87.3,87.36,137,495,481,0.10000000000000853,6.27,114,145,122,150,290,322,293,"-25.582","25.582",,,257,152,33,14,1,16,67,26.1,31,12.1,2.4908,0.55482,0.28535,-0.2398,"91.7",171,48.34437086092716,12.582781456953644,7.392996108949417,5.79,-0.94,-0.02,2.37,0.395,19,"2.621106557",0.364,0.447,"-2.621106557",0.048,0.031000000000000028,0.154,0.055,27.7,,,,,,,
972,803139,"Bennett, Pierce",2024,972,100,0.249,0.054,0.294,0.303,0.321,0.33,0.252,46,185,86.9,2.1,2268,88.3,88.17,66,365,607,-0.09999999999999432,6.29,106,148,116,145,293,305,275,"-3.769","3.769",,,231,154,39,5,1,1,34,14.7,35,15.2,2.22907,0.74543,0.36705,0.16132,"90.6",142,32.467532467532465,0.6493506493506493,0.4329004329004329,5.81,-0.93,0.11,2.47,0.385,1,"0.387757202",0.392,0.309,"-0.387757202",-0.003,-0.007000000000000006,-0.006,-0.009,18.1,,,,,,,
971,670156,"Mastrobuoni, Miles",2024,973,99.8,0.214,0.112,0.251,0.326,0.281,0.281,0.223,46,215,88.2,10,2171,87.8,87.83,69,389,582,0,6.26,115,146,110,150,280,313,292,"7.711","-7.711",,,241,171,30,12,0,4,44,18.3,26,10.8,2.36147,0.6339,0.32714,-0.23464,"90.8",152,31.76470588235294,4.117647058823529,2.904564315352697,5.87,-0.69,-0.06,2.37,0.299,7,"-0.794129763",0.307,0.314,"0.794129763",-0.009,-0.008000000000000007,0.012,0,17.7,,,,,,,
968,800463,"Joseph, Jean",2024,968,100,0.221,0.124,0.282,0.345,0.286,0.262,0.205,50,226,85.7,16.4,2254,87.8,87.61,130,478,490,-0.20000000000000284,6.2,107,149,114,146,290,305,278,"10.34","-10.34",,,255,167,31,14,1,4,62,24.3,16,6.3,2.35392,0.6486,0.34672,0.13502,"90.4",137,29.34131736526946,3.592814371257485,2.3529411764705883,5.79,-0.94,0.15,2.36,0.298,6,"-1.068181818",0.284,0.29,"1.068181818",0.016,0.014000000000000012,0.055,0.024,27.2,,,,,,,
968,679631,"Vavra, Terrin",2024,972,99.6,0.231,0.116,0.311,0.347,0.308,0.309,0.234,46,199,87.5,11.4,2173,88,88.11,133,470,498,0.09999999999999432,6.28,114,145,110,149,285,319,294,"4.567","-4.567",,,232,139,34,5,3,4,61,26.3,29,12.5,2.32021,0.66267,0.37714,-0.23393,"90.3",158,33.093525179856115,5.0359712230215825,3.0172413793103448,5.79,-0.96,-0.1,2.38,0.336,7,"-0.471797521",0.339,0.343,"0.471797521",-0.003,-0.0030000000000000027,0.004,-0.001,28.3,,,,,,,
962,682657,"Martínez, Angel",2024,967,99.5,0.264,0.184,0.292,0.448,0.346,0.287,0.223,56,212,86.9,14.2,2164,88.5,88.37,82,464,498,-0.09999999999999432,6.18,112,147,109,149,287,319,288,"-3.85","3.85",,,244,175,32,16,1,7,40,16.4,25,10.2,2.27998,0.66766,0.41619,-0.41619,"90.7",156,30.63583815028902,4.046242774566474,2.8688524590163933,5.96,-0.54,-0.02,2.42,0.348,7,"0.4002079",0.314,0.321,"-0.4002079",0.041,0.033999999999999975,0.127,0.059,17.7,,,,,,,
961,687833,"Fontana, Shayne",2024,964,99.7,0.223,0.09,0.283,0.313,0.283,0.26,0.203,47,211,86.5,9.4,2138,88.1,88.16,129,460,501,0.10000000000000853,6.25,113,146,112,148,287,320,288,"4.524","-4.524",,,242,156,37,5,1,4,57,23.6,23,9.5,2.44027,0.55262,0.36429,-0.25529,"90.7",142,35.8974358974359,2.564102564102564,1.6528925619834711,5.86,-0.99,-0.1,2.38,0.311,4,"-0.470759625",0.295,0.267,"0.470759625",0.02,0.016000000000000014,0.046,0.023,28,,,,,,,
960,680779,"Davis, Henry",2024,960,100,0.307,0.248,0.365,0.555,0.409,0.343,0.251,67,218,88.7,21.7,2230,87.5,87.6,147,486,474,0.09999999999999432,6.26,107,151,119,146,297,324,288,"-22.106","22.106",,,252,161,39,15,0,13,57,22.6,21,8.3,2.49631,0.56342,0.20668,0.08277,"91.9",165,38.88888888888889,8.024691358024691,5.158730158730158,5.81,-0.59,0.15,2.22,0.396,13,"2.302708333",0.347,0.429,"-2.302708333",0.056,0.049000000000000044,0.126,0.066,30.2,,,,,,,
959,674951,"Podkul, Nick",2024,959,100,0.232,0.188,0.32,0.42,0.349,0.333,0.207,42,181,89.6,18.9,2198,87.6,87.72,104,360,599,0.10000000000000853,6.36,105,151,119,145,295,322,285,"-7.082","7.082",,,219,112,26,7,0,9,69,31.5,34,15.5,2.40163,0.60928,0.24607,-0.01343,"91.1",164,40.54054054054054,14.414414414414415,7.30593607305936,5.84,-0.68,0.21,2.32,0.365,16,"0.738477581",0.346,0.399,"-0.738477581",0.025,0.019000000000000017,0.021,0.016,28.9,,,,,,,
951,665922,"Muzziotti, Símon",2024,954,99.7,0.228,0.14,0.267,0.367,0.287,0.295,0.239,49,215,89.9,14.1,2203,88.3,88.39,80,447,504,0.10000000000000853,6.32,115,146,111,149,281,317,292,"8.814","-8.814",,,236,170,32,9,3,5,47,19.9,18,7.6,2.30807,0.65466,0.31308,-0.23492,"91.4",155,41.77215189873418,6.329113924050633,4.23728813559322,5.96,-1.06,-0.06,2.35,0.288,10,"-0.92681388",0.303,0.364,"0.92681388",-0.011,-0.015000000000000013,0.003,-0.008,17.9,,,,,,,
950,644433,"Tromp, Chadwick",2024,950,100,0.303,0.154,0.352,0.457,0.364,0.31,0.249,71,234,88.5,11.7,2209,87.6,87.78,119,456,494,0.20000000000000284,6.29,106,150,119,146,299,319,286,"-11.927","11.927",,,267,189,49,15,0,7,48,18,29,10.9,2.51051,0.51226,0.27466,0.00338,"91.9",143,42.857142857142854,3.1746031746031744,2.247191011235955,5.82,-0.68,0.13,2.26,0.378,6,"1.255473684",0.337,0.347,"-1.255473684",0.054,0.04099999999999998,0.11,0.054,26.1,,,,,,,
947,675448,"Hunt, Blake",2024,947,100,0.217,0.146,0.261,0.363,0.278,0.257,0.209,49,226,86.1,13.5,2238,87.7,87.65,123,472,475,-0.10000000000000853,6.21,106,149,119,145,298,322,287,"7.523","-7.523",,,246,168,32,8,2,7,60,24.4,13,5.3,2.43717,0.56231,0.2606,0.02084,"90.8",153,29.761904761904763,2.976190476190476,2.0325203252032518,5.82,-0.78,0.05,2.37,0.272,5,"-0.794403379",0.266,0.307,"0.794403379",0.008,0.006000000000000005,0.056,0.021,26.1,,,,,,,
942,678009,"Meadows, Parker",2024,944,99.8,0.285,0.205,0.329,0.49,0.376,0.325,0.227,57,200,87.4,20.1,2141,87.6,87.66,95,394,548,0.10000000000000853,6.26,117,146,109,150,286,324,291,"-9.301","9.301",,,234,157,35,11,3,8,45,19.2,29,12.4,2.37111,0.64341,0.3304,-0.26389,"91.3",163,34.66666666666667,7.333333333333333,4.700854700854701,5.83,-0.84,-0.16,2.45,0.38,11,"0.987367304",0.335,0.395,"-0.987367304",0.058,0.044999999999999984,0.095,0.051,24.1,,,,,,,
942,815842,"Mabry, JT",2024,947,99.5,0.197,0.04,0.26,0.238,0.235,0.236,0.197,44,223,82,19.5,2258,87.5,87.34,123,487,455,-0.20000000000000284,6.2,105,148,113,146,287,297,264,"18.41","-18.41",,,247,169,36,7,1,0,55,22.3,18,7.3,2.30939,0.71485,0.414,0.18908,"89.0",150,7.6923076923076925,0,0,5.68,-0.91,0.07,2.48,0.271,0,"-1.954352442",0.271,0.236,"1.954352442",0,0,0.002,-0.001,25.3,,,,,,,
942,657061,"Tucker, Cole",2024,945,99.7,0.251,0.092,0.333,0.344,0.313,0.285,0.213,49,195,85.4,10.5,2184,88.7,89.07,110,412,530,0.3999999999999915,6.34,114,146,113,149,296,325,296,"2.676","-2.676",,,228,141,37,9,0,3,56,24.6,31,13.6,2.33701,0.58351,0.35978,-0.35978,"89.8",147,20.56737588652482,3.546099290780142,2.1929824561403506,5.83,-0.93,-0.03,2.42,0.351,5,"-0.284076433",0.318,0.304,"0.284076433",0.038,0.032999999999999974,0.04,0.028,26.7,,,,,,,
938,665877,"Fermín, José",2024,941,99.7,0.313,0.19,0.317,0.503,0.403,0.349,0.271,61,195,85.9,14.9,2201,87.9,87.94,36,325,613,0,6.27,108,151,116,146,291,319,283,"-17.482","17.482",,,236,175,40,13,0,8,22,9.3,33,14,2.32898,0.65749,0.2952,0.06542,"91.0",155,28.57142857142857,2.2857142857142856,1.694915254237288,5.81,-0.72,0.19,2.34,0.424,4,"1.863752665",0.394,0.371,"-1.863752665",0.042,0.02999999999999997,0.132,0.054,11.1,,,,,,,
934,800305,"Baez, Jesus",2024,934,100,0.267,0.198,0.287,0.466,0.35,0.335,0.263,62,232,89.7,16,2263,87.3,87.01,118,458,476,-0.29999999999999716,6.2,106,148,117,145,296,312,278,"-8.794","8.794",,,262,191,37,14,1,10,43,16.4,23,8.8,2.43426,0.61208,0.3216,0.10194,"92.1",157,42.40837696335078,6.806282722513089,4.961832061068702,5.73,-0.95,0.19,2.35,0.344,13,"0.941541756",0.342,0.416,"-0.941541756",0.004,0.0019999999999999463,0.05,0.015,25.8,,,,,,,
932,687551,"Gilbert, Drew",2024,932,100,0.214,0.173,0.228,0.386,0.31,0.286,0.204,47,220,85.2,19.6,2126,87.7,87.85,111,426,506,0.20000000000000284,6.3,116,146,114,149,281,316,289,"1.961","-1.961",,,256,172,29,8,0,10,50,19.5,26,10.2,2.37641,0.62965,0.46431,-0.32035,"91.1",155,26.589595375722542,4.624277456647398,3.125,5.86,-0.72,-0.16,2.33,0.314,8,"-0.210407725",0.308,0.317,"0.210407725",0.01,0.006000000000000005,0.069,0.024,26.1,,,,,,,
932,676701,"Trejo, Alan",2024,933,99.9,0.265,0.142,0.327,0.408,0.331,0.28,0.215,56,211,86.4,16.9,2250,87.8,87.94,137,468,464,0.10000000000000853,6.23,104,150,114,145,302,325,292,"-2.664","2.664",,,240,159,39,10,1,6,54,22.5,26,10.8,2.46308,0.53681,0.25244,0.13231,"90.0",171,23.270440251572328,4.40251572327044,2.9166666666666665,5.71,-1.15,0.11,2.27,0.346,7,"0.28583691",0.302,0.316,"-0.28583691",0.05,0.043999999999999984,0.092,0.051,29.3,,,,,,,
932,702358,"Lipscomb, Trey",2024,932,100,0.283,0.108,0.344,0.392,0.326,0.287,0.241,68,240,85.8,8,2226,88,87.98,140,515,417,0,6.29,104,150,117,145,299,320,285,"-1.148","1.148",,,264,190,50,14,0,4,50,18.9,22,8.3,2.40074,0.58865,0.20508,0.07429,"90.5",143,31.57894736842105,3.1578947368421053,2.272727272727273,5.85,-1.06,0.03,2.41,0.346,6,"0.123175966",0.307,0.332,"-0.123175966",0.042,0.03899999999999998,0.06,0.039,27.2,,,,,,,
928,813883,"Ignoffo, Ryan",2024,928,100,0.326,0.136,0.355,0.463,0.367,0.31,0.261,79,242,90.1,6.7,2243,87.2,86.98,73,430,498,-0.20000000000000284,6.2,105,146,116,144,292,304,272,"-11.623","11.623",,,272,217,54,20,2,3,29,10.7,26,9.6,2.42957,0.61648,0.35836,0.20857,"92.2",141,44.23963133640553,3.225806451612903,2.5735294117647056,5.67,-1.07,0.08,2.39,0.386,7,"1.252478448",0.332,0.358,"-1.252478448",0.065,0.05399999999999999,0.105,0.057,17,,,,,,,
927,691406,"Caminero, Junior",2024,927,100,0.276,0.221,0.303,0.498,0.356,0.333,0.264,60,217,93.3,5.8,2196,87.9,87.99,111,441,486,0.09999999999999432,6.27,106,150,122,145,292,322,287,"-9.298","9.298",,,236,168,38,9,0,13,50,21.2,16,6.8,2.44016,0.54612,0.26967,0.12989,"93.6",144,56.886227544910184,11.377245508982035,8.050847457627118,5.85,-0.8,0.1,2.39,0.331,19,"1.003020496",0.321,0.44,"-1.003020496",0.012,0.010000000000000009,0.058,0.023,25.2,,,,,,,
926,621532,"Bemboom, Anthony",2024,928,99.8,0.228,0.114,0.301,0.342,0.31,0.277,0.192,42,184,86.6,11.6,2180,87.7,87.67,97,357,569,0,6.24,115,145,115,149,283,319,290,"0.39","-0.39",,,221,135,25,15,0,2,52,23.5,32,14.5,2.42398,0.57913,0.3241,-0.28693,"90.9",153,30.53435114503817,1.5267175572519083,0.904977375565611,5.83,-0.96,-0.16,2.28,0.344,2,"-0.042116631",0.322,0.259,"0.042116631",0.036,0.021999999999999964,0.083,0.033,27.2,,,,,,,
922,687093,"Grissom, Vaughn",2024,922,100,0.26,0.115,0.308,0.375,0.345,0.322,0.229,50,192,85.3,10.5,2209,87.7,87.85,101,363,559,0.20000000000000284,6.36,107,149,119,145,294,317,282,"-2.952","2.952",,,233,149,40,4,0,6,44,18.9,36,15.5,2.40705,0.62195,0.22685,0.11997,"90.9",145,31.292517006802722,2.0408163265306123,1.2875536480686696,5.81,-1.11,0.14,2.3,0.386,3,"0.320173536",0.362,0.334,"-0.320173536",0.031,0.02400000000000002,0.041,0.023,27.8,,,,,,,
922,682177,"Schneemann, Daniel",2024,923,99.9,0.294,0.261,0.364,0.556,0.422,0.379,0.271,53,180,90.6,14,2186,88.5,88.55,117,371,551,0.09999999999999432,6.25,115,145,116,150,282,320,288,"-17.117","17.117",,,222,128,27,15,1,10,52,23.4,41,18.5,2.33325,0.61454,0.35077,-0.23665,"92.0",173,49.21875,8.59375,4.954954954954955,5.89,-0.75,-0.12,2.35,0.428,11,"1.856507592",0.409,0.446,"-1.856507592",0.023,0.019000000000000017,0.11,0.043,31.5,,,,,,,
920,663897,"Williams, Luke",2024,920,100,0.282,0.213,0.351,0.495,0.359,0.272,0.209,61,216,85.5,21.1,2240,87.6,87.65,152,510,410,0,6.25,105,149,116,144,295,316,285,"-9.713","9.713",,,241,157,33,19,0,9,62,25.7,21,8.7,2.43701,0.56675,0.20797,-0.03238,"90.2",159,28.662420382165603,6.369426751592357,4.149377593360995,5.85,-0.74,0.19,2.31,0.344,10,"1.05576087",0.282,0.324,"-1.05576087",0.073,0.062,0.171,0.087,29.8,,,,,,,
919,699014,"Rodriguez, Eddy",2024,921,99.8,0.204,0.061,0.313,0.265,0.286,0.288,0.189,37,181,83.3,9.4,2292,87.1,86.8,152,416,503,-0.29999999999999716,6.14,106,148,116,145,291,306,275,"5.495","-5.495",,,221,116,28,8,0,1,67,30.3,33,14.9,2.46461,0.5876,0.28478,0.01502,"90.1",127,30.434782608695656,3.4782608695652173,1.809954751131222,5.71,-0.97,0.24,2.42,0.339,4,"-0.597932535",0.334,0.257,"0.597932535",0.015,0.0050000000000000044,0.008,-0.002,36.5,,,,,,,
914,695578,"Wood, James",2024,914,100,0.353,0.242,0.41,0.595,0.45,0.4,0.301,67,190,95.1,3.5,2157,87.2,87.3,100,385,529,0.09999999999999432,6.3,114,145,124,150,286,322,296,"-28.503","28.503",,,230,149,41,16,0,10,42,18.3,39,17,2.49024,0.57358,0.30962,-0.27398,"94.1",147,59.45945945945946,10.135135135135135,6.521739130434782,5.88,-0.76,-0.12,2.46,0.461,15,"3.118490153",0.42,0.494,"-3.118490153",0.052,0.041000000000000036,0.101,0.05,26,,,,,,,
912,679845,"Loftin, Nick",2024,912,100,0.302,0.16,0.335,0.462,0.381,0.315,0.241,64,212,86.1,10.8,2199,87.4,87.45,68,362,550,0,6.2,106,149,118,146,293,319,283,"-13.09","13.09",,,253,177,44,13,0,7,37,14.6,36,14.2,2.45388,0.55902,0.23743,0.07544,"90.8",132,28.8135593220339,4.519774011299435,3.1620553359683794,5.8,-0.89,0.16,2.3,0.407,8,"1.435307018",0.356,0.332,"-1.435307018",0.061,0.05099999999999999,0.13,0.066,18.8,,,,,,,
910,691710,"Perozo, Vincent",2024,910,100,0.179,0.051,0.266,0.231,0.245,0.268,0.196,35,195,85.6,13.3,2247,88.2,87.97,165,487,423,-0.20000000000000284,6.23,114,145,116,147,284,308,287,"14.114","-14.114",,,230,129,27,7,0,1,70,30.4,23,10,2.26559,0.71528,0.59055,-0.51928,"91.1",139,32.55813953488372,3.10077519379845,1.7391304347826086,5.71,-1.26,-0.21,2.33,0.287,4,"-1.550989011",0.303,0.27,"1.550989011",-0.017,-0.016000000000000014,-0.039,-0.023,33.9,,,,,,,
905,676369,"Velázquez, Nelson",2024,905,100,0.239,0.176,0.279,0.415,0.338,0.342,0.247,45,188,88.8,15.1,2223,87.2,87.28,122,401,504,0.09999999999999432,6.25,107,150,120,145,293,319,286,"-5.6","5.6",,,224,143,27,10,1,7,47,21,33,14.7,2.48534,0.54604,0.14028,0.01961,"91.4",164,37.76223776223776,7.6923076923076925,4.910714285714286,5.8,-0.8,0.24,2.34,0.353,11,"0.61878453",0.361,0.406,"-0.61878453",-0.008,-0.008000000000000007,0.009,-0.004,30.4,,,,,,,
905,674441,"Hurtubise, Jacob",2024,913,99.1,0.267,0.08,0.338,0.348,0.333,0.29,0.218,50,187,81.6,11.8,2210,88.6,88.55,60,369,536,-0.09999999999999432,6.19,118,146,103,150,280,317,292,"-2.944","2.944",,,224,144,41,5,2,2,43,19.2,29,12.9,2.30381,0.63658,0.30929,-0.25747,"89.5",139,19.310344827586206,0.6896551724137931,0.4464285714285714,5.88,-0.76,-0.2,2.4,0.383,1,"0.325303867",0.342,0.273,"-0.325303867",0.049,0.04099999999999998,0.075,0.043,16.3,,,,,,,
904,642165,"VanMeter, Josh",2024,905,99.9,0.177,0.116,0.236,0.293,0.293,0.312,0.2,29,164,89.7,16,2177,88.6,88.67,83,318,586,0.10000000000000853,6.3,115,145,112,150,285,321,292,"2.393","-2.393",,,206,113,16,10,0,3,53,25.7,37,18,2.30081,0.6388,0.37901,-0.32774,"91.1",152,36.283185840707965,5.3097345132743365,2.912621359223301,5.75,-1.14,-0.11,2.32,0.335,6,"-0.264712389",0.358,0.299,"0.264712389",-0.023,-0.022999999999999965,-0.006,-0.019,26.1,,,,,,,
903,686452,"Millas, Drew",2024,903,100,0.311,0.207,0.333,0.518,0.375,0.31,0.266,69,222,87.7,7.3,2130,87.8,87.93,85,433,470,0.10000000000000853,6.34,113,146,117,147,284,318,291,"-10.677","10.677",,,240,189,44,13,3,9,34,14.2,17,7.1,2.36866,0.63021,0.32994,-0.32994,"91.3",141,32.0855614973262,4.27807486631016,3.3333333333333335,5.8,-0.91,-0.06,2.4,0.358,8,"1.182392027",0.319,0.385,"-1.182392027",0.045,0.03899999999999998,0.133,0.065,19.6,,,,,,,
899,805808,"McGonigle, Kevin",2024,901,99.8,0.332,0.151,0.348,0.483,0.391,0.374,0.303,68,205,89.5,13.2,2251,88.2,87.85,38,353,546,-0.4000000000000057,6.15,114,146,110,147,278,308,284,"-14.802","14.802",,,245,188,47,15,2,4,22,9,35,14.3,2.25004,0.7297,0.51947,-0.42491,"92.3",148,38.297872340425535,6.914893617021277,5.3061224489795915,5.82,-1.07,-0.18,2.39,0.42,13,"1.646496107",0.399,0.455,"-1.646496107",0.029,0.020999999999999963,0.028,0.017,10.8,,,,,,,
896,650907,"Pinto, René",2024,896,100,0.191,0.182,0.25,0.373,0.275,0.263,0.191,40,209,88.8,14.3,2232,88.2,88.18,216,499,397,0,6.21,105,150,119,145,289,318,285,"7.907","-7.907",,,230,127,24,5,0,11,84,36.5,16,7,2.35315,0.62161,0.2328,-0.00946,"91.3",158,36.22047244094488,10.236220472440944,5.6521739130434785,5.81,-0.68,0.17,2.33,0.257,13,"-0.882477679",0.256,0.338,"0.882477679",0,0.0010000000000000009,0.035,0.012,43.3,,,,,,,
894,671284,"Elko, Tim",2024,894,100,0.289,0.183,0.387,0.472,0.362,0.334,0.255,57,197,90.6,4.3,2179,87.2,87.46,148,423,471,0.29999999999999716,6.33,107,149,121,146,292,318,284,"-7.235","7.235",,,219,133,40,7,1,9,64,29.2,21,9.6,2.51726,0.5166,0.20551,0.05433,"92.4",160,45.45454545454545,11.363636363636363,6.8493150684931505,5.81,-0.71,0.06,2.33,0.361,15,"0.809284116",0.33,0.433,"-0.809284116",0.034,0.030999999999999972,0.039,0.028,35,,,,,,,
891,686611,"Crews, Dylan",2024,891,100,0.265,0.19,0.294,0.455,0.344,0.316,0.24,56,211,90.2,9.9,2172,88,88.14,105,441,450,0.09999999999999432,6.3,106,150,118,145,299,322,288,"-6.63","6.63",,,238,171,35,10,3,8,42,17.6,20,8.4,2.32728,0.65553,0.26848,0.16447,"92.1",147,43.27485380116959,7.017543859649122,5.042016806722689,5.9,-0.92,0.04,2.39,0.34,12,"0.744107744",0.318,0.4,"-0.744107744",0.025,0.02200000000000002,0.055,0.028,23.8,,,,,,,
890,663630,"McKenna, Ryan",2024,894,99.6,0.218,0.155,0.255,0.373,0.302,0.277,0.204,42,193,87.6,12.9,2204,88.2,88.18,113,443,447,0,6.29,106,151,114,145,297,322,287,"1.435","-1.435",,,225,147,25,10,1,6,50,22.2,25,11.1,2.32489,0.64603,0.35868,0.00857,"90.5",151,31.724137931034484,3.4482758620689653,2.2222222222222223,5.79,-0.62,0.25,2.33,0.311,5,"-0.161235955",0.301,0.309,"0.161235955",0.014,0.010000000000000009,0.064,0.025,25.5,,,,,,,
890,686251,"Lindsly, Brady",2024,901,98.8,0.225,0.1,0.308,0.325,0.274,0.264,0.222,47,209,85.7,11.5,2158,88.4,88.43,123,437,453,0,6.26,112,145,116,149,279,315,291,"9.696","-9.696",,,232,146,32,12,0,3,65,28,19,8.2,2.30464,0.64456,0.37885,-0.32521,"90.7",152,33.56164383561644,3.4246575342465753,2.1551724137931036,5.85,-1.06,-0.07,2.38,0.29,5,"-1.089438202",0.29,0.292,"1.089438202",0.003,0,0.033,0.01,28.1,,,,,,,
889,691926,"Toledo, Jeral",2024,895,99.3,0.224,0.08,0.29,0.303,0.283,0.275,0.219,45,201,86.1,13.3,2222,88.9,88.66,72,353,536,-0.20000000000000284,6.26,111,145,106,147,277,302,281,"6.374","-6.374",,,233,155,32,10,3,0,48,20.6,28,12,2.11979,0.81215,0.64654,-0.64654,"90.2",141,23.376623376623375,0,0,5.77,-1.13,-0.09,2.43,0.319,0,"-0.716985377",0.317,0.277,"0.716985377",0.005,0.0020000000000000018,0.026,0.008,20.4,,,,,,,
888,640492,"Azocar, José",2024,891,99.7,0.295,0.143,0.324,0.438,0.325,0.307,0.277,76,258,87.2,11.7,2249,88.2,88.43,128,570,318,0.20000000000000284,6.27,106,150,115,146,304,323,292,"0.262","-0.262",,,277,222,54,13,3,6,42,15.2,8,2.9,2.40588,0.57258,0.21662,0.08191,"91.0",160,35.585585585585584,4.054054054054054,3.2490974729241873,5.71,-0.78,0.12,2.32,0.321,9,"-0.029504505",0.307,0.399,"0.029504505",0.018,0.014000000000000012,0.039,0.018,22.5,,,,,,,
888,680664,"Valencia, Eduardo",2024,889,99.9,0.251,0.118,0.297,0.369,0.308,0.327,0.262,51,203,90.4,8,2286,87.9,87.71,94,431,457,-0.20000000000000284,6.21,106,149,118,145,291,310,278,"0.836","-0.836",,,227,162,35,12,0,4,42,18.5,21,9.3,2.32225,0.6679,0.38824,0.14378,"92.2",153,52.46913580246913,8.024691358024691,5.726872246696035,5.78,-0.94,0.13,2.41,0.326,13,"-0.094144144",0.336,0.408,"0.094144144",-0.011,-0.010000000000000009,-0.039,-0.019,21.8,,,,,,,
883,800068,"Pena, Isaac",2024,883,100,0.2,0.063,0.272,0.263,0.287,0.262,0.176,35,175,82.1,5.6,2219,88.5,88.28,68,353,530,-0.20000000000000284,6.21,109,146,111,146,279,301,280,"5.033","-5.033",,,216,126,27,6,1,1,51,23.6,35,16.2,2.15388,0.80664,0.53772,-0.53772,"89.5",139,19.047619047619047,0,0,5.82,-1.02,-0.12,2.42,0.343,0,"-0.569988675",0.323,0.211,"0.569988675",0.024,0.020000000000000018,0.052,0.025,19.3,,,,,,,
883,656883,"Reetz, Jakson",2024,884,99.9,0.254,0.178,0.31,0.431,0.349,0.313,0.228,50,197,85.6,18.5,2216,87.5,87.49,149,435,448,0,6.27,106,150,119,145,297,324,297,"-5.187","5.187",,,232,150,25,20,0,5,48,20.7,27,11.6,2.53675,0.50739,0.28255,0.03059,"91.5",148,30,5.333333333333334,3.4482758620689653,5.76,-0.39,0.11,2.28,0.362,8,"0.587429219",0.342,0.341,"-0.587429219",0.026,0.019999999999999962,0.09,0.036,34.3,,,,,,,
881,814430,"Callahan, Brett",2024,883,99.8,0.265,0.171,0.318,0.436,0.342,0.324,0.244,56,211,87,12.5,2260,87.8,87.6,114,456,425,-0.20000000000000284,6.19,113,145,112,146,278,307,287,"-4.207","4.207",,,239,161,36,11,2,7,51,21.3,22,9.2,2.29898,0.70156,0.44772,-0.42402,"91.3",151,34.78260869565217,9.316770186335404,6.2761506276150625,5.74,-1.15,-0.17,2.45,0.347,15,"0.477525539",0.329,0.404,"-0.477525539",0.021,0.01799999999999996,0.032,0.018,25,,,,,,,
880,666124,"Berryhill, Luke",2024,881,99.9,0.234,0.135,0.333,0.37,0.314,0.293,0.206,45,192,89.8,16.5,2239,88.1,88.46,149,425,455,0.4000000000000057,6.32,107,150,119,146,299,321,287,"1.781","-1.781",,,220,123,31,8,0,6,69,31.4,26,11.8,2.47182,0.48609,0.23912,0.03976,"91.7",153,42.5,6.666666666666667,3.6363636363636362,5.79,-0.67,0.1,2.29,0.332,8,"-0.202386364",0.309,0.343,"0.202386364",0.028,0.02300000000000002,0.027,0.021,35.1,,,,,,,
877,664770,"Lukes, Nathan",2024,878,99.9,0.332,0.129,0.382,0.461,0.378,0.338,0.28,72,217,89.2,7.8,2186,88.6,88.7,85,452,425,0.10000000000000853,6.32,115,146,113,149,280,314,291,"-7.782","7.782",,,242,177,58,7,0,7,40,16.5,23,9.5,2.26254,0.67868,0.43518,-0.25319,"91.1",164,36.93181818181818,4.545454545454546,3.3057851239669422,5.79,-0.92,-0.05,2.39,0.401,8,"0.887343216",0.354,0.408,"-0.887343216",0.052,0.04700000000000004,0.053,0.04,18.8,,,,,,,
872,677942,"Alexander, Blaze",2024,874,99.8,0.273,0.17,0.39,0.443,0.345,0.302,0.235,53,194,88.5,7.6,2242,87.6,87.97,132,410,462,0.4000000000000057,6.29,106,150,117,147,303,329,296,"-3.13","3.13",,,223,128,33,12,3,5,69,30.9,19,8.5,2.50981,0.49154,0.22993,0.08234,"91.1",165,42.1875,7.8125,4.484304932735426,5.79,-0.92,0.06,2.32,0.351,10,"0.358944954",0.321,0.348,"-0.358944954",0.038,0.02999999999999997,0.095,0.043,32.2,,,,,,,
867,679822,"Foscue, Justin",2024,867,100,0.276,0.201,0.302,0.477,0.394,0.346,0.241,48,174,86.8,12.4,2228,88.4,88.81,61,345,522,0.3999999999999915,6.38,107,151,120,146,301,323,288,"-17.403","17.403",,,219,138,31,8,0,9,37,16.9,39,17.8,2.27215,0.66961,0.32259,0.16242,"91.2",144,37.68115942028986,6.521739130434782,4.10958904109589,5.84,-0.75,0.06,2.41,0.42,9,"2.007266436",0.394,0.355,"-2.007266436",0.035,0.025999999999999968,0.122,0.048,17.7,,,,,,,
860,677870,"Jiménez, Leo",2024,861,99.9,0.272,0.161,0.302,0.433,0.382,0.395,0.287,49,180,88.3,8.1,2218,87.3,87.45,68,343,517,0.20000000000000284,6.33,106,151,119,146,294,316,283,"-13.897","13.897",,,225,146,34,8,0,7,34,15.1,30,13.3,2.46005,0.58813,0.28713,0.0445,"91.6",150,43.83561643835616,7.534246575342466,4.888888888888889,5.74,-0.79,0.09,2.28,0.418,11,"1.615930233",0.43,0.455,"-1.615930233",-0.015,-0.01200000000000001,-0.022,-0.013,19.8,,,,,,,
859,676044,"Seymour, Bob",2024,859,100,0.269,0.332,0.337,0.601,0.402,0.353,0.236,52,193,90,19.1,2203,86.6,86.66,192,491,368,0.10000000000000853,6.26,115,144,125,150,281,318,292,"-19.257","19.257",,,217,117,26,7,0,19,76,35,23,10.6,2.58934,0.49312,0.17878,-0.22966,"91.2",176,36.75213675213676,14.529914529914532,7.834101382488479,5.77,-0.68,-0.25,2.4,0.35,17,"2.241792782",0.32,0.5,"-2.241792782",0.033,0.02999999999999997,0.101,0.049,39.1,,,,,,,
859,622110,"Duffy, Matt",2024,859,100,0.218,0.062,0.272,0.28,0.263,0.245,0.196,42,193,86.4,4.5,2230,88.2,88.5,76,357,502,0.29999999999999716,6.32,105,150,118,147,299,318,284,"9.698","-9.698",,,216,149,34,6,0,2,45,20.8,22,10.2,2.3347,0.62151,0.35027,0.08012,"90.6",137,30.405405405405407,2.027027027027027,1.3888888888888888,5.74,-0.46,0.05,2.34,0.296,3,"-1.128987194",0.277,0.256,"1.128987194",0.022,0.01899999999999996,0.024,0.018,21.3,,,,,,,
855,668952,"Kreidler, Ryan",2024,856,99.9,0.189,0.121,0.27,0.311,0.281,0.283,0.19,36,190,85.8,16.7,2250,87.9,87.87,158,410,445,0,6.22,107,150,118,146,289,317,281,"7.303","-7.303",,,221,120,25,4,2,5,70,31.7,25,11.3,2.42786,0.56088,0.18973,0.05332,"90.7",148,28.57142857142857,8.403361344537815,4.524886877828054,5.82,-0.93,0.15,2.38,0.303,10,"-0.854152047",0.304,0.312,"0.854152047",-0.001,-0.0010000000000000009,-0.001,-0.002,38.5,,,,,,,
855,669261,"Suwinski, Jack",2024,855,100,0.239,0.206,0.308,0.444,0.32,0.302,0.218,43,180,90,15.9,2212,88,88.03,111,372,483,0,6.2,117,145,118,150,287,320,290,"1.032","-1.032",,,201,124,23,10,3,7,59,29.4,16,8,2.37572,0.60597,0.29814,-0.26121,"91.9",163,43.90243902439025,12.195121951219512,7.462686567164178,5.85,-0.42,-0.2,2.34,0.303,15,"-0.120701754",0.286,0.407,"0.120701754",0.021,0.017000000000000015,0.037,0.018,29.8,,,,,,,
855,692446,"Villarroel, Miguel",2024,856,99.9,0.346,0.088,0.448,0.434,0.359,0.318,0.287,79,228,88.5,5.8,2296,87.9,87.87,154,470,385,0,6.26,103,147,112,144,293,304,269,"-8.447","8.447",,,242,175,63,13,2,1,53,21.9,12,5,2.33453,0.65685,0.42013,0.18205,"91.5",134,41.95402298850575,4.022988505747127,2.8925619834710745,5.66,-0.89,0.2,2.35,0.384,7,"0.987953216",0.329,0.393,"-0.987953216",0.059,0.05499999999999999,0.041,0.041,32.8,,,,,,,
852,640902,"Pereda, Jhonny",2024,852,100,0.297,0.127,0.372,0.424,0.369,0.363,0.293,49,165,90,6.8,2176,87.8,87.9,62,322,530,0.10000000000000853,6.26,107,150,120,146,296,320,279,"-7.389","7.389",,,195,125,36,9,0,4,40,20.5,28,14.4,2.36624,0.6206,0.32479,0.11484,"91.5",169,40,3.2,2.051282051282051,5.78,-0.8,0.03,2.35,0.405,4,"0.867253521",0.401,0.409,"-0.867253521",0.004,0.0040000000000000036,0.015,0.006,19.3,,,,,,,
848,641943,"Palacios, Joshua",2024,852,99.5,0.282,0.195,0.355,0.477,0.361,0.317,0.243,55,195,89.5,10.1,2202,88.1,88.01,108,408,440,-0.09999999999999432,6.22,116,145,116,150,287,318,290,"-5.34","5.34",,,220,146,28,21,1,5,50,22.7,22,10,2.37367,0.60556,0.32369,-0.2817,"91.8",154,40.140845070422536,8.450704225352112,5.454545454545454,5.82,-0.77,-0.14,2.27,0.359,12,"0.629716981",0.326,0.388,"-0.629716981",0.039,0.032999999999999974,0.089,0.044,26.5,,,,,,,
843,660613,"Hernández, Ronaldo",2024,843,100,0.311,0.196,0.331,0.507,0.373,0.313,0.262,68,219,86.9,12.9,2192,87.6,87.92,110,475,368,0.30000000000001137,6.26,107,151,120,146,304,331,297,"-10.668","10.668",,,237,183,47,10,0,11,36,15.2,11,4.6,2.58422,0.43403,0.2052,0.07439,"92.1",137,38.79781420765027,7.103825136612022,5.485232067510549,5.81,-1.01,0.11,2.35,0.357,13,"1.265480427",0.312,0.399,"-1.265480427",0.049,0.044999999999999984,0.108,0.06,23.2,,,,,,,
843,545350,"Marisnick, Jake",2024,846,99.6,0.284,0.269,0.352,0.553,0.391,0.299,0.221,56,197,86.7,16.2,2226,87.5,87.6,132,415,428,0.09999999999999432,6.2,106,151,117,148,303,329,291,"-11.256","11.256",,,227,137,28,15,1,12,62,27.3,25,11,2.56479,0.43724,0.26824,0.05921,"91.1",139,35.76642335766424,6.569343065693431,3.9647577092511015,5.76,-0.99,0.2,2.27,0.367,9,"1.335231317",0.313,0.354,"-1.335231317",0.063,0.05399999999999999,0.199,0.092,31.8,,,,,,,
842,672701,"Devers, José",2024,843,99.9,0.245,0.133,0.285,0.378,0.3,0.303,0.258,48,196,86,16.9,2186,88,87.98,109,471,371,0,6.27,113,145,107,149,285,317,288,"6.71","-6.71",,,215,161,32,9,4,3,36,16.7,15,7,2.33013,0.65951,0.28913,-0.18545,"90.4",151,30,2.5,1.8604651162790697,5.8,-0.56,-0.11,2.41,0.307,4,"-0.796912114",0.32,0.357,"0.796912114",-0.013,-0.013000000000000012,0.021,-0.003,23.1,,,,,,,
839,696282,"Kotowski, Dakota",2024,839,100,0.221,0.142,0.343,0.363,0.3,0.294,0.204,42,190,93.4,8.8,2220,87.8,87.65,187,419,420,-0.09999999999999432,6.3,106,148,118,145,294,309,280,"-1.968","1.968",,,218,111,28,7,1,6,81,37.2,19,8.7,2.33588,0.67429,0.383,0.098,"92.5",143,54.95495495495496,11.711711711711711,5.963302752293578,5.84,-0.85,0.08,2.42,0.312,13,"0.234564958",0.3,0.351,"-0.234564958",0.017,0.01200000000000001,0.012,0.006,44.6,,,,,,,
838,641468,"Collins, Gavin",2024,839,99.9,0.264,0.197,0.28,0.461,0.345,0.276,0.226,51,193,86.1,14.2,2194,87.9,88.02,81,417,421,0.09999999999999432,6.29,104,149,118,145,293,322,286,"-1.996","1.996",,,215,159,31,11,0,9,35,16.3,17,7.9,2.32413,0.65867,0.32128,0.05607,"90.4",153,27.67295597484277,0.628930817610063,0.46511627906976744,5.81,-0.4,0.17,2.34,0.335,1,"0.238186158",0.301,0.305,"-0.238186158",0.038,0.03400000000000003,0.156,0.069,19.4,,,,,,,
832,656185,"Allen, Greg",2024,842,98.8,0.214,0.139,0.27,0.353,0.306,0.285,0.187,37,173,87.1,13,2170,87.9,88.06,97,364,468,0.19999999999998863,6.33,111,145,105,148,284,319,287,"3.047","-3.047",,,207,129,22,9,3,3,47,22.7,22,10.6,2.39774,0.5954,0.31849,-0.31849,"90.6",158,34.883720930232556,3.875968992248062,2.4154589371980677,5.79,-0.8,-0.05,2.32,0.329,5,"-0.366225962",0.307,0.312,"0.366225962",0.027,0.02200000000000002,0.041,0.021,26.6,,,,,,,
828,691781,"House, Brady",2024,828,100,0.25,0.125,0.329,0.375,0.284,0.28,0.247,56,224,87.4,7.1,2214,87.9,87.92,138,483,345,0,6.32,106,150,117,145,297,322,288,"8.739","-8.739",,,236,158,40,10,0,6,68,28.8,7,3,2.43673,0.56197,0.25112,0.08617,"91.4",145,40.50632911392405,5.063291139240507,3.389830508474576,5.85,-0.81,0.15,2.38,0.28,8,"-1.055434783",0.276,0.365,"1.055434783",0.003,0.0040000000000000036,0.01,0.004,28.6,,,,,,,
828,606019,"Quiroz, Esteban",2024,828,100,0.159,0.102,0.202,0.261,0.259,0.295,0.199,25,157,88.6,16.5,2210,88.5,88.58,85,336,492,0.09999999999999432,6.33,114,146,115,150,282,317,292,"9.561","-9.561",,,189,108,17,4,0,4,51,27,27,14.3,2.181,0.7629,0.33853,-0.28683,"90.5",165,33.33333333333333,4.901960784313726,2.6455026455026456,5.95,-1.07,-0.08,2.35,0.291,5,"-1.154710145",0.33,0.307,"1.154710145",-0.04,-0.039000000000000035,-0.046,-0.036,25.3,,,,,,,
827,682266,"Auerbach, Brett",2024,838,98.7,0.251,0.171,0.333,0.422,0.33,0.304,0.234,47,187,88,3.8,2224,88.2,88.36,126,394,433,0.20000000000000284,6.29,104,148,110,145,298,323,293,"0.02","-0.02",,,212,133,27,12,4,4,55,25.9,21,9.9,2.32491,0.63432,0.37608,0.09521,"91.7",149,42.857142857142854,7.518796992481203,4.716981132075472,5.71,-0.58,0.06,2.36,0.335,10,"-0.00241838",0.322,0.351,"0.00241838",0.017,0.013000000000000012,0.071,0.026,32,,,,,,,
827,625510,"Mejia, Erick",2024,831,99.5,0.183,0.124,0.202,0.308,0.268,0.279,0.212,31,169,85.3,15.3,2135,88.1,88.14,75,362,465,0,6.28,114,145,111,148,284,318,290,"5.34","-5.34",,,199,134,21,4,1,5,39,19.6,26,13.1,2.35689,0.62766,0.36223,-0.36223,"90.6",147,21.641791044776117,2.9850746268656714,2.0100502512562812,5.85,-1.14,-0.06,2.39,0.286,4,"-0.645707376",0.313,0.294,"0.645707376",-0.029,-0.027000000000000024,0.014,-0.011,20.7,,,,,,,
826,694184,"Santana, Cristian",2024,828,99.8,0.159,0.182,0.209,0.341,0.335,0.297,0.136,21,132,84.3,33.9,2293,87.8,87.59,101,308,518,-0.20000000000000284,6.26,105,149,117,145,289,306,277,"-3.699","3.699",,,186,74,11,3,0,7,62,33.3,46,24.7,2.33763,0.67269,0.34501,0.19463,"90.2",154,20.27027027027027,5.405405405405405,2.1505376344086025,5.82,-1.05,0.35,2.42,0.382,4,"0.447820823",0.365,0.229,"-0.447820823",0.023,0.017000000000000015,0.112,0.038,32.8,,,,,,,
825,691398,"Confidan, Yerlin",2024,826,99.9,0.215,0.162,0.277,0.377,0.298,0.263,0.203,41,191,92.1,3.4,2206,87.2,87.15,127,372,453,0,6.3,116,146,115,149,286,305,285,"2.205","-2.205",,,216,135,22,12,2,5,57,26.4,23,10.6,2.3715,0.68054,0.44797,-0.42096,"94.0",122,48.148148148148145,6.666666666666667,4.166666666666666,5.75,-1.17,-0.16,2.41,0.301,9,"-0.267272727",0.291,0.284,"0.267272727",0.012,0.010000000000000009,0.093,0.035,34.1,,,,,,,
820,699305,"Mosquera, Diego",2024,821,99.9,0.21,0.021,0.252,0.231,0.24,0.247,0.21,41,195,82.2,4.1,2287,88.4,88.18,69,382,438,-0.20000000000000284,6.27,105,148,115,146,293,305,274,"13.989","-13.989",,,217,163,39,0,2,0,33,15.2,18,8.3,2.22426,0.74849,0.42338,0.23326,"89.9",127,19.018404907975462,0,0,5.76,-1.01,0.11,2.41,0.286,0,"-1.70597561",0.287,0.244,"1.70597561",0,-0.0010000000000000009,-0.013,-0.007,18.1,,,,,,,
820,680753,"Hackenberg, Adam",2024,821,99.9,0.188,0.045,0.364,0.234,0.258,0.247,0.171,29,154,85.6,2.4,2207,87.8,87.94,131,360,460,0.10000000000000853,6.31,108,150,120,146,294,316,282,"9.015","-9.015",,,182,78,24,4,0,1,77,42.3,23,12.6,2.41295,0.59104,0.32852,0.07861,"89.6",149,28.205128205128204,3.8461538461538463,1.6483516483516485,5.74,-0.56,0.1,2.35,0.308,3,"-1.099390244",0.293,0.221,"1.099390244",0.017,0.015000000000000013,0.013,0.011,36.4,,,,,,,
816,682616,"Cartaya, Diego",2024,816,100,0.208,0.142,0.262,0.35,0.286,0.279,0.202,38,183,85.2,17,2240,87.8,88.01,146,414,402,0.20000000000000284,6.28,107,151,119,146,303,326,295,"5.644","-5.644",,,208,128,24,8,0,6,57,27.4,20,9.6,2.45683,0.52756,0.25637,0.06744,"91.0",157,35.9375,6.25,3.8461538461538463,5.76,-1.01,0.12,2.27,0.293,8,"-0.691666667",0.291,0.319,"0.691666667",0.006,0.0020000000000000018,0.031,0.007,35.3,,,,,,,
816,703204,"Pineda, Esmith",2024,816,100,0.201,0.109,0.275,0.31,0.283,0.275,0.203,35,174,86.2,12.7,2301,87.4,87.26,118,359,457,-0.10000000000000853,6.25,106,148,115,145,291,302,273,"6.341","-6.341",,,205,122,20,13,0,2,54,26.3,28,13.7,2.36259,0.67534,0.30829,0.1355,"90.5",134,28.333333333333332,3.3333333333333335,1.951219512195122,5.72,-0.92,0.24,2.47,0.312,4,"-0.777083333",0.317,0.27,"0.777083333",-0.002,-0.0050000000000000044,0.04,0.008,32.9,,,,,,,
812,703150,"Cabrera, Ricky",2024,812,100,0.284,0.126,0.35,0.409,0.332,0.281,0.232,61,215,83.9,9.2,2290,87,86.85,147,467,345,-0.20000000000000284,6.29,105,147,115,144,289,300,273,"-2.779","2.779",,,237,165,45,10,1,5,51,21.5,14,5.9,2.46527,0.6022,0.27052,0.04595,"90.2",124,25.609756097560975,3.6585365853658534,2.5316455696202533,5.74,-1.01,0.15,2.4,0.346,6,"0.342241379",0.3,0.326,"-0.342241379",0.052,0.045999999999999985,0.083,0.051,31.5,,,,,,,
811,642020,"Robinson, Chuckie",2024,811,100,0.246,0.136,0.302,0.382,0.293,0.298,0.26,49,199,86.4,11.1,2212,87.6,87.71,134,460,351,0.10000000000000853,6.3,105,149,119,145,295,317,282,"6.373","-6.373",,,216,146,37,4,1,7,56,25.9,13,6,2.41968,0.58591,0.30746,0.08699,"91.0",155,42.36111111111111,4.166666666666666,2.7777777777777777,5.76,-0.69,0.07,2.4,0.292,6,"-0.785819975",0.306,0.37,"0.785819975",-0.014,-0.014000000000000012,0.012,-0.005,29.1,,,,,,,
808,807759,"Mercado, Estarling",2024,808,100,0.183,0.195,0.245,0.379,0.319,0.308,0.174,31,169,86.2,10.6,2202,88,87.77,121,352,456,-0.20000000000000284,6.24,114,144,117,146,283,307,287,"1.958","-1.958",,,206,105,14,8,2,7,64,31.1,29,14.1,2.27635,0.71803,0.65397,-0.61486,"91.3",142,35.23809523809524,11.428571428571429,5.825242718446602,5.71,-1.22,-0.22,2.34,0.33,12,"-0.242326733",0.323,0.352,"0.242326733",0.009,0.007000000000000006,0.027,0.011,34.4,,,,,,,
807,690443,"Antico, Mike",2024,813,99.3,0.258,0.177,0.308,0.434,0.328,0.26,0.206,51,198,83.4,21.6,2180,88.4,88.41,107,437,370,0,6.25,113,145,106,150,286,318,290,"-1.337","1.337",,,218,150,32,10,2,7,49,22.5,17,7.8,2.27895,0.67615,0.34627,-0.26734,"90.2",149,27.027027027027028,4.72972972972973,3.211009174311927,5.83,-0.86,-0.13,2.35,0.321,7,"0.165675341",0.276,0.301,"-0.165675341",0.052,0.044999999999999984,0.133,0.068,24.5,,,,,,,
806,641531,"Dozier, Hunter",2024,807,99.9,0.222,0.172,0.287,0.394,0.285,0.253,0.212,44,198,88.3,20.7,2238,87.5,87.77,141,423,383,0.29999999999999716,6.3,105,150,119,146,302,324,292,"8.32","-8.32",,,213,136,25,11,1,7,64,30,12,5.6,2.53082,0.47389,0.22199,0.09081,"90.9",159,37.5,4.411764705882353,2.8169014084507045,5.78,-1.01,0.04,2.27,0.268,6,"-1.032258065",0.259,0.311,"1.032258065",0.01,0.009000000000000008,0.083,0.032,33.3,,,,,,,
802,608841,"Meneses, Joey",2024,802,100,0.254,0.217,0.271,0.471,0.341,0.31,0.24,48,189,88,15.9,2207,87.8,87.83,95,403,399,0,6.27,103,150,119,146,299,323,289,"-2.595","2.595",,,211,153,25,14,0,9,38,18,18,8.5,2.45677,0.5447,0.20168,0.03506,"91.4",167,37.5,5.263157894736842,3.7914691943127963,5.81,-0.93,0.19,2.29,0.322,8,"0.323566085",0.312,0.389,"-0.323566085",0.014,0.010000000000000009,0.082,0.031,23.6,,,,,,,
800,676480,"Barrero, José",2024,800,100,0.188,0.158,0.255,0.345,0.277,0.264,0.192,31,165,86.9,17.5,2256,87.5,87.74,132,380,420,0.20000000000000284,6.3,106,149,117,145,299,318,289,"8.518","-8.518",,,188,104,18,6,1,6,63,33.5,13,6.9,2.50831,0.49924,0.22791,0.07865,"91.4",147,34.61538461538461,5.769230769230769,3.1914893617021276,5.81,-0.76,0.17,2.32,0.277,6,"-1.06475",0.283,0.292,"1.06475",-0.004,-0.00599999999999995,0.053,0.013,34.7,,,,,,,
798,681508,"Gasper, Mickey",2024,798,100,0.367,0.225,0.38,0.592,0.455,0.408,0.317,62,169,90,12.8,2150,87,87.15,39,305,493,0.20000000000000284,6.33,113,146,119,150,287,318,288,"-23.671","23.671",,,204,150,40,14,0,8,20,9.8,30,14.7,2.53548,0.59353,0.34989,-0.34989,"92.0",154,42.66666666666667,8.666666666666668,6.372549019607843,5.78,-1.09,-0.13,2.28,0.471,13,"2.966290727",0.43,0.502,"-2.966290727",0.05,0.04099999999999998,0.09,0.047,12.8,,,,,,,
797,678246,"Vargas, Miguel",2024,797,100,0.29,0.276,0.315,0.566,0.426,0.378,0.249,42,145,89.7,21.2,2206,87.8,87.89,62,312,485,0.10000000000000853,6.27,105,149,118,145,295,318,287,"-19.55","19.55",,,191,116,19,14,1,8,33,17.3,38,19.9,2.40402,0.66667,0.21263,0.05296,"90.8",180,35.3448275862069,9.482758620689655,5.7591623036649215,5.82,-0.91,0.18,2.39,0.44,11,"2.452948557",0.409,0.449,"-2.452948557",0.041,0.031000000000000028,0.117,0.048,19.9,,,,,,,
793,692944,"Villavicencio, Kevin",2024,800,99.1,0.196,0.077,0.248,0.273,0.244,0.235,0.194,38,194,84.2,10.1,2224,88.1,87.92,98,401,392,-0.19999999999998863,6.28,105,148,109,145,294,306,274,"12.029","-12.029",,,214,150,28,6,3,1,45,21,16,7.5,2.30961,0.67692,0.42058,0.23439,"89.6",123,19.463087248322147,1.342281879194631,0.9345794392523363,5.7,-1.17,0.09,2.31,0.266,2,"-1.516897856",0.265,0.245,"1.516897856",0.002,0.0010000000000000009,0.028,0.009,24.4,,,,,,,
793,666906,"Alu, Jake",2024,795,99.7,0.222,0.103,0.242,0.325,0.274,0.297,0.244,43,194,88.7,15.1,2169,88.3,88.45,78,357,436,0.10000000000000853,6.34,117,145,107,150,280,315,293,"5.537","-5.537",,,219,168,29,11,0,3,30,13.7,21,9.6,2.29851,0.66214,0.34973,-0.37802,"91.2",157,33.33333333333333,3.571428571428571,2.73972602739726,5.82,-1.04,-0.06,2.43,0.292,6,"-0.698234552",0.314,0.356,"0.698234552",-0.022,-0.02200000000000002,-0.031,-0.023,21.8,,,,,,,
792,687529,"McCray, Grant",2024,797,99.4,0.269,0.204,0.349,0.473,0.354,0.301,0.224,50,186,89.5,7.1,2200,88.9,89.24,131,418,374,0.29999999999999716,6.31,114,146,107,149,294,329,304,"-7.684","7.684",,,208,132,28,12,4,6,54,26,21,10.1,2.28234,0.63024,0.40116,-0.2039,"91.4",154,42.74809160305343,7.633587786259542,4.807692307692308,5.76,-0.61,-0.13,2.45,0.346,10,"0.97020202",0.307,0.371,"-0.97020202",0.045,0.03899999999999998,0.102,0.053,31.3,,,,,,,
791,699031,"Encarnacion, Anyelo",2024,795,99.5,0.207,0.071,0.284,0.278,0.276,0.267,0.188,35,169,87.1,3.2,2274,87.5,87.39,112,354,437,-0.09999999999999432,6.26,103,146,113,144,289,303,273,"2.241","-2.241",,,196,118,27,6,0,2,51,26,24,12.2,2.3254,0.70086,0.42058,0.09053,"91.2",121,36.440677966101696,4.23728813559322,2.5510204081632653,5.69,-0.89,0.13,2.38,0.316,5,"-0.283312263",0.3,0.271,"0.283312263",0.019,0.016000000000000014,0.007,0.009,31.6,,,,,,,
791,660614,"Gamboa, Arquímedes",2024,793,99.7,0.212,0.122,0.282,0.333,0.296,0.29,0.215,33,156,86.2,9,2138,87.9,87.99,86,349,442,0.09999999999999432,6.22,110,146,110,148,286,321,290,"4.222","-4.222",,,181,107,22,7,0,4,49,27.1,25,13.8,2.35662,0.62041,0.371,-0.371,"90.1",143,28.037383177570092,3.7383177570093453,2.209944751381215,5.78,-0.6,-0.03,2.48,0.32,4,"-0.533754741",0.323,0.309,"0.533754741",-0.003,-0.0030000000000000027,0.024,0.006,24.6,,,,,,,
783,800444,"Pouaka-Grego, Nikau",2024,786,99.6,0.2,0.106,0.252,0.306,0.283,0.261,0.186,34,170,84,13.9,2180,88.5,88.43,105,369,414,-0.09999999999999432,6.31,115,145,109,147,279,303,283,"5.393","-5.393",,,201,129,21,10,1,2,43,21.4,23,11.4,2.18774,0.76176,0.56193,-0.49561,"90.0",142,22.48062015503876,0,0,5.77,-1.22,-0.1,2.43,0.313,0,"-0.688761175",0.303,0.248,"0.688761175",0.014,0.010000000000000009,0.058,0.022,28.5,,,,,,,
782,592325,"Gamel, Ben",2024,783,99.9,0.314,0.224,0.4,0.538,0.412,0.362,0.268,49,156,91.2,20.7,2160,87.6,87.68,76,297,485,0.10000000000000853,6.26,115,145,117,150,281,317,291,"-13.242","13.242",,,189,112,29,12,1,7,46,24.3,31,16.4,2.42074,0.57997,0.39973,-0.32407,"92.4",155,46.42857142857143,8.928571428571429,5.291005291005291,5.92,-1.05,-0.17,2.33,0.423,10,"1.693350384",0.388,0.419,"-1.693350384",0.046,0.034999999999999976,0.119,0.05,25.6,,,,,,,
780,691777,"Muncy, Max",2024,781,99.9,0.273,0.215,0.336,0.488,0.372,0.306,0.213,47,172,88,8.9,2259,88.1,88.67,115,374,406,0.6000000000000085,6.36,107,150,118,147,301,326,292,"-9.866","9.866",,,202,124,27,11,1,8,50,24.8,18,8.9,2.4349,0.51815,0.19647,0.03598,"91.7",144,40.32258064516129,6.451612903225806,3.9603960396039604,5.72,-0.62,0.04,2.3,0.371,8,"1.264871795",0.324,0.35,"-1.264871795",0.06,0.046999999999999986,0.138,0.066,30.7,,,,,,,
779,806230,"Stafura, Sammy",2024,779,100,0.295,0.148,0.392,0.443,0.383,0.328,0.232,44,149,86.4,13.7,2326,87.6,87.44,112,346,433,-0.19999999999998863,6.23,106,147,114,145,292,302,272,"-12.154","12.154",,,190,106,33,4,3,4,46,24.2,34,17.9,2.31834,0.72931,0.33684,0.17156,"90.1",167,30.8411214953271,4.672897196261682,2.631578947368421,5.73,-1.14,0.19,2.48,0.426,5,"1.560205392",0.378,0.328,"-1.560205392",0.063,0.04799999999999999,0.115,0.055,32.4,,,,,,,
778,807726,"Peck, John",2024,778,100,0.249,0.124,0.326,0.373,0.319,0.292,0.219,44,177,89.7,5.8,2306,88.7,88.44,73,327,451,-0.29999999999999716,6.18,108,150,117,147,292,308,275,"0.438","-0.438",,,206,131,30,8,4,2,48,23.3,23,11.2,2.17922,0.75799,0.41691,0.22273,"91.5",164,45.80152671755725,5.343511450381679,3.3980582524271843,5.75,-0.97,0.18,2.56,0.345,7,"-0.056298201",0.323,0.307,"0.056298201",0.03,0.021999999999999964,0.066,0.027,22.3,,,,,,,
778,656248,"Bouchard, Sean",2024,778,100,0.324,0.318,0.388,0.642,0.445,0.376,0.281,58,179,89.5,17.8,2257,88.3,88.76,84,330,448,0.5,6.31,108,151,120,147,301,327,297,"-20.978","20.978",,,207,132,29,12,6,11,47,22.7,24,11.6,2.42555,0.51765,0.19251,0.15152,"91.7",165,40.909090909090914,9.090909090909092,5.797101449275362,5.72,-0.8,0.17,2.37,0.415,12,"2.696401028",0.378,0.483,"-2.696401028",0.043,0.03699999999999998,0.159,0.069,25.5,,,,,,,
777,805701,"DiSpigna, Angelo",2024,777,100,0.191,0.108,0.281,0.299,0.281,0.317,0.209,30,157,89.5,9.7,2212,88.1,87.99,133,363,414,-0.09999999999999432,6.23,112,144,119,148,280,306,286,"4.453","-4.453",,,186,99,20,6,1,3,59,31.7,24,12.9,2.23268,0.74342,0.57366,-0.54032,"91.5",139,47.474747474747474,12.121212121212121,6.451612903225806,5.71,-1.22,-0.18,2.4,0.312,12,"-0.573101673",0.327,0.381,"0.573101673",-0.018,-0.015000000000000013,-0.082,-0.036,36.6,,,,,,,
769,694217,"Fanas, Willy",2024,769,100,0.207,0.073,0.285,0.28,0.246,0.229,0.188,40,193,86.5,9.7,2173,87.8,87.61,106,377,392,-0.20000000000000284,6.24,114,145,113,148,284,307,286,"11.496","-11.496",,,209,138,31,5,3,1,55,26.3,14,6.7,2.28497,0.72979,0.64477,-0.65366,"90.7",127,36.496350364963504,2.18978102189781,1.4354066985645932,5.69,-1.21,-0.13,2.38,0.268,3,"-1.494928479",0.251,0.249,"1.494928479",0.019,0.017000000000000015,0.031,0.017,28.1,,,,,,,
768,641555,"Escarra, J.C.",2024,768,100,0.302,0.225,0.323,0.527,0.398,0.339,0.259,51,169,89.3,14.8,2186,87.2,87.25,63,321,447,0.09999999999999432,6.25,112,144,119,149,282,322,293,"-12.947","12.947",,,200,141,29,14,0,8,30,15,26,13,2.53904,0.50193,0.24027,-0.22286,"92.1",161,41.843971631205676,6.382978723404255,4.5,5.76,-1.06,-0.19,2.33,0.4,9,"1.685807292",0.364,0.4,"-1.685807292",0.043,0.03600000000000003,0.127,0.059,19.6,,,,,,,
766,682695,"Martinez, Yohander",2024,767,99.9,0.196,0.042,0.262,0.238,0.311,0.31,0.189,28,143,85.7,13.5,2280,88.6,88.38,69,286,480,-0.19999999999998863,6.22,104,148,114,145,288,300,269,"-1.599","1.599",,,190,104,24,3,0,1,40,21.1,34,17.9,2.1298,0.81916,0.4611,0.25368,"90.0",148,25,0.9615384615384616,0.5263157894736842,5.84,-0.92,0.14,2.41,0.389,1,"0.208746736",0.385,0.243,"-0.208746736",0.007,0.0040000000000000036,-0.005,0.001,24.1,,,,,,,
766,693808,"Arias, Daury",2024,767,99.9,0.172,0.075,0.235,0.247,0.239,0.263,0.185,30,174,86.2,17.9,2231,88.5,88.5,121,383,383,0,6.33,112,143,116,145,280,303,282,"13.91","-13.91",,,198,121,21,7,0,2,54,27.3,20,10.1,2.19772,0.7548,0.54007,-0.47458,"90.5",157,30,5.833333333333333,3.535353535353535,5.65,-1.18,-0.13,2.37,0.268,7,"-1.815926893",0.28,0.295,"1.815926893",-0.013,-0.01200000000000001,-0.048,-0.024,31.6,,,,,,,
766,691701,"Martinez, Yeral",2024,766,100,0.176,0.165,0.27,0.341,0.252,0.268,0.192,32,182,87.3,19.4,2209,87,86.82,150,424,342,-0.20000000000000284,6.2,115,145,119,146,285,308,285,"9.584","-9.584",,,199,105,16,7,4,5,78,39.2,12,6,2.45184,0.61144,0.44806,-0.45537,"92.1",144,35.57692307692308,13.461538461538462,7.035175879396985,5.67,-1.02,-0.16,2.39,0.237,14,"-1.251174935",0.254,0.355,"1.251174935",-0.016,-0.017000000000000015,-0.014,-0.016,35.4,,,,,,,
761,664901,"Mendick, Danny",2024,762,99.9,0.258,0.253,0.282,0.511,0.357,0.279,0.216,46,178,88.4,12.7,2204,88.2,88.44,96,349,412,0.20000000000000284,6.34,107,148,118,145,289,314,281,"-5.431","5.431",,,195,135,23,12,0,11,43,22.1,16,8.2,2.31896,0.64368,0.35665,0.02527,"91.0",160,40,5.9259259259259265,4.102564102564102,5.76,-0.53,-0.01,2.37,0.323,8,"0.713666229",0.284,0.342,"-0.713666229",0.042,0.039000000000000035,0.169,0.078,27.5,,,,,,,
758,691770,"Bishop, Braylon",2024,763,99.3,0.189,0.154,0.267,0.343,0.284,0.275,0.193,32,169,85.5,13.1,2241,87.9,87.64,115,346,412,-0.30000000000001137,6.25,115,145,107,147,278,305,288,"7.035","-7.035",,,193,106,18,7,2,5,63,32.6,18,9.3,2.25375,0.7507,0.53919,-0.47053,"91.3",144,37.735849056603776,6.60377358490566,3.6269430051813467,5.72,-1.09,-0.14,2.45,0.29,7,"-0.928100264",0.293,0.309,"0.928100264",-0.004,-0.0030000000000000027,0.034,0.009,33.2,,,,,,,
755,664120,"McDowell, Max",2024,757,99.7,0.173,0.149,0.224,0.321,0.258,0.242,0.178,29,168,86.3,10.7,2190,87.9,87.89,95,331,424,0,6.23,106,150,118,146,293,318,283,"7.412","-7.412",,,188,105,18,4,0,7,64,34,12,6.4,2.31287,0.68647,0.40369,0.04308,"90.6",139,29.523809523809526,5.714285714285714,3.1914893617021276,5.85,-0.49,0.08,2.39,0.255,6,"-0.981721854",0.26,0.265,"0.981721854",-0.005,-0.0050000000000000044,0.056,0.016,28.7,,,,,,,
752,805704,"Anthony, Keaton",2024,752,100,0.322,0.148,0.373,0.47,0.404,0.362,0.269,48,149,89.1,9.8,2268,88.5,88.38,61,288,464,-0.09999999999999432,6.32,107,149,118,145,292,305,274,"-17.097","17.097",,,186,122,34,10,0,4,28,15.1,28,15.1,2.20644,0.75975,0.44844,0.17394,"91.3",152,36.0655737704918,4.918032786885246,3.225806451612903,5.8,-0.65,0.11,2.39,0.446,6,"2.273537234",0.404,0.401,"-2.273537234",0.053,0.04199999999999998,0.069,0.042,21.2,,,,,,,
750,642220,"Witte, Jantzen",2024,750,100,0.233,0.173,0.276,0.407,0.322,0.267,0.192,35,150,87.3,17.1,2261,88.7,88.94,96,347,403,0.20000000000000284,6.27,108,151,119,146,300,318,287,"0.352","-0.352",,,174,111,21,8,0,6,41,23.6,22,12.6,2.3292,0.59354,0.24513,0.10529,"90.8",171,30.909090909090907,5.454545454545454,3.4482758620689653,5.85,-0.76,0.05,2.36,0.328,6,"-0.046933333",0.293,0.292,"0.046933333",0.041,0.03500000000000003,0.115,0.055,27.7,,,,,,,
749,681468,"Rosier, Corey",2024,752,99.6,0.18,0.087,0.233,0.267,0.246,0.258,0.192,29,161,86,5.3,2183,88.3,88.44,79,340,409,0.10000000000000853,6.38,113,144,107,149,280,314,288,"12.05","-12.05",,,184,118,21,4,2,2,45,24.5,20,10.9,2.30841,0.6543,0.35843,-0.32114,"90.5",138,27.43362831858407,2.6548672566371683,1.6304347826086956,5.79,-0.96,-0.13,2.28,0.272,3,"-1.608811749",0.291,0.262,"1.608811749",-0.012,-0.01899999999999996,0.005,-0.012,23.2,,,,,,,
745,595943,"Evans, Phillip",2024,745,100,0.222,0.102,0.248,0.324,0.283,0.265,0.201,39,176,85.8,11,2250,88.1,88.25,81,326,419,0.10000000000000853,6.3,106,148,117,144,292,316,287,"8.531","-8.531",,,200,142,31,3,0,5,36,18,20,10,2.37047,0.59294,0.22635,0.02912,"91.4",133,31.690140845070424,2.8169014084507045,2,5.87,-0.71,0.1,2.32,0.305,4,"-1.145100671",0.289,0.285,"1.145100671",0.021,0.016000000000000014,0.039,0.018,24.8,,,,,,,
745,623168,"Heineman, Tyler",2024,750,99.3,0.247,0.152,0.27,0.399,0.346,0.287,0.196,39,158,84.5,16.7,2135,88.5,88.6,50,329,416,0.09999999999999432,6.34,112,146,112,148,286,315,286,"-3.007","3.007",,,194,128,28,4,1,6,32,16.5,28,14.4,2.25721,0.7306,0.42625,-0.42625,"90.0",157,24.409448818897637,3.149606299212598,2.0618556701030926,5.76,-0.76,-0.09,2.36,0.376,4,"0.403624161",0.336,0.265,"-0.403624161",0.051,0.03999999999999998,0.134,0.059,15.2,,,,,,,
743,641432,"Calhoun, Willie",2024,743,100,0.276,0.126,0.308,0.402,0.342,0.288,0.225,48,174,87.8,18.5,2186,88,88.32,46,318,425,0.29999999999999716,6.34,115,146,119,150,299,324,296,"-4.914","4.914",,,203,147,34,10,0,4,29,14.3,24,11.8,2.46762,0.49687,0.36107,-0.28248,"91.2",149,32.87671232876712,1.36986301369863,0.9852216748768473,5.78,-1.23,-0.16,2.36,0.369,2,"0.661372813",0.327,0.298,"-0.661372813",0.051,0.04199999999999998,0.104,0.054,14.5,,,,,,,
733,691176,"Domínguez, Jasson",2024,733,100,0.314,0.165,0.364,0.479,0.373,0.349,0.276,59,188,87.9,10.9,2127,87.8,87.93,89,369,364,0.10000000000000853,6.29,115,146,120,150,289,322,292,"-11.821","11.821",,,210,150,43,8,1,7,39,18.6,20,9.5,2.36563,0.62447,0.38995,-0.38641,"92.4",150,39.59731543624161,9.395973154362416,6.666666666666667,5.8,-1.07,-0.14,2.4,0.381,14,"1.612687585",0.348,0.45,"-1.612687585",0.038,0.03300000000000003,0.029,0.024,24.1,,,,,,,
733,693418,"Maguire, Solomon",2024,737,99.5,0.166,0.166,0.198,0.331,0.275,0.259,0.162,25,151,85.8,18.5,2233,88.1,87.78,83,304,429,-0.29999999999999716,6.19,113,145,106,148,279,305,283,"7.061","-7.061",,,175,102,14,3,2,6,49,28,24,13.7,2.24872,0.73893,0.5107,-0.41892,"90.7",129,29.411764705882355,7.8431372549019605,4.571428571428571,5.74,-1.21,-0.03,2.39,0.28,8,"-0.963301501",0.277,0.284,"0.963301501",0.004,0.0030000000000000027,0.047,0.016,27.3,,,,,,,
731,606992,"Haase, Eric",2024,732,99.9,0.279,0.224,0.386,0.503,0.375,0.343,0.246,41,147,91.1,12,2212,87.8,87.8,100,307,424,0,6.27,107,150,117,145,297,320,286,"-10.31","10.31",,,169,92,26,6,0,9,56,33.1,19,11.2,2.43642,0.57721,0.24956,0.11795,"92.3",162,48.91304347826087,9.782608695652174,5.325443786982249,5.84,-0.89,0.11,2.21,0.367,9,"1.410396717",0.342,0.437,"-1.410396717",0.033,0.024999999999999967,0.066,0.032,32.6,,,,,,,
730,553882,"Narváez, Omar",2024,730,100,0.196,0.109,0.224,0.304,0.289,0.288,0.199,27,138,83.3,17.9,2201,88.2,88.15,70,343,387,-0.10000000000000853,6.23,115,145,120,149,284,316,292,"4.988","-4.988",,,169,110,19,4,1,3,31,18.3,26,15.4,2.36845,0.62525,0.36811,-0.23742,"89.3",176,14.678899082568808,3.669724770642202,2.366863905325444,5.71,-0.9,-0.09,2.45,0.325,4,"-0.683287671",0.33,0.283,"0.683287671",-0.003,-0.0050000000000000044,0.021,0.001,20.4,,,,,,,
730,692564,"Salazar, Johnfrank",2024,730,100,0.306,0.094,0.358,0.4,0.356,0.338,0.279,55,180,87.9,5.8,2264,88,88,73,341,389,0,6.31,106,148,113,145,292,304,271,"-7.928","7.928",,,207,152,40,14,0,1,28,13.5,23,11.1,2.25541,0.73154,0.45279,0.20966,"91.4",129,39.735099337748345,3.9735099337748347,2.898550724637681,5.67,-0.79,0.17,2.42,0.396,6,"1.086027397",0.373,0.375,"-1.086027397",0.027,0.02300000000000002,0.025,0.018,21.4,,,,,,,
729,675961,"Williams, Alika",2024,731,99.7,0.313,0.086,0.392,0.399,0.347,0.293,0.244,51,163,84.2,12.8,2259,87.3,87.36,77,351,378,0.10000000000000853,6.18,105,149,114,144,294,317,283,"-3.403","3.403",,,184,130,39,10,2,0,34,18.5,20,10.9,2.50232,0.51845,0.14541,0.0466,"90.6",142,26.923076923076923,1.5384615384615385,1.0869565217391304,5.88,-0.86,0.15,2.3,0.386,2,"0.466803841",0.327,0.315,"-0.466803841",0.069,0.059,0.084,0.054,21.9,,,,,,,
729,543592,"Nola, Austin",2024,741,98.4,0.17,0.126,0.198,0.296,0.25,0.237,0.183,27,159,86.5,22,2227,88.3,88.36,76,326,403,0.10000000000000853,6.24,105,150,117,146,293,318,281,"10.271","-10.271",,,179,116,17,5,0,5,44,24.6,17,9.5,2.27366,0.67861,0.25846,0.10357,"90.4",152,27.586206896551722,0.8620689655172413,0.5586592178770949,5.84,-0.84,0.15,2.3,0.257,1,"-1.408916324",0.27,0.236,"1.408916324",-0.013,-0.013000000000000012,0.06,0.013,23.3,,,,,,,
727,805795,"Miller, Aidan",2024,727,100,0.275,0.208,0.34,0.483,0.386,0.319,0.219,41,149,87.2,12.5,2253,87.8,87.65,75,293,434,-0.09999999999999432,6.34,105,149,116,145,293,306,276,"-9.676","9.676",,,182,111,20,16,0,5,39,21.4,26,14.3,2.33594,0.68528,0.39014,0.06397,"91.6",139,36.93693693693694,6.306306306306306,3.8461538461538463,5.74,-0.62,0.19,2.35,0.401,7,"1.330949106",0.358,0.334,"-1.330949106",0.056,0.04300000000000004,0.149,0.067,25.6,,,,,,,
721,669945,"Young, Chavez",2024,724,99.6,0.211,0.116,0.29,0.327,0.284,0.253,0.189,31,147,81.3,11.9,2191,87.8,87.79,82,332,389,0,6.23,110,146,108,146,287,316,290,"8.115","-8.115",,,168,102,20,7,2,2,46,27.4,14,8.3,2.40562,0.59767,0.30683,-0.27506,"89.7",132,15.686274509803921,2.941176470588235,1.7857142857142856,5.82,-0.93,-0.04,2.27,0.304,3,"-1.125520111",0.285,0.257,"1.125520111",0.022,0.019000000000000017,0.07,0.031,24.7,,,,,,,
720,685133,"Meckler, Wade",2024,725,99.3,0.279,0.227,0.288,0.506,0.368,0.328,0.267,48,172,84.4,5.7,2152,88.1,87.99,45,300,420,-0.09999999999999432,6.21,112,145,106,149,291,327,303,"-8.104","8.104",,,191,147,28,9,3,8,25,13.1,19,9.9,2.31824,0.65663,0.49389,-0.33314,"90.6",149,28.57142857142857,4.761904761904762,3.664921465968586,5.72,-0.99,-0.19,2.31,0.351,7,"1.125555556",0.34,0.404,"-1.125555556",0.012,0.010999999999999954,0.102,0.04,15,,,,,,,
719,671287,"Clarke, Phil",2024,720,99.9,0.231,0.094,0.262,0.325,0.312,0.32,0.246,37,160,83.4,17.8,2176,88.2,88.27,62,341,378,0.09999999999999432,6.26,115,145,117,150,283,316,289,"1.624","-1.624",,,192,133,28,6,0,3,28,14.6,27,14.1,2.37018,0.60101,0.43969,-0.31952,"89.8",156,18.796992481203006,2.2556390977443606,1.5625,5.82,-1.34,-0.14,2.33,0.354,3,"-0.225869263",0.368,0.328,"0.225869263",-0.015,-0.014000000000000012,-0.003,-0.008,18.2,,,,,,,
719,694388,"Loperfido, Joey",2024,719,100,0.272,0.296,0.316,0.568,0.392,0.373,0.252,44,162,90.8,7.3,2235,88.3,88.58,82,316,403,0.29999999999999716,6.28,115,146,120,150,293,327,298,"-14.008","14.008",,,187,111,23,7,1,13,53,28.3,19,10.2,2.40057,0.54531,0.30606,-0.23444,"92.4",158,45.794392523364486,18.69158878504673,10.695187165775401,5.85,-0.98,-0.03,2.36,0.358,20,"1.948261474",0.346,0.515,"-1.948261474",0.02,0.01200000000000001,0.053,0.019,25.9,,,,,,,
718,685392,"Boone, Trevor",2024,720,99.7,0.235,0.235,0.349,0.471,0.333,0.267,0.19,40,170,87.7,15.1,2222,87.8,88.19,162,369,349,0.4000000000000057,6.31,107,151,119,146,307,328,300,"-3.984","3.984",,,187,96,21,8,1,10,74,39.6,17,9.1,2.4876,0.48655,0.28897,0.06629,"91.9",158,40.625,10.416666666666668,5.347593582887701,5.66,-0.61,0.16,2.33,0.305,10,"0.554874652",0.264,0.335,"-0.554874652",0.045,0.04099999999999998,0.136,0.066,43.9,,,,,,,
717,800412,"Rodriguez, Jose",2024,717,100,0.177,0.139,0.25,0.316,0.24,0.235,0.17,28,158,88.9,15.1,2341,87.2,87.01,133,341,376,-0.20000000000000284,6.24,105,148,116,144,292,308,275,"13.094","-13.094",,,173,97,16,7,0,5,64,37,11,6.4,2.50671,0.54261,0.23703,0.0937,"91.2",141,35.051546391752574,9.278350515463918,5.202312138728324,5.78,-1.1,0.16,2.32,0.231,9,"-1.826220363",0.226,0.305,"1.826220363",0.007,0.0050000000000000044,0.011,0.005,39,,,,,,,
715,678534,"Wingrove, Rixon",2024,716,99.9,0.259,0.234,0.297,0.494,0.369,0.312,0.209,41,158,92.2,10.9,2151,87.3,87.03,108,318,397,-0.29999999999999716,6.18,110,145,121,149,287,311,289,"-8.954","8.954",,,185,119,21,11,1,8,40,21.6,23,12.4,2.38502,0.66782,0.55229,-0.49815,"93.1",139,46.21848739495798,10.92436974789916,7.027027027027027,5.77,-1.16,-0.12,2.38,0.362,13,"1.252307692",0.322,0.372,"-1.252307692",0.05,0.03999999999999998,0.122,0.057,34,,,,,,,
710,694281,"Frick, Tomas",2024,710,100,0.25,0.118,0.296,0.368,0.333,0.312,0.211,36,144,87.3,13.7,2284,87.8,87.6,69,268,442,-0.20000000000000284,6.22,105,148,116,145,291,300,270,"-0.628","0.628",,,173,117,23,11,0,2,28,16.2,23,13.3,2.30954,0.69319,0.32339,0.11317,"91.2",164,37.60683760683761,5.982905982905983,4.046242774566474,5.72,-1.04,0.08,2.43,0.37,7,"0.088450704",0.338,0.347,"-0.088450704",0.039,0.03199999999999997,0.021,0.021,25.7,,,,,,,
706,553988,"Machado, Dixon",2024,710,99.4,0.212,0.079,0.228,0.291,0.274,0.31,0.248,32,151,85.2,6.6,2227,88.1,88.24,45,283,423,0.10000000000000853,6.25,104,149,117,146,295,316,283,"7.604","-7.604",,,178,130,26,3,0,3,25,14,23,12.9,2.36313,0.61386,0.32677,-0.0226,"90.1",131,27.200000000000003,4,2.8089887640449436,5.73,-0.54,0.11,2.36,0.309,5,"-1.077053824",0.345,0.332,"1.077053824",-0.036,-0.035999999999999976,-0.041,-0.036,15.9,,,,,,,
705,683766,"Koss, Christian",2024,712,99,0.256,0.161,0.317,0.417,0.327,0.277,0.219,43,168,86.5,6.7,2254,88.6,88.75,108,366,339,0.10000000000000853,6.33,105,149,112,145,301,328,297,"-2.766","2.766",,,190,125,27,10,1,5,45,23.7,14,7.4,2.27688,0.66605,0.3012,0.0255,"91.1",151,36,4.8,3.1578947368421053,5.79,-0.56,0.11,2.46,0.332,6,"0.392340426",0.303,0.303,"-0.392340426",0.037,0.029000000000000026,0.114,0.05,29.5,,,,,,,
705,701350,"Anthony, Roman",2024,705,100,0.344,0.176,0.424,0.519,0.425,0.364,0.255,45,131,88,2.6,2174,87.8,87.78,62,265,440,0,6.33,116,145,117,150,285,316,290,"-14.999","14.999",,,164,102,29,12,1,3,31,18.9,31,18.9,2.40807,0.59418,0.34966,-0.27139,"92.6",138,45.54455445544555,7.920792079207921,4.878048780487805,5.9,-1.07,-0.13,2.28,0.463,8,"2.12751773",0.399,0.392,"-2.12751773",0.089,0.064,0.127,0.061,23.4,,,,,,,
702,656537,"Hill, Derek",2024,704,99.7,0.346,0.278,0.432,0.623,0.439,0.34,0.268,56,162,88.9,7.9,2238,88.1,88.36,99,332,370,0.30000000000001137,6.31,105,150,114,146,301,322,289,"-13.43","13.43",,,183,119,31,13,4,8,44,24,17,9.3,2.37553,0.58395,0.31532,0.11434,"91.6",151,41.52542372881356,8.47457627118644,5.46448087431694,5.79,-0.74,0.16,2.4,0.415,10,"1.913105413",0.347,0.425,"-1.913105413",0.078,0.068,0.198,0.099,29.8,,,,,,,
700,680711,"Roederer, Cole",2024,703,99.6,0.208,0.157,0.275,0.365,0.303,0.292,0.205,33,159,89.1,21.2,2156,87.2,87.38,118,323,377,0.20000000000000284,6.24,115,146,108,151,287,317,291,"2.792","-2.792",,,185,107,18,10,0,5,53,28.6,22,11.9,2.48087,0.53621,0.32838,-0.23013,"91.7",172,38.31775700934579,5.607476635514018,3.2432432432432434,5.86,-0.88,-0.14,2.3,0.314,6,"-0.398857143",0.311,0.334,"0.398857143",0.003,0.0030000000000000027,0.031,0.011,36.5,,,,,,,
700,689200,"Melton, Jacob",2024,701,99.9,0.26,0.145,0.331,0.405,0.313,0.261,0.203,45,173,88.2,4.9,2226,88,87.91,89,352,348,-0.09999999999999432,6.24,114,146,115,151,291,319,296,"2.046","-2.046",,,191,126,30,10,0,5,48,25.1,13,6.8,2.3857,0.60372,0.30798,-0.15356,"92.4",150,41.46341463414634,7.317073170731707,4.712041884816754,5.65,-0.46,0.05,2.41,0.314,9,"-0.292285714",0.264,0.322,"0.292285714",0.057,0.04999999999999999,0.083,0.052,25.3,,,,,,,
696,681715,"Hernández, Heriberto",2024,696,100,0.187,0.22,0.202,0.407,0.32,0.294,0.17,28,150,87.1,14.9,2170,87.6,87.6,128,325,371,0,6.23,106,149,120,144,289,319,286,"-3.713","3.713",,,182,103,14,4,1,9,49,26.9,26,14.3,2.38365,0.6211,0.29967,-0.03822,"91.7",147,43.689320388349515,9.70873786407767,5.4945054945054945,5.88,-0.42,0.11,2.27,0.319,10,"0.533477011",0.305,0.341,"-0.533477011",0.017,0.014000000000000012,0.066,0.026,39.4,,,,,,,
694,667452,"Julks, Corey",2024,694,100,0.278,0.192,0.313,0.47,0.363,0.31,0.238,42,151,86.6,21,2270,88.3,88.56,72,300,394,0.29999999999999716,6.31,107,150,119,146,294,319,288,"-8.966","8.966",,,180,121,26,9,1,6,34,18.9,24,13.3,2.35769,0.58978,0.2662,0.03085,"91.4",166,32.231404958677686,4.132231404958678,2.7777777777777777,5.81,-0.88,0.01,2.37,0.372,5,"1.291930836",0.343,0.331,"-1.291930836",0.04,0.02899999999999997,0.139,0.053,24,,,,,,,
694,692562,"Hernandez, Alexis",2024,694,100,0.219,0.113,0.276,0.331,0.303,0.269,0.177,33,151,84.4,12.3,2257,88.1,87.82,93,330,364,-0.29999999999999716,6.24,105,147,117,144,291,302,273,"1.377","-1.377",,,177,109,24,5,0,4,42,23.7,21,11.9,2.33545,0.65548,0.36043,0.1525,"90.6",141,29.357798165137616,5.5045871559633035,3.389830508474576,5.74,-0.93,0.07,2.36,0.333,6,"-0.198414986",0.298,0.278,"0.198414986",0.042,0.03500000000000003,0.053,0.034,28.2,,,,,,,
691,687597,"Beck, Jordan",2024,691,100,0.319,0.239,0.389,0.558,0.409,0.347,0.256,52,163,90.2,13.1,2266,87.9,88.48,102,327,364,0.5999999999999943,6.32,108,150,120,147,300,330,301,"-12.804","12.804",,,189,121,31,11,2,8,44,23.3,23,12.2,2.54071,0.42272,0.23511,0.15755,"92.0",162,46.28099173553719,10.743801652892563,6.878306878306878,5.68,-1.13,0.15,2.21,0.402,13,"1.852966715",0.35,0.443,"-1.852966715",0.063,0.052000000000000046,0.115,0.062,31.2,,,,,,,
691,800251,"Rosa, Jeffry",2024,691,100,0.15,0.086,0.225,0.236,0.251,0.227,0.13,21,140,83.1,25.1,2272,88,87.69,121,319,372,-0.29999999999999716,6.2,105,148,117,146,295,310,279,"10.518","-10.518",,,168,83,15,3,0,3,58,34.5,16,9.5,2.28444,0.71352,0.44874,0.2192,"91.0",152,25.301204819277107,2.4096385542168677,1.1904761904761905,5.71,-0.99,0.08,2.39,0.286,2,"-1.522141823",0.269,0.189,"1.522141823",0.02,0.01699999999999996,0.047,0.024,37.9,,,,,,,
690,678926,"De La Cruz, Carlos",2024,690,100,0.19,0.086,0.286,0.276,0.231,0.241,0.197,31,163,89,7.5,2159,87.9,87.85,132,334,356,0,6.28,107,151,120,146,296,323,285,"13.676","-13.676",,,175,101,23,5,0,3,63,36,8,4.6,2.42678,0.5674,0.42351,0.17655,"91.9",129,44.79166666666667,4.166666666666666,2.2857142857142856,5.74,-1.05,0.05,2.37,0.24,4,"-1.982028986",0.25,0.283,"1.982028986",-0.007,-0.010000000000000009,-0.007,-0.01,39.5,,,,,,,
687,689070,"Packard, Spencer",2024,687,100,0.279,0.136,0.32,0.416,0.339,0.347,0.285,43,154,88.4,14.1,2224,88.3,88.57,43,265,422,0.29999999999999716,6.29,115,145,118,148,291,324,301,"-3.202","3.202",,,176,130,26,15,0,2,26,14.8,19,10.8,2.37176,0.57893,0.34599,-0.2052,"91.3",159,35.65891472868217,4.651162790697675,3.4090909090909087,5.74,-0.53,-0.07,2.34,0.358,6,"0.466084425",0.368,0.414,"-0.466084425",-0.006,-0.010000000000000009,0.002,-0.008,16.2,,,,,,,
685,687005,"Strahm, Kellen",2024,685,100,0.265,0.103,0.347,0.368,0.332,0.284,0.204,36,136,89.2,-1.6,2172,88.8,88.94,70,279,406,0.10000000000000853,6.22,106,150,118,147,299,322,288,"-3.37","3.37",,,165,102,27,5,3,1,37,22.4,25,15.2,2.29434,0.61941,0.40389,0.04747,"91.4",147,40.5940594059406,2.9702970297029703,1.8181818181818181,5.77,-0.4,0.2,2.36,0.376,3,"0.491970803",0.328,0.282,"-0.491970803",0.061,0.04799999999999999,0.086,0.048,25.1,,,,,,,
683,689172,"Wisely, Brett",2024,688,99.3,0.289,0.191,0.319,0.48,0.373,0.315,0.24,44,152,87.8,14,2198,88.2,88.12,54,297,386,-0.10000000000000853,6.21,111,145,107,148,288,320,298,"-6.496","6.496",,,176,125,28,9,1,6,28,15.9,23,13.1,2.30931,0.65676,0.42331,-0.20246,"91.0",153,33.33333333333333,3.2520325203252036,2.272727272727273,5.78,-0.66,-0.13,2.26,0.381,4,"0.951098097",0.34,0.358,"-0.951098097",0.049,0.04099999999999998,0.122,0.058,18.2,,,,,,,
674,666386,"Brookman, Archer",2024,675,99.9,0.239,0.127,0.279,0.366,0.325,0.322,0.235,34,142,85,13.1,2258,88.1,87.86,74,280,394,-0.19999999999998863,6.17,105,148,117,145,288,309,276,"-1.562","1.562",,,175,114,22,9,0,3,32,18.3,25,14.3,2.20564,0.77773,0.43322,0.20251,"90.7",152,29.82456140350877,4.385964912280701,2.857142857142857,5.87,-1.01,0.22,2.5,0.36,5,"0.231750742",0.358,0.35,"-0.231750742",0.004,0.0020000000000000018,0.016,0.003,26.4,,,,,,,
673,687221,"Rushing, Dalton",2024,673,100,0.273,0.237,0.299,0.511,0.392,0.384,0.269,38,139,90.8,13.2,2170,87.1,87.1,66,279,394,0,6.15,118,145,122,151,298,329,302,"-14.079","14.079",,,169,106,23,6,0,9,34,20.1,26,15.4,2.59204,0.5469,0.35547,-0.28665,"92.2",163,40.56603773584906,10.377358490566039,6.508875739644971,5.71,-1.18,-0.16,2.36,0.396,11,"2.091976226",0.393,0.489,"-2.091976226",0.004,0.0030000000000000027,0.022,0.008,23.7,,,,,,,
669,645305,"Sánchez, Ali",2024,669,100,0.226,0.135,0.274,0.361,0.299,0.306,0.23,35,155,88.7,10.2,2177,87.6,87.61,63,278,391,0,6.2,106,151,120,147,297,320,285,"4.967","-4.967",,,174,120,20,12,0,3,35,20.1,18,10.3,2.3846,0.63716,0.27316,0.10254,"91.3",154,35.833333333333336,5.833333333333333,4.022988505747127,5.97,-0.62,0.04,2.36,0.31,7,"-0.74245142",0.314,0.372,"0.74245142",-0.004,-0.0040000000000000036,-0.011,-0.007,22.7,,,,,,,
669,679663,"Scott, Stephen",2024,669,100,0.292,0.174,0.364,0.466,0.345,0.305,0.237,47,161,89.1,13.5,2175,87.6,87.58,97,354,315,0,6.2,114,144,116,148,284,318,290,"-0.783","0.783",,,175,122,28,14,1,4,41,23.4,11,6.3,2.45378,0.55465,0.27798,-0.30121,"91.5",171,41.02564102564102,8.547008547008547,5.714285714285714,5.87,-0.6,-0.2,2.34,0.337,10,"0.117040359",0.294,0.384,"-0.117040359",0.055,0.04300000000000004,0.082,0.04,27.4,,,,,,,
666,663662,"Cameron, Daz",2024,666,100,0.307,0.27,0.375,0.577,0.425,0.356,0.267,42,137,90.2,14,2245,88,88.07,61,283,383,0.09999999999999432,6.27,105,150,116,146,298,321,288,"-14.12","14.12",,,164,102,19,15,2,6,35,21.3,26,15.9,2.40751,0.574,0.26517,0.01148,"91.7",171,41.17647058823529,4.901960784313726,3.048780487804878,5.8,-0.89,0.11,2.42,0.421,5,"2.12012012",0.388,0.406,"-2.12012012",0.04,0.032999999999999974,0.171,0.069,21.6,,,,,,,
666,681286,"Schwartz, JT",2024,666,100,0.219,0.163,0.234,0.381,0.292,0.29,0.216,35,160,87.7,22.4,2114,87.9,88.11,64,344,322,0.19999999999998863,6.32,116,146,121,149,282,317,290,"5.065","-5.065",,,178,133,19,11,0,5,29,16.3,10,5.6,2.37215,0.63754,0.41164,-0.32158,"91.1",183,35.11450381679389,5.343511450381679,3.932584269662921,5.84,-0.96,-0.15,2.44,0.287,7,"-0.760510511",0.287,0.363,"0.760510511",0.003,0,0.018,0.002,18.6,,,,,,,
666,677592,"Pereira, Everson",2024,666,100,0.265,0.247,0.355,0.512,0.369,0.346,0.237,43,162,89.9,11.1,2185,87.3,87.47,139,337,329,0.20000000000000284,6.39,106,149,118,145,294,321,284,"-7.011","7.011",,,182,103,24,8,1,10,59,32.4,16,8.8,2.44769,0.6014,0.29756,0.08424,"92.2",161,41.74757281553398,13.592233009708737,7.6923076923076925,5.81,-0.77,0.15,2.21,0.346,14,"1.052702703",0.321,0.479,"-1.052702703",0.028,0.024999999999999967,0.033,0.023,41.2,,,,,,,
666,656180,"Adams, Riley",2024,666,100,0.285,0.243,0.348,0.528,0.391,0.346,0.248,41,144,89,11.1,2249,87.8,87.83,92,310,356,0,6.31,106,151,120,146,299,325,290,"-12.287","12.287",,,169,101,24,8,0,9,44,26,15,8.9,2.41144,0.58651,0.16152,0.10125,"92.1",152,42.15686274509804,12.745098039215685,7.6923076923076925,5.82,-1,0.14,2.36,0.381,13,"1.844894895",0.349,0.437,"-1.844894895",0.037,0.03200000000000003,0.091,0.045,29.7,,,,,,,
665,642021,"Robinson, Errol",2024,666,99.8,0.208,0.067,0.297,0.275,0.264,0.251,0.194,31,149,86,8.4,2169,88.3,88.33,81,271,394,0,6.28,104,148,110,145,293,316,279,"7.593","-7.593",,,170,102,23,7,0,1,48,28.2,20,11.8,2.25983,0.73821,0.40081,0.161,"89.9",151,21.568627450980394,1.9607843137254901,1.1764705882352942,5.82,-0.79,0.2,2.38,0.3,2,"-1.141804511",0.288,0.252,"1.141804511",0.014,0.01200000000000001,0.023,0.013,29.9,,,,,,,
664,680695,"Davis, Brennen",2024,664,100,0.214,0.255,0.213,0.469,0.362,0.36,0.222,31,145,91.3,20.5,2197,87.3,87.31,112,309,355,0,6.25,107,151,119,146,294,317,285,"-5.354","5.354",,,181,105,16,4,0,11,42,23.2,23,12.7,2.44062,0.6031,0.19102,0.03367,"92.6",155,45.714285714285715,11.428571428571429,6.629834254143646,5.93,-0.59,0.18,2.41,0.359,12,"0.806325301",0.366,0.45,"-0.806325301",-0.008,-0.007000000000000006,0.019,0.002,36.2,,,,,,,
663,661531,"Serven, Brian",2024,663,100,0.265,0.114,0.386,0.379,0.347,0.301,0.206,35,132,86.5,11.8,2195,87.2,87.31,90,292,371,0.09999999999999432,6.27,109,150,120,145,294,319,287,"-3.977","3.977",,,159,86,26,6,0,3,46,28.9,26,16.4,2.5152,0.55076,0.21241,0.09834,"90.5",144,32.55813953488372,5.813953488372093,3.1446540880503147,5.9,-0.76,0.2,2.3,0.39,5,"0.59984917",0.341,0.312,"-0.59984917",0.059,0.04899999999999999,0.067,0.046,30.8,,,,,,,
663,671155,"Johnson, Ivan",2024,663,100,0.289,0.248,0.381,0.537,0.381,0.337,0.251,43,149,90.6,13.2,2135,87.3,87.26,113,358,305,0,6.2,114,147,112,148,289,322,290,"-7.937","7.937",,,167,103,22,11,4,6,47,28.1,15,9,2.5119,0.51404,0.30768,-0.30768,"91.7",144,47.57281553398058,11.650485436893204,7.18562874251497,5.9,-0.68,-0.05,2.35,0.359,12,"1.197134238",0.326,0.449,"-1.197134238",0.038,0.032999999999999974,0.088,0.044,31.6,,,,,,,
661,683021,"Stefanic, Michael",2024,662,99.8,0.389,0.121,0.415,0.51,0.417,0.333,0.286,61,157,87.3,10.2,2246,88.2,88.63,21,254,407,0.3999999999999915,6.31,105,148,115,146,304,324,287,"-15.904","15.904",,,181,144,46,13,0,2,16,8.8,18,9.9,2.48516,0.46201,0.20654,0.1376,"91.3",164,32.63888888888889,2.083333333333333,1.6574585635359116,5.83,-0.98,0.16,2.24,0.453,3,"2.406051437",0.365,0.386,"-2.406051437",0.103,0.08800000000000002,0.124,0.084,8.3,,,,,,,
658,690976,"Freeland, Alex",2024,659,99.8,0.238,0.154,0.309,0.392,0.32,0.321,0.234,34,143,91.7,11.6,2169,87.7,87.78,61,266,392,0.09999999999999432,6.23,110,147,115,151,298,327,300,"1.057","-1.057",,,163,99,22,7,0,5,44,27,19,11.7,2.40035,0.61281,0.4077,-0.4077,"92.0",165,45.45454545454545,9.090909090909092,5.521472392638037,5.69,-1.01,-0.08,2.37,0.331,9,"-0.160638298",0.328,0.399,"0.160638298",0.004,0.0030000000000000027,-0.007,-0.001,22.9,,,,,,,
658,691927,"Terrero, Enmanuel",2024,669,98.4,0.144,0.11,0.205,0.253,0.23,0.245,0.17,21,146,85.4,11.6,2197,87.9,87.79,119,334,324,-0.10000000000000853,6.24,114,145,108,149,277,304,285,"13.232","-13.232",,,167,87,14,2,1,4,60,35.9,20,12,2.27266,0.71695,0.5209,-0.42568,"90.6",129,31.3953488372093,5.813953488372093,2.9940119760479043,5.78,-1,-0.08,2.3,0.246,5,"-2.010942249",0.271,0.253,"2.010942249",-0.026,-0.025000000000000022,0,-0.015,35.6,,,,,,,
658,578428,"Iglesias, Jose",2024,658,100,0.273,0.17,0.292,0.442,0.322,0.294,0.258,45,165,85.4,8.4,2217,87.4,87.41,72,333,325,0,6.27,106,149,118,145,290,315,280,"-2.26","2.26",,,174,137,31,7,0,7,29,16.7,8,4.6,2.42263,0.61006,0.2691,0.08228,"91.2",146,35.07462686567165,4.477611940298507,3.4482758620689653,5.9,-0.86,0.08,2.28,0.305,6,"0.343465046",0.293,0.379,"-0.343465046",0.015,0.01200000000000001,0.063,0.028,21.6,,,,,,,
657,692489,"Del Rosario, Angel",2024,663,99.1,0.23,0.058,0.32,0.288,0.291,0.257,0.184,32,139,81.8,14,2302,88.2,88.05,85,292,365,-0.20000000000000284,6.29,105,148,111,145,285,301,273,"2.634","-2.634",,,164,100,26,4,2,0,40,24.4,22,13.4,2.25455,0.73374,0.41875,0.20128,"89.4",135,18.181818181818183,0,0,5.86,-1.25,0.19,2.38,0.341,0,"-0.400913242",0.305,0.23,"0.400913242",0.046,0.03600000000000003,0.058,0.034,29.1,,,,,,,
657,664332,"Gómez, Moisés",2024,657,100,0.208,0.09,0.307,0.299,0.262,0.268,0.192,30,144,88.3,25.5,2198,87.9,87.84,120,320,337,-0.10000000000000853,6.2,103,150,121,145,294,324,291,"8.08","-8.08",,,162,91,23,4,0,3,55,34,16,9.9,2.34898,0.64247,0.25873,0.02011,"90.8",184,34.065934065934066,8.791208791208792,4.938271604938271,5.84,-0.31,0.08,2.41,0.284,8,"-1.229832572",0.269,0.334,"1.229832572",0.016,0.014999999999999958,-0.035,-0.006,37.5,,,,,,,
656,621545,"Remillard, Zach",2024,661,99.2,0.135,0.09,0.162,0.226,0.196,0.234,0.187,21,155,85.3,21.8,2222,88.1,88.28,80,304,352,0.20000000000000284,6.28,107,150,110,145,294,318,281,"17.923","-17.923",,,171,114,14,3,1,3,43,25.1,11,6.4,2.32619,0.63747,0.32196,0.0315,"90.4",157,28.57142857142857,1.7857142857142856,1.1695906432748537,5.72,-0.3,0.22,2.35,0.205,2,"-2.732164634",0.255,0.251,"2.732164634",-0.052,-0.05000000000000002,-0.025,-0.038,26.3,,,,,,,
656,677347,"Paris, Kyren",2024,659,99.5,0.21,0.152,0.298,0.362,0.286,0.239,0.172,29,138,88.1,10.6,2227,88.5,88.93,97,297,359,0.4000000000000057,6.31,105,150,112,147,305,325,293,"2.971","-2.971",,,156,88,18,5,2,4,52,33.3,16,10.3,2.45951,0.46708,0.21507,0.09954,"90.7",149,34.48275862068966,5.747126436781609,3.205128205128205,5.78,-1.14,0.16,2.36,0.288,5,"-0.452896341",0.256,0.27,"0.452896341",0.038,0.03199999999999997,0.092,0.047,32.7,,,,,,,
651,666179,"Beer, Seth",2024,651,100,0.272,0.203,0.307,0.475,0.351,0.327,0.241,43,158,87.7,15.2,2200,87.8,87.77,104,365,286,0,6.19,118,146,123,151,289,321,294,"-4.396","4.396",,,177,122,27,8,0,8,38,21.5,13,7.3,2.47412,0.51594,0.28052,-0.2514,"91.0",170,39.34426229508197,9.836065573770492,6.779661016949152,5.82,-0.93,-0.06,2.35,0.339,12,"0.675268817",0.315,0.433,"-0.675268817",0.031,0.02400000000000002,0.042,0.024,28.5,,,,,,,
647,681453,"De La Cruz, Daneurys",2024,647,100,0.212,0.106,0.299,0.318,0.303,0.312,0.204,28,132,87.1,16,2295,87.4,87.16,95,275,372,-0.20000000000000284,6.23,107,148,117,145,288,310,278,"0.231","-0.231",,,158,89,19,6,1,2,43,27.2,24,15.2,2.41923,0.61703,0.27039,0.02557,"91.5",139,31.46067415730337,7.865168539325842,4.430379746835443,5.85,-0.8,0.15,2.32,0.342,7,"-0.035703246",0.335,0.349,"0.035703246",0.008,0.007000000000000006,-0.031,-0.009,34.5,,,,,,,
645,542963,"Brantly, Rob",2024,645,100,0.25,0.144,0.289,0.394,0.312,0.287,0.229,40,160,84.7,16,2240,87.3,87.22,105,360,285,-0.09999999999999432,6.2,114,145,117,150,282,317,287,"2.175","-2.175",,,179,126,28,6,1,5,35,19.6,12,6.7,2.46457,0.56628,0.19159,-0.19883,"90.4",152,23.4375,5.46875,3.910614525139665,5.81,-0.86,-0.14,2.34,0.316,7,"-0.337209302",0.298,0.345,"0.337209302",0.021,0.018000000000000016,0.049,0.025,29.2,,,,,,,
645,800285,"Tejeda, Enmanuel",2024,645,100,0.31,0.06,0.381,0.369,0.315,0.278,0.255,52,168,85.7,2.2,2263,88.4,88.27,68,329,316,-0.10000000000000853,6.24,104,148,115,145,292,301,269,"-1.692","1.692",,,183,135,44,7,0,1,36,19.7,9,4.9,2.25285,0.70686,0.48576,0.19399,"90.4",135,27.941176470588236,1.4705882352941175,1.092896174863388,5.68,-0.94,0.14,2.41,0.346,2,"0.262325581",0.298,0.319,"-0.262325581",0.055,0.04799999999999999,0.05,0.037,20.7,,,,,,,
637,641856,"McKinney, Billy",2024,638,99.8,0.294,0.162,0.365,0.456,0.368,0.335,0.235,40,136,87.2,14.5,2197,88.1,88.19,75,288,349,0.10000000000000853,6.26,113,143,117,148,287,322,291,"-6.207","6.207",,,160,101,28,7,0,5,37,23.1,20,12.5,2.42078,0.5511,0.35556,-0.34646,"90.7",147,32,11,6.875000000000001,5.81,-1.21,-0.07,2.32,0.388,11,"0.974411303",0.343,0.4,"-0.974411303",0.059,0.044999999999999984,0.056,0.033,26,,,,,,,
636,805347,"Jarvis, Jim",2024,636,100,0.269,0.09,0.302,0.359,0.322,0.328,0.275,39,145,88,3.9,2253,89.2,88.97,42,262,374,-0.20000000000000284,6.22,112,146,107,146,275,303,283,"-1.63","1.63",,,169,127,29,8,1,1,20,11.8,19,11.2,2.13168,0.77653,0.56992,-0.5109,"91.9",140,38.88888888888889,1.5873015873015872,1.183431952662722,5.76,-1.13,-0.12,2.48,0.361,2,"0.256289308",0.372,0.348,"-0.256289308",-0.006,-0.01100000000000001,0.011,-0.006,16,,,,,,,
635,665561,"Marchán, Rafael",2024,635,100,0.233,0.085,0.273,0.318,0.305,0.308,0.236,30,129,82.9,18.8,2156,88,87.94,62,281,354,-0.09999999999999432,6.25,114,146,122,149,288,317,289,"0.868","-0.868",,,155,102,25,2,0,3,29,18.7,21,13.5,2.36175,0.62014,0.51932,-0.51932,"89.8",164,16.161616161616163,1.0101010101010102,0.6451612903225806,5.81,-1.15,-0.1,2.32,0.348,1,"-0.136692913",0.355,0.307,"0.136692913",-0.003,-0.007000000000000006,0.011,-0.003,22.1,,,,,,,
635,682725,"Rodriguez, Cristhian",2024,637,99.7,0.192,0.038,0.305,0.231,0.254,0.302,0.198,25,130,88.6,2.4,2151,87.5,87.28,82,271,364,-0.20000000000000284,6.17,112,145,115,148,278,305,283,"8.917","-8.917",,,154,82,21,3,1,0,50,32.5,21,13.6,2.34016,0.69386,0.5023,-0.40849,"91.1",146,40.243902439024396,9.75609756097561,5.194805194805195,5.8,-0.8,-0.09,2.36,0.305,8,"-1.404251969",0.317,0.326,"1.404251969",-0.006,-0.01200000000000001,-0.095,-0.048,30.3,,,,,,,
634,663944,"Roberts, Cody",2024,636,99.7,0.29,0.116,0.448,0.406,0.345,0.276,0.207,40,138,86.9,19.9,2215,88.4,88.51,86,284,350,0.09999999999999432,6.31,107,151,119,146,294,319,282,"-3.146","3.146",,,158,88,26,13,0,1,51,32.3,17,10.8,2.31292,0.65821,0.27659,0.1371,"90.5",169,35.63218390804598,3.4482758620689653,1.89873417721519,5.95,-0.93,0.12,2.38,0.373,3,"0.496214511",0.306,0.292,"-0.496214511",0.083,0.067,0.114,0.069,30.3,,,,,,,
634,656495,"Guthrie, Dalton",2024,634,100,0.254,0.049,0.321,0.303,0.283,0.289,0.247,36,142,86.3,15.3,2227,88.1,88.03,73,301,333,-0.09999999999999432,6.29,107,149,114,144,292,316,280,"2.512","-2.512",,,156,110,31,4,0,1,32,20.5,13,8.3,2.35445,0.63344,0.2353,0.06631,"90.8",155,33.63636363636363,1.8181818181818181,1.282051282051282,5.78,-0.65,0.09,2.33,0.321,2,"-0.396214511",0.315,0.325,"0.396214511",0.007,0.006000000000000005,-0.022,-0.006,24.3,,,,,,,
634,688460,"Kasevich, Josh",2024,634,100,0.325,0.108,0.369,0.433,0.357,0.307,0.269,51,157,89.6,2.8,2227,88.4,88.33,28,264,370,-0.10000000000000853,6.21,106,150,117,147,295,314,279,"-4.941","4.941",,,173,133,40,8,0,3,25,14.5,14,8.1,2.28915,0.66611,0.41263,0.11052,"91.6",159,37.878787878787875,2.272727272727273,1.7341040462427744,5.84,-0.66,0.07,2.33,0.382,3,"0.779337539",0.331,0.36,"-0.779337539",0.056,0.05099999999999999,0.073,0.05,10.6,,,,,,,
634,656462,"Gilliam, Isiah",2024,634,100,0.222,0.213,0.333,0.435,0.366,0.371,0.238,24,108,89.3,10.3,2163,88.3,88.41,105,265,369,0.10000000000000853,6.25,111,146,116,149,292,323,296,"-6.878","6.878",,,138,64,10,9,1,4,44,31.9,30,21.7,2.37481,0.6593,0.46295,-0.46295,"91.5",150,42.1875,9.375,4.3478260869565215,5.78,-1.12,-0.03,2.39,0.391,6,"1.084858044",0.403,0.424,"-1.084858044",-0.016,-0.01200000000000001,0.011,-0.005,39.6,,,,,,,
631,668929,"Campbell, Noah",2024,631,100,0.196,0.107,0.339,0.304,0.303,0.276,0.173,22,112,86.1,4.6,2153,88.9,89.01,72,246,385,0.09999999999999432,6.31,110,146,111,147,289,318,293,"1.404","-1.404",,,138,63,15,3,3,1,49,35.5,23,16.7,2.15011,0.76464,0.43784,-0.34929,"89.7",142,28.57142857142857,3.1746031746031744,1.4492753623188406,5.83,-0.67,-0.13,2.42,0.348,2,"-0.222503962",0.329,0.24,"0.222503962",0.023,0.01899999999999996,0.064,0.027,29.3,,,,,,,
631,670208,"Fraizer, Matt",2024,631,100,0.261,0.145,0.33,0.406,0.32,0.3,0.248,36,138,88.4,10.8,2230,88,88.07,76,308,323,0.09999999999999432,6.2,116,146,111,149,281,320,293,"1.932","-1.932",,,151,103,23,9,1,3,35,23.2,12,7.9,2.39138,0.58187,0.28597,-0.24957,"90.9",158,36.89320388349515,5.825242718446602,3.9735099337748347,5.8,-0.92,-0.09,2.35,0.325,6,"-0.306180666",0.313,0.362,"0.306180666",0.013,0.01200000000000001,0.044,0.02,24.7,,,,,,,
629,676463,"Cantrelle, Hayden",2024,633,99.4,0.271,0.155,0.41,0.426,0.366,0.277,0.186,35,129,84.7,12,2189,87.9,87.85,98,270,359,0,6.17,115,147,107,150,285,314,289,"-3.26","3.26",,,156,81,23,7,2,3,48,30.8,23,14.7,2.35665,0.62764,0.34854,-0.34854,"90.2",157,20.98765432098765,0,0,6.04,-1.1,-0.04,2.25,0.397,0,"0.518282989",0.327,0.253,"-0.518282989",0.085,0.07,0.173,0.089,36.3,,,,,,,
628,641511,"Delay, Jason",2024,629,99.8,0.283,0.072,0.339,0.355,0.319,0.286,0.241,43,152,83.4,17.1,2203,88.1,88.13,75,321,307,0,6.21,106,149,117,145,295,316,279,"-2.654","2.654",,,173,125,34,8,0,1,28,16.2,15,8.7,2.30785,0.66093,0.28933,0.06328,"89.8",156,20.634920634920633,0.7936507936507936,0.5780346820809248,5.82,-0.48,0.14,2.31,0.357,1,"0.422611465",0.32,0.309,"-0.422611465",0.042,0.03699999999999998,0.046,0.033,23.4,,,,,,,
626,666695,"Guzmán, Jonathan",2024,630,99.4,0.179,0.053,0.255,0.232,0.221,0.236,0.198,27,151,84.2,7.9,2236,87.6,87.65,111,360,266,0.10000000000000853,6.21,106,149,114,145,293,315,275,"16.857","-16.857",,,165,103,21,5,0,1,48,29.1,14,8.5,2.40859,0.62331,0.2548,0.10296,"89.6",147,21.568627450980394,0.9803921568627451,0.6060606060606061,5.77,-0.79,0.14,2.43,0.248,1,"-2.692811502",0.266,0.248,"2.692811502",-0.019,-0.018000000000000016,-0.016,-0.015,30.8,,,,,,,
625,665998,"Munguia, Ismael",2024,638,98,0.239,0.127,0.268,0.366,0.33,0.3,0.225,32,134,85.3,7.6,2191,88.1,88.11,43,258,367,0,6.27,110,142,101,146,282,315,298,"-3.02","3.02",,,164,114,20,9,1,2,22,13.4,22,13.4,2.31694,0.66241,0.45436,-0.28863,"90.4",141,28.07017543859649,0.8771929824561403,0.6097560975609756,5.73,-0.73,-0.05,2.31,0.366,1,"0.4832",0.356,0.28,"-0.4832",0.014,0.010000000000000009,0.086,0.03,16.7,,,,,,,
622,675662,"Whatley, Matt",2024,623,99.8,0.199,0.121,0.23,0.319,0.276,0.271,0.199,28,141,87.6,20,2280,88.9,89.23,89,341,281,0.29999999999999716,6.33,105,150,119,147,299,319,287,"8.377","-8.377",,,163,105,21,2,0,5,38,23.3,20,12.3,2.27944,0.62856,0.28426,0.10223,"90.7",170,32.69230769230769,4.807692307692308,3.067484662576687,5.8,-0.71,0.09,2.34,0.294,5,"-1.346784566",0.296,0.301,"1.346784566",0,-0.0020000000000000018,0.018,0.005,26.1,,,,,,,
620,608360,"Okey, Chris",2024,621,99.8,0.236,0.091,0.282,0.327,0.269,0.253,0.219,39,165,85.2,13,2201,88,88.31,69,299,321,0.29999999999999716,6.31,106,150,119,146,299,321,290,"8.435","-8.435",,,177,133,30,5,2,2,33,18.6,10,5.6,2.36981,0.60042,0.28701,0.04792,"90.7",160,28.030303030303028,3.0303030303030303,2.2598870056497176,5.74,-0.75,0.22,2.32,0.282,4,"-1.360483871",0.266,0.301,"1.360483871",0.017,0.01599999999999996,0.026,0.016,23.1,,,,,,,
615,663584,"Senger, Hayden",2024,617,99.7,0.253,0.143,0.327,0.396,0.315,0.276,0.221,39,154,86.3,11.3,2246,87.3,87.4,87,307,308,0.10000000000000853,6.29,107,150,119,146,291,317,283,"-1.218","1.218",,,171,113,24,11,1,3,42,24.6,12,7,2.44841,0.60352,0.22187,0.13807,"91.2",146,32.432432432432435,3.6036036036036037,2.3391812865497075,5.85,-0.94,0.2,2.34,0.322,4,"0.19804878",0.293,0.32,"-0.19804878",0.032,0.029000000000000026,0.076,0.039,28.3,,,,,,,
613,801187,"Adkison, Chase",2024,615,99.7,0.257,0.125,0.312,0.382,0.33,0.266,0.206,37,144,86,4.1,2270,87.8,87.79,50,252,361,0,6.31,105,147,116,144,290,304,269,"-1.883","1.883",,,166,112,26,7,1,3,32,19.3,17,10.2,2.28599,0.71658,0.38342,0.24686,"90.4",135,28.57142857142857,0,0,5.7,-0.85,0.24,2.39,0.355,0,"0.307177814",0.311,0.251,"-0.307177814",0.051,0.043999999999999984,0.131,0.064,19.8,,,,,,,
612,691939,"DeLeo, Jake",2024,612,100,0.204,0.068,0.271,0.272,0.252,0.263,0.204,30,147,87.9,18.3,2276,88.1,88.02,80,284,328,-0.09999999999999432,6.28,104,147,114,145,293,302,274,"9.034","-9.034",,,164,108,22,7,0,1,40,24.4,14,8.5,2.24977,0.73469,0.36383,0.19414,"91.4",148,30.555555555555557,6.481481481481481,4.2682926829268295,5.68,-1.1,0.06,2.36,0.28,7,"-1.476143791",0.281,0.301,"1.476143791",0,-0.0010000000000000009,-0.029,-0.011,28.2,,,,,,,
611,672356,"Arias, Gabriel",2024,611,100,0.317,0.228,0.388,0.545,0.384,0.317,0.252,53,167,89.8,7,2245,87,87.09,112,355,256,0.09999999999999432,6.25,106,150,120,146,296,316,280,"-6.586","6.586",,,177,127,32,10,5,6,40,22.6,7,4,2.49427,0.54943,0.15591,0.0426,"92.8",144,48.031496062992126,10.236220472440944,7.344632768361582,5.92,-0.65,0.1,2.35,0.356,13,"1.077905074",0.294,0.434,"-1.077905074",0.065,0.062,0.111,0.067,31.5,,,,,,,
610,694216,"Valdez, Malvin",2024,616,99,0.201,0.06,0.284,0.261,0.278,0.274,0.201,27,134,83.6,12.7,2287,87.7,87.5,99,293,317,-0.20000000000000284,6.26,105,148,113,145,291,301,272,"4.465","-4.465",,,161,95,20,6,1,0,40,24.8,22,13.7,2.36508,0.65218,0.35148,0.15197,"90.2",127,26.31578947368421,1.0526315789473684,0.6211180124223602,5.7,-1.14,0.23,2.51,0.329,1,"-0.731967213",0.328,0.245,"0.731967213",0,0.0010000000000000009,0.016,0.004,33.8,,,,,,,
609,665120,"Walsh, Jared",2024,609,100,0.185,0.231,0.239,0.415,0.308,0.266,0.157,24,130,88.8,17,2206,88.3,88.37,107,297,312,0.10000000000000853,6.26,115,145,117,150,287,320,294,"-1.069","1.069",,,149,75,11,4,1,8,55,36.9,18,12.1,2.27465,0.68409,0.38218,-0.29837,"90.8",167,34.66666666666667,12,6.0402684563758395,5.72,-0.8,-0.15,2.43,0.289,9,"0.175533662",0.265,0.324,"-0.175533662",0.028,0.023999999999999966,0.091,0.042,36,,,,,,,
606,694829,"Burns, Connor",2024,606,100,0.224,0.241,0.271,0.466,0.344,0.321,0.206,26,116,87.9,17.7,2276,88.3,88.12,88,246,360,-0.20000000000000284,6.23,105,148,115,146,291,302,271,"-1.523","1.523",,,136,77,13,5,1,7,40,29.4,19,14,2.23541,0.73586,0.39223,0.19197,"90.8",175,34.21052631578947,14.473684210526317,8.088235294117647,5.77,-1.01,-0.01,2.51,0.331,11,"0.251320132",0.317,0.413,"-0.251320132",0.018,0.014000000000000012,0.053,0.023,35.8,,,,,,,
605,691897,"Gonzalez, Diego",2024,605,100,0.261,0.123,0.33,0.384,0.332,0.294,0.222,36,138,87.7,7.7,2239,87.9,87.83,71,263,342,-0.10000000000000853,6.33,107,149,113,146,292,306,273,"0.282","-0.282",,,159,103,26,6,1,3,35,22,18,11.3,2.25291,0.74902,0.39679,0.17947,"90.5",156,28.71287128712871,3.9603960396039604,2.515723270440252,5.87,-0.97,0.17,2.43,0.358,4,"-0.04661157",0.326,0.315,"0.04661157",0.039,0.03199999999999997,0.069,0.038,27,,,,,,,
603,694374,"Tawa, Tim",2024,603,100,0.304,0.312,0.327,0.616,0.416,0.353,0.264,42,138,91.1,9.8,2189,86.5,86.82,73,290,313,0.29999999999999716,6.3,107,149,117,145,301,328,293,"-14.751","14.751",,,157,108,20,11,1,10,32,20.4,13,8.3,2.66041,0.43513,0.17178,0.01463,"92.6",154,49.532710280373834,10.2803738317757,7.006369426751593,5.89,-0.85,0.14,2.26,0.376,11,"2.446268657",0.346,0.461,"-2.446268657",0.04,0.030000000000000027,0.155,0.063,25.2,,,,,,,
602,802531,"Farquhar, Trent",2024,603,99.8,0.308,0.115,0.397,0.423,0.412,0.38,0.264,32,104,87.2,5.7,2198,88.7,88.46,39,204,398,-0.20000000000000284,6.21,116,148,109,147,273,300,279,"-12.942","12.942",,,143,79,23,7,1,1,26,18.2,35,24.5,2.14615,0.79819,0.5723,-0.45106,"90.7",143,40.50632911392405,5.063291139240507,2.797202797202797,5.79,-0.9,-0.12,2.31,0.49,4,"2.149833887",0.458,0.359,"-2.149833887",0.044,0.03199999999999997,0.064,0.032,19.1,,,,,,,
602,666018,"Aranda, Jonathan",2024,602,100,0.237,0.186,0.323,0.424,0.351,0.311,0.188,28,118,89,15.3,2232,88.5,88.44,83,253,349,-0.09999999999999432,6.23,114,145,122,150,283,320,296,"-3.472","3.472",,,144,72,20,1,0,7,47,32.6,23,16,2.24437,0.70561,0.37688,-0.15135,"90.9",177,40.27777777777778,15.277777777777779,7.638888888888889,5.75,-0.5,-0.07,2.42,0.368,11,"0.576744186",0.328,0.357,"-0.576744186",0.049,0.03999999999999998,0.067,0.04,32.8,,,,,,,
597,699061,"Doncon, Rayne",2024,597,100,0.283,0.181,0.354,0.464,0.358,0.314,0.247,39,138,85.9,17.5,2305,87.6,87.41,85,294,303,-0.19999999999998863,6.23,105,147,115,144,287,305,278,"-3.842","3.842",,,161,103,22,13,0,4,38,23.6,19,11.8,2.42489,0.60089,0.28258,0.05985,"91.4",151,31.06796116504854,2.912621359223301,1.8633540372670807,5.85,-0.9,0.12,2.38,0.366,3,"0.643551089",0.34,0.353,"-0.643551089",0.036,0.025999999999999968,0.111,0.044,28.9,,,,,,,
596,804614,"Vargas, Marco",2024,598,99.7,0.219,0.038,0.303,0.257,0.313,0.345,0.247,23,105,88.1,9.8,2234,88.9,88.72,37,220,376,-0.20000000000000284,6.29,114,146,108,147,277,303,285,"-2.649","2.649",,,140,76,19,4,0,0,32,22.9,31,22.1,2.08057,0.84918,0.64943,-0.6007,"90.4",141,35.526315789473685,2.631578947368421,1.4285714285714286,5.82,-1.4,-0.1,2.47,0.393,2,"0.444463087",0.416,0.32,"-0.444463087",-0.028,-0.022999999999999965,-0.063,-0.032,16.8,,,,,,,
595,699027,"Suarez, Jose",2024,595,100,0.253,0.14,0.337,0.393,0.312,0.306,0.239,38,150,89.5,5,2282,88.4,88.32,96,329,266,-0.10000000000000853,6.3,104,148,120,146,292,305,274,"-1.059","1.059",,,164,107,25,8,2,3,43,26.2,12,7.3,2.24585,0.71499,0.48171,0.13279,"91.6",147,41.1214953271028,8.411214953271028,5.487804878048781,5.7,-0.85,0.11,2.51,0.317,9,"0.177983193",0.304,0.389,"-0.177983193",0.014,0.013000000000000012,0.004,0.006,29.2,,,,,,,
588,664119,"Allen, Austin",2024,588,100,0.266,0.182,0.324,0.448,0.318,0.252,0.211,41,154,88.2,15.6,2137,87.8,88.03,98,345,243,0.20000000000000284,6.36,115,146,121,150,283,320,290,"3.486","-3.486",,,163,110,29,4,0,8,46,28.2,6,3.7,2.42325,0.56887,0.35141,-0.27019,"91.1",150,33.94495412844037,6.422018348623854,4.294478527607362,5.81,-1.06,-0.19,2.39,0.294,7,"-0.592857143",0.245,0.33,"0.592857143",0.055,0.04899999999999999,0.118,0.066,28.4,,,,,,,
586,605204,"Davis, J.D.",2024,586,100,0.153,0.097,0.258,0.25,0.218,0.223,0.158,19,124,89,2,2211,88,88,115,295,291,0,6.27,105,149,120,145,301,324,286,"9.375","-9.375",,,136,65,13,3,0,3,59,43.4,11,8.1,2.32782,0.65241,0.36799,0.03036,"90.8",151,40,6.153846153846154,2.941176470588235,5.77,-0.65,0.09,2.37,0.228,4,"-1.599829352",0.232,0.256,"1.599829352",-0.005,-0.0040000000000000036,-0.006,-0.005,39,,,,,,,
584,663708,"Cancel, Gabriel",2024,584,100,0.23,0.212,0.308,0.442,0.353,0.306,0.188,26,113,86.4,21.2,2192,87.7,87.8,78,236,348,0.09999999999999432,6.21,106,149,117,146,295,317,284,"-4.261","4.261",,,136,71,14,6,0,6,42,30.9,22,16.2,2.46995,0.52966,0.28067,0.19707,"90.9",152,31.428571428571427,10,5.147058823529411,5.88,-1.3,0.13,2.34,0.36,7,"0.729623288",0.326,0.346,"-0.729623288",0.042,0.033999999999999975,0.096,0.047,33.1,,,,,,,
584,666464,"Encarnacion, Jerar",2024,584,100,0.352,0.264,0.42,0.616,0.448,0.408,0.293,44,125,94.7,9.9,2258,88.2,88.53,72,264,320,0.29999999999999716,6.3,108,150,122,147,302,328,297,"-15.022","15.022",,,146,91,31,3,0,10,35,24,18,12.3,2.43038,0.5563,0.16726,0.00005,"93.1",167,57.14285714285714,12.087912087912088,7.534246575342466,5.83,-0.71,0.06,2.42,0.438,11,"2.572260274",0.394,0.532,"-2.572260274",0.059,0.043999999999999984,0.084,0.04,27.3,,,,,,,
584,807713,"Shaw, Matt",2024,584,100,0.3,0.238,0.34,0.538,0.403,0.355,0.261,39,130,89.3,14.6,2212,88.4,88.33,71,254,330,-0.10000000000000853,6.22,108,150,119,147,296,313,282,"-10.33","10.33",,,151,101,23,8,1,7,29,19.2,17,11.3,2.28205,0.66725,0.29199,0.14094,"91.7",163,38.38383838383838,7.07070707070707,4.635761589403973,5.91,-0.79,-0.01,2.3,0.397,7,"1.768835616",0.365,0.438,"-1.768835616",0.039,0.03200000000000003,0.1,0.048,28,,,,,,,
583,665782,"De Los Santos, Luis",2024,583,100,0.267,0.214,0.318,0.481,0.373,0.336,0.243,35,131,90.7,6.4,2193,86.8,86.88,83,252,331,0.10000000000000853,6.3,104,150,120,146,295,316,283,"-7.293","7.293",,,158,95,22,5,1,7,37,23.4,21,13.3,2.52762,0.55464,0.24808,-0.05495,"92.8",143,44.329896907216494,9.278350515463918,5.69620253164557,5.72,-0.72,0.17,2.22,0.378,9,"1.250943396",0.359,0.392,"-1.250943396",0.024,0.019000000000000017,0.089,0.037,32.9,,,,,,,
579,682634,"Alcántara, Kevin",2024,579,100,0.292,0.177,0.402,0.469,0.37,0.298,0.23,38,130,91,5.2,2193,87.3,87.35,82,258,321,0.10000000000000853,6.26,108,151,119,147,293,316,283,"-3.167","3.167",,,148,87,25,8,0,5,43,29.1,17,11.5,2.51373,0.51189,0.23839,0.14899,"92.0",136,48.837209302325576,5.813953488372093,3.3783783783783785,5.86,-0.66,0.05,2.3,0.378,5,"0.546977547",0.324,0.335,"-0.546977547",0.062,0.05399999999999999,0.134,0.072,31.8,,,,,,,
578,678690,"Aguiar, Carlos",2024,578,100,0.237,0.221,0.302,0.458,0.329,0.291,0.214,31,131,87.8,22.6,2202,87.7,87.5,97,305,273,-0.20000000000000284,6.21,110,143,116,144,284,304,282,"2.022","-2.022",,,146,91,14,10,2,5,41,28.1,14,9.6,2.30772,0.70031,0.56943,-0.49126,"90.9",165,38.46153846153847,7.6923076923076925,4.794520547945205,5.76,-0.99,-0.25,2.42,0.308,7,"-0.34982699",0.288,0.374,"0.34982699",0.023,0.020000000000000018,0.084,0.038,31.8,,,,,,,
578,640459,"Navarreto, Brian",2024,578,100,0.224,0.068,0.278,0.293,0.251,0.261,0.221,33,147,86.5,14.3,2216,88.1,88.31,80,323,255,0.20000000000000284,6.35,107,149,119,143,298,321,291,"9.354","-9.354",,,159,116,26,5,1,1,32,20.1,10,6.3,2.41469,0.56706,0.16772,0.04403,"90.5",146,30.76923076923077,3.418803418803419,2.515723270440252,5.85,-1.04,0.18,2.24,0.272,4,"-1.6183391",0.272,0.307,"1.6183391",0.003,0,-0.014,-0.01,24.8,,,,,,,
577,683735,"Holland, Will",2024,578,99.8,0.293,0.259,0.35,0.552,0.419,0.352,0.239,34,116,86.2,20.2,2250,87.3,87.37,67,229,348,0.10000000000000853,6.28,107,151,117,146,293,318,286,"-11.323","11.323",,,144,86,17,10,1,6,31,21.5,17,11.8,2.42742,0.61709,0.17984,-0.01406,"91.2",166,30.23255813953488,6.976744186046512,4.166666666666666,5.95,-0.57,0.2,2.3,0.424,6,"1.962391681",0.38,0.398,"-1.962391681",0.054,0.043999999999999984,0.154,0.067,29.3,,,,,,,
577,691016,"Soderstrom, Tyler",2024,577,100,0.279,0.328,0.312,0.607,0.418,0.369,0.274,34,122,92.8,9.7,2189,87.2,87.46,63,236,341,0.29999999999999716,6.28,116,146,119,151,294,322,300,"-8.515","8.515",,,142,87,15,8,1,10,35,24.6,15,10.6,2.54392,0.47995,0.35911,-0.20963,"93.5",160,55.81395348837209,9.30232558139535,5.633802816901409,5.66,-0.76,-0.08,2.25,0.38,8,"1.475736568",0.377,0.462,"-1.475736568",0.005,0.0030000000000000027,0.145,0.049,26.7,,,,,,,
574,800522,"Briceño, Josue",2024,574,100,0.27,0.095,0.314,0.365,0.334,0.308,0.22,34,126,89.8,15.5,2238,88.1,87.91,47,264,310,-0.19999999999998863,6.18,113,144,118,144,284,313,288,"-3.22","3.22",,,147,104,27,4,1,2,22,15,19,12.9,2.29514,0.68318,0.49455,-0.44331,"91.8",147,42.30769230769231,6.730769230769231,4.761904761904762,5.78,-1.11,-0.12,2.43,0.374,7,"0.56097561",0.332,0.348,"-0.56097561",0.05,0.04199999999999998,0.017,0.026,17.8,,,,,,,
561,676545,"Servideo, Anthony",2024,564,99.5,0.184,0.105,0.265,0.289,0.263,0.218,0.149,21,114,85.7,11.1,2165,87.7,87.74,91,245,316,0,6.19,111,144,109,147,283,313,285,"5.14","-5.14",,,130,71,16,1,1,3,43,33.1,16,12.3,2.4336,0.63859,0.38027,-0.28775,"89.7",140,22.857142857142858,1.4285714285714286,0.7692307692307693,5.92,-1.21,-0.1,2.38,0.285,1,"-0.916221034",0.255,0.2,"0.916221034",0.035,0.02999999999999997,0.089,0.045,37.1,,,,,,,
559,656403,"Ellis, Drew",2024,560,99.8,0.236,0.173,0.263,0.409,0.344,0.292,0.201,26,110,86.4,19.5,2210,88.1,88.63,61,224,335,0.5,6.39,107,151,119,147,303,326,291,"-5.764","5.764",,,132,85,18,2,1,5,25,18.9,20,15.2,2.44546,0.51505,0.21453,0.08339,"91.1",162,32.94117647058823,2.3529411764705883,1.5151515151515151,5.83,-1.04,0.18,2.26,0.364,2,"1.031127013",0.335,0.289,"-1.031127013",0.035,0.02899999999999997,0.12,0.052,27.2,,,,,,,
558,805805,"Jenkins, Walker",2024,558,100,0.273,0.14,0.291,0.413,0.363,0.336,0.241,33,121,87.3,12.4,2202,87.7,87.28,33,235,323,-0.4000000000000057,6.11,116,146,117,145,286,309,285,"-5.884","5.884",,,151,106,23,6,1,3,17,11.3,28,18.5,2.30138,0.71137,0.61854,-0.506,"90.8",148,33.0188679245283,2.8301886792452833,1.9867549668874174,5.68,-1.24,-0.19,2.55,0.404,3,"1.054480287",0.384,0.347,"-1.054480287",0.032,0.020000000000000018,0.066,0.027,14,,,,,,,
557,645444,"Herrera, Jose",2024,558,99.8,0.262,0.103,0.301,0.365,0.32,0.257,0.196,33,126,85.2,14.6,2179,88.6,88.95,53,249,308,0.4000000000000057,6.28,113,147,116,148,291,323,301,"-1.482","1.482",,,147,105,25,5,1,2,23,15.6,19,12.9,2.31461,0.60397,0.41532,-0.41532,"90.6",146,25.71428571428571,0.9523809523809524,0.6802721088435374,5.8,-1.07,-0.07,2.32,0.354,1,"0.266068223",0.301,0.241,"-0.266068223",0.066,0.05299999999999999,0.124,0.063,21.3,,,,,,,
557,668885,"Martin, Austin",2024,557,100,0.305,0.074,0.341,0.379,0.385,0.358,0.264,29,95,84.2,17.8,2223,87.4,87.52,36,211,346,0.09999999999999432,6.3,109,150,118,146,296,316,282,"-10.101","10.101",,,129,83,24,4,0,1,15,11.6,27,20.9,2.39183,0.64423,0.23204,0.1645,"89.7",152,15.66265060240964,1.2048192771084338,0.7751937984496124,5.9,-0.73,0.22,2.32,0.465,1,"1.813464991",0.435,0.333,"-1.813464991",0.041,0.030000000000000027,0.046,0.027,17.1,,,,,,,
555,687231,"Hernaiz, Darell",2024,555,100,0.331,0.162,0.356,0.493,0.373,0.291,0.251,47,142,87.2,8.3,2220,87.5,87.81,55,276,279,0.29999999999999716,6.28,107,149,115,145,302,327,294,"-8.21","8.21",,,157,123,34,8,0,5,22,14,12,7.6,2.56166,0.43327,0.22761,-0.00562,"90.9",152,30.89430894308943,3.2520325203252036,2.547770700636943,5.72,-0.83,0.18,2.36,0.376,4,"1.479279279",0.311,0.338,"-1.479279279",0.08,0.065,0.155,0.082,19.9,,,,,,,
555,688682,"Bowman, Cooper",2024,560,99.1,0.212,0.091,0.289,0.303,0.259,0.209,0.172,28,132,83.4,12.3,2195,88.7,89.11,75,262,293,0.3999999999999915,6.31,106,150,115,146,302,331,296,"8.495","-8.495",,,147,97,18,8,2,0,37,25.2,12,8.2,2.38539,0.52178,0.30363,0.04294,"90.5",129,19.587628865979383,1.0309278350515463,0.6802721088435374,5.67,-0.44,0.18,2.33,0.279,1,"-1.530630631",0.244,0.202,"1.530630631",0.04,0.03500000000000003,0.101,0.05,28.6,,,,,,,
555,683090,"Lugo, Matthew",2024,555,100,0.256,0.225,0.318,0.481,0.357,0.328,0.241,33,129,86.5,16.4,2214,86.4,86.6,72,264,291,0.19999999999998863,6.32,106,149,118,145,294,324,287,"-4.42","4.42",,,146,91,16,11,0,6,38,26,12,8.2,2.56836,0.54513,0.18229,-0.04366,"91.2",154,38.46153846153847,10.989010989010989,6.8493150684931505,5.79,-0.75,0.15,2.34,0.342,10,"0.796396396",0.329,0.413,"-0.796396396",0.015,0.013000000000000012,0.068,0.029,27.3,,,,,,,
552,805015,"Pena, Daniel",2024,552,100,0.202,0.101,0.239,0.303,0.28,0.276,0.202,24,119,82.5,19.6,2309,87.5,87.41,46,222,330,-0.09999999999999432,6.28,107,148,116,145,292,307,275,"2.725","-2.725",,,139,91,18,3,0,3,29,20.9,16,11.5,2.34449,0.70318,0.30548,0.17782,"89.6",146,18.88888888888889,2.2222222222222223,1.4388489208633095,5.77,-0.92,0.24,2.37,0.309,2,"-0.49365942",0.311,0.284,"0.49365942",0,-0.0020000000000000018,0.019,0.004,20.7,,,,,,,
551,807737,"Walton, TJayy",2024,551,100,0.2,0.133,0.292,0.333,0.303,0.308,0.211,24,120,86.4,9.2,2291,87.7,87.49,97,269,282,-0.20000000000000284,6.26,106,147,115,146,292,306,274,"2.21","-2.21",,,145,75,14,7,0,3,46,31.7,19,13.1,2.31949,0.7028,0.33693,0.06565,"90.4",150,32,6.666666666666667,3.4482758620689653,5.81,-0.8,0.11,2.46,0.331,5,"-0.401088929",0.341,0.322,"0.401088929",-0.011,-0.010000000000000009,0.011,-0.005,36.1,,,,,,,
550,694380,"Moss, Jack",2024,550,100,0.233,0.045,0.298,0.278,0.251,0.29,0.267,31,133,85.3,11.6,2274,88.5,88.25,55,278,272,-0.20000000000000284,6.22,110,145,116,146,280,301,286,"10.46","-10.46",,,145,104,25,6,0,0,31,21.4,10,6.9,2.20807,0.74882,0.47842,-0.48417,"89.6",163,17.307692307692307,1.9230769230769231,1.3793103448275863,5.71,-1.24,-0.02,2.55,0.283,2,"-1.901818182",0.317,0.327,"1.901818182",-0.034,-0.03400000000000003,-0.049,-0.039,19.8,,,,,,,
549,668901,"Vientos, Mark",2024,549,100,0.284,0.216,0.375,0.5,0.377,0.333,0.234,33,116,91.8,4.5,2203,87.2,87.18,79,238,311,0,6.24,105,150,121,146,292,321,287,"-7.336","7.336",,,132,78,21,5,1,6,38,28.8,15,11.4,2.48765,0.55998,0.29457,0.09037,"92.8",151,48.68421052631579,13.157894736842104,7.575757575757576,5.94,-1.12,0.07,2.32,0.371,10,"1.336247723",0.328,0.432,"-1.336247723",0.05,0.04299999999999998,0.068,0.044,33.2,,,,,,,
543,681879,"Lucky, Nick",2024,545,99.6,0.226,0.226,0.352,0.453,0.356,0.309,0.196,24,106,88.3,4.9,2203,87.8,87.49,64,219,324,-0.29999999999999716,6.14,114,145,116,149,281,307,283,"-4.654","4.654",,,130,59,12,5,2,5,47,36.2,17,13.1,2.25744,0.77284,0.58503,-0.50716,"90.7",141,38.983050847457626,11.864406779661017,5.384615384615385,5.8,-1.13,-0.11,2.38,0.359,7,"0.857090239",0.334,0.34,"-0.857090239",0.03,0.024999999999999967,0.113,0.047,29.2,,,,,,,
541,700250,"Rice, Ben",2024,541,100,0.294,0.367,0.274,0.661,0.452,0.396,0.267,32,109,92.5,17.5,2187,87.4,87.53,56,220,321,0.09999999999999432,6.34,115,145,119,148,283,321,293,"-15.736","15.736",,,138,85,16,4,0,12,26,18.8,25,18.1,2.52311,0.5053,0.22091,-0.19383,"93.2",170,49.411764705882355,15.294117647058824,9.420289855072465,5.82,-1.29,-0.15,2.29,0.428,13,"2.908687616",0.409,0.503,"-2.908687616",0.027,0.019000000000000017,0.158,0.056,25.5,,,,,,,
538,683104,"Faltine, Trey",2024,541,99.4,0.153,0.051,0.304,0.204,0.244,0.262,0.166,15,98,82.8,11.7,2315,87.1,86.92,107,235,303,-0.19999999999998863,6.27,107,148,114,145,290,301,271,"3.565","-3.565",,,119,47,12,2,0,1,52,43.7,17,14.3,2.42684,0.62756,0.16844,0.02881,"90.0",141,25.53191489361702,6.382978723404255,2.5210084033613445,5.82,-0.95,0.27,2.45,0.294,3,"-0.662639405",0.305,0.243,"0.662639405",-0.013,-0.01100000000000001,-0.039,-0.018,45.5,,,,,,,
536,669413,"Chavez, Frainyer",2024,543,98.7,0.244,0.059,0.333,0.303,0.27,0.252,0.224,29,119,85.7,7.3,2174,88.5,88.52,61,247,289,0,6.22,108,146,106,148,289,318,291,"6.779","-6.779",,,130,87,22,7,0,0,33,25.4,9,6.9,2.38323,0.56126,0.38289,-0.38289,"90.0",142,25.581395348837212,0,0,5.78,-0.58,-0.06,2.25,0.3,0,"-1.264738806",0.283,0.27,"1.264738806",0.02,0.017000000000000015,0.033,0.018,24.7,,,,,,,
536,693304,"Gonzales, Nick",2024,537,99.8,0.358,0.246,0.406,0.604,0.44,0.338,0.248,48,134,90.8,16.1,2230,88.2,88.3,82,295,241,0.09999999999999432,6.3,105,150,117,146,297,321,282,"-19.224","19.224",,,153,111,27,14,2,5,24,15.7,15,9.8,2.40675,0.55489,0.25257,0.09654,"92.4",157,43.24324324324324,8.108108108108109,5.88235294117647,5.83,-0.86,0.07,2.28,0.431,9,"3.586567164",0.335,0.435,"-3.586567164",0.11,0.09599999999999997,0.169,0.102,27.8,,,,,,,
532,623912,"Ramírez, Harold",2024,532,100,0.261,0.043,0.341,0.304,0.291,0.263,0.223,30,115,84.1,-3.4,2249,87.4,87.5,60,245,287,0.09999999999999432,6.3,107,150,121,147,299,320,283,"1.737","-1.737",,,128,88,25,5,0,0,27,21.1,12,9.4,2.38412,0.64614,0.21906,-0.02586,"90.6",115,23.863636363636363,1.1363636363636365,0.78125,5.81,-0.68,0.14,2.39,0.336,1,"-0.326503759",0.302,0.259,"0.326503759",0.038,0.03400000000000003,0.045,0.028,24.5,,,,,,,
529,807949,"Perez, Daniel",2024,530,99.8,0.18,0.09,0.339,0.27,0.229,0.201,0.152,20,111,87.2,6.2,2241,88.3,88.24,90,227,302,-0.09999999999999432,6.3,111,144,116,147,281,305,284,"9.451","-9.451",,,124,59,14,2,4,0,54,43.5,9,7.3,2.27703,0.68418,0.42903,-0.33825,"90.8",124,32.20338983050847,5.084745762711865,2.4193548387096775,5.82,-1.08,-0.15,2.38,0.244,3,"-1.78657845",0.22,0.217,"1.78657845",0.028,0.023999999999999994,0.053,0.028,39.6,,,,,,,
528,691276,"Caicuto, Luis",2024,529,99.8,0.246,0.082,0.297,0.328,0.303,0.285,0.226,30,122,86.4,5.6,2238,88.2,88.11,41,217,311,-0.10000000000000853,6.31,105,147,116,144,290,303,275,"-1.569","1.569",,,142,101,20,10,0,0,22,15.5,12,8.5,2.26354,0.72129,0.39319,0.23707,"91.4",142,30.392156862745097,0.9803921568627451,0.7042253521126761,5.76,-1.05,0.03,2.34,0.34,1,"0.297159091",0.325,0.291,"-0.297159091",0.02,0.015000000000000013,0.037,0.018,18.9,,,,,,,
528,683228,"Thomas, Jared",2024,531,99.4,0.18,0.074,0.215,0.254,0.263,0.261,0.183,22,122,84.9,6.7,2201,87.8,87.72,55,224,304,-0.09999999999999432,6.3,114,146,113,148,281,303,282,"6.602","-6.602",,,145,95,17,3,0,2,28,19.3,19,13.1,2.25362,0.76818,0.48546,-0.41822,"90.7",110,32.631578947368425,3.1578947368421053,2.0689655172413794,5.76,-0.93,-0.27,2.48,0.303,3,"-1.250378788",0.306,0.243,"1.250378788",-0.003,-0.0030000000000000027,0.011,0.002,24.6,,,,,,,
526,691019,"Teel, Kyle",2024,526,100,0.255,0.088,0.333,0.343,0.327,0.313,0.219,26,102,86.3,7.3,2184,87.2,87.14,60,217,309,-0.10000000000000853,6.27,111,144,114,150,283,315,289,"-2.646","2.646",,,123,74,21,3,0,2,29,23.6,20,16.3,2.50971,0.58886,0.34191,-0.2995,"90.5",131,26.38888888888889,5.555555555555555,3.2520325203252036,5.8,-1.21,-0.11,2.27,0.374,4,"0.503041825",0.347,0.339,"-0.503041825",0.036,0.027000000000000024,0.004,0.014,27.6,,,,,,,
525,621529,"Hudson, Joe",2024,526,99.8,0.204,0.184,0.286,0.388,0.332,0.301,0.181,21,103,89,15.7,2193,88,88.2,70,215,310,0.20000000000000284,6.34,107,151,120,145,290,319,284,"0.122","-0.122",,,126,61,12,4,0,5,42,33.3,19,15.1,2.3927,0.60879,0.4359,0.1871,"91.5",153,37.704918032786885,9.836065573770492,4.761904761904762,5.81,-1.04,0.12,2.29,0.349,6,"-0.023238095",0.33,0.317,"0.023238095",0.023,0.01899999999999996,0.071,0.031,32.6,,,,,,,
522,694812,"McDonough, Tyler",2024,523,99.8,0.221,0.088,0.329,0.31,0.286,0.285,0.216,25,113,87.1,7.3,2145,88.1,88.29,62,219,303,0.20000000000000284,6.42,113,146,107,150,284,315,288,"1.126","-1.126",,,129,74,18,5,1,1,39,30.2,15,11.6,2.31402,0.67596,0.37411,-0.37411,"90.8",146,30.555555555555557,4.166666666666666,2.3255813953488373,5.83,-1.07,-0.05,2.27,0.318,3,"-0.215708812",0.315,0.31,"0.215708812",0.005,0.0030000000000000027,0,0.001,28.3,,,,,,,
521,671218,"Ramos, Heliot",2024,521,100,0.296,0.27,0.366,0.565,0.403,0.38,0.269,34,115,91,8.6,2229,88.6,88.55,68,247,274,0,6.27,108,150,118,145,301,323,293,"-11.247","11.247",,,133,79,21,3,2,8,37,27.8,15,11.3,2.31526,0.63917,0.40511,0.15944,"93.1",156,48.717948717948715,12.82051282051282,7.518796992481203,5.84,-0.48,0.12,2.39,0.383,10,"2.158733205",0.361,0.523,"-2.158733205",0.027,0.02200000000000002,0.042,0.023,27.5,,,,,,,
512,606993,"Hager, Jake",2024,513,99.8,0.221,0.107,0.325,0.328,0.264,0.218,0.19,27,122,82.9,17.6,2195,87.8,87.8,78,233,279,0,6.2,106,152,118,148,289,310,278,"6.181","-6.181",,,130,79,18,7,0,2,43,33.1,7,5.4,2.36939,0.61473,0.27595,0.08945,"89.6",150,17.72151898734177,0,0,5.87,-0.7,0.12,2.33,0.269,0,"-1.207226563",0.24,0.238,"1.207226563",0.031,0.029000000000000026,0.09,0.046,33.5,,,,,,,
511,692585,"Fernández, Yanquiel",2024,511,100,0.211,0.102,0.255,0.313,0.259,0.267,0.223,27,128,85.8,4,2232,87.1,87.35,77,293,218,0.20000000000000284,6.25,115,145,119,150,298,324,299,"8.414","-8.414",,,138,100,18,7,0,2,28,20.3,9,6.5,2.62757,0.4002,0.26658,-0.25638,"91.7",129,38.38383838383838,5.05050505050505,3.6231884057971016,5.59,-1.01,-0.05,2.36,0.268,5,"-1.646575342",0.28,0.313,"1.646575342",-0.012,-0.01200000000000001,0,-0.008,26.3,,,,,,,
510,669911,"Toglia, Michael",2024,510,100,0.277,0.294,0.32,0.571,0.397,0.302,0.205,33,119,89.9,19,2203,88,88.74,68,247,263,0.7000000000000028,6.45,111,146,123,148,301,332,309,"-6.339","6.339",,,135,84,18,4,2,9,35,25.9,15,11.1,2.4245,0.52771,0.29367,-0.29367,"92.6",173,41.66666666666667,13.095238095238097,8.148148148148149,5.67,-0.61,0.02,2.43,0.363,11,"1.242941176",0.3,0.38,"-1.242941176",0.072,0.063,0.191,0.095,27.5,,,,,,,
509,664058,"Fletcher, David",2024,509,100,0.246,0.028,0.276,0.275,0.271,0.285,0.25,35,142,81.3,10.5,2196,88.6,88.85,27,237,272,0.30000000000001137,6.31,106,147,112,145,289,311,281,"4.793","-4.793",,,160,127,31,4,0,0,17,10.6,16,10,2.29088,0.64735,0.34484,0.11385,"89.6",139,11.11111111111111,0,0,5.87,-0.83,0.05,2.32,0.319,0,"-0.941650295",0.329,0.291,"0.941650295",-0.004,-0.010000000000000009,-0.016,-0.014,11.4,,,,,,,
507,667472,"Myers, Dane",2024,508,99.8,0.24,0.135,0.328,0.375,0.321,0.293,0.221,25,104,89.2,3.1,2203,88.7,88.97,59,206,301,0.29999999999999716,6.34,108,150,117,143,296,321,281,"-0.022","0.022",,,120,70,17,5,0,3,34,28.3,14,11.7,2.21826,0.70356,0.33416,0.21662,"91.7",141,47.14285714285714,7.142857142857142,4.166666666666666,5.95,-0.94,-0.02,2.38,0.342,5,"0.00433925",0.325,0.313,"-0.00433925",0.019,0.017000000000000015,0.062,0.028,28.6,,,,,,,
506,668752,"Ellis, Duke",2024,510,99.2,0.193,0.158,0.237,0.351,0.272,0.218,0.16,22,114,85.8,6.2,2239,88.6,88.85,66,256,250,0.30000000000001137,6.32,112,145,103,148,285,320,300,"4.082","-4.082",,,127,80,14,2,2,4,35,27.6,11,8.7,2.32105,0.60652,0.3168,-0.21891,"90.0",153,26.25,3.75,2.3622047244094486,5.7,-0.63,-0.04,2.38,0.268,3,"-0.806719368",0.238,0.234,"0.806719368",0.033,0.030000000000000027,0.117,0.054,25.8,,,,,,,
505,664874,"Zavala, Seby",2024,505,100,0.188,0.188,0.273,0.376,0.314,0.251,0.138,19,101,88,23.2,2268,88.4,88.72,83,231,274,0.29999999999999716,6.4,106,150,118,145,297,321,290,"-2.165","2.165",,,123,59,8,7,0,4,43,35,16,13,2.35669,0.58711,0.22149,0.03354,"90.2",161,28.8135593220339,6.779661016949152,3.2520325203252036,5.76,-0.61,0.07,2.37,0.325,4,"0.428712871",0.288,0.225,"-0.428712871",0.05,0.03700000000000003,0.151,0.063,35.9,,,,,,,
505,696100,"Goodman, Hunter",2024,505,100,0.281,0.322,0.317,0.603,0.408,0.348,0.232,34,121,90.9,17,2261,87.3,87.75,84,270,235,0.5,6.34,108,151,121,145,298,324,297,"-11.238","11.238",,,139,90,12,13,1,8,32,23,15,10.8,2.5718,0.43724,0.10774,0.11313,"93.3",163,47.77777777777778,17.77777777777778,11.510791366906476,5.66,-0.72,0.27,2.32,0.367,16,"2.225346535",0.324,0.484,"-2.225346535",0.049,0.04299999999999998,0.119,0.06,31.1,,,,,,,
504,621450,"Bolt, Skye",2024,506,99.6,0.231,0.115,0.306,0.346,0.305,0.294,0.221,24,104,87,16,2159,88.4,88.49,54,210,294,0.09999999999999432,6.25,110,145,111,146,287,316,292,"1.223","-1.223",,,125,74,17,4,1,2,33,26.4,18,14.4,2.26813,0.67937,0.46938,-0.47471,"90.9",137,39.189189189189186,1.3513513513513513,0.8,5.81,-0.54,-0.14,2.39,0.336,1,"-0.24265873",0.335,0.293,"0.24265873",0.01,0.0010000000000000009,0.053,0.011,25.7,,,,,,,
501,680683,"Hannah, Jameson",2024,502,99.8,0.294,0.103,0.365,0.397,0.327,0.27,0.233,37,126,87.6,-2.3,2192,88.4,89.03,62,251,250,0.5999999999999943,6.32,114,146,113,148,292,324,304,"0.719","-0.719",,,140,98,28,7,0,2,30,21.4,12,8.6,2.38952,0.52834,0.35454,-0.2927,"91.1",123,33.33333333333333,1.0416666666666665,0.7142857142857143,5.66,-0.97,-0.06,2.35,0.35,1,"-0.143512974",0.3,0.291,"0.143512974",0.061,0.04999999999999999,0.106,0.057,24.7,,,,,,,
500,700648,"Gonzalez, Josue",2024,500,100,0.235,0.113,0.255,0.348,0.282,0.287,0.229,27,115,84.6,18.8,2298,88.7,88.67,57,233,267,0,6.32,106,148,117,143,288,305,275,"2.669","-2.669",,,137,97,20,4,0,3,26,19,10,7.3,2.1358,0.80718,0.42738,0.21942,"90.6",157,24.742268041237114,3.0927835051546393,2.18978102189781,5.69,-1.01,0.2,2.4,0.299,3,"-0.5338",0.304,0.323,"0.5338",0.006,-0.0050000000000000044,0.025,-0.005,24.5,,,,,,,
494,682983,"Fabian, Jud",2024,495,99.8,0.161,0.098,0.267,0.259,0.223,0.221,0.153,18,112,86.2,21.5,2221,88.2,88.21,106,225,269,0,6.27,103,150,116,145,292,318,282,"9.067","-9.067",,,124,62,11,5,0,2,51,41.1,11,8.9,2.26818,0.69553,0.29413,0.03449,"90.8",162,30.64516129032258,4.838709677419355,2.4193548387096775,5.78,-0.87,0.16,2.37,0.234,3,"-1.835425101",0.228,0.256,"1.835425101",0.008,0.006000000000000005,0.003,0.002,47.1,,,,,,,
491,684872,"Hernandez, Jose",2024,491,100,0.132,0.066,0.22,0.198,0.257,0.27,0.141,12,91,83.1,11.5,2240,88.8,88.55,66,187,304,-0.20000000000000284,6.27,106,148,114,146,294,308,279,"6.211","-6.211",,,115,51,9,1,1,1,40,34.8,19,16.5,2.1933,0.75014,0.51135,0.30261,"90.3",140,23.52941176470588,3.9215686274509802,1.7391304347826086,5.7,-1.1,0.07,2.39,0.313,2,"-1.26496945",0.32,0.224,"1.26496945",-0.009,-0.007000000000000006,-0.026,-0.013,35.3,,,,,,,
489,624414,"Arroyo, Christian",2024,489,100,0.237,0.123,0.305,0.36,0.293,0.298,0.242,27,114,83.4,12.3,2157,87.7,87.87,74,254,235,0.20000000000000284,6.28,106,149,120,145,301,322,289,"0.283","-0.283",,,128,84,17,8,0,2,32,25,9,7,2.39967,0.69014,0.31105,-0.00101,"90.7",149,34.523809523809526,7.142857142857142,4.6875,5.82,-0.47,0.09,2.42,0.305,6,"-0.057873211",0.311,0.359,"0.057873211",-0.005,-0.006000000000000005,0.001,-0.005,29.1,,,,,,,
487,677578,"Rodríguez, Carlos",2024,487,100,0.245,0.064,0.27,0.309,0.297,0.297,0.246,27,110,84.7,9.3,2179,88.7,88.75,28,222,265,0.09999999999999432,6.21,111,145,107,147,283,315,296,"0.525","-0.525",,,128,100,22,3,2,0,11,8.6,17,13.3,2.2061,0.71704,0.34467,-0.20566,"89.9",140,16,0,0,5.9,-0.84,-0.18,2.43,0.344,0,"-0.107802875",0.345,0.294,"0.107802875",-0.001,-0.0010000000000000009,0.015,0,12.6,,,,,,,
486,671732,"Butler, Lawrence",2024,486,100,0.257,0.165,0.296,0.422,0.341,0.307,0.236,28,109,91.6,8.1,2256,87.5,87.89,40,201,285,0.4000000000000057,6.35,115,144,117,149,296,331,304,"-2.918","2.918",,,125,85,18,6,0,4,24,19.2,16,12.8,2.48457,0.5236,0.28973,-0.21093,"92.3",155,42.857142857142854,5.952380952380952,4,5.7,-0.69,-0.1,2.39,0.352,5,"0.600411523",0.334,0.344,"-0.600411523",0.021,0.01799999999999996,0.078,0.034,19.9,,,,,,,
485,670860,"Armenteros, Lazaro",2024,485,100,0.194,0.118,0.333,0.312,0.293,0.28,0.177,18,93,86.6,6.4,2266,87.2,87.39,74,195,290,0.20000000000000284,6.3,107,150,118,146,298,321,288,"0.436","-0.436",,,111,50,12,3,1,2,43,38.7,15,13.5,2.55724,0.47545,0.1125,-0.01895,"90.8",130,36,10,4.504504504504505,5.72,-0.84,0.26,2.32,0.324,5,"-0.089896907",0.311,0.288,"0.089896907",0.017,0.013000000000000012,0.024,0.013,37.9,,,,,,,
485,802135,"Barry, Braden",2024,485,100,0.149,0.043,0.286,0.191,0.247,0.256,0.157,14,94,80.1,6.1,2237,88.1,87.92,65,194,291,-0.19999999999998863,6.26,106,150,117,147,290,303,275,"8.305","-8.305",,,115,49,11,2,1,0,45,39.1,18,15.7,2.28256,0.70224,0.49182,0.2443,"89.5",135,25,2.083333333333333,0.8695652173913043,5.69,-0.98,0.23,2.39,0.304,1,"-1.712371134",0.313,0.203,"1.712371134",-0.008,-0.009000000000000008,-0.012,-0.009,33.5,,,,,,,
483,686527,"Canzone, Dominic",2024,483,100,0.287,0.226,0.302,0.513,0.37,0.367,0.287,33,115,91.9,11.8,2122,87.5,87.47,67,246,237,0,6.21,116,145,116,149,289,325,301,"-4.885","4.885",,,130,93,21,5,0,7,24,18.5,12,9.2,2.43729,0.56774,0.39656,-0.32285,"92.6",163,48.38709677419355,9.67741935483871,6.923076923076923,5.79,-0.92,-0.2,2.37,0.354,9,"1.011387164",0.355,0.494,"-1.011387164",0,-0.0010000000000000009,0.019,0.003,27.2,,,,,,,
480,699017,"Zapata, Wesley",2024,483,99.4,0.178,0.065,0.241,0.243,0.232,0.251,0.201,19,107,82.1,13.5,2221,88.3,87.89,67,237,243,-0.3999999999999915,6.17,113,146,107,146,277,302,283,"7.833","-7.833",,,122,79,13,5,1,0,30,24.6,13,10.7,2.17204,0.80523,0.58344,-0.58344,"89.1",152,15.384615384615385,2.564102564102564,1.639344262295082,5.81,-0.96,0.01,2.39,0.262,2,"-1.631875",0.284,0.261,"1.631875",-0.023,-0.021999999999999964,-0.018,-0.019,28.3,,,,,,,
480,802139,"Wetherholt, JJ",2024,480,100,0.295,0.105,0.326,0.4,0.361,0.382,0.286,31,105,91.9,8.5,2241,88.1,88.16,38,198,282,0.10000000000000853,6.31,112,144,114,146,291,310,289,"-4.012","4.012",,,126,91,24,5,0,2,15,11.9,16,12.7,2.207,0.76971,0.54533,-0.41879,"92.8",162,54.94505494505495,8.791208791208792,6.349206349206349,5.65,-1.04,-0.12,2.53,0.405,8,"0.835833333",0.4,0.462,"-0.835833333",0.009,0.0050000000000000044,-0.062,-0.021,19.2,,,,,,,
476,691913,"Castillo, Jesus",2024,477,99.8,0.141,0.024,0.203,0.165,0.256,0.277,0.163,12,85,85.2,7.2,2220,89.8,89.42,42,171,305,-0.3999999999999915,6.24,112,145,105,147,274,301,280,"6.097","-6.097",,,109,59,10,2,0,0,26,23.9,22,20.2,1.99731,0.87727,0.69688,-0.69688,"89.6",137,25.423728813559322,0,0,5.81,-1.11,-0.17,2.39,0.33,0,"-1.280882353",0.348,0.204,"1.280882353",-0.022,-0.01799999999999996,-0.039,-0.021,24.6,,,,,,,
474,683324,"Deschamps, Nicolas",2024,476,99.6,0.23,0.19,0.364,0.42,0.332,0.272,0.186,23,100,87.2,8.7,2163,88.4,88.3,86,199,275,-0.10000000000000853,6.29,115,144,113,146,282,307,283,"-2.798","2.798",,,118,58,13,4,3,3,43,36.4,15,12.7,2.21527,0.74139,0.60932,-0.52762,"91.0",140,37.93103448275862,5.172413793103448,2.5423728813559325,5.74,-1.27,-0.26,2.39,0.339,3,"0.590295359",0.305,0.276,"-0.590295359",0.044,0.03400000000000003,0.144,0.06,43.2,,,,,,,
473,691392,"Ascanio, Johnny",2024,479,98.7,0.207,0.095,0.221,0.302,0.265,0.266,0.201,24,116,83.9,15.9,2161,87.9,87.73,62,241,232,-0.20000000000000284,6.25,109,145,107,147,281,299,280,"5.606","-5.606",,,135,98,19,2,0,3,22,16.3,12,8.9,2.25294,0.73581,0.55429,-0.55429,"89.8",152,17.346938775510203,3.061224489795918,2.2222222222222223,5.72,-1.09,-0.15,2.35,0.289,3,"-1.185200846",0.292,0.283,"1.185200846",0.006,-0.0030000000000000027,0.019,-0.001,25.7,,,,,,,
468,687242,"Miknis, Justin",2024,468,100,0.194,0.065,0.262,0.258,0.287,0.297,0.2,18,93,88.2,8.2,2240,89.2,88.94,55,187,281,-0.29999999999999716,6.26,115,146,114,150,280,304,285,"1.67","-1.67",,,116,66,14,3,0,1,28,24.1,22,19,2.14043,0.76637,0.57245,-0.54034,"90.9",146,39.39393939393939,3.0303030303030303,1.7241379310344827,5.82,-1.3,-0.13,2.39,0.345,2,"-0.356837607",0.351,0.278,"0.356837607",-0.006,-0.006000000000000005,-0.02,-0.01,29.4,,,,,,,
467,620443,"Torrens, Luis",2024,467,100,0.279,0.189,0.329,0.468,0.347,0.33,0.262,31,111,90.8,9,2181,88.5,88.65,49,213,254,0.09999999999999432,6.4,105,148,117,144,296,322,285,"-0.926","0.926",,,124,84,20,6,0,5,29,23.4,10,8.1,2.27163,0.69531,0.39219,0.07828,"92.1",161,45.78313253012048,10.843373493975903,7.258064516129033,5.79,-0.58,0,2.43,0.339,9,"0.198286938",0.327,0.421,"-0.198286938",0.017,0.01200000000000001,0.047,0.017,23,,,,,,,
466,801881,"Jenkins-Cowart, Jacob",2024,466,100,0.19,0.086,0.271,0.276,0.241,0.248,0.181,20,105,88.2,12.1,2246,88.2,87.98,73,239,227,-0.20000000000000284,6.25,114,145,115,147,285,305,286,"7.902","-7.902",,,116,71,13,6,0,1,35,30.2,9,7.8,2.31687,0.6636,0.54633,-0.50127,"91.2",168,35.2112676056338,5.633802816901409,3.4482758620689653,5.67,-1.04,0.04,2.44,0.259,4,"-1.695708155",0.253,0.295,"1.695708155",0.009,0.006000000000000005,-0.019,-0.007,30.5,,,,,,,
465,642851,"Wynns, Austin",2024,465,100,0.25,0.154,0.306,0.404,0.31,0.261,0.213,26,104,86,18.3,2236,87.9,88.01,58,237,228,0.09999999999999432,6.28,107,150,119,147,294,319,283,"1.283","-1.283",,,114,76,18,4,0,4,29,25.4,9,7.9,2.34841,0.6339,0.1553,-0.11526,"90.4",165,30.263157894736842,3.9473684210526314,2.631578947368421,5.9,-0.75,0.08,2.42,0.307,3,"-0.275913978",0.278,0.298,"0.275913978",0.037,0.02899999999999997,0.106,0.049,24.5,,,,,,,
464,694336,"Johnson, Dom",2024,466,99.6,0.304,0.147,0.373,0.451,0.371,0.294,0.235,31,102,87,16.7,2260,88.3,88.12,68,221,243,-0.20000000000000284,6.25,105,147,108,145,289,306,277,"-7.16","7.16",,,119,78,22,6,0,3,25,21,13,10.9,2.17289,0.7942,0.42768,0.205,"90.6",143,28.205128205128204,0,0,5.76,-0.9,0.3,2.37,0.395,0,"1.543103448",0.338,0.295,"-1.543103448",0.069,0.056999999999999995,0.156,0.077,30.8,,,,,,,
462,800176,"Sanchez, Carlos",2024,465,99.4,0.213,0.032,0.351,0.245,0.282,0.266,0.186,20,94,86.5,-13.4,2244,88.2,87.98,77,211,251,-0.20000000000000284,6.27,114,146,111,148,280,302,286,"1.863","-1.863",,,113,57,17,3,0,0,37,32.7,19,16.8,2.27896,0.70586,0.44273,-0.38511,"90.8",129,32.142857142857146,0,0,5.75,-1.21,-0.03,2.45,0.345,0,"-0.403246753",0.324,0.223,"0.403246753",0.027,0.020999999999999963,0.022,0.016,36.5,,,,,,,
461,682801,"Romero, Noelberth",2024,465,99.1,0.218,0.045,0.291,0.264,0.258,0.272,0.22,24,110,87.8,14.4,2198,87,87.11,77,241,220,0.09999999999999432,6.28,105,149,111,144,290,315,279,"6.543","-6.543",,,127,80,21,2,0,1,33,26,12,9.4,2.54638,0.532,0.25,-0.03636,"91.0",146,35,2.5,1.574803149606299,5.77,-0.55,0.09,2.29,0.299,2,"-1.419305857",0.304,0.288,"1.419305857",-0.002,-0.0050000000000000044,-0.024,-0.014,32,,,,,,,
461,676857,"Cintron, Jancarlos",2024,464,99.4,0.235,0.05,0.264,0.286,0.28,0.258,0.206,28,119,80.4,10.4,2207,87.8,88.13,44,225,236,0.29999999999999716,6.3,105,149,110,145,297,319,284,"4.454","-4.454",,,136,106,23,4,1,0,14,10.3,12,8.8,2.43694,0.55362,0.31393,0.07185,"89.2",136,9.523809523809524,0,0,5.73,-1.13,0.02,2.31,0.324,0,"-0.966160521",0.299,0.25,"0.966160521",0.029,0.025000000000000022,0.036,0.022,19.6,,,,,,,
461,672653,"Infante, Diego",2024,461,100,0.23,0.046,0.455,0.276,0.3,0.258,0.158,20,87,86.7,-7.5,2191,87.7,87.65,84,196,265,-0.10000000000000853,6.25,107,152,122,147,302,318,281,"3.039","-3.039",,,105,44,16,4,0,0,43,41,18,17.1,2.40855,0.59682,0.32991,0.11738,"91.4",155,40.476190476190474,7.142857142857142,2.857142857142857,5.7,-0.73,0.1,2.34,0.362,3,"-0.659219089",0.305,0.228,"0.659219089",0.072,0.056999999999999995,0.048,0.042,42.9,,,,,,,
460,815793,"Johnson, Carter",2024,460,100,0.221,0.071,0.333,0.292,0.253,0.232,0.195,25,113,89.4,10.5,2262,88.6,88.54,72,199,261,-0.09999999999999432,6.29,111,143,113,146,284,302,284,"8.693","-8.693",,,121,73,20,3,1,1,40,33.1,7,5.8,2.23526,0.71163,0.57266,-0.46821,"91.0",154,31.506849315068493,4.10958904109589,2.479338842975207,5.64,-0.84,-0.07,2.43,0.273,3,"-1.889782609",0.248,0.265,"1.889782609",0.026,0.025000000000000022,0.027,0.021,36.2,,,,,,,
460,671056,"Herrera, Iván",2024,460,100,0.28,0.194,0.309,0.473,0.383,0.347,0.242,26,93,91.2,11.3,2216,88.3,88.44,50,204,256,0.10000000000000853,6.28,107,150,120,146,295,321,283,"-4.611","4.611",,,112,73,19,1,1,5,20,17.9,19,17,2.34772,0.60381,0.30309,0.09116,"92.6",138,45.20547945205479,6.8493150684931505,4.464285714285714,5.8,-0.48,0.16,2.42,0.402,5,"1.002391304",0.371,0.402,"-1.002391304",0.038,0.031000000000000028,0.071,0.036,24.5,,,,,,,
459,543939,"Wong, Kolten",2024,459,100,0.271,0.112,0.318,0.383,0.318,0.273,0.217,29,107,85.2,13.8,2199,87.4,87.61,52,221,238,0.19999999999998863,6.24,111,145,111,149,289,322,298,"0.466","-0.466",,,121,87,21,6,0,2,22,18.2,10,8.3,2.46011,0.54751,0.2563,-0.17162,"90.6",146,24.418604651162788,2.3255813953488373,1.6528925619834711,5.79,-1.05,0.04,2.26,0.339,2,"-0.101525054",0.293,0.315,"0.101525054",0.054,0.04600000000000004,0.068,0.045,23.5,,,,,,,
459,623520,"Bote, David",2024,459,100,0.259,0.287,0.25,0.546,0.376,0.379,0.286,28,108,90,13.2,2180,87.8,87.96,56,220,239,0.20000000000000284,6.25,106,151,119,147,292,320,284,"-6.51","6.51",,,123,91,12,8,1,7,18,14.6,12,9.8,2.35266,0.63125,0.31736,0.12234,"92.7",138,48.35164835164835,8.791208791208792,6.504065040650407,6.01,-0.66,0.11,2.44,0.341,8,"1.418300654",0.365,0.516,"-1.418300654",-0.027,-0.023999999999999966,0.03,-0.003,25.5,,,,,,,
457,543482,"Maggi, Drew",2024,459,99.6,0.227,0.182,0.282,0.409,0.303,0.243,0.195,25,110,82.5,16.1,2247,88.8,88.82,80,251,206,0,6.27,107,151,117,147,290,319,280,"-0.558","0.558",,,121,76,15,5,0,5,35,28.9,9,7.4,2.20932,0.71279,0.26473,-0.0551,"90.5",153,24,4,2.479338842975207,5.8,-0.37,0.16,2.45,0.289,3,"0.122100656",0.262,0.271,"-0.122100656",0.032,0.02699999999999997,0.138,0.06,31.9,,,,,,,
456,686797,"Lee, Brooks",2024,456,100,0.311,0.262,0.316,0.574,0.404,0.331,0.27,38,122,86.4,7.9,2157,86.6,86.59,58,221,235,0,6.21,111,147,118,147,289,320,288,"-8.384","8.384",,,134,103,22,8,0,8,19,14.2,12,9,2.59805,0.48059,0.2775,-0.2775,"91.2",136,30.097087378640776,6.796116504854369,5.223880597014925,5.98,-0.43,-0.08,2.29,0.373,7,"1.838596491",0.335,0.417,"-1.838596491",0.041,0.03799999999999998,0.157,0.073,26.2,,,,,,,
455,672820,"Sosa, Lenyn",2024,456,99.8,0.275,0.255,0.286,0.529,0.365,0.353,0.263,28,102,89.7,15.5,2171,88,88.07,43,213,242,0.09999999999999432,6.27,104,149,117,144,297,319,286,"-4.169","4.169",,,112,83,14,8,0,6,20,17.9,9,8,2.42422,0.54526,0.34505,0.11046,"91.5",169,44.57831325301205,13.253012048192772,9.821428571428571,5.83,-0.86,0.1,2.27,0.33,11,"0.916263736",0.32,0.504,"-0.916263736",0.012,0.010000000000000009,0.025,0.012,20.2,,,,,,,
454,656577,"Jackson, Alex",2024,454,100,0.238,0.295,0.243,0.533,0.361,0.333,0.235,25,105,91.9,17.6,2183,87.3,87.25,87,244,210,-0.09999999999999432,6.24,106,150,120,145,289,320,288,"-2.901","2.901",,,117,78,11,5,1,8,27,23.1,11,9.4,2.43535,0.66779,0.29706,0.04625,"93.3",163,51.28205128205128,10.256410256410255,6.837606837606838,5.84,-0.78,0.15,2.36,0.316,8,"0.638986784",0.313,0.453,"-0.638986784",0.003,0.0030000000000000027,0.08,0.028,35.7,,,,,,,
453,670097,"Short, Zack",2024,454,99.8,0.216,0.057,0.311,0.273,0.296,0.308,0.21,19,88,85.4,23.9,2211,88,88.24,52,185,268,0.20000000000000284,6.31,109,151,117,146,301,319,288,"2.197","-2.197",,,107,61,15,3,1,0,27,25.2,18,16.8,2.32969,0.6967,0.2598,0.03926,"90.1",174,26.229508196721312,4.918032786885246,2.803738317757009,5.81,-0.75,0.17,2.37,0.355,3,"-0.484988962",0.35,0.313,"0.484988962",0.006,0.0050000000000000044,-0.04,-0.012,28.1,,,,,,,
449,814458,"Trimble, Fenwick",2024,450,99.8,0.258,0.067,0.313,0.325,0.273,0.264,0.242,31,120,85.8,5.5,2274,88.2,88.13,51,232,217,-0.10000000000000853,6.27,105,148,115,145,297,303,274,"4.944","-4.944",,,126,99,25,4,2,0,21,16.7,5,4,2.27608,0.69555,0.399,0.28051,"91.3",147,33.33333333333333,3.0303030303030303,2.380952380952381,5.69,-1.02,0.1,2.43,0.294,3,"-1.101113586",0.278,0.317,"1.101113586",0.016,0.01599999999999996,0.008,0.009,22,,,,,,,
445,595373,"Reinheimer, Jack",2024,446,99.8,0.175,0.078,0.215,0.252,0.201,0.228,0.215,18,103,80.5,15.6,2223,87.3,87.4,77,236,209,0.10000000000000853,6.18,107,150,115,146,287,307,278,"11.235","-11.235",,,108,80,12,5,0,1,24,22.2,4,3.7,2.48694,0.52691,0.13054,0.02868,"89.2",148,10,0,0,5.92,-1.32,0.2,2.32,0.204,0,"-2.524719101",0.247,0.256,"2.524719101",-0.04,-0.04300000000000001,-0.004,-0.027,32.6,,,,,,,
444,806965,"Caba, Starlyn",2024,445,99.8,0.181,0.011,0.21,0.191,0.244,0.278,0.208,17,94,84,4.4,2287,89.8,89.55,25,169,275,-0.20000000000000284,6.24,113,146,105,149,277,304,285,"7.174","-7.174",,,114,81,16,1,0,0,15,13.2,16,14,1.99595,0.87262,0.58425,-0.58425,"89.6",133,9.876543209876543,1.2345679012345678,0.8771929824561403,5.84,-1.25,-0.16,2.41,0.307,1,"-1.615765766",0.33,0.26,"1.615765766",-0.027,-0.02300000000000002,-0.069,-0.034,14.8,,,,,,,
444,621466,"Stewart, DJ",2024,444,100,0.28,0.171,0.426,0.451,0.393,0.361,0.232,23,82,89.6,14,2136,88.1,88.32,83,207,237,0.20000000000000284,6.33,115,144,121,149,284,320,293,"-5.085","5.085",,,106,50,15,5,0,3,33,31.1,19,17.9,2.38223,0.58203,0.46649,-0.28829,"91.3",153,44,14.000000000000002,6.60377358490566,5.93,-1,-0.1,2.32,0.434,7,"1.14527027",0.403,0.381,"-1.14527027",0.048,0.030999999999999972,0.07,0.032,40.1,,,,,,,
444,677572,"Gonzalez, Alvaro",2024,444,100,0.165,0.052,0.239,0.216,0.243,0.247,0.156,16,97,86,19.7,2106,87.7,87.61,61,198,246,-0.10000000000000853,6.22,111,146,113,148,284,313,284,"7.133","-7.133",,,114,67,12,3,1,0,30,26.3,14,12.3,2.27025,0.74187,0.54331,-0.54331,"91.5",147,26.865671641791046,4.477611940298507,2.631578947368421,5.8,-1.04,-0.09,2.34,0.289,3,"-1.606531532",0.282,0.235,"1.606531532",0.009,0.007000000000000006,-0.019,-0.004,30.8,,,,,,,
441,641796,"Locastro, Tim",2024,445,99.1,0.319,0.149,0.373,0.468,0.401,0.352,0.272,30,94,85.9,19,2204,88.1,88.31,48,187,254,0.20000000000000284,6.25,103,150,109,146,299,319,289,"-9.1","9.1",,,116,77,20,8,0,2,18,15.5,11,9.5,2.4115,0.55223,0.34711,0.07989,"90.6",156,31.16883116883117,1.2987012987012987,0.8620689655172413,5.69,-0.8,0.04,2.36,0.44,1,"2.063492063",0.402,0.368,"-2.063492063",0.047,0.03799999999999998,0.1,0.049,25.7,,,,,,,
440,572039,"Piscotty, Stephen",2024,440,100,0.176,0.065,0.247,0.241,0.223,0.246,0.204,19,108,83.9,9.4,2234,86.8,86.92,81,244,196,0.10000000000000853,6.29,108,148,117,144,300,322,290,"10.784","-10.784",,,118,74,14,4,0,1,34,28.8,9,7.6,2.60664,0.45118,0.30993,-0.02984,"91.0",128,32.87671232876712,2.73972602739726,1.694915254237288,5.67,-0.55,0.14,2.29,0.246,2,"-2.450909091",0.272,0.265,"2.450909091",-0.028,-0.026000000000000023,-0.024,-0.023,33.2,,,,,,,
438,679938,"Fajardo, Yoyner",2024,438,100,0.229,0.133,0.294,0.362,0.278,0.235,0.197,24,105,87.5,10.5,2255,88.1,88.14,92,240,198,0,6.28,116,146,115,150,286,315,291,"3.989","-3.989",,,114,72,18,2,0,4,34,29.8,6,5.3,2.39368,0.58311,0.24943,-0.18272,"90.7",138,34.72222222222222,2.7777777777777777,1.7543859649122806,5.87,-0.8,-0.04,2.23,0.274,2,"-0.910730594",0.247,0.271,"0.910730594",0.032,0.027000000000000024,0.091,0.043,38.3,,,,,,,
438,806953,"Tait, Eduardo",2024,438,100,0.269,0.192,0.338,0.462,0.332,0.301,0.239,28,104,87.7,12.9,2297,88.3,88.01,68,243,195,-0.29999999999999716,6.19,116,146,122,148,283,309,290,"-0.074","0.074",,,114,73,18,5,0,5,33,28.9,8,7,2.32395,0.65221,0.48224,-0.45753,"91.3",161,43.83561643835616,5.47945205479452,3.508771929824561,5.82,-1.44,-0.29,2.5,0.316,4,"0.016894977",0.298,0.38,"-0.016894977",0.03,0.018000000000000016,0.082,0.031,28,,,,,,,
436,681580,"Turconi, Michael",2024,436,100,0.196,0.031,0.306,0.227,0.223,0.245,0.212,19,97,86.6,7.1,2190,88.5,88.72,54,183,253,0.20000000000000284,6.3,115,146,112,150,280,319,294,"9.293","-9.293",,,105,62,16,3,0,0,35,33.3,8,7.6,2.30397,0.65272,0.43419,-0.2741,"90.1",157,23.333333333333332,0,0,5.83,-1.05,-0.2,2.37,0.257,0,"-2.131422018",0.273,0.265,"2.131422018",-0.016,-0.016000000000000014,-0.038,-0.022,29.5,,,,,,,
434,613546,"Castellano, Angelo",2024,438,99.1,0.239,0.138,0.289,0.376,0.286,0.196,0.167,26,109,81.4,15.4,2218,88,88.12,59,214,220,0.09999999999999432,6.28,104,150,115,146,293,315,284,"4.487","-4.487",,,115,80,19,3,0,4,29,25.2,6,5.2,2.36482,0.61213,0.28313,0.13427,"89.9",135,18.75,2.5,1.7391304347826086,5.85,-1.01,0.02,2.28,0.278,2,"-1.033870968",0.21,0.222,"1.033870968",0.072,0.06800000000000003,0.154,0.09,27.6,,,,,,,
434,700337,"Quero, Edgar",2024,434,100,0.295,0.168,0.338,0.463,0.368,0.32,0.262,28,95,87.3,7.2,2091,88.1,88.41,47,207,227,0.30000000000001137,6.36,113,146,119,148,288,320,294,"-2.787","2.787",,,110,75,20,4,0,4,21,19.1,13,11.8,2.31097,0.65088,0.49806,-0.49806,"90.7",157,30.666666666666664,4,2.727272727272727,5.73,-0.72,-0.03,2.35,0.382,3,"0.642165899",0.355,0.353,"-0.642165899",0.033,0.027000000000000024,0.11,0.048,22.7,,,,,,,
432,700652,"Piper, Kenny",2024,432,100,0.188,0.198,0.219,0.386,0.291,0.308,0.203,19,101,88.9,29.6,2211,88.1,88.19,76,210,222,0.10000000000000853,6.27,108,151,118,145,285,316,283,"3.334","-3.334",,,115,69,9,5,0,5,33,28.7,11,9.6,2.37354,0.59805,0.29624,0.06408,"91.0",185,37.68115942028986,10.144927536231885,6.086956521739131,5.88,-0.49,0.09,2.38,0.278,7,"-0.771759259",0.291,0.413,"0.771759259",-0.015,-0.012999999999999956,-0.027,-0.017,36.2,,,,,,,
429,691718,"Crow-Armstrong, Pete",2024,434,98.8,0.248,0.267,0.309,0.514,0.34,0.298,0.227,26,105,91.5,16.5,2085,87.5,87.53,70,258,171,0,6.23,114,144,105,151,284,316,291,"-1.722","1.722",,,111,73,10,9,2,5,32,28.8,5,4.5,2.42392,0.58833,0.38764,-0.33708,"92.0",165,47.94520547945205,8.21917808219178,5.405405405405405,5.93,-0.65,-0.16,2.28,0.288,6,"0.401398601",0.269,0.421,"-0.401398601",0.021,0.01899999999999996,0.093,0.042,27.1,,,,,,,
428,814413,"Petrutz, Ian",2024,429,99.8,0.344,0.089,0.388,0.433,0.413,0.37,0.289,31,90,89.3,1.2,2223,87.8,87.72,35,189,239,-0.09999999999999432,6.25,113,144,111,145,284,308,286,"-8.86","8.86",,,114,80,24,6,1,0,10,8.8,17,14.9,2.19535,0.80616,0.58117,-0.46389,"91.1",131,31.25,1.25,0.8771929824561403,5.7,-1.04,-0.11,2.51,0.482,1,"2.070093458",0.439,0.359,"-2.070093458",0.055,0.04299999999999998,0.074,0.043,18.5,,,,,,,
427,669364,"Edwards, Xavier",2024,430,99.3,0.324,0.12,0.354,0.444,0.355,0.325,0.308,35,108,83.4,8.8,2186,88.3,88.23,27,201,226,-0.09999999999999432,6.18,108,147,104,148,289,314,279,"-1.069","1.069",,,116,97,25,8,1,1,11,9.5,8,6.9,2.30464,0.6466,0.46014,-0.46014,"89.7",163,17.525773195876287,0,0,5.79,-0.63,-0.03,2.31,0.371,0,"0.250351288",0.356,0.374,"-0.250351288",0.016,0.015000000000000013,0.07,0.03,13.4,,,,,,,
427,687543,"Jenkins, Andrew",2024,427,100,0.239,0.128,0.316,0.367,0.287,0.303,0.253,26,109,86.4,12,2281,87.9,87.57,61,233,194,-0.30000000000001137,6.17,106,147,117,145,286,310,277,"2.473","-2.473",,,118,78,16,8,0,2,32,27.1,6,5.1,2.31166,0.68211,0.39862,0.0912,"90.9",150,37.17948717948718,5.128205128205128,3.389830508474576,5.8,-0.94,0.13,2.44,0.288,4,"-0.579156909",0.301,0.39,"0.579156909",-0.014,-0.013000000000000012,-0.023,-0.016,26.2,,,,,,,
423,663330,"Jones, Jahmai",2024,428,98.8,0.276,0.194,0.329,0.469,0.364,0.346,0.246,27,98,88.7,14.2,2219,87.3,87.42,51,194,229,0.10000000000000853,6.27,106,150,114,144,293,322,284,"-4.018","4.018",,,114,74,17,5,1,4,25,21.9,11,9.6,2.45541,0.5931,0.23864,0.13179,"93.1",150,44.5945945945946,8.108108108108109,5.263157894736842,5.81,-0.94,0.08,2.37,0.368,6,"0.949881797",0.35,0.411,"-0.949881797",0.03,0.018000000000000016,0.058,0.018,26.3,,,,,,,
422,805842,"Johnson, Brett",2024,422,100,0.211,0.224,0.298,0.434,0.342,0.295,0.181,16,76,84.9,15.2,2219,88.2,88.48,52,167,255,0.29999999999999716,6.29,109,146,111,150,292,324,301,"0.671","-0.671",,,92,49,6,5,3,2,27,29.3,16,17.4,2.35964,0.58637,0.28313,-0.2,"90.8",150,36.734693877551024,8.16326530612245,4.3478260869565215,5.81,-0.97,-0.08,2.43,0.348,4,"-0.159004739",0.324,0.317,"0.159004739",0.03,0.023999999999999966,0.117,0.047,31.1,,,,,,,
422,681624,"Pages, Andy",2024,422,100,0.356,0.307,0.384,0.663,0.456,0.411,0.308,36,101,90.5,20.2,2207,88.3,88.3,46,215,207,0,6.24,106,150,119,146,298,324,289,"-14.205","14.205",,,114,81,22,5,1,8,21,18.4,10,8.8,2.37592,0.58043,0.32186,0.17281,"92.1",163,44.44444444444444,12.345679012345679,8.771929824561402,5.77,-1.1,0.16,2.23,0.421,10,"3.366113744",0.378,0.59,"-3.366113744",0.048,0.04299999999999998,0.073,0.045,21.4,,,,,,,
420,621008,"De Goti, Alex",2024,422,99.5,0.266,0.064,0.343,0.33,0.304,0.256,0.207,25,94,85.9,12.4,2228,88.2,88.25,43,195,225,0,6.18,106,149,116,146,296,316,288,"2.799","-2.799",,,105,71,21,3,0,1,23,21.9,10,9.5,2.399,0.55329,0.2727,0.04215,"90.1",152,26.76056338028169,0,0,5.9,-0.63,0.15,2.27,0.343,0,"-0.666428571",0.29,0.268,"0.666428571",0.059,0.05300000000000005,0.062,0.048,22.1,,,,,,,
419,544725,"García, Leury",2024,422,99.3,0.316,0.133,0.375,0.449,0.352,0.311,0.251,31,98,87.1,9.5,2159,88.2,88.16,61,231,188,0,6.3,111,146,111,147,283,312,289,"-4.061","4.061",,,113,81,22,6,2,1,21,18.6,9,8,2.30551,0.65935,0.41396,-0.41396,"91.1",146,30.864197530864196,6.172839506172839,4.424778761061947,5.79,-0.93,-0.13,2.28,0.372,5,"0.969212411",0.324,0.373,"-0.969212411",0.065,0.04799999999999999,0.076,0.041,26.4,,,,,,,
418,694351,"Berry, Jacob",2024,418,100,0.242,0.132,0.274,0.374,0.295,0.274,0.221,22,91,89.9,13.1,2115,88.1,88.06,41,204,214,0,6.26,113,147,115,147,290,318,288,"3.617","-3.617",,,102,75,15,4,1,2,18,17.6,9,8.8,2.27653,0.70709,0.41875,-0.41875,"91.3",159,43.24324324324324,2.7027027027027026,1.9607843137254901,5.89,-0.92,-0.08,2.36,0.304,2,"-0.865311005",0.289,0.319,"0.865311005",0.021,0.015000000000000013,0.055,0.021,20.1,,,,,,,
418,596847,"Choi, Ji Man",2024,418,100,0.19,0.167,0.222,0.357,0.3,0.319,0.211,16,84,91.4,12.5,2216,88.3,88.32,59,189,229,0,6.22,116,146,126,151,279,316,287,"-0.352","0.352",,,104,58,10,2,0,4,29,27.9,17,16.3,2.29782,0.65077,0.30681,-0.29017,"92.0",180,46.55172413793103,10.344827586206897,5.769230769230769,5.88,-1.38,-0.2,2.42,0.317,6,"0.084210526",0.335,0.389,"-0.084210526",-0.021,-0.018000000000000016,-0.032,-0.019,31.2,,,,,,,
414,814414,"DeBarge, Kyle",2024,414,100,0.24,0.115,0.324,0.354,0.306,0.279,0.217,23,96,86.8,2.2,2318,88.4,88.28,38,179,235,-0.10000000000000853,6.28,109,149,115,147,293,306,274,"-2.072","2.072",,,109,69,17,2,3,1,27,24.8,12,11,2.23585,0.72842,0.38424,0.16215,"90.5",139,34.78260869565217,2.898550724637681,1.834862385321101,5.66,-1.14,0.08,2.32,0.33,2,"0.500483092",0.311,0.3,"-0.500483092",0.023,0.019000000000000017,0.054,0.027,21.2,,,,,,,
413,701305,"Dezenzo, Zach",2024,413,100,0.333,0.24,0.403,0.573,0.423,0.388,0.293,32,96,90.3,8.4,2202,88,87.87,46,181,232,-0.09999999999999432,6.25,106,150,119,147,300,318,294,"-10.502","10.502",,,112,72,19,8,0,5,25,22.3,14,12.5,2.41828,0.57341,0.34617,0.01625,"92.5",164,53.62318840579711,14.492753623188406,8.928571428571429,5.69,-0.44,0.18,2.33,0.42,10,"2.542857143",0.392,0.499,"-2.542857143",0.04,0.02799999999999997,0.074,0.035,25.4,,,,,,,
412,677329,"Clayton, Matthew",2024,412,100,0.278,0.114,0.345,0.392,0.379,0.353,0.259,22,79,81.3,11.1,2258,87.9,87.59,40,181,231,-0.30000000000001137,6.21,107,149,116,146,292,305,275,"-4.219","4.219",,,103,60,17,3,0,2,20,19.4,12,11.7,2.2641,0.7401,0.44204,0.16976,"89.5",142,20,0,0,5.71,-0.81,0.12,2.47,0.437,0,"1.024029126",0.423,0.321,"-1.024029126",0.019,0.014000000000000012,0.071,0.026,22.1,,,,,,,
411,687605,"Pinckney, Andrew",2024,411,100,0.253,0.084,0.444,0.337,0.302,0.276,0.199,21,83,86.3,-1.2,2276,87.6,87.45,87,202,209,-0.09999999999999432,6.21,107,150,112,145,297,321,288,"0.162","-0.162",,,93,46,17,2,1,1,37,39.8,7,7.5,2.51693,0.50371,0.17914,0.09088,"91.0",145,42.22222222222222,6.666666666666667,3.225806451612903,5.85,-0.78,0.1,2.38,0.333,3,"-0.039416058",0.286,0.323,"0.039416058",0.054,0.04700000000000004,0.014,0.026,43.1,,,,,,,
411,458015,"Votto, Joey",2024,411,100,0.175,0.113,0.279,0.287,0.273,0.277,0.184,14,80,90.4,13.5,2215,88.2,88.18,57,162,249,0,6.23,113,142,124,145,281,314,285,"1.826","-1.826",,,96,45,9,3,0,2,36,37.5,14,14.6,2.34606,0.61828,0.51815,-0.29543,"90.6",150,42.22222222222222,4.444444444444445,2.083333333333333,5.77,-0.74,-0.31,2.33,0.302,2,"-0.444282238",0.31,0.289,"0.444282238",-0.009,-0.008000000000000007,-0.002,-0.004,35.2,,,,,,,
411,694580,"Alderman, Kemp",2024,411,100,0.25,0.213,0.282,0.463,0.327,0.335,0.23,27,108,90.6,7.3,2192,86.7,86.56,60,229,182,-0.10000000000000853,6.26,102,146,118,145,288,303,272,"-1.373","1.373",,,121,83,15,6,1,5,28,23.1,9,7.4,2.43127,0.6686,0.39844,0.21134,"92.9",136,49.39759036144578,13.253012048192772,9.090909090909092,5.78,-0.9,0.1,2.46,0.306,11,"0.33406326",0.302,0.453,"-0.33406326",0.02,0.0040000000000000036,0.01,-0.008,26.2,,,,,,,
405,677610,"Knowles, D'Shawn",2024,412,98.3,0.192,0.064,0.255,0.256,0.267,0.243,0.164,15,78,85.4,7.4,2202,88.1,88.61,58,190,215,0.5,6.38,109,146,107,149,295,325,292,"5.811","-5.811",,,93,56,12,2,0,1,23,24.7,14,15.1,2.4119,0.5401,0.40092,-0.40092,"90.0",128,21.428571428571427,0,0,5.7,-1.38,0.02,2.29,0.312,0,"-1.434814815",0.289,0.215,"1.434814815",0.028,0.02300000000000002,0.041,0.024,30.5,,,,,,,
405,667428,"Koch, Grant",2024,405,100,0.191,0.09,0.283,0.281,0.248,0.217,0.175,17,89,81.6,17.1,2231,88.1,88.15,71,191,214,0,6.29,106,149,118,145,294,321,284,"3.286","-3.286",,,100,55,13,2,0,2,34,34,8,8,2.38758,0.58469,0.25493,0.12196,"89.5",133,20,0,0,5.79,-0.95,0.02,2.33,0.265,0,"-0.811358025",0.252,0.209,"0.811358025",0.016,0.013000000000000012,0.072,0.031,37.2,,,,,,,
403,804884,"McCarthy, Ryan",2024,403,100,0.233,0.07,0.345,0.302,0.307,0.269,0.185,20,86,85.4,7.5,2246,87.7,87.51,55,161,242,-0.20000000000000284,6.22,115,145,118,147,286,309,285,"1.58","-1.58",,,103,58,14,6,0,0,28,27.2,15,14.6,2.30129,0.70721,0.46139,-0.42218,"91.2",144,28.57142857142857,1.7857142857142856,0.9708737864077669,5.77,-0.92,-0.21,2.33,0.359,1,"-0.392059553",0.322,0.238,"0.392059553",0.048,0.03699999999999998,0.064,0.038,34.2,,,,,,,
402,669357,"Gorman, Nolan",2024,402,100,0.205,0.284,0.186,0.489,0.324,0.338,0.222,18,88,89.9,15.2,2219,88.2,88.36,57,184,218,0.20000000000000284,6.24,118,145,124,150,286,321,294,"-4.266","4.266",,,98,66,7,4,0,7,23,23.5,9,9.2,2.3699,0.59351,0.29368,-0.24925,"92.2",166,46.96969696969697,15.151515151515152,10.204081632653061,5.9,-0.83,-0.17,2.41,0.276,10,"1.06119403",0.296,0.477,"-1.06119403",-0.017,-0.019999999999999962,0.012,-0.014,31,,,,,,,
402,668800,"Knizner, Andrew",2024,402,100,0.232,0.101,0.284,0.333,0.293,0.286,0.23,23,99,86.2,9.2,2190,87,87.45,43,183,219,0.5,6.38,106,150,119,146,306,327,297,"3.121","-3.121",,,113,76,17,4,0,2,24,21.2,10,8.8,2.55502,0.48112,0.22626,0.04671,"91.4",147,38.15789473684211,3.9473684210526314,2.6548672566371683,5.76,-0.7,0.18,2.32,0.319,3,"-0.776368159",0.317,0.306,"0.776368159",0.002,0.0020000000000000018,0.027,0.007,23.5,,,,,,,
400,605361,"Martini, Nick",2024,400,100,0.305,0.341,0.333,0.646,0.446,0.353,0.239,25,82,91.3,12.4,2202,88.3,88.21,34,155,245,-0.09999999999999432,6.16,113,146,122,152,292,318,293,"-11.486","11.486",,,100,61,11,7,0,7,22,22,16,16,2.27515,0.68431,0.21174,-0.19229,"92.3",166,47.540983606557376,9.836065573770492,6,5.98,-0.7,-0.14,2.38,0.42,6,"2.8715",0.37,0.415,"-2.8715",0.066,0.04999999999999999,0.231,0.093,21.9,,,,,,,
399,691265,"Sanchez, Junior",2024,400,99.8,0.228,0.065,0.3,0.293,0.264,0.262,0.214,21,92,83.9,1.4,2234,88.1,87.87,34,170,229,-0.19999999999998863,6.22,111,143,106,145,271,297,281,"4.406","-4.406",,,102,70,16,4,1,0,23,22.5,8,7.8,2.25739,0.72622,0.52449,-0.45501,"89.7",149,25.71428571428571,2.857142857142857,1.9607843137254901,5.72,-1.16,-0.02,2.31,0.294,2,"-1.104260652",0.284,0.291,"1.104260652",0.014,0.010000000000000009,0.002,0.002,20,,,,,,,
398,658668,"Olivares, Edward",2024,398,100,0.263,0.116,0.282,0.379,0.321,0.302,0.236,25,95,85.2,12,2217,87.3,87.42,30,177,221,0.10000000000000853,6.28,107,150,118,145,300,320,284,"-2.765","2.765",,,108,81,20,2,0,3,15,13.9,9,8.3,2.4857,0.54843,0.22262,0.05068,"91.4",134,34.5679012345679,3.7037037037037033,2.7777777777777777,5.71,-0.39,0.11,2.29,0.343,3,"0.694723618",0.32,0.348,"-0.694723618",0.027,0.02300000000000002,0.031,0.019,16.9,,,,,,,
396,802353,"Martin, Christian",2024,399,99.2,0.182,0.015,0.226,0.197,0.319,0.348,0.213,12,66,84.8,4.8,2271,88.7,88.6,24,134,262,-0.10000000000000853,6.29,115,146,110,149,284,304,285,"-3.173","3.173",,,93,53,11,1,0,0,13,14,24,25.8,2.09404,0.85154,0.59715,-0.55435,"89.7",150,20.754716981132077,0,0,5.65,-1.28,-0.22,2.41,0.419,0,"0.801262626",0.441,0.261,"-0.801262626",-0.031,-0.02200000000000002,-0.064,-0.029,17.9,,,,,,,
396,814455,"Mitchell, Nick",2024,396,100,0.289,0.178,0.319,0.467,0.35,0.266,0.205,26,90,85.7,12.5,2240,89.2,88.97,35,194,202,-0.20000000000000284,6.24,112,146,112,149,280,303,285,"-4.837","4.837",,,103,73,19,2,1,4,20,19.4,7,6.8,2.13641,0.7678,0.59391,-0.54669,"90.3",149,23.28767123287671,4.10958904109589,2.912621359223301,5.7,-1.34,-0.07,2.4,0.35,3,"1.221464646",0.28,0.313,"-1.221464646",0.084,0.06999999999999995,0.154,0.084,18,,,,,,,
394,688005,"Urbaez, Francisco",2024,396,99.5,0.306,0.153,0.369,0.459,0.369,0.346,0.28,26,85,90.4,9.1,2240,88.7,88.59,43,188,206,-0.10000000000000853,6.17,107,150,115,146,295,317,285,"-4.709","4.709",,,98,67,17,7,0,2,19,19.4,12,12.2,2.32003,0.61168,0.2717,0.08784,"91.5",163,46.26865671641791,2.9850746268656714,2.0408163265306123,5.98,-0.76,0.03,2.32,0.388,2,"1.195177665",0.373,0.397,"-1.195177665",0.026,0.015000000000000013,0.062,0.023,22.9,,,,,,,
393,666150,"Fletcher, Dominic",2024,394,99.7,0.263,0.126,0.295,0.389,0.319,0.313,0.265,25,95,84.6,13.3,2215,87.9,88.11,33,190,203,0.19999999999998863,6.33,118,146,109,150,284,320,298,"1.092","-1.092",,,105,80,17,6,0,2,15,14.3,10,9.5,2.38094,0.60301,0.27087,-0.23183,"90.4",152,26.25,2.5,1.9047619047619049,5.68,-0.78,-0.04,2.31,0.333,2,"-0.277862595",0.335,0.364,"0.277862595",-0.002,-0.0020000000000000018,0.025,0.006,17.4,,,,,,,
393,676882,"Seagle, Chandler",2024,396,99.2,0.182,0.101,0.288,0.283,0.222,0.193,0.152,18,99,84.9,18,2225,89.1,89.49,71,217,176,0.4000000000000057,6.34,106,149,116,146,300,323,290,"10.423","-10.423",,,104,60,10,7,0,1,39,37.5,5,4.8,2.25939,0.63338,0.25751,0.06038,"90.5",144,25,5,2.8846153846153846,5.77,-0.72,0.1,2.46,0.221,3,"-2.65216285",0.192,0.239,"2.65216285",0.03,0.028999999999999998,0.044,0.029,32.7,,,,,,,
390,805300,"Marsee, Jakob",2024,394,99,0.247,0.091,0.321,0.338,0.311,0.286,0.218,19,77,81.2,14.7,2192,88.7,88.57,38,158,232,-0.10000000000000853,6.2,111,147,105,149,283,315,288,"0.482","-0.482",,,89,57,14,4,0,1,20,22.5,12,13.5,2.19762,0.74108,0.43809,-0.21165,"90.4",153,19.298245614035086,1.7543859649122806,1.1235955056179776,5.87,-0.62,-0.23,2.52,0.348,1,"-0.123589744",0.324,0.295,"0.123589744",0.029,0.023999999999999966,0.043,0.025,24.1,,,,,,,
390,815873,"Keys, Sean",2024,390,100,0.293,0.159,0.365,0.451,0.356,0.316,0.244,24,82,89.4,14.3,2242,88.1,87.9,45,164,226,-0.19999999999998863,6.26,110,145,117,144,283,306,285,"-3.975","3.975",,,98,64,16,4,3,1,21,21.4,13,13.3,2.30762,0.67294,0.52155,-0.43722,"92.1",151,40.625,4.6875,3.061224489795918,5.66,-1.14,-0.21,2.35,0.378,3,"1.019230769",0.341,0.356,"-1.019230769",0.049,0.03699999999999998,0.095,0.04,27.4,,,,,,,
389,692225,"Campbell, Kristian",2024,389,100,0.286,0.2,0.333,0.486,0.394,0.367,0.269,20,70,88.2,3.4,2259,87.7,87.54,28,154,235,-0.20000000000000284,6.24,106,147,117,143,296,316,283,"-5.219","5.219",,,85,52,14,2,0,4,18,21.2,13,15.3,2.42404,0.58348,0.26688,0.13534,"91.2",124,46.15384615384615,7.6923076923076925,4.705882352941177,5.79,-0.91,0.01,2.23,0.412,4,"1.341645244",0.398,0.418,"-1.341645244",0.017,0.013999999999999957,0.068,0.027,18.2,,,,,,,
388,669717,"Wilson, Will",2024,388,100,0.188,0.035,0.267,0.224,0.25,0.311,0.223,16,85,88.7,17,2244,87.5,87.57,54,199,189,0.09999999999999432,6.25,104,151,115,145,303,330,298,"7.108","-7.108",,,100,60,13,3,0,0,26,26,10,10,2.48964,0.5176,0.28771,-0.05647,"91.0",150,33.33333333333333,6.666666666666667,4,5.72,-0.39,0.04,2.36,0.3,4,"-1.831958763",0.33,0.362,"1.831958763",-0.035,-0.030000000000000027,-0.138,-0.061,27.1,,,,,,,
388,661411,"Cedrola, Lorenzo",2024,389,99.7,0.267,0.122,0.311,0.389,0.323,0.273,0.224,24,90,83.9,12.2,2187,88.5,88.56,40,204,184,0.09999999999999432,6.29,106,148,111,145,296,316,275,"-1.013","1.013",,,102,75,16,6,1,1,16,15.7,8,7.8,2.29397,0.6533,0.26794,0.06005,"89.8",152,21.333333333333336,1.3333333333333335,0.9803921568627451,5.9,-0.56,0.23,2.25,0.343,1,"0.261082474",0.307,0.285,"-0.261082474",0.043,0.03600000000000003,0.104,0.05,19.6,,,,,,,
385,805779,"Wilson, Jacob",2024,385,100,0.396,0.217,0.392,0.613,0.455,0.331,0.3,42,106,84,6.8,2279,88,88.35,9,191,194,0.4000000000000057,6.32,106,150,118,146,299,324,294,"-13.525","13.525",,,116,101,27,11,0,4,5,4.3,9,7.8,2.39797,0.57494,0.22625,0.08323,"90.8",130,28.71287128712871,1.9801980198019802,1.7241379310344827,5.76,-0.92,0.18,2.31,0.448,2,"3.512987013",0.36,0.381,"-3.512987013",0.096,0.08800000000000002,0.232,0.124,4.7,,,,,,,
380,444482,"Peralta, David",2024,380,100,0.212,0.113,0.242,0.325,0.297,0.347,0.26,17,80,94.1,8.4,2123,87.4,87.46,47,183,197,0.09999999999999432,6.24,114,147,125,151,286,317,294,"1.758","-1.758",,,97,64,12,3,0,2,18,18.6,13,13.4,2.45903,0.56537,0.31887,-0.2691,"92.7",132,56.25,3.125,2.0618556701030926,5.91,-0.56,-0.19,2.3,0.33,2,"-0.462631579",0.378,0.387,"0.462631579",-0.048,-0.04799999999999999,-0.062,-0.05,25.7,,,,,,,
378,691601,"Escanio, Brenny",2024,378,100,0.276,0.092,0.358,0.368,0.308,0.285,0.259,24,87,87.2,2.7,2180,89.3,89.23,39,168,210,-0.09999999999999432,6.31,109,146,117,148,283,299,279,"1.683","-1.683",,,96,67,18,4,2,0,21,21.9,8,8.3,2.10352,0.79981,0.62331,-0.62331,"90.4",137,25.37313432835821,0,0,5.67,-0.84,-0.11,2.38,0.333,0,"-0.445238095",0.319,0.312,"0.445238095",0.017,0.014000000000000012,0.056,0.023,23.2,,,,,,,
377,665861,"Rivero, Sebastián ",2024,378,99.7,0.213,0.045,0.275,0.258,0.24,0.262,0.229,19,89,84.6,9.6,2283,88.6,88.94,53,190,187,0.30000000000001137,6.35,111,151,119,146,293,317,286,"7.635","-7.635",,,96,69,15,4,0,0,20,20.8,7,7.3,2.28061,0.65128,0.13641,0.03389,"90.2",149,27.941176470588236,0,0,5.89,-1.09,0.18,2.38,0.271,0,"-2.025198939",0.286,0.296,"2.025198939",-0.016,-0.014999999999999958,-0.038,-0.022,27.9,,,,,,,
376,681909,"Dean, Justin",2024,378,99.5,0.25,0.069,0.409,0.319,0.311,0.259,0.169,18,72,80.8,3.1,2224,88.3,88.55,57,176,200,0.29999999999999716,6.41,106,149,109,144,302,316,283,"0.372","-0.372",,,88,44,14,3,1,0,30,34.1,12,13.6,2.32763,0.65008,0.22373,0.01933,"89.4",138,20.454545454545457,2.272727272727273,1.1363636363636365,5.72,-0.7,0.17,2.34,0.364,1,"-0.09893617",0.3,0.237,"0.09893617",0.081,0.064,0.082,0.052,32.4,,,,,,,
376,694834,"Wilson, Tyler",2024,376,100,0.197,0.105,0.226,0.303,0.285,0.328,0.248,15,76,87.4,4.5,2197,88.1,87.9,30,158,218,-0.19999999999998863,6.26,108,146,118,148,285,304,278,"1.804","-1.804",,,91,63,9,5,0,1,14,15.4,13,14.3,2.24027,0.74561,0.64035,-0.64035,"90.9",142,38.095238095238095,4.761904761904762,3.296703296703297,5.69,-0.83,-0.08,2.41,0.319,3,"-0.479787234",0.361,0.369,"0.479787234",-0.051,-0.04199999999999998,-0.066,-0.043,19,,,,,,,
376,692238,"Harber, Parks",2024,376,100,0.269,0.179,0.37,0.449,0.366,0.31,0.202,21,78,90.3,17.7,2273,87.8,87.68,55,157,219,-0.09999999999999432,6.25,106,147,116,146,292,306,277,"-4.118","4.118",,,95,55,11,7,2,1,24,25.3,15,15.8,2.33449,0.66979,0.37239,0.08968,"91.8",168,45.45454545454545,9.090909090909092,5.263157894736842,5.65,-0.92,0.19,2.43,0.389,5,"1.095212766",0.34,0.321,"-1.095212766",0.067,0.04899999999999999,0.128,0.056,35,,,,,,,
374,676812,"McCusker, Carson",2024,374,100,0.286,0.198,0.407,0.484,0.353,0.334,0.263,26,91,89.6,12.8,2229,88,88.08,57,171,203,0.09999999999999432,6.24,105,152,121,148,294,317,282,"-3.302","3.302",,,98,58,17,4,1,4,33,33.7,7,7.1,2.37947,0.60255,0.18281,0.00537,"92.6",160,44.827586206896555,13.793103448275861,8.16326530612245,5.94,-0.46,0.13,2.39,0.337,8,"0.882887701",0.315,0.453,"-0.882887701",0.023,0.02200000000000002,0.031,0.019,33.3,,,,,,,
374,683563,"Jerez, Juan",2024,376,99.5,0.233,0.151,0.346,0.384,0.303,0.262,0.196,20,86,86.8,-0.6,2286,87.8,87.47,69,190,184,-0.29999999999999716,6.26,105,151,116,146,291,307,276,"1.86","-1.86",,,95,54,11,7,0,2,32,33.7,9,9.5,2.30275,0.71973,0.31987,0.10632,"91.3",136,37.03703703703704,9.25925925925926,5.263157894736842,5.78,-1.1,0.19,2.45,0.305,5,"-0.497326203",0.272,0.31,"0.497326203",0.037,0.032999999999999974,0.074,0.041,36.3,,,,,,,
372,678010,"Schnell, Nick",2024,373,99.7,0.213,0.124,0.333,0.337,0.265,0.247,0.188,19,89,90.8,17.4,2203,87.4,87.39,89,210,162,0,6.29,114,146,116,150,278,314,288,"5.688","-5.688",,,95,51,14,2,0,3,38,40,5,5.3,2.50379,0.52995,0.21787,-0.24526,"91.3",150,45.09803921568628,7.8431372549019605,4.2105263157894735,5.79,-0.72,0,2.22,0.263,4,"-1.529032258",0.239,0.322,"1.529032258",0.025,0.02400000000000002,0.015,0.018,42.4,,,,,,,
371,645801,"Ford, Mike",2024,371,100,0.297,0.242,0.318,0.538,0.393,0.33,0.236,27,91,90.5,15.5,2124,86.7,86.69,32,150,221,0,6.25,117,144,125,150,294,320,296,"-4.745","4.745",,,105,72,17,4,0,6,20,19,12,11.4,2.4624,0.61551,0.26059,-0.14685,"92.4",156,47.22222222222222,8.333333333333332,5.714285714285714,5.95,-0.51,-0.17,2.34,0.381,6,"1.278975741",0.329,0.426,"-1.278975741",0.061,0.05199999999999999,0.112,0.063,21.3,,,,,,,
367,703177,"Severino, Jhonny",2024,367,100,0.237,0.216,0.313,0.454,0.313,0.216,0.169,23,97,84.4,13.6,2337,87.6,87.51,66,203,164,-0.09999999999999432,6.31,109,149,116,146,294,310,283,"-0.674","0.674",,,103,67,11,6,3,3,30,29.1,6,5.8,2.3946,0.63481,0.20229,0.06632,"90.8",134,32.83582089552239,4.477611940298507,2.912621359223301,5.68,-1.24,0.34,2.33,0.282,3,"0.183651226",0.218,0.266,"-0.183651226",0.068,0.06399999999999997,0.188,0.097,32.5,,,,,,,
366,668721,"Henry, Payton",2024,366,100,0.274,0.158,0.315,0.432,0.336,0.362,0.292,26,95,89.4,-3.4,2257,87.4,87.56,63,204,162,0.19999999999998863,6.37,109,151,121,145,296,315,284,"-1.492","1.492",,,104,76,17,6,0,3,19,18.3,7,6.7,2.45549,0.57046,0.28429,0.01577,"92.4",130,47.368421052631575,11.842105263157894,8.653846153846153,5.7,-0.86,0.11,2.23,0.337,9,"0.407650273",0.353,0.477,"-0.407650273",-0.018,-0.01599999999999996,-0.045,-0.026,30.9,,,,,,,
365,660710,"Durán, Rodolfo",2024,366,99.7,0.265,0.098,0.305,0.363,0.291,0.295,0.255,27,102,86.3,13.7,2261,88.4,88.42,42,201,164,0,6.12,106,149,118,146,294,318,282,"2.26","-2.26",,,107,84,21,4,0,2,18,16.8,4,3.7,2.33356,0.60981,0.19736,0.08698,"92.2",162,41.66666666666667,3.571428571428571,2.803738317757009,5.86,-1.19,0.14,2.23,0.299,3,"-0.619178082",0.29,0.383,"0.619178082",0.01,0.009000000000000008,-0.02,-0.004,20.9,,,,,,,
365,676572,"Wagaman, Eric",2024,365,100,0.32,0.18,0.345,0.5,0.366,0.361,0.302,32,100,89.6,13.6,2269,87.4,87.71,35,194,171,0.29999999999999716,6.37,104,149,119,147,301,322,290,"-2.295","2.295",,,107,87,22,5,2,3,14,13.1,6,5.6,2.53619,0.49907,0.20657,0.11668,"93.3",158,47.12643678160919,8.045977011494253,6.5420560747663545,5.8,-1.15,0.17,2.38,0.355,7,"0.628767123",0.339,0.502,"-0.628767123",0.018,0.01599999999999996,-0.002,0.005,18,,,,,,,
365,809244,"Madron, Bryce",2024,365,100,0.233,0.027,0.283,0.26,0.297,0.301,0.217,17,73,84.6,13,2251,88.3,88.2,30,152,213,-0.09999999999999432,6.28,115,144,112,147,285,305,286,"1.888","-1.888",,,90,60,15,2,0,0,14,15.6,16,17.8,2.19167,0.77455,0.53255,-0.44718,"90.0",146,23.333333333333332,1.6666666666666667,1.1111111111111112,5.62,-1.34,-0.13,2.46,0.367,1,"-0.517260274",0.354,0.293,"0.517260274",0.016,0.013000000000000012,-0.033,-0.004,19.7,,,,,,,
363,598265,"Bradley Jr., Jackie",2024,363,100,0.209,0.151,0.258,0.36,0.272,0.286,0.23,18,86,86.5,12.7,2150,87.8,87.93,50,185,178,0.10000000000000853,6.33,113,144,111,148,279,317,291,"1.99","-1.99",,,94,64,10,5,1,2,23,24.5,7,7.4,2.40433,0.58915,0.40499,-0.19672,"91.1",130,34.42622950819672,3.278688524590164,2.127659574468085,5.86,-0.4,-0.1,2.32,0.266,2,"-0.548209366",0.289,0.359,"0.548209366",-0.021,-0.022999999999999965,0.001,-0.014,27,,,,,,,
361,699097,"Munoz, Yeuni",2024,361,100,0.159,0.098,0.279,0.256,0.254,0.253,0.161,13,82,88.2,11.4,2248,87.2,86.91,85,187,174,-0.29999999999999716,6.22,105,148,120,145,285,303,278,"4.823","-4.823",,,98,44,8,3,1,1,39,39.8,12,12.2,2.47343,0.57755,0.33278,0.12544,"91.2",147,34.090909090909086,9.090909090909092,4.081632653061225,5.68,-0.84,0.25,2.23,0.286,4,"-1.33601108",0.289,0.243,"1.33601108",-0.002,-0.0030000000000000027,0.013,0.001,45.5,,,,,,,
361,670768,"González, Luis",2024,363,99.4,0.276,0.118,0.396,0.395,0.339,0.269,0.198,21,76,85.8,7.5,2179,88,88.08,40,165,196,0.09999999999999432,6.35,110,145,109,148,285,318,290,"-0.513","0.513",,,89,53,14,5,2,0,24,27,10,11.2,2.29706,0.70975,0.40075,-0.29444,"91.1",154,33.9622641509434,5.660377358490567,3.3707865168539324,5.79,-1.06,0.01,2.42,0.371,3,"0.142105263",0.304,0.274,"-0.142105263",0.078,0.067,0.121,0.07,24.2,,,,,,,
358,701481,"Campos, Ryan",2024,359,99.7,0.326,0.09,0.367,0.416,0.361,0.276,0.216,29,89,88.8,1.3,2260,89.2,89.08,22,152,206,-0.10000000000000853,6.27,113,146,114,147,285,308,287,"-4.82","4.82",,,104,79,21,8,0,0,12,11.5,13,12.5,2.08623,0.82006,0.58714,-0.46843,"91.4",137,31.645569620253166,1.2658227848101267,0.9615384615384616,5.62,-1.38,-0.12,2.41,0.404,1,"1.346368715",0.312,0.291,"-1.346368715",0.11,0.09200000000000003,0.125,0.085,14.5,,,,,,,
357,666134,"Jones, Nolan",2024,357,100,0.268,0.254,0.39,0.521,0.385,0.383,0.26,19,71,95.6,7.7,2160,89.8,90.31,38,130,227,0.5,6.35,117,146,123,150,299,332,306,"-5.964","5.964",,,83,44,8,7,1,3,27,32.5,9,10.8,2.1863,0.64602,0.46462,-0.24888,"93.7",176,68.18181818181817,18.181818181818183,9.63855421686747,5.82,-0.81,0.08,2.55,0.373,8,"1.670588235",0.367,0.516,"-1.670588235",0.008,0.006000000000000005,0.005,0.002,29.2,,,,,,,
356,688671,"Delossantos, Joe",2024,356,100,0.286,0.086,0.455,0.371,0.36,0.301,0.219,20,70,85.9,10.5,2255,87.8,87.69,50,140,216,-0.09999999999999432,6.26,110,149,118,147,292,307,277,"-3.634","3.634",,,86,44,14,6,0,0,26,30.2,14,16.3,2.25674,0.7429,0.37901,0.03997,"90.7",146,36.36363636363637,0,0,5.69,-0.76,0.12,2.46,0.419,0,"1.020786517",0.364,0.263,"-1.020786517",0.067,0.05499999999999999,0.108,0.059,35.7,,,,,,,
353,666149,"Fitzgerald, Tyler",2024,353,100,0.31,0.408,0.333,0.718,0.456,0.284,0.184,22,71,88.1,21.1,2274,87.7,88.14,38,148,205,0.3999999999999915,6.31,104,148,116,145,302,329,303,"-8.813","8.813",,,87,50,9,5,0,8,24,27.6,9,10.3,2.5034,0.4853,0.1604,0.09754,"91.4",162,38,8,4.597701149425287,5.68,-0.64,0.06,2.41,0.402,4,"2.496600567",0.3,0.327,"-2.496600567",0.126,0.10200000000000004,0.391,0.172,25.7,,,,,,,
352,678218,"Valenzuela, Brandon",2024,353,99.7,0.195,0.039,0.263,0.234,0.246,0.296,0.239,15,77,89.9,11.6,2115,88.6,88.78,53,175,177,0.20000000000000284,6.23,117,148,122,151,302,326,302,"6.182","-6.182",,,89,57,12,3,0,0,21,23.6,11,12.4,2.29696,0.63258,0.41162,-0.41162,"91.4",166,47.368421052631575,3.508771929824561,2.247191011235955,5.8,-0.58,-0.07,2.43,0.292,2,"-1.75625",0.332,0.319,"1.75625",-0.044,-0.040000000000000036,-0.085,-0.05,30.3,,,,,,,
352,608336,"Gallo, Joey",2024,352,100,0.177,0.306,0.152,0.484,0.377,0.309,0.134,11,62,86.2,21.5,2201,88.1,88.21,50,141,211,0.10000000000000853,6.26,117,144,129,150,291,328,293,"-5.315","5.315",,,82,39,4,1,0,6,23,28,19,23.2,2.24574,0.72117,0.34574,-0.18746,"91.3",169,33.33333333333333,12.82051282051282,6.097560975609756,5.69,-0.85,-0.17,2.64,0.378,5,"1.509943182",0.345,0.308,"-1.509943182",0.043,0.03300000000000003,0.176,0.068,35.5,,,,,,,
351,701831,"DeMartini, Carson",2024,353,99.4,0.311,0.167,0.347,0.478,0.372,0.295,0.237,28,90,88.4,20.2,2241,88.7,88.65,35,173,178,0,6.3,116,147,116,151,283,310,288,"-1.757","1.757",,,102,77,19,5,2,2,14,13.7,9,8.8,2.1484,0.79686,0.49912,-0.38869,"91.3",169,29.87012987012987,3.896103896103896,2.941176470588235,5.91,-1.15,-0.2,2.53,0.382,3,"0.500569801",0.32,0.329,"-0.500569801",0.074,0.062,0.149,0.077,20.2,,,,,,,
351,813715,"Diaw, Khadim",2024,351,100,0.275,0.075,0.323,0.35,0.33,0.3,0.225,22,80,87.7,1.6,2286,88.3,88.12,30,157,194,-0.20000000000000284,6.23,106,147,116,146,293,307,276,"-4.346","4.346",,,93,66,18,3,0,1,14,15.1,11,11.8,2.17365,0.79763,0.44183,0.27154,"91.6",131,39.39393939393939,3.0303030303030303,2.1505376344086025,5.72,-0.99,0.22,2.43,0.376,2,"1.238176638",0.333,0.319,"-1.238176638",0.05,0.04299999999999998,0.031,0.03,19.1,,,,,,,
348,690474,"Sacco Jr., Tommy",2024,348,100,0.275,0.116,0.383,0.391,0.35,0.316,0.236,19,69,85.6,14.9,2190,88.7,88.68,37,141,207,0,6.3,114,148,115,149,289,313,297,"-2.393","2.393",,,84,48,13,5,0,1,22,26.2,14,16.7,2.26747,0.67684,0.56329,-0.56329,"90.5",158,27.083333333333332,2.083333333333333,1.1904761904761905,5.58,-0.52,-0.02,2.36,0.393,1,"0.687643678",0.367,0.308,"-0.687643678",0.039,0.026000000000000023,0.083,0.034,26.2,,,,,,,
348,689235,"Pino, Yassel",2024,348,100,0.224,0.132,0.288,0.355,0.292,0.279,0.223,17,76,85.9,16.2,2265,87.1,87.06,58,178,170,0,6.33,108,149,116,146,289,298,270,"1.775","-1.775",,,86,54,11,4,0,2,23,26.7,7,8.1,2.43164,0.6298,0.31282,-0.02308,"90.5",141,29.629629629629626,7.4074074074074066,4.651162790697675,5.76,-0.7,0.24,2.43,0.302,4,"-0.510057471",0.302,0.314,"0.510057471",0.001,0,0.041,0.013,32.6,,,,,,,
348,642086,"Smith, Dominic",2024,348,100,0.263,0.113,0.365,0.375,0.313,0.31,0.243,21,80,90.1,16.5,2169,87.6,87.47,43,151,197,-0.09999999999999432,6.24,115,147,122,151,278,314,290,"0.278","-0.278",,,88,54,16,3,0,2,26,29.5,7,8,2.425,0.61514,0.36506,-0.27517,"90.9",157,35.18518518518518,7.4074074074074066,4.545454545454546,5.82,-0.97,-0.14,2.32,0.33,4,"-0.079885057",0.312,0.392,"0.079885057",0.02,0.018000000000000016,-0.017,0.003,28.5,,,,,,,
348,609274,"Hernandez, Elier",2024,349,99.7,0.28,0.187,0.365,0.467,0.369,0.333,0.247,21,75,85.2,15.1,2202,88.4,88.78,37,155,193,0.3999999999999915,6.34,106,150,117,146,294,318,287,"-4.526","4.526",,,87,54,12,6,1,2,21,24.1,11,12.6,2.30014,0.6364,0.25109,0.17276,"91.3",156,35.84905660377358,7.547169811320755,4.597701149425287,5.8,-0.87,0.16,2.43,0.379,4,"1.300574713",0.352,0.393,"-1.300574713",0.033,0.027000000000000024,0.074,0.036,23.9,,,,,,,
348,675915,"Bañuelos, David",2024,348,100,0.225,0.127,0.318,0.352,0.325,0.293,0.189,16,71,88,13.8,2222,87,87.18,43,152,196,0.20000000000000284,6.29,106,148,118,142,292,317,282,"-1.553","1.553",,,86,46,11,3,0,2,25,29.1,13,15.1,2.58819,0.52793,0.20205,0.04429,"90.5",148,30.434782608695656,4.3478260869565215,2.3255813953488373,5.87,-1.05,-0.04,2.48,0.36,2,"0.446264368",0.33,0.295,"-0.446264368",0.036,0.02999999999999997,0.057,0.032,28.3,,,,,,,
347,703492,"Morabito, Nick",2024,347,100,0.361,0.131,0.477,0.492,0.448,0.336,0.228,22,61,90.3,4.3,2296,88.2,87.91,30,132,215,-0.29999999999999716,6.18,107,148,116,147,291,305,273,"-9.763","9.763",,,82,45,18,1,2,1,16,19.5,16,19.5,2.30032,0.68145,0.33832,0.24064,"91.3",133,41.30434782608695,0,0,5.76,-1.18,0.04,2.25,0.519,0,"2.813544669",0.419,0.269,"-2.813544669",0.133,0.10000000000000003,0.223,0.112,22.7,,,,,,,
346,804446,"Micheletti Jr., Eddie",2024,346,100,0.292,0.167,0.333,0.458,0.388,0.303,0.206,21,72,84.7,11.7,2243,88.3,88.1,34,128,218,-0.20000000000000284,6.26,113,147,116,148,284,308,288,"-6.008","6.008",,,90,59,13,6,0,2,14,15.6,13,14.4,2.20772,0.75919,0.59377,-0.48594,"91.0",142,23.728813559322035,1.694915254237288,1.1111111111111112,5.72,-1.18,-0.1,2.48,0.422,1,"1.736416185",0.359,0.275,"-1.736416185",0.086,0.063,0.183,0.085,26.6,,,,,,,
343,699269,"Cruz, Rafael",2024,343,100,0.202,0.085,0.297,0.287,0.229,0.238,0.212,19,94,88.1,8.1,2262,86.5,86.33,74,198,145,-0.20000000000000284,6.28,103,149,115,144,289,302,275,"8.941","-8.941",,,98,64,12,6,1,0,30,30.6,3,3.1,2.55997,0.54576,0.14213,-0.04026,"91.1",136,39.0625,3.125,2.0408163265306123,5.87,-1.2,0.27,2.41,0.235,2,"-2.606705539",0.244,0.292,"2.606705539",-0.01,-0.009000000000000008,-0.005,-0.009,37.4,,,,,,,
343,800953,"Day, Brady",2024,344,99.7,0.197,0.013,0.246,0.211,0.231,0.231,0.176,15,76,83.7,14.1,2274,88.7,88.66,28,136,207,0,6.26,114,145,116,146,279,310,289,"7.843","-7.843",,,86,61,14,1,0,0,16,18.6,8,9.3,2.20895,0.73821,0.41971,-0.42461,"89.7",135,11.666666666666666,1.6666666666666667,1.1627906976744187,5.87,-1.17,-0.15,2.39,0.279,1,"-2.286588921",0.262,0.228,"2.286588921",0.021,0.017000000000000015,-0.017,0,20.6,,,,,,,
342,677060,"Stevens, Chad",2024,343,99.7,0.238,0.107,0.339,0.345,0.28,0.262,0.219,20,84,84.3,13,2206,88.2,88.61,48,166,176,0.3999999999999915,6.4,105,150,118,147,305,319,288,"3.229","-3.229",,,90,59,11,9,0,0,25,27.8,3,3.3,2.45155,0.50545,0.22807,0.1586,"90.5",159,28.8135593220339,5.084745762711865,3.3333333333333335,5.68,-1.25,0.23,2.41,0.289,3,"-0.944152047",0.271,0.313,"0.944152047",0.019,0.01799999999999996,0.032,0.018,28.9,,,,,,,
341,692508,"Robertis, Robert",2024,341,100,0.214,0.1,0.286,0.314,0.293,0.285,0.212,15,70,87.7,11.6,2227,88.2,88.18,53,165,176,0,6.27,114,143,118,147,275,303,284,"0.906","-0.906",,,85,50,10,4,0,1,22,25.9,12,14.1,2.31111,0.65581,0.48208,-0.41469,"90.4",165,24,4,2.3529411764705883,5.78,-1.23,-0.21,2.4,0.329,2,"-0.26568915",0.329,0.287,"0.26568915",0.002,0,0.027,0.008,32.1,,,,,,,
341,701860,"Cunningham, Carter",2024,341,100,0.197,0.106,0.229,0.303,0.324,0.334,0.217,13,66,86.3,20.8,2248,87.8,87.64,33,139,202,-0.20000000000000284,6.28,111,146,117,147,282,305,285,"-0.118","0.118",,,91,50,10,1,0,2,19,20.9,17,18.7,2.28959,0.71882,0.47264,-0.42238,"90.2",156,22,2,1.098901098901099,5.78,-1.17,-0.16,2.5,0.385,1,"0.034604106",0.401,0.303,"-0.034604106",-0.02,-0.016000000000000014,0,-0.01,23.7,,,,,,,
340,676198,"Pinder, Chase",2024,341,99.7,0.238,0.095,0.311,0.333,0.336,0.344,0.248,15,63,87.3,7.5,2191,88.4,88.35,28,116,224,0,6.31,104,149,115,144,298,318,291,"-1.559","1.559",,,79,46,11,3,0,1,17,21.5,15,19,2.29268,0.6795,0.51438,0.14068,"91.6",127,43.47826086956522,2.1739130434782608,1.2658227848101267,5.78,-0.53,0.18,2.3,0.392,1,"0.458529412",0.401,0.342,"-0.458529412",-0.01,-0.009000000000000008,-0.009,-0.008,24.1,,,,,,,
339,656627,"Kolozsvary, Mark",2024,339,100,0.185,0.169,0.243,0.354,0.322,0.362,0.207,12,65,84.9,15.3,2239,87.6,87.61,48,127,212,0,6.31,109,150,118,146,289,316,280,"-0.61","0.61",,,83,40,7,2,0,3,26,31.3,11,13.3,2.39832,0.61601,0.1677,0.09337,"91.2",150,40,15,7.228915662650602,5.83,-0.5,0.08,2.2,0.349,6,"0.179941003",0.373,0.414,"-0.179941003",-0.022,-0.02400000000000002,-0.06,-0.04,37.8,,,,,,,
339,678739,"Castro, Wilfri",2024,339,100,0.226,0.081,0.342,0.306,0.325,0.263,0.141,14,62,82.2,17.6,2277,87.8,87.51,37,127,212,-0.29999999999999716,6.24,106,149,115,146,287,300,258,"-0.325","0.325",,,78,39,11,2,0,1,23,29.5,14,17.9,2.34336,0.67042,0.39941,0.10425,"89.9",131,18.421052631578945,2.631578947368421,1.282051282051282,5.74,-0.53,0.21,2.42,0.385,1,"0.095870206",0.32,0.207,"-0.095870206",0.085,0.065,0.099,0.062,29.1,,,,,,,
339,657089,"Warmoth, Logan",2024,342,99.1,0.176,0.054,0.222,0.23,0.258,0.291,0.221,13,74,87.2,21.6,2204,88,88.41,41,161,178,0.4000000000000057,6.38,108,150,116,146,301,323,289,"5.116","-5.116",,,91,55,11,1,0,1,21,23.1,12,13.2,2.3841,0.58372,0.30246,-0.02133,"90.0",164,25.925925925925924,0,0,5.67,-0.6,0.08,2.31,0.308,0,"-1.509144543",0.346,0.274,"1.509144543",-0.045,-0.03799999999999998,-0.044,-0.033,25.5,,,,,,,
338,694212,"Basallo, Samuel",2024,338,100,0.212,0.113,0.294,0.325,0.258,0.259,0.206,17,80,91.1,2,2155,87.4,87.35,63,172,166,-0.10000000000000853,6.25,114,144,126,148,290,323,291,"5.033","-5.033",,,85,53,12,3,0,2,27,31.8,5,5.9,2.44015,0.58813,0.37281,-0.31228,"92.3",146,47.16981132075472,5.660377358490567,3.5294117647058822,5.77,-0.56,-0.22,2.32,0.259,3,"-1.489053254",0.252,0.336,"1.489053254",0.006,0.007000000000000006,-0.011,-0.001,36.6,,,,,,,
338,691625,"Duran, Gregory",2024,338,100,0.222,0.111,0.356,0.333,0.276,0.263,0.206,18,81,88,7,2246,88.1,87.78,66,177,161,-0.29999999999999716,6.16,112,146,116,142,282,307,289,"4.6","-4.6",,,90,47,14,1,1,2,35,38.9,6,6.7,2.30598,0.67754,0.54592,-0.5103,"91.5",139,36.17021276595745,4.25531914893617,2.2222222222222223,5.88,-1.26,-0.22,2.33,0.289,2,"-1.360946746",0.275,0.313,"1.360946746",0.016,0.013999999999999957,0.02,0.013,37.3,,,,,,,
337,701649,"Triantos, James",2024,337,100,0.306,0.082,0.366,0.388,0.326,0.278,0.251,26,85,85.9,2,2173,87.9,88.21,28,171,166,0.29999999999999716,6.42,111,149,114,146,290,315,278,"-0.052","0.052",,,93,71,20,5,1,0,15,16.1,7,7.5,2.38398,0.607,0.34928,0.02731,"90.8",139,28.57142857142857,1.4285714285714286,1.0752688172043012,5.83,-0.38,0.1,2.29,0.355,1,"0.015430267",0.306,0.311,"-0.015430267",0.055,0.04899999999999999,0.077,0.048,16.4,,,,,,,
335,703154,"De Los Santos, Yordany",2024,337,99.4,0.197,0.042,0.269,0.239,0.262,0.265,0.193,14,71,84.3,7.1,2327,88.4,88.39,52,163,172,0,6.36,109,149,115,145,294,308,278,"4.201","-4.201",,,83,52,11,3,0,0,19,22.9,12,14.5,2.24424,0.71802,0.30567,0.08185,"89.9",135,19.607843137254903,1.9607843137254901,1.2048192771084338,5.71,-1.24,0.2,2.45,0.313,1,"-1.254029851",0.311,0.246,"1.254029851",0.004,0.0020000000000000018,-0.007,-0.003,31.9,,,,,,,
334,815268,"Lee, Patrick",2024,335,99.7,0.313,0.125,0.4,0.438,0.412,0.377,0.26,20,64,89,9.8,2271,88.6,88.61,46,134,200,0,6.3,106,147,110,144,282,303,269,"-6.749","6.749",,,84,47,16,2,0,2,17,20.2,17,20.2,2.23847,0.70123,0.34114,0.18108,"91.3",150,36.95652173913043,6.521739130434782,3.571428571428571,5.95,-1.03,0.11,2.37,0.476,3,"2.020658683",0.438,0.383,"-2.020658683",0.053,0.03799999999999998,0.055,0.035,34.3,,,,,,,
334,811339,"Kross, Josh",2024,334,100,0.216,0.095,0.25,0.311,0.326,0.365,0.252,16,74,88.8,6.9,2246,88.3,88.21,38,157,177,-0.09999999999999432,6.23,114,146,118,148,287,308,285,"-2.525","2.525",,,94,64,10,5,1,0,10,10.6,15,16,2.19557,0.79099,0.69213,-0.69213,"91.7",135,42.1875,7.8125,5.319148936170213,5.63,-1.13,-0.08,2.46,0.383,5,"0.755988024",0.411,0.388,"-0.755988024",-0.036,-0.02799999999999997,-0.077,-0.039,24.2,,,,,,,
333,699020,"Grant, Adari",2024,334,99.7,0.122,0.054,0.19,0.176,0.177,0.195,0.154,9,74,78.7,13.6,2250,88.3,88.3,61,168,165,0,6.29,101,148,110,144,288,300,270,"9.9","-9.9",,,81,43,7,1,0,1,31,38.3,6,7.4,2.15237,0.8132,0.47514,0.32967,"88.8",130,13.953488372093023,0,0,5.73,-0.91,0.17,2.35,0.198,0,"-2.972972973",0.227,0.183,"2.972972973",-0.032,-0.028999999999999998,-0.007,-0.018,36.3,,,,,,,
331,701540,"Freethy, J.R.",2024,331,100,0.182,0.055,0.25,0.236,0.314,0.308,0.183,10,55,83.8,17.1,2267,88.7,88.6,25,112,219,-0.10000000000000853,6.27,109,145,113,143,282,303,281,"-0.944","0.944",,,74,37,9,0,0,1,18,24.3,15,20.3,2.12255,0.81261,0.48653,-0.48653,"89.3",145,16.216216216216218,0,0,5.78,-1.1,-0.04,2.5,0.392,0,"0.285196375",0.393,0.216,"-0.285196375",-0.001,-0.0010000000000000009,0.02,0.006,22.3,,,,,,,
330,592200,"Casali, Curt",2024,330,100,0.362,0.188,0.442,0.551,0.449,0.352,0.239,25,69,89.7,13.8,2161,87.4,87.33,33,122,208,-0.10000000000000853,6.26,106,150,119,146,287,313,279,"-8.088","8.088",,,88,54,16,7,0,2,16,18.2,15,17,2.36839,0.65277,0.26523,0.09964,"91.7",154,38.88888888888889,7.4074074074074066,4.545454545454546,5.94,-0.91,0.14,2.33,0.489,4,"2.450909091",0.392,0.387,"-2.450909091",0.123,0.09699999999999998,0.164,0.097,27,,,,,,,
328,684543,"Cope, Daniel",2024,328,100,0.143,0.078,0.231,0.221,0.206,0.201,0.147,11,77,84.7,7.1,2200,88.3,88.64,63,165,163,0.29999999999999716,6.23,108,149,120,145,304,324,294,"8.973","-8.973",,,85,41,9,0,0,2,36,42.4,8,9.4,2.37424,0.56287,0.28837,0.02972,"89.7",146,17.5,2.5,1.1764705882352942,5.74,-0.58,0.04,2.45,0.224,1,"-2.735670732",0.229,0.197,"2.735670732",-0.004,-0.0050000000000000044,0.024,0.005,38.2,,,,,,,
327,694689,"Pitelli, Dominic",2024,331,98.8,0.273,0.212,0.386,0.485,0.377,0.271,0.187,18,66,87.2,20.5,2269,88.7,88.55,45,141,186,-0.10000000000000853,6.3,112,145,104,146,276,296,278,"-4.785","4.785",,,78,45,7,9,1,1,21,26.9,12,15.4,2.17385,0.77477,0.4682,-0.47364,"90.4",162,33.33333333333333,2.2222222222222223,1.282051282051282,5.91,-1.02,-0.09,2.47,0.385,1,"1.463302752",0.312,0.266,"-1.463302752",0.086,0.07300000000000001,0.219,0.106,31.9,,,,,,,
326,701811,"Spikerman, John",2024,326,100,0.226,0.097,0.333,0.323,0.315,0.241,0.147,14,62,84.8,6.5,2226,88.3,88.13,43,132,194,-0.20000000000000284,6.24,112,146,113,148,282,313,290,"1.47","-1.47",,,75,42,9,4,1,0,20,26.7,9,12,2.20868,0.76948,0.53886,-0.53886,"89.4",146,19.047619047619047,0,0,5.83,-1.39,-0.22,2.48,0.36,0,"-0.450920245",0.295,0.186,"0.450920245",0.079,0.065,0.137,0.074,32.6,,,,,,,
323,688449,"Bowens, TT",2024,323,100,0.155,0.167,0.167,0.321,0.245,0.295,0.201,13,84,86.8,13.7,2212,87.7,87.73,56,161,162,0,6.24,105,149,120,144,299,321,282,"3.875","-3.875",,,94,63,5,5,0,3,22,23.4,9,9.6,2.31176,0.68578,0.31593,-0.09078,"92.0",153,41.269841269841265,7.936507936507936,5.319148936170213,5.82,-0.47,0,2.4,0.234,5,"-1.199690402",0.276,0.402,"1.199690402",-0.046,-0.04200000000000001,-0.081,-0.05,34.8,,,,,,,
323,677599,"Hiraldo, Miguel",2024,324,99.7,0.194,0.028,0.318,0.222,0.236,0.247,0.192,14,72,86.9,8.1,2229,87.1,87.34,59,178,145,0.20000000000000284,6.32,108,150,115,146,295,317,279,"6.832","-6.832",,,82,44,12,2,0,0,29,35.4,7,8.5,2.55876,0.47214,0.19297,0.1583,"89.9",136,29.545454545454547,2.272727272727273,1.2195121951219512,5.92,-1.05,0.13,2.32,0.28,1,"-2.115170279",0.278,0.255,"2.115170279",0.002,0.0020000000000000018,-0.033,-0.011,33.1,,,,,,,
322,571466,"Barnhart, Tucker",2024,323,99.7,0.187,0.067,0.219,0.253,0.226,0.181,0.142,14,75,83.6,19.9,2145,88.8,88.84,35,151,171,0,6.22,108,144,114,148,287,318,294,"4.585","-4.585",,,81,64,9,5,0,0,11,13.6,6,7.4,2.20832,0.71871,0.38163,-0.30439,"89.9",130,12.5,0,0,6.02,-0.92,-0.16,2.37,0.247,0,"-1.423913043",0.205,0.179,"1.423913043",0.045,0.04200000000000001,0.074,0.045,23.2,,,,,,,
321,686475,"Tolbert, Tyler",2024,325,98.8,0.147,0.027,0.22,0.173,0.21,0.221,0.149,11,75,86.6,10.1,2171,86.8,86.66,59,172,149,-0.09999999999999432,6.18,105,150,108,147,293,312,275,"8.366","-8.366",,,86,50,9,2,0,0,25,29.1,9,10.5,2.4805,0.62788,0.18819,0.0738,"90.1",141,22,2,1.1627906976744187,5.79,-0.5,0.03,2.33,0.256,1,"-2.60623053",0.258,0.201,"2.60623053",-0.002,-0.0020000000000000018,-0.028,-0.011,34.3,,,,,,,
321,687470,"Redmond, Chandler",2024,321,100,0.2,0.154,0.333,0.354,0.29,0.307,0.203,13,65,91.9,4.9,2226,86.5,86.52,63,148,173,0,6.23,114,145,125,149,285,322,294,"1.034","-1.034",,,74,35,7,4,0,2,30,40.5,9,12.2,2.62047,0.46416,0.16309,-0.27384,"92.2",137,54.285714285714285,11.428571428571429,5.405405405405405,5.88,-0.75,-0.09,2.36,0.297,4,"-0.32211838",0.3,0.398,"0.32211838",-0.003,-0.0030000000000000027,-0.044,-0.017,42.6,,,,,,,
318,823295,"Thomason, Jay",2024,318,100,0.229,0.114,0.259,0.343,0.296,0.289,0.204,16,70,88,13.2,2184,88.2,87.98,31,152,166,-0.20000000000000284,6.27,110,143,117,145,282,308,289,"-0.426","0.426",,,79,56,12,2,0,2,14,17.7,9,11.4,2.18657,0.80035,0.58956,-0.53969,"90.8",167,30.357142857142854,5.357142857142857,3.79746835443038,5.7,-1.38,-0.25,2.42,0.316,3,"0.133962264",0.295,0.353,"-0.133962264",0.025,0.02100000000000002,-0.01,0.007,20.4,,,,,,,
315,691728,"Veen, Zac",2024,321,98.1,0.203,0.266,0.204,0.468,0.315,0.269,0.187,16,79,87,7.6,2228,88.3,88.49,47,163,152,0.20000000000000284,6.15,116,146,108,148,298,323,299,"-2.084","2.084",,,86,55,7,3,0,6,24,27.9,7,8.1,2.41517,0.52171,0.27102,-0.17433,"91.3",149,41.81818181818181,10.909090909090908,6.976744186046512,5.48,-0.57,-0.09,2.38,0.267,6,"0.661587302",0.253,0.361,"-0.661587302",0.016,0.014000000000000012,0.107,0.046,28.8,,,,,,,
314,801590,"Parker, Aaron",2024,314,100,0.215,0.277,0.256,0.492,0.378,0.334,0.2,14,65,94.5,11,2324,87.9,87.68,38,108,206,-0.20000000000000284,6.2,104,148,116,145,290,302,280,"-5.31","5.31",,,82,43,4,6,0,4,22,26.8,15,18.3,2.33288,0.66406,0.36476,0.17249,"94.1",151,58.139534883720934,13.953488372093023,7.317073170731707,5.77,-1.02,0.14,2.34,0.378,6,"1.691082803",0.366,0.365,"-1.691082803",0.015,0.01200000000000001,0.127,0.044,35.2,,,,,,,
312,687012,"Aguilar, Tayler",2024,312,100,0.111,0.074,0.179,0.185,0.274,0.294,0.138,6,54,85.6,23.1,2198,88.2,88.03,47,114,198,-0.20000000000000284,6.29,116,144,123,144,282,302,282,"3.621","-3.621",,,73,29,4,1,0,1,25,34.2,17,23.3,2.20115,0.77984,0.50343,-0.45112,"90.3",172,20.689655172413794,6.896551724137931,2.73972602739726,5.65,-1.24,-0.19,2.48,0.342,2,"-1.160576923",0.362,0.221,"1.160576923",-0.027,-0.019999999999999962,-0.036,-0.02,41.2,,,,,,,
310,692633,"Palencia, Manuel",2024,310,100,0.281,0.063,0.318,0.344,0.289,0.297,0.276,27,96,88.2,3.6,2293,87.6,87.48,29,172,138,-0.09999999999999432,6.26,107,148,117,145,295,301,270,"3.013","-3.013",,,102,85,21,6,0,0,12,11.8,5,4.9,2.36987,0.6489,0.37026,0.06613,"91.7",142,38.82352941176471,2.3529411764705883,1.9607843137254901,5.67,-1.06,0.1,2.49,0.314,2,"-0.971935484",0.309,0.364,"0.971935484",0.005,0.0050000000000000044,-0.02,-0.008,16.9,,,,,,,
310,682656,"Campana, Sergio",2024,311,99.7,0.22,0.102,0.375,0.322,0.306,0.257,0.155,13,59,83.8,10.8,2281,87.8,87.44,54,125,185,-0.3999999999999915,6.19,105,150,115,146,296,312,281,"-2.591","2.591",,,74,33,9,3,0,1,27,36.5,12,16.2,2.29832,0.70922,0.3401,-0.09352,"90.1",139,24.242424242424242,9.090909090909092,4.054054054054054,5.7,-0.81,0.27,2.32,0.347,3,"0.835806452",0.294,0.249,"-0.835806452",0.065,0.05299999999999999,0.073,0.049,43.2,,,,,,,
310,801523,"Suero, Chris",2024,311,99.7,0.231,0.154,0.283,0.385,0.34,0.298,0.188,15,65,85.6,19.3,2321,88.1,87.93,37,133,177,-0.19999999999998863,6.23,105,145,116,145,290,305,277,"-1.202","1.202",,,79,48,10,2,1,2,17,21.5,8,10.1,2.27177,0.71286,0.39751,0.23926,"90.7",159,25,6.25,3.79746835443038,5.78,-1.16,0.14,2.28,0.367,3,"0.387741935",0.332,0.306,"-0.387741935",0.043,0.034999999999999976,0.079,0.042,27.8,,,,,,,
307,702315,"Hostetler, Bennett",2024,308,99.7,0.269,0.128,0.417,0.397,0.305,0.265,0.22,21,78,88.9,6,2204,87.6,87.6,53,161,146,0,6.23,106,149,119,144,298,318,279,"1.51","-1.51",,,82,49,14,5,1,1,29,35.4,4,4.9,2.44534,0.55761,0.2683,0.10641,"91.5",152,38.775510204081634,8.16326530612245,4.878048780487805,5.82,-0.77,0.19,2.36,0.305,4,"-0.491856678",0.259,0.346,"0.491856678",0.049,0.045999999999999985,0.051,0.04,32.9,,,,,,,
305,801629,"McGee, Cade",2024,307,99.3,0.2,0.062,0.261,0.262,0.256,0.267,0.198,13,65,84,9.7,2315,88,87.89,25,123,182,-0.09999999999999432,6.29,107,148,117,145,290,305,279,"2.52","-2.52",,,75,47,11,1,0,1,19,25.3,9,12,2.20236,0.79231,0.41469,0.09161,"89.8",138,19.148936170212767,2.127659574468085,1.3333333333333335,5.75,-0.89,0.17,2.57,0.293,1,"-0.826229508",0.301,0.269,"0.826229508",0.002,-0.008000000000000007,-0.007,-0.011,20.3,,,,,,,
305,695013,"Harrison, Kalae",2024,310,98.4,0.172,0.078,0.227,0.25,0.247,0.255,0.185,11,64,84.4,11.4,2178,88,87.53,45,134,171,-0.5,6.1,111,145,105,144,282,314,287,"2.959","-2.959",,,75,45,8,2,0,1,20,26.7,10,13.3,2.17315,0.82423,0.51237,-0.36599,"89.9",147,20,0,0,5.79,-0.99,-0.06,2.34,0.28,0,"-0.970163934",0.294,0.246,"0.970163934",-0.013,-0.013999999999999957,0.004,-0.008,33.6,,,,,,,
305,694049,"Fana, Nomar",2024,307,99.3,0.2,0.231,0.268,0.431,0.302,0.249,0.166,13,65,86.9,17,2189,87.8,87.73,59,148,157,-0.09999999999999432,6.22,112,147,112,149,278,312,285,"0.865","-0.865",,,75,43,3,7,1,2,24,32,8,10.7,2.27099,0.73298,0.5128,-0.5128,"90.9",145,32.55813953488372,6.976744186046512,4,5.82,-1,-0.14,2.37,0.28,3,"-0.283606557",0.264,0.264,"0.283606557",0.034,0.016000000000000014,0.167,0.053,39.9,,,,,,,
304,801903,"Tibbitts, Brock",2024,304,100,0.284,0.104,0.321,0.388,0.338,0.334,0.275,19,67,82.2,14.8,2314,88.3,88.13,18,129,175,-0.20000000000000284,6.28,107,151,119,144,289,304,277,"-2.334","2.334",,,78,57,14,4,0,1,11,14.1,9,11.5,2.20276,0.76322,0.36281,0.20156,"90.3",155,33.33333333333333,3.508771929824561,2.564102564102564,5.81,-1.03,0.14,2.41,0.372,2,"0.767763158",0.367,0.372,"-0.767763158",0.009,0.0050000000000000044,0.016,0.004,14,,,,,,,
302,701771,"Amick, Billy",2024,302,100,0.226,0.194,0.239,0.419,0.342,0.36,0.255,14,62,88.5,6.9,2303,87.8,87.72,40,134,168,-0.09999999999999432,6.29,110,148,118,147,293,306,278,"-4.495","4.495",,,76,49,8,3,0,3,14,18.4,12,15.8,2.27692,0.73439,0.40857,0.10477,"91.9",133,42.857142857142854,10.204081632653061,6.578947368421052,5.69,-0.84,0.34,2.37,0.355,5,"1.488410596",0.38,0.435,"-1.488410596",-0.029,-0.025000000000000022,-0.016,-0.018,29.9,,,,,,,
302,624415,"Biggio, Cavan",2024,302,100,0.167,0.146,0.182,0.313,0.337,0.319,0.15,8,48,89.8,24.9,2226,88.5,88.48,18,113,189,0,6.23,112,143,115,148,290,326,301,"-1.856","1.856",,,68,35,5,1,0,2,14,20.6,17,25,2.23709,0.71057,0.46475,-0.2599,"90.7",161,40,2.857142857142857,1.4705882352941175,5.83,-0.7,-0.09,2.37,0.397,1,"0.614569536",0.388,0.25,"-0.614569536",0.017,0.009000000000000008,0.063,0.018,15.9,,,,,,,
301,807728,"Graham, Carter",2024,301,100,0.181,0.069,0.224,0.25,0.247,0.302,0.219,13,72,87.1,13.8,2285,87.8,87.84,39,148,153,0,6.31,103,146,116,145,292,302,271,"2.29","-2.29",,,85,58,8,5,0,0,16,18.8,8,9.4,2.35797,0.64027,0.30113,0.14545,"90.5",149,27.586206896551722,8.620689655172415,5.88235294117647,5.73,-1.15,0.18,2.33,0.282,5,"-0.760797342",0.322,0.335,"0.760797342",-0.038,-0.040000000000000036,-0.085,-0.055,26.4,,,,,,,
300,642731,"Estrada, Thairo",2024,302,99.3,0.338,0.162,0.386,0.5,0.39,0.308,0.255,25,74,84.1,5.3,2209,87.8,87.65,27,146,154,-0.09999999999999432,6.24,106,152,117,147,305,328,297,"-4.904","4.904",,,81,60,19,3,0,3,14,17.3,5,6.2,2.36483,0.6394,0.33426,0.24225,"90.8",121,28.333333333333332,3.3333333333333335,2.4691358024691357,5.74,-1.28,0.18,2.34,0.395,2,"1.634666667",0.321,0.368,"-1.634666667",0.083,0.07400000000000001,0.132,0.082,18.5,,,,,,,
299,664059,"Haggerty, Sam",2024,300,99.7,0.31,0.028,0.423,0.338,0.33,0.277,0.232,22,71,86.6,10,2154,88.1,88.14,37,138,161,0,6.27,112,146,109,147,286,315,292,"-0.408","0.408",,,80,52,20,2,0,0,19,23.8,8,10,2.2488,0.72513,0.47237,-0.47237,"91.7",131,36.53846153846153,0,0,5.86,-0.57,0.01,2.23,0.388,0,"0.136454849",0.318,0.277,"-0.136454849",0.078,0.07,0.061,0.053,26.8,,,,,,,
299,643265,"Cooper, Garrett",2024,299,100,0.31,0.211,0.367,0.521,0.391,0.405,0.315,22,71,91.4,12,2216,87.9,88.02,44,149,150,0.09999999999999432,6.32,105,150,119,145,296,322,283,"-4.572","4.572",,,84,53,15,3,0,4,20,23.8,9,10.7,2.3686,0.62532,0.3408,0.04268,"92.5",161,52.83018867924528,9.433962264150944,5.952380952380952,5.83,-0.61,0.13,2.43,0.393,5,"1.52909699",0.405,0.506,"-1.52909699",-0.005,-0.01200000000000001,0.015,-0.014,29.5,,,,,,,
299,800508,"Montilla, Franyerber",2024,299,100,0.102,0.034,0.167,0.136,0.21,0.244,0.149,6,59,83.6,14.8,2228,88.6,88.33,45,128,171,-0.29999999999999716,6.18,112,146,110,149,275,309,283,"6.219","-6.219",,,72,36,4,2,0,0,23,31.9,9,12.5,2.09247,0.8549,0.67185,-0.67185,"89.7",148,19.444444444444446,0,0,5.82,-1.14,-0.09,2.42,0.264,0,"-2.07993311",0.303,0.182,"2.07993311",-0.047,-0.03899999999999998,-0.046,-0.034,35.2,,,,,,,
298,688226,"Mulrine, Anthony",2024,303,98.3,0.246,0.092,0.319,0.338,0.311,0.285,0.231,16,65,86.1,9.8,2271,88.5,88.87,55,173,125,0.4000000000000057,6.33,105,149,118,146,302,321,289,"2.015","-2.015",,,75,48,12,3,0,1,17,22.7,8,10.7,2.41114,0.52239,0.2523,0.09507,"90.1",133,31.25,0,0,5.85,-1.26,0.18,2.4,0.347,0,"-0.676174497",0.334,0.276,"0.676174497",0.015,0.012999999999999956,0.062,0.026,31.8,,,,,,,
297,702750,"Duran, Edinson",2024,297,100,0.218,0.128,0.293,0.346,0.291,0.254,0.199,17,78,84.2,14.9,2271,88.6,88.67,44,146,151,0.10000000000000853,6.35,106,149,117,147,291,301,269,"2.041","-2.041",,,88,58,10,4,3,0,20,22.7,6,6.8,2.15488,0.79726,0.377,0.09114,"90.6",134,22.413793103448278,1.7241379310344827,1.1363636363636365,5.71,-0.74,0.06,2.52,0.307,1,"-0.687205387",0.291,0.253,"0.687205387",0.019,0.016000000000000014,0.093,0.037,30.1,,,,,,,
295,806957,"Duno, Alfredo",2024,295,100,0.265,0.122,0.343,0.388,0.355,0.315,0.188,13,49,88.5,18.6,2251,87.9,87.76,41,126,169,-0.10000000000000853,6.3,104,147,117,144,292,299,272,"-2.737","2.737",,,64,36,10,1,1,1,15,23.4,12,18.8,2.41095,0.59003,0.2742,0.16942,"91.5",151,44.44444444444444,8.333333333333332,4.6875,5.83,-1.02,0.29,2.44,0.406,3,"0.92779661",0.349,0.337,"-0.92779661",0.077,0.05700000000000005,0.051,0.04,32.5,,,,,,,
294,677649,"Duran, Ezequiel",2024,294,100,0.277,0.277,0.305,0.554,0.362,0.295,0.261,23,83,88,13.2,2303,87.8,88.44,40,167,127,0.6000000000000085,6.42,104,151,121,146,300,324,292,"-2.73","2.73",,,86,64,12,4,2,5,19,22.1,3,3.5,2.41585,0.56634,0.10435,0.01058,"91.6",147,42.857142857142854,7.936507936507936,5.813953488372093,5.87,-0.75,0.12,2.29,0.302,5,"0.928571429",0.287,0.387,"-0.928571429",0.016,0.015000000000000013,0.167,0.067,24,,,,,,,
293,690448,"Jarvis, Mike",2024,294,99.7,0.213,0.148,0.297,0.361,0.292,0.27,0.203,13,61,89.3,13.8,2265,88,88.39,50,147,146,0.4000000000000057,6.42,107,151,114,147,293,321,285,"2.098","-2.098",,,70,39,9,1,1,2,23,32.9,7,10,2.44276,0.53536,0.20584,0.02914,"91.0",114,33.33333333333333,5.128205128205128,2.857142857142857,5.74,-0.91,0.04,2.22,0.3,2,"-0.716040956",0.291,0.307,"0.716040956",0.01,0.009000000000000008,0.054,0.022,34,,,,,,,
292,669714,"Whalen, Brady",2024,293,99.7,0.145,0.048,0.214,0.194,0.225,0.233,0.154,9,62,85.8,9.7,2230,87.5,87.53,39,137,155,0,6.27,113,145,118,150,290,322,300,"6.064","-6.064",,,74,42,6,3,0,0,21,28.4,11,14.9,2.50171,0.51241,0.37825,-0.30739,"90.9",127,21.428571428571427,0,0,5.69,-0.5,-0.17,2.37,0.27,0,"-2.076712329",0.278,0.201,"2.076712329",-0.009,-0.008000000000000007,-0.007,-0.008,28.5,,,,,,,
292,811780,"Dragoo, Joel",2024,292,100,0.319,0.128,0.455,0.447,0.43,0.367,0.256,15,47,82.3,16.6,2300,88.4,88.26,25,100,192,-0.10000000000000853,6.25,105,147,118,146,292,307,274,"-7.21","7.21",,,65,33,9,6,0,0,14,21.5,15,23.1,2.16055,0.80383,0.30223,0.02519,"89.1",155,12.121212121212121,0,0,6,-0.92,0.25,2.55,0.508,0,"2.469178082",0.462,0.298,"-2.469178082",0.063,0.045999999999999985,0.149,0.063,25,,,,,,,
291,666783,"Díaz, Yusniel",2024,291,100,0.176,0.196,0.171,0.373,0.331,0.367,0.225,9,51,88.8,16.2,2197,87.9,87.89,31,106,185,0,6.28,107,150,117,144,303,324,294,"-0.274","0.274",,,67,38,5,1,0,3,14,20.9,15,22.4,2.37344,0.62452,0.32966,-0.00849,"91.7",173,44.73684210526316,10.526315789473683,5.970149253731343,5.88,-0.37,0.12,2.21,0.358,4,"0.094158076",0.396,0.431,"-0.094158076",-0.049,-0.038000000000000034,-0.058,-0.036,29.2,,,,,,,
290,693832,"Richardson, Tre",2024,291,99.7,0.089,0.071,0.143,0.161,0.199,0.252,0.154,5,56,85.4,11.6,2269,88.2,87.92,34,115,175,-0.29999999999999716,6.2,105,148,108,145,291,305,265,"6.647","-6.647",,,68,35,3,0,2,0,22,32.4,8,11.8,2.24459,0.73962,0.4449,0.19316,"90.6",137,34.285714285714285,2.857142857142857,1.4705882352941175,5.71,-0.59,0.03,2.3,0.235,1,"-2.292068966",0.294,0.215,"2.292068966",-0.065,-0.059,-0.054,-0.053,29.6,,,,,,,
288,688617,"Snyder, Michael",2024,288,100,0.15,0.017,0.243,0.167,0.211,0.217,0.145,9,60,85.8,15.3,2285,88.4,88.44,28,121,167,0,6.35,104,148,118,146,293,301,276,"6.865","-6.865",,,69,37,8,1,0,0,23,33.3,7,10.1,2.26903,0.68934,0.48919,0.23754,"90.6",151,32.432432432432435,0,0,5.68,-0.76,0.2,2.41,0.261,0,"-2.383680556",0.257,0.189,"2.383680556",0.005,0.0040000000000000036,-0.022,-0.006,23.1,,,,,,,
286,805249,"Kemp, Otto",2024,286,100,0.271,0.153,0.405,0.424,0.375,0.319,0.218,16,59,88.9,10.1,2211,87.2,87.11,47,128,158,-0.10000000000000853,6.31,109,150,116,143,295,321,285,"-4.615","4.615",,,73,38,10,4,1,1,21,28.8,7,9.6,2.43829,0.61516,0.41814,0.04825,"91.4",147,36.84210526315789,2.631578947368421,1.36986301369863,5.66,-0.79,0.25,2.25,0.411,1,"1.613636364",0.368,0.305,"-1.613636364",0.053,0.04299999999999998,0.119,0.056,36.7,,,,,,,
286,676847,"Matheny, Shane",2024,287,99.7,0.31,0.172,0.459,0.483,0.385,0.312,0.222,18,58,85.6,13.2,2186,89.1,89.61,44,126,160,0.5,6.39,115,146,117,150,298,325,302,"-2.87","2.87",,,67,38,11,5,1,1,20,29.9,9,13.4,2.31605,0.56105,0.33306,-0.21363,"90.5",152,28.947368421052634,13.157894736842104,7.462686567164178,5.72,-1.07,-0.06,2.29,0.403,5,"1.003496503",0.327,0.369,"-1.003496503",0.088,0.07600000000000001,0.114,0.073,34.9,,,,,,,
285,684922,"Shuffield, Dalton",2024,286,99.7,0.216,0.122,0.294,0.338,0.276,0.236,0.191,16,74,83.9,3.2,2233,87.3,87.43,38,140,145,0.10000000000000853,6.29,108,149,115,144,292,313,278,"4.05","-4.05",,,81,52,10,4,1,1,22,27.2,6,7.4,2.50074,0.52897,0.22891,-0.0118,"91.2",130,32.6530612244898,0,0,5.91,-0.19,0.02,2.34,0.284,0,"-1.421052632",0.264,0.248,"1.421052632",0.025,0.019999999999999962,0.09,0.04,27.1,,,,,,,
285,683353,"Caskenette, Connor",2024,285,100,0.206,0.044,0.275,0.25,0.25,0.257,0.21,14,68,87.7,3.5,2311,89.1,89.26,27,131,154,0.20000000000000284,6.44,105,147,115,146,294,301,275,"4.791","-4.791",,,76,51,11,3,0,0,17,22.4,8,10.5,2.09765,0.8206,0.46028,0.30749,"91.0",146,37.254901960784316,0,0,5.66,-1.16,0.05,2.49,0.289,0,"-1.681052632",0.293,0.264,"1.681052632",-0.004,-0.0040000000000000036,-0.014,-0.007,20.6,,,,,,,
285,827388,"Rataczak, Eric",2024,285,100,0.284,0.045,0.396,0.328,0.323,0.311,0.258,19,67,91,0.2,2262,88.7,88.66,41,129,156,0,6.32,109,146,113,149,288,305,287,"0.003","-0.003",,,77,48,16,3,0,0,19,24.7,7,9.1,2.18853,0.75189,0.63372,-0.63063,"92.1",126,52.083333333333336,2.083333333333333,1.2987012987012987,5.65,-1.23,0.12,2.41,0.377,1,"-0.001052632",0.355,0.323,"0.001052632",0.026,0.02200000000000002,0.005,0.012,31.8,,,,,,,
284,828319,"Toole, Marshall",2024,284,100,0.255,0.098,0.375,0.353,0.375,0.355,0.243,13,51,87.7,10.9,2212,89.1,88.85,30,96,188,-0.29999999999999716,6.21,111,146,115,148,278,305,282,"-2.647","2.647",,,69,33,10,2,0,1,18,26.1,15,21.7,2.07092,0.83898,0.61418,-0.46397,"90.4",153,33.33333333333333,0,0,5.67,-0.78,-0.08,2.52,0.449,0,"0.932042254",0.441,0.297,"-0.932042254",0.012,0.008000000000000007,0.056,0.02,31.3,,,,,,,
283,695634,"Ferrer, Jaime",2024,283,100,0.288,0.11,0.323,0.397,0.353,0.326,0.259,21,73,85.6,7.7,2267,86.9,86.63,25,138,145,-0.30000000000001137,6.15,104,148,117,147,291,306,276,"-3.833","3.833",,,87,65,13,8,0,0,9,10.3,6,6.9,2.41244,0.74364,0.34219,0.13032,"90.7",143,23.4375,4.6875,3.4482758620689653,5.7,-1.02,0.22,2.54,0.391,3,"1.354416961",0.368,0.342,"-1.354416961",0.029,0.02300000000000002,0.055,0.027,18.1,,,,,,,
283,666801,"Castro, Rodolfo",2024,283,100,0.219,0.137,0.255,0.356,0.285,0.261,0.207,16,73,87.2,12.9,2091,87.3,87.2,46,145,138,-0.09999999999999432,6.2,113,147,114,149,291,319,285,"4.095","-4.095",,,80,54,12,1,0,3,19,23.8,6,7.5,2.44912,0.57883,0.54845,-0.54845,"91.2",149,31.48148148148148,5.555555555555555,3.75,5.79,-0.51,-0.03,2.35,0.287,3,"-1.446996466",0.276,0.3,"1.446996466",0.012,0.010999999999999954,0.056,0.024,31.7,,,,,,,
283,669233,"Bullard, Tony",2024,283,100,0.206,0.059,0.245,0.265,0.256,0.306,0.253,14,68,87.4,11.1,2238,87.8,87.67,28,120,163,-0.09999999999999432,6.25,105,148,115,145,294,303,271,"3.165","-3.165",,,79,54,12,1,0,1,16,20.3,5,6.3,2.24452,0.76177,0.38629,0.2412,"91.8",135,37.03703703703704,1.8518518518518516,1.2658227848101267,5.7,-1.25,0.2,2.41,0.291,1,"-1.118374558",0.338,0.333,"1.118374558",-0.047,-0.04700000000000004,-0.068,-0.05,23.3,,,,,,,
283,699015,"Sosa, Miguel",2024,284,99.6,0.2,0.127,0.323,0.327,0.308,0.261,0.156,11,55,87,23.2,2238,87.7,87.52,36,110,173,-0.20000000000000284,6.27,105,147,114,146,288,304,280,"-0.314","0.314",,,67,32,6,4,0,1,23,34.3,12,17.9,2.30389,0.70894,0.51346,0.25615,"91.2",139,37.5,3.125,1.4925373134328357,5.73,-0.82,0.07,2.38,0.343,1,"0.110954064",0.307,0.234,"-0.110954064",0.044,0.03600000000000003,0.093,0.047,32.7,,,,,,,
280,692224,"Shaver, A.J.",2024,281,99.6,0.104,0.09,0.152,0.194,0.181,0.217,0.143,7,67,88.7,14.9,2256,88.7,88.54,53,132,148,-0.20000000000000284,6.31,107,147,115,144,288,306,277,"6.244","-6.244",,,74,35,5,0,0,2,32,43.2,5,6.8,2.22318,0.72429,0.35878,0.14358,"91.5",147,48.57142857142857,8.571428571428571,4.054054054054054,5.91,-0.96,0.19,2.38,0.189,3,"-2.23",0.224,0.246,"2.23",-0.039,-0.035,-0.052,-0.036,40.2,,,,,,,
279,807276,"Nori, Dante",2024,280,99.6,0.224,0.041,0.314,0.265,0.33,0.322,0.212,11,49,82.6,3.1,2346,89,88.65,28,105,174,-0.4000000000000057,6.11,114,146,112,145,279,306,283,"-0.632","0.632",,,65,35,10,0,1,0,14,21.5,16,24.6,2.12875,0.79291,0.40219,-0.37172,"88.7",139,5.714285714285714,0,0,5.93,-0.93,-0.16,2.52,0.415,0,"0.226523297",0.406,0.249,"-0.226523297",0.012,0.008999999999999952,0.016,0.008,26.7,,,,,,,
279,699111,"Omana, Diego",2024,279,100,0.281,0.078,0.362,0.359,0.316,0.252,0.194,18,64,81.7,15.1,2300,87.4,87.36,37,140,139,0,6.38,107,147,115,146,291,301,274,"0.699","-0.699",,,76,48,15,2,0,1,19,25,9,11.8,2.31918,0.70982,0.30509,0.03986,"89.7",165,16.666666666666664,2.083333333333333,1.3157894736842104,5.72,-1.04,0.09,2.4,0.355,1,"-0.250537634",0.289,0.239,"0.250537634",0.087,0.066,0.12,0.064,26.4,,,,,,,
276,800257,"Henriquez, Yonatan",2024,276,100,0.176,0.044,0.245,0.221,0.214,0.249,0.212,12,68,89.4,8.1,2210,87.8,87.81,30,128,148,0,6.36,107,144,107,147,279,306,287,"6.454","-6.454",,,74,49,9,3,0,0,19,25.7,5,6.8,2.24764,0.75891,0.54262,-0.52945,"90.5",152,34.69387755102041,2.0408163265306123,1.3513513513513513,5.73,-1.12,-0.08,2.47,0.243,1,"-2.338405797",0.277,0.271,"2.338405797",-0.036,-0.03400000000000003,-0.05,-0.035,23.4,,,,,,,
276,664913,"Brown, Seth",2024,276,100,0.403,0.333,0.423,0.736,0.48,0.374,0.314,29,72,89.6,9.9,2195,88.3,88.35,36,152,124,0,6.18,113,146,127,150,296,325,302,"-9.542","9.542",,,77,59,19,3,0,7,15,19.5,3,3.9,2.45279,0.49715,0.37963,-0.14806,"92.3",153,42.3728813559322,11.864406779661017,9.090909090909092,5.68,-0.82,-0.09,2.36,0.416,7,"3.457246377",0.334,0.552,"-3.457246377",0.089,0.08199999999999996,0.184,0.106,23.7,,,,,,,
276,687144,"Joyce, Corey",2024,276,100,0.146,0.042,0.219,0.188,0.274,0.286,0.166,7,48,85,15.8,2230,88.4,88.27,34,111,165,-0.10000000000000853,6.24,108,150,116,145,291,319,284,"2.379","-2.379",,,63,32,5,2,0,0,16,25.4,15,23.8,2.28377,0.66746,0.42642,0.12686,"90.1",152,18.75,0,0,5.79,-0.91,0.15,2.39,0.349,0,"-0.861956522",0.364,0.204,"0.861956522",-0.02,-0.015000000000000013,-0.016,-0.012,30.6,,,,,,,
267,814522,"Kendle, Caden",2024,267,100,0.297,0.094,0.339,0.391,0.346,0.298,0.243,19,64,83.9,9.2,2284,88.8,88.82,19,107,160,0,6.3,107,147,117,145,292,305,276,"-2.503","2.503",,,73,56,13,6,0,0,8,11,8,11,2.10169,0.82834,0.42232,0.0776,"90.9",140,26.785714285714285,1.7857142857142856,1.36986301369863,5.77,-0.93,0.19,2.53,0.384,1,"0.937453184",0.336,0.315,"-0.937453184",0.054,0.04799999999999999,0.076,0.048,17.8,,,,,,,
264,686758,"Shockley, Dylan",2024,264,100,0.258,0.152,0.319,0.409,0.321,0.273,0.231,17,66,84.4,6.9,2285,88.7,88.74,42,138,126,0,6.25,107,151,119,147,297,320,284,"0.189","-0.189",,,74,49,11,4,0,2,18,24.3,4,5.4,2.22799,0.70619,0.19189,0.06295,"90.1",147,28.57142857142857,0,0,5.73,-0.97,0,2.37,0.324,0,"-0.071590909",0.303,0.288,"0.071590909",0.027,0.02100000000000002,0.121,0.048,30.4,,,,,,,
262,624503,"Gordon, Nick",2024,262,100,0.264,0.083,0.316,0.347,0.29,0.308,0.28,19,72,86.4,10.7,2176,88.4,88.4,48,159,103,0,6.21,116,148,108,151,288,317,292,"1.064","-1.064",,,80,58,16,1,1,1,16,20,3,3.8,2.32305,0.63137,0.32365,-0.34304,"90.9",168,24.137931034482758,1.7241379310344827,1.25,5.84,-1.11,-0.15,2.31,0.313,1,"-0.40610687",0.331,0.36,"0.40610687",-0.016,-0.018000000000000016,-0.013,-0.018,30.2,,,,,,,
262,687066,"Yang, Eric",2024,262,100,0.25,0.109,0.349,0.359,0.31,0.246,0.187,16,64,82.3,18,2223,89.3,89.28,38,131,131,0,6.21,107,149,117,146,292,318,283,"1.28","-1.28",,,72,44,11,4,0,1,20,27.8,7,9.7,2.22168,0.67782,0.21977,0.1013,"89.7",150,25.581395348837212,2.3255813953488373,1.3888888888888888,5.87,-0.74,0.09,2.46,0.333,1,"-0.488549618",0.279,0.245,"0.488549618",0.063,0.05399999999999999,0.114,0.064,29,,,,,,,
260,701158,"Kato, Kobe",2024,260,100,0.356,0.136,0.467,0.492,0.401,0.333,0.286,21,59,84.4,14.3,2249,89,89,27,106,154,0,6.22,113,146,106,151,272,314,298,"-4.718","4.718",,,69,45,14,6,1,0,15,21.7,8,11.6,2.24058,0.66381,0.36827,-0.2685,"90.4",160,24.444444444444443,0,0,5.73,-0.86,-0.06,2.29,0.435,0,"1.814615385",0.376,0.367,"-1.814615385",0.07,0.059,0.125,0.068,25.5,,,,,,,
256,663527,"Nevin, Tyler",2024,256,100,0.296,0.37,0.293,0.667,0.422,0.312,0.232,16,54,90.4,17.3,2223,87.7,88.3,24,121,135,0.5999999999999943,6.29,107,150,118,148,309,330,300,"-3.531","3.531",,,63,45,5,6,1,4,11,17.5,6,9.5,2.49031,0.48324,0.20793,-0.0052,"91.2",185,40,11.11111111111111,7.936507936507936,5.7,-0.69,0.23,2.5,0.365,5,"1.379296875",0.31,0.412,"-1.379296875",0.064,0.05499999999999999,0.255,0.11,19.8,,,,,,,
256,672761,"Pérez, Wenceel",2024,256,100,0.164,0.218,0.184,0.382,0.285,0.269,0.173,9,55,90.6,22.3,2129,87.4,87.54,24,102,154,0.09999999999999432,6.26,112,147,112,151,284,315,281,"1.322","-1.322",,,63,40,3,2,2,2,15,23.8,8,12.7,2.38316,0.63277,0.3318,-0.3318,"91.2",163,42.5,7.5,4.761904761904762,5.9,-0.78,-0.1,2.47,0.27,3,"-0.51640625",0.278,0.316,"0.51640625",-0.009,-0.008000000000000007,0.066,0.016,23.5,,,,,,,
256,809975,"Shojinaga, Kodey",2024,256,100,0.143,0,0.158,0.143,0.282,0.362,0.248,6,42,81.3,6.7,2356,88.1,87.95,19,93,163,-0.09999999999999432,6.2,107,146,116,144,287,303,273,"1.497","-1.497",,,58,38,6,0,0,0,4,6.9,15,25.9,2.30199,0.68063,0.16329,-0.0182,"89.4",147,18.421052631578945,0,0,5.89,-1.14,0.19,2.62,0.379,0,"-0.584765625",0.456,0.291,"0.584765625",-0.105,-0.07700000000000001,-0.148,-0.08,20.4,,,,,,,
255,700243,"Green, Payton",2024,256,99.6,0.184,0.041,0.25,0.224,0.287,0.301,0.184,9,49,87.3,13,2278,88.9,88.86,36,117,138,0,6.27,104,148,115,148,295,298,273,"2.242","-2.242",,,64,36,7,2,0,0,14,21.9,13,20.3,2.20549,0.71889,0.55455,0.30169,"91.3",141,41.66666666666667,0,0,5.7,-1.13,0.12,2.37,0.359,0,"-0.879215686",0.364,0.257,"0.879215686",0,-0.0050000000000000044,-0.033,-0.014,30.8,,,,,,,
254,690987,"Hassell III, Robert",2024,255,99.6,0.127,0.032,0.174,0.159,0.165,0.226,0.186,8,63,86.7,5.2,2228,89,88.79,40,124,130,-0.20000000000000284,6.19,118,148,109,150,284,319,296,"9.583","-9.583",,,68,46,6,2,0,0,17,25,5,7.4,2.29539,0.62924,0.3404,-0.40532,"90.8",147,26.08695652173913,4.3478260869565215,2.941176470588235,5.84,-1.15,-0.21,2.38,0.191,2,"-3.772834646",0.246,0.25,"3.772834646",-0.059,-0.05499999999999999,-0.091,-0.061,32.3,,,,,,,
254,685744,"Corona, Kenedy",2024,256,99.2,0.194,0.065,0.256,0.258,0.236,0.209,0.161,12,62,82.4,3.8,2186,88.1,88.03,43,138,116,-0.09999999999999432,6.31,105,148,113,147,291,314,290,"4.845","-4.845",,,69,44,10,1,0,1,19,27.5,5,7.2,2.3215,0.66569,0.45051,-0.00862,"90.4",101,32.55813953488372,0,0,5.62,-0.04,0.06,2.32,0.261,0,"-1.907480315",0.237,0.209,"1.907480315",0.033,0.02400000000000002,0.049,0.027,31.2,,,,,,,
251,695491,"Baez, Joshua",2024,251,100,0.34,0.16,0.5,0.5,0.421,0.355,0.249,17,50,90.5,19.3,2328,87.3,87.08,32,118,133,-0.20000000000000284,6.24,105,148,120,146,297,309,283,"-5.233","5.233",,,61,33,11,5,0,1,17,27.9,8,13.1,2.39092,0.64629,0.23632,0.10648,"91.1",161,36.36363636363637,12.121212121212121,6.557377049180328,5.69,-0.8,0.21,2.39,0.459,4,"2.084860558",0.385,0.405,"-2.084860558",0.091,0.07400000000000001,0.095,0.066,27.1,,,,,,,
251,692027,"Sanabria, Jose",2024,253,99.2,0.203,0.078,0.295,0.281,0.243,0.233,0.203,13,64,80.3,4.5,2180,88.9,89.33,43,140,111,0.3999999999999915,6.27,108,150,114,147,307,322,293,"6.127","-6.127",,,69,44,9,3,1,0,20,29,4,5.8,2.3143,0.60221,0.30279,0.05267,"89.1",153,18.181818181818183,2.272727272727273,1.4492753623188406,5.67,-0.77,0,2.36,0.261,1,"-2.441035857",0.261,0.245,"2.441035857",0,0,0.036,0.01,30.7,,,,,,,
250,677950,"Thomas, Alek",2024,250,100,0.286,0.159,0.314,0.444,0.335,0.311,0.265,18,63,89.8,7,2184,88.7,89.11,20,113,137,0.3999999999999915,6.23,115,145,112,149,297,331,311,"-1.466","1.466",,,69,53,12,4,0,2,11,15.9,5,7.2,2.32396,0.57936,0.46392,-0.17024,"92.3",155,43.39622641509434,5.660377358490567,4.3478260869565215,5.83,-0.29,-0.06,2.48,0.333,3,"0.5864",0.316,0.389,"-0.5864",0.021,0.017000000000000015,0.055,0.024,17.7,,,,,,,
247,673893,"Schwecke, Trevor",2024,247,100,0.214,0.018,0.353,0.232,0.25,0.27,0.229,12,56,86,2.9,2244,87.2,87.36,45,120,127,0.20000000000000284,6.36,106,151,117,145,297,322,278,"3.558","-3.558",,,65,34,11,1,0,0,22,33.8,7,10.8,2.44506,0.59008,0.23736,0.05793,"90.1",124,27.77777777777778,0,0,5.62,-0.58,0.2,2.48,0.302,0,"-1.44048583",0.315,0.264,"1.44048583",-0.015,-0.013000000000000012,-0.032,-0.02,37.5,,,,,,,
247,677331,"Elvis, Cole",2024,247,100,0.113,0.019,0.25,0.132,0.183,0.231,0.157,6,53,86.7,13.4,2320,89,88.85,47,109,138,-0.20000000000000284,6.29,104,148,117,146,290,301,273,"7.67","-7.67",,,61,24,5,1,0,0,29,47.5,8,13.1,2.17725,0.74748,0.48093,0.32644,"90.1",154,29.166666666666668,4.166666666666666,1.639344262295082,5.89,-1.22,-0.01,2.48,0.23,1,"-3.105263158",0.268,0.217,"3.105263158",-0.044,-0.038000000000000006,-0.085,-0.048,43.1,,,,,,,
246,814422,"Bender, Derek",2024,246,100,0.207,0.138,0.27,0.345,0.279,0.276,0.205,12,58,89.6,21,2277,87.6,87.65,42,129,117,0,6.35,107,146,116,144,292,306,275,"0.368","-0.368",,,65,39,8,2,0,2,19,29.2,5,7.7,2.33057,0.68808,0.21801,0.0902,"91.0",165,37.5,5,3.076923076923077,5.77,-1.14,0.12,2.47,0.281,2,"-0.149593496",0.28,0.338,"0.149593496",0.002,0.0010000000000000009,0.007,0.003,32.6,,,,,,,
245,666139,"Lowe, Josh",2024,245,100,0.255,0.216,0.417,0.471,0.335,0.274,0.202,13,51,93.7,19.3,2221,88.2,87.99,42,119,126,-0.20000000000000284,6.24,113,147,125,151,289,324,289,"0.538","-0.538",,,55,27,9,0,1,3,24,43.6,4,7.3,2.37082,0.60229,0.4243,-0.30422,"91.6",168,55.55555555555556,11.11111111111111,5.454545454545454,5.74,-0.97,-0.04,2.3,0.309,3,"-0.219591837",0.26,0.363,"0.219591837",0.053,0.04899999999999999,0.108,0.061,35.3,,,,,,,
245,680636,"Mendoza, Ramon",2024,245,100,0.211,0.07,0.279,0.281,0.235,0.243,0.228,12,57,85.1,4.6,2278,87.5,87.54,38,131,114,0,6.23,104,148,115,145,289,316,284,"3.609","-3.609",,,63,43,8,4,0,0,16,25.4,4,6.3,2.43514,0.5789,0.11845,-0.08947,"89.7",145,18.6046511627907,0,0,5.84,-0.44,0.16,2.47,0.254,0,"-1.473061224",0.27,0.273,"1.473061224",-0.017,-0.016000000000000014,0.008,-0.008,29,,,,,,,
244,516416,"Segura, Jean",2024,244,100,0.137,0.059,0.179,0.196,0.214,0.221,0.143,7,51,85.3,12.6,2211,87.3,87.24,32,111,133,-0.09999999999999432,6.22,108,150,119,145,303,319,279,"6.3","-6.3",,,60,39,4,3,0,0,13,21.7,6,10,2.46844,0.56461,0.22185,0.13107,"90.3",155,25.64102564102564,2.564102564102564,1.6666666666666667,5.87,-1.2,0.1,2.22,0.25,1,"-2.581967213",0.255,0.203,"2.581967213",-0.006,-0.0050000000000000044,-0.007,-0.007,28.8,,,,,,,
243,665888,"Navarro, Cristopher",2024,243,100,0.204,0.056,0.25,0.259,0.234,0.241,0.208,11,54,81.4,-1.4,2255,87.6,88.05,37,125,118,0.5,6.32,107,150,118,146,302,324,295,"5.29","-5.29",,,61,44,8,3,0,0,12,19.7,4,6.6,2.54918,0.44336,0.20741,0.03218,"89.4",129,13.636363636363635,0,0,5.66,-0.32,0.11,2.39,0.262,0,"-2.176954733",0.27,0.252,"2.176954733",-0.004,-0.008000000000000007,0.007,-0.007,29.6,,,,,,,
242,657656,"Laureano, Ramón",2024,242,100,0.362,0.241,0.462,0.603,0.435,0.39,0.316,21,58,89.9,17,2296,89,89.13,31,105,137,0.09999999999999432,6.23,104,150,118,146,296,319,287,"-5.83","5.83",,,66,42,14,3,1,3,17,25.8,6,9.1,2.23756,0.65335,0.27249,-0.09515,"92.8",161,47.61904761904761,9.523809523809524,6.0606060606060606,5.84,-0.54,0.08,2.27,0.424,4,"2.409090909",0.384,0.517,"-2.409090909",0.046,0.03999999999999998,0.086,0.045,29.5,,,,,,,
242,695426,"Bramwell, Spencer",2024,242,100,0.14,0.07,0.229,0.211,0.217,0.225,0.15,8,57,88.8,16.7,2314,87.3,87.21,39,108,134,-0.09999999999999432,6.24,105,148,119,147,289,299,272,"6.433","-6.433",,,65,35,4,4,0,0,22,33.8,7,10.8,2.38653,0.648,0.27707,-0.00624,"91.5",146,40,0,0,5.81,-0.68,0.11,2.5,0.246,0,"-2.658264463",0.255,0.222,"2.658264463",-0.01,-0.009000000000000008,-0.011,-0.008,36.1,,,,,,,
241,690841,"O'Neill, Matt",2024,243,99.2,0.163,0.122,0.259,0.286,0.248,0.204,0.112,8,49,88.8,14.2,2175,87.3,87.39,47,104,137,0.10000000000000853,6.27,108,147,117,144,294,313,280,"1.788","-1.788",,,57,28,4,3,0,1,22,38.6,7,12.3,2.47249,0.55717,0.27959,0.13668,"90.7",152,39.285714285714285,3.571428571428571,1.7543859649122806,5.92,-0.61,0.07,2.35,0.263,1,"-0.741908714",0.222,0.204,"0.741908714",0.051,0.04100000000000001,0.082,0.044,45.2,,,,,,,
241,691905,"Rosario, Ricardo",2024,242,99.6,0.217,0.067,0.317,0.283,0.253,0.234,0.197,13,60,83.6,1.3,2186,88,88.08,44,126,115,0.09999999999999432,6.42,110,148,114,144,288,305,275,"3.681","-3.681",,,65,41,9,4,0,0,19,29.2,3,4.6,2.25071,0.7459,0.49892,0.1425,"90.2",137,31.70731707317073,2.4390243902439024,1.5384615384615385,5.78,-0.82,0.14,2.36,0.277,1,"-1.527385892",0.259,0.249,"1.527385892",0.02,0.018000000000000016,0.034,0.019,34.9,,,,,,,
241,677954,"Groshans, Jordan",2024,241,100,0.228,0.088,0.267,0.316,0.278,0.3,0.235,13,57,92.6,5.7,2174,88.9,88.97,18,103,138,0.09999999999999432,6.34,105,151,118,145,298,314,278,"0.89","-0.89",,,63,46,10,2,0,1,11,17.5,6,9.5,2.15548,0.76556,0.39415,0.14502,"92.6",158,54.347826086956516,6.521739130434782,4.761904761904762,5.89,-0.81,0.04,2.42,0.302,3,"-0.369294606",0.307,0.371,"0.369294606",-0.007,-0.0050000000000000044,-0.055,-0.022,17.5,,,,,,,
240,621433,"Phillips, Brett",2024,240,100,0.12,0.16,0.227,0.28,0.23,0.2,0.118,6,50,88.3,24.2,2128,89.1,89.26,45,110,130,0.20000000000000284,6.36,107,143,104,145,282,313,286,"6.369","-6.369",,,57,23,1,3,1,1,27,47.4,7,12.3,2.15296,0.75533,0.54746,-0.39879,"91.2",170,39.130434782608695,0,0,5.88,-0.91,-0.19,2.49,0.228,0,"-2.65375",0.226,0.19,"2.65375",0.002,0.0020000000000000018,0.09,0.03,40.9,,,,,,,
238,692397,"Hernandez, Maikel",2024,238,100,0.183,0.033,0.25,0.217,0.214,0.241,0.205,11,60,81.8,10.4,2193,89,88.95,30,130,108,-0.09999999999999432,6.27,111,146,119,147,282,304,282,"6.254","-6.254",,,65,44,9,2,0,0,16,24.6,4,6.2,2.07559,0.8337,0.70055,-0.70055,"89.2",133,11.363636363636363,2.272727272727273,1.5384615384615385,5.6,-1.17,-0.06,2.37,0.246,1,"-2.627731092",0.266,0.264,"2.627731092",-0.022,-0.020000000000000018,-0.047,-0.027,23.1,,,,,,,
238,608422,"Godoy, José",2024,239,99.6,0.143,0.018,0.182,0.161,0.187,0.218,0.169,8,56,84.1,6.4,2186,87.8,87.68,23,96,142,-0.09999999999999432,6.3,116,147,118,150,284,317,292,"7.62","-7.62",,,62,44,7,1,0,0,12,19.4,4,6.5,2.30172,0.70581,0.34227,-0.28933,"90.7",138,23.076923076923077,0,0,5.89,-1.33,-0.13,2.29,0.226,0,"-3.201680672",0.256,0.198,"3.201680672",-0.026,-0.03,-0.037,-0.031,24,,,,,,,
238,696142,"Taylor, Will",2024,239,99.6,0.156,0.178,0.179,0.333,0.297,0.271,0.147,7,45,85,28.8,2316,87.9,87.53,26,94,144,-0.4000000000000057,6.12,112,150,115,147,293,313,281,"1.009","-1.009",,,57,30,3,2,0,2,16,28.1,8,14,2.27277,0.72697,0.2864,0.22292,"90.2",150,31.03448275862069,3.4482758620689653,1.7543859649122806,5.67,-1.27,0.31,2.36,0.316,1,"-0.42394958",0.312,0.249,"0.42394958",0.009,0.0040000000000000036,0.084,0.026,27.7,,,,,,,
238,668785,"Martorano, Brandon",2024,239,99.6,0.204,0.167,0.242,0.37,0.302,0.27,0.162,11,54,86.2,4.3,2249,87.9,87.92,29,100,138,0,6.21,106,148,116,145,305,329,295,"0.42","-0.42",,,62,36,8,0,0,3,18,29,8,12.9,2.40315,0.58347,0.29578,0.07747,"91.5",164,36.11111111111111,11.11111111111111,6.451612903225806,5.84,-0.26,0.11,2.34,0.306,4,"-0.176470588",0.27,0.33,"0.176470588",0.042,0.035999999999999976,0.04,0.032,29,,,,,,,
237,676991,"Bradshaw, Davis",2024,238,99.6,0.317,0.016,0.385,0.333,0.321,0.263,0.235,20,63,81.3,-9,2203,87.7,87.57,15,117,120,-0.10000000000000853,6.22,108,142,110,143,278,304,278,"-0.855","0.855",,,69,52,19,1,0,0,11,15.9,5,7.2,2.28911,0.71521,0.44734,-0.45958,"89.6",102,15.686274509803921,0,0,5.71,-0.86,-0.35,2.46,0.377,0,"0.360759494",0.302,0.268,"-0.360759494",0.082,0.07500000000000001,0.065,0.058,12.8,,,,,,,
236,672373,"Morales, Jeferson",2024,236,100,0.358,0.226,0.439,0.585,0.435,0.315,0.266,19,53,88.5,2.7,2240,86.8,86.76,21,106,130,0,6.14,103,151,119,147,295,314,278,"-5.29","5.29",,,60,42,10,7,1,1,11,18.3,6,10,2.5475,0.50796,0.15169,-0.03356,"91.4",137,38.095238095238095,0,0,5.98,0,0.11,2.21,0.433,0,"2.241525424",0.351,0.343,"-2.241525424",0.092,0.08200000000000002,0.242,0.12,19.8,,,,,,,
235,672537,"Rosario, Dalvy",2024,237,99.2,0.233,0.083,0.368,0.317,0.251,0.203,0.187,14,60,85.2,19.9,2222,87.1,87.01,36,115,120,-0.09999999999999432,6.17,105,150,114,146,292,315,280,"5.206","-5.206",,,62,38,9,5,0,0,22,35.5,2,3.2,2.48809,0.55446,0.16864,-0.01043,"90.4",162,34.21052631578947,0,0,5.83,-0.76,0.03,2.34,0.258,0,"-2.215319149",0.214,0.242,"2.215319149",0.046,0.04400000000000001,0.075,0.048,31.3,,,,,,,
233,702501,"Serrano III, Eli",2024,233,100,0.234,0.213,0.294,0.447,0.351,0.361,0.24,11,47,90.2,11.3,2262,88,88.04,28,95,138,0,6.38,114,148,115,149,283,308,291,"0.805","-0.805",,,56,35,5,3,2,1,12,21.4,7,12.5,2.16948,0.81691,0.60605,-0.51206,"92.4",174,48.57142857142857,11.428571428571429,7.142857142857142,5.69,-1.45,-0.06,2.47,0.357,4,"-0.345493562",0.362,0.458,"0.345493562",-0.006,-0.0050000000000000044,-0.011,-0.01,29.5,,,,,,,
233,686766,"Simoneit, William",2024,235,99.1,0.17,0.151,0.233,0.321,0.226,0.207,0.133,9,53,88,17.1,2245,88,87.88,40,106,127,-0.09999999999999432,6.19,108,151,117,146,292,312,281,"4.406","-4.406",,,58,32,5,2,0,2,23,39.7,3,5.2,2.32124,0.65513,0.29494,0.1473,"91.1",162,46.875,15.625,8.620689655172415,5.93,-0.54,0.11,2.35,0.207,5,"-1.890987124",0.187,0.243,"1.890987124",0.037,0.01999999999999999,0.078,0.019,37.7,,,,,,,
231,800685,"DiChiara, Sonny",2024,232,99.6,0.115,0.038,0.231,0.154,0.182,0.18,0.102,6,52,87.6,14.4,2219,89.1,89.33,51,115,116,0.20000000000000284,6.33,109,151,119,146,305,322,293,"5.201","-5.201",,,60,26,4,2,0,0,27,45,6,10,2.37558,0.5245,0.407,0.19874,"90.7",119,26.923076923076923,3.8461538461538463,1.6666666666666667,5.89,-1.18,0.01,2.31,0.217,1,"-2.251515152",0.215,0.123,"2.251515152",0.013,0.0020000000000000018,0.031,0.002,44.3,,,,,,,
230,676332,"Knight, Caleb",2024,232,99.1,0.194,0.21,0.2,0.403,0.279,0.255,0.201,12,62,87.2,16,2258,87.1,86.89,44,118,112,-0.19999999999998863,6.05,104,149,117,145,289,307,277,"4.007","-4.007",,,66,44,7,1,0,4,18,27.3,4,6.1,2.46904,0.55948,0.25144,0.24087,"91.2",133,36.36363636363637,9.090909090909092,6.0606060606060606,5.82,-0.55,0.23,2.32,0.242,4,"-1.742173913",0.249,0.329,"1.742173913",-0.007,-0.007000000000000006,0.074,0.024,37.3,,,,,,,
229,664848,"Sands, Donny",2024,229,100,0.176,0.02,0.257,0.196,0.21,0.291,0.262,9,51,88.7,3.9,2267,87.5,87.56,21,90,139,0.09999999999999432,6.32,105,150,120,147,300,322,293,"5.868","-5.868",,,56,35,8,1,0,0,16,28.6,5,8.9,2.48013,0.54247,0.4776,0.03236,"91.7",136,45.714285714285715,0,0,5.59,-0.32,0.01,2.22,0.25,0,"-2.562445415",0.328,0.313,"2.562445415",-0.086,-0.07800000000000001,-0.117,-0.081,23.3,,,,,,,
228,687272,"Flint, Tucker",2024,229,99.6,0.2,0.178,0.258,0.378,0.325,0.284,0.17,9,45,87.3,6.8,2210,88.4,88.83,28,86,142,0.3999999999999915,6.38,116,147,118,151,297,327,305,"1.216","-1.216",,,55,32,3,5,0,1,13,23.6,9,16.4,2.43715,0.49566,0.27451,-0.09363,"91.3",160,41.935483870967744,6.451612903225806,3.6363636363636362,5.72,-0.92,0.01,2.19,0.345,2,"-0.533333333",0.324,0.275,"0.533333333",0.03,0.020999999999999963,0.103,0.041,32.6,,,,,,,
228,692190,"Antonia, Donovan",2024,228,100,0.17,0.021,0.276,0.191,0.244,0.232,0.148,8,47,80.8,5.9,2266,89,88.73,34,100,128,-0.29999999999999716,6.25,105,148,115,144,293,307,276,"4.337","-4.337",,,56,29,7,1,0,0,18,32.1,8,14.3,2.07969,0.84604,0.45612,0.14247,"89.8",116,17.24137931034483,3.4482758620689653,1.7857142857142856,5.77,-0.84,0.04,2.4,0.304,1,"-1.902192982",0.285,0.184,"1.902192982",0.022,0.019000000000000017,0.007,0.012,34,,,,,,,
228,689858,"Lane, Carmine",2024,229,99.6,0.164,0.055,0.231,0.218,0.216,0.22,0.169,9,55,81.9,16.8,2255,88.9,88.81,37,116,112,-0.10000000000000853,6.31,106,148,115,145,289,305,272,"6.836","-6.836",,,61,39,7,1,1,0,16,26.2,6,9.8,2.15127,0.77573,0.43004,0.29339,"89.6",143,15.384615384615385,2.564102564102564,1.639344262295082,5.64,-1.11,0.16,2.46,0.246,1,"-2.998245614",0.251,0.222,"2.998245614",-0.005,-0.0050000000000000044,-0.004,-0.004,31.9,,,,,,,
228,700720,"Pino, Luis",2024,228,100,0.185,0.093,0.3,0.278,0.225,0.176,0.136,10,54,87,11.5,2330,88.5,88.08,44,116,112,-0.4000000000000057,6.1,103,148,115,146,291,303,272,"2.961","-2.961",,,58,31,7,2,0,1,23,39.7,3,5.2,2.22237,0.72705,0.55105,0.20588,"91.2",124,34.375,3.125,1.7241379310344827,5.69,-0.79,0.18,2.36,0.228,1,"-1.298684211",0.182,0.207,"1.298684211",0.049,0.04600000000000001,0.071,0.049,37.9,,,,,,,
227,703861,"Ortega, Victor",2024,227,100,0.233,0.047,0.294,0.279,0.324,0.331,0.243,10,43,84.7,7.5,2254,89,88.82,11,81,146,-0.20000000000000284,6.21,114,146,116,148,281,300,282,"-1.283","1.283",,,55,34,8,2,0,0,9,16.4,12,21.8,2.10458,0.81164,0.70811,-0.45436,"89.6",163,14.705882352941178,0,0,5.63,-0.89,0.02,2.23,0.4,0,"0.565198238",0.408,0.288,"-0.565198238",-0.01,-0.007999999999999952,-0.009,-0.007,13.6,,,,,,,
226,802599,"Penney, Jack",2024,226,100,0.222,0.133,0.333,0.356,0.311,0.261,0.165,10,45,87.2,6.9,2211,87.9,87.69,23,99,127,-0.20000000000000284,6.19,109,144,111,146,278,312,289,"0.296","-0.296",,,53,30,6,2,2,0,15,28.3,8,15.1,2.15111,0.84613,0.55009,-0.44398,"90.2",174,33.33333333333333,6.666666666666667,3.7735849056603774,5.83,-0.81,-0.09,2.41,0.34,2,"-0.130973451",0.291,0.267,"0.130973451",0.057,0.049000000000000044,0.089,0.05,23.2,,,,,,,
225,822501,"Gazdar, Jon Jon",2024,226,99.6,0.262,0.082,0.286,0.344,0.317,0.32,0.271,16,61,85.1,11,2337,88.8,88.55,15,112,113,-0.29999999999999716,6.21,105,148,116,146,293,303,277,"-1.723","1.723",,,70,56,12,3,1,0,5,7.1,7,10,2.19671,0.7432,0.43036,0.2884,"90.8",132,26.785714285714285,1.7857142857142856,1.4285714285714286,5.57,-1.38,0.15,2.5,0.357,1,"0.765777778",0.364,0.336,"-0.765777778",-0.009,-0.007000000000000006,0.008,-0.003,13.4,,,,,,,
225,681075,"Herman, Jack",2024,225,100,0.176,0.039,0.36,0.216,0.208,0.222,0.16,9,51,88.2,14.1,2307,88.3,88.1,51,123,102,-0.20000000000000284,6.29,102,151,117,145,287,302,271,"6.008","-6.008",,,55,25,7,2,0,0,26,47.3,4,7.3,2.23276,0.74449,0.43117,0.09514,"90.5",115,44,8,3.6363636363636362,5.79,-0.54,0.1,2.34,0.236,2,"-2.670222222",0.221,0.274,"2.670222222",0.016,0.014999999999999986,-0.058,-0.014,41.5,,,,,,,
224,671217,"Praytor, Sam",2024,225,99.6,0.265,0.143,0.333,0.408,0.332,0.33,0.248,13,49,90.5,14.7,2261,87.7,87.36,25,91,133,-0.29999999999999716,6.21,106,146,115,144,288,300,268,"-0.023","0.023",,,55,37,8,4,0,1,12,21.8,6,10.9,2.2504,0.75304,0.31617,0.16023,"92.6",153,45.94594594594595,5.405405405405405,3.6363636363636362,5.69,-0.84,0.21,2.31,0.345,2,"0.010267857",0.33,0.422,"-0.010267857",0.017,0.014999999999999958,-0.014,0.002,27.5,,,,,,,
223,501303,"Adrianza, Ehire",2024,224,99.6,0.333,0.214,0.382,0.548,0.407,0.312,0.233,14,42,87.6,9.3,2212,88.7,89.13,20,80,143,0.3999999999999915,6.36,113,148,111,148,298,322,294,"-5.455","5.455",,,52,35,9,2,2,1,9,17.3,8,15.4,2.30619,0.60758,0.44403,-0.44403,"91.0",143,25.71428571428571,2.857142857142857,1.9230769230769231,5.76,-0.98,-0.05,2.3,0.423,1,"2.446188341",0.348,0.336,"-2.446188341",0.1,0.07500000000000001,0.212,0.095,25,,,,,,,
221,686540,"Cobb, Owen",2024,221,100,0.278,0.074,0.375,0.352,0.322,0.269,0.22,15,54,83.9,2.3,2282,87.9,87.81,31,117,104,-0.10000000000000853,6.27,104,147,115,144,288,304,273,"-1.479","1.479",,,63,40,11,4,0,0,15,23.8,7,11.1,2.31855,0.6719,0.36914,0.14878,"90.5",120,25,0,0,5.63,-0.98,0.15,2.37,0.365,0,"0.669230769",0.316,0.259,"-0.669230769",0.058,0.04899999999999999,0.093,0.053,26.5,,,,,,,
221,672569,"Campero, Gustavo",2024,224,98.7,0.271,0.063,0.333,0.333,0.325,0.336,0.286,13,48,90.1,9.9,2142,87.8,87.97,26,113,108,0.20000000000000284,6.26,115,146,103,150,297,321,300,"-0.845","0.845",,,56,39,10,3,0,0,9,16.1,5,8.9,2.58353,0.39855,0.26726,-0.26726,"91.9",120,41.02564102564102,0,0,5.85,-1.67,-0.14,2.32,0.375,0,"0.382352941",0.388,0.347,"-0.382352941",-0.015,-0.013000000000000012,-0.014,-0.011,23,,,,,,,
219,691586,"Hidalgo, Renny",2024,219,100,0.159,0.023,0.25,0.182,0.224,0.225,0.151,7,44,87.1,15.5,2256,88.3,88.04,40,113,106,-0.29999999999999716,6.23,107,146,113,145,286,297,268,"4.06","-4.06",,,51,28,6,1,0,0,16,31.4,6,11.8,2.21,0.76023,0.45427,0.20904,"89.6",131,21.428571428571427,0,0,5.67,-0.94,0.12,2.39,0.275,0,"-1.853881279",0.27,0.189,"1.853881279",0.008,0.0050000000000000044,-0.007,-0.001,35.4,,,,,,,
219,695461,"Spohn, Harrison",2024,219,100,0.216,0.059,0.333,0.275,0.255,0.198,0.15,11,51,84.2,12.7,2218,87.6,87.48,32,102,117,-0.09999999999999432,6.2,106,150,119,145,298,317,281,"2.863","-2.863",,,56,33,8,3,0,0,18,32.1,5,8.9,2.41963,0.59879,0.34744,-0.00671,"89.8",115,18.181818181818183,0,0,5.88,-0.41,0,2.22,0.286,0,"-1.307305936",0.226,0.195,"1.307305936",0.066,0.05999999999999997,0.08,0.057,31.4,,,,,,,
218,701807,"Benge, Carson",2024,218,100,0.26,0.18,0.297,0.44,0.359,0.319,0.238,13,50,88.4,2.1,2280,88.4,88.36,16,93,125,0,6.33,109,145,113,146,286,307,292,"-0.088","0.088",,,59,39,8,3,0,2,11,18.6,7,11.9,2.15881,0.80898,0.63576,-0.53419,"91.0",166,35.8974358974359,5.128205128205128,3.389830508474576,5.78,-1.57,-0.11,2.54,0.373,2,"0.040366972",0.354,0.343,"-0.040366972",0.022,0.019000000000000017,0.097,0.04,17.2,,,,,,,
217,671213,"Casas, Triston",2024,217,100,0.286,0.238,0.407,0.524,0.392,0.326,0.207,12,42,91.6,17.2,2146,88.5,88.89,23,82,135,0.4000000000000057,6.47,114,145,127,151,290,320,297,"-2.942","2.942",,,49,28,4,7,0,1,14,28.6,6,12.2,2.34129,0.60056,0.24581,-0.18396,"91.9",178,42.857142857142854,17.857142857142858,10.204081632653061,5.81,-1.69,-0.05,2.32,0.388,5,"1.355760369",0.32,0.417,"-1.355760369",0.079,0.068,0.107,0.066,28,,,,,,,
217,808864,"Tello, Raider",2024,217,100,0.255,0.039,0.342,0.294,0.294,0.274,0.214,13,51,86,4.3,2270,88.4,88.44,26,108,109,0,6.21,106,146,115,144,288,305,272,"1.064","-1.064",,,58,38,11,2,0,0,13,22.4,6,10.3,2.22253,0.75389,0.24958,0.00282,"90.1",161,31.57894736842105,0,0,5.88,-0.95,0.15,2.5,0.345,0,"-0.490322581",0.309,0.282,"0.490322581",0.041,0.035999999999999976,0.012,0.02,24.1,,,,,,,
215,701437,"Rudd, Jaden",2024,217,99.1,0.143,0.095,0.192,0.238,0.283,0.268,0.145,6,42,82,4.1,2235,88.5,88.52,22,80,135,0,6.31,109,145,108,148,279,303,277,"1.065","-1.065",,,54,27,4,1,0,1,15,27.8,7,13,2.18781,0.75911,0.54723,-0.47624,"89.6",132,18.51851851851852,3.7037037037037033,1.8518518518518516,5.76,-1.48,-0.06,2.42,0.333,1,"-0.495348837",0.335,0.188,"0.495348837",-0.002,-0.0020000000000000018,0.05,0.015,27.5,,,,,,,
215,671088,"Morris, Tanner",2024,215,100,0.149,0.064,0.206,0.213,0.237,0.268,0.172,7,47,86.4,7.8,2260,88.5,88.61,23,84,131,0.09999999999999432,6.39,115,145,115,151,288,314,288,"3.316","-3.316",,,57,34,4,3,0,0,14,24.6,9,15.8,2.33181,0.62873,0.25836,-0.12653,"90.3",150,29.411764705882355,5.88235294117647,3.508771929824561,5.84,-0.65,-0.24,2.32,0.281,2,"-1.542325581",0.304,0.269,"1.542325581",-0.023,-0.022999999999999965,-0.056,-0.031,27.4,,,,,,,
214,456781,"Solano, Donovan",2024,214,100,0.318,0.136,0.361,0.455,0.369,0.345,0.302,14,44,89.7,20.4,2182,87.5,87.88,23,90,124,0.4000000000000057,6.32,104,150,118,147,301,323,291,"-1.645","1.645",,,51,37,10,3,0,1,8,15.7,5,9.8,2.50411,0.49873,0.29604,0.105,"91.3",189,40.54054054054054,2.7027027027027026,1.9607843137254901,5.68,-0.95,0.19,2.2,0.392,1,"0.768691589",0.379,0.401,"-0.768691589",0.016,0.013000000000000012,0.054,0.024,25.6,,,,,,,
213,827665,"Lewis, Dillon",2024,213,100,0.25,0.135,0.286,0.385,0.301,0.276,0.248,13,52,90,14.8,2297,88.1,87.96,21,96,117,-0.09999999999999432,6.29,105,146,113,144,294,312,279,"-1.828","1.828",,,56,43,8,4,0,1,9,16.1,4,7.1,2.27014,0.7183,0.35259,0.02882,"91.7",120,32.55813953488372,0,0,5.76,-1.08,0.09,2.5,0.304,0,"0.858215962",0.302,0.314,"-0.858215962",0.002,0.0020000000000000018,0.071,0.025,21.9,,,,,,,
209,691783,"Lawlar, Jordan",2024,210,99.5,0.367,0.224,0.516,0.592,0.436,0.296,0.248,18,49,86.5,11.8,2221,88.2,88.43,27,92,117,0.20000000000000284,6.19,104,151,115,146,301,328,297,"-3.805","3.805",,,57,33,12,3,1,2,17,29.8,7,12.3,2.39211,0.55517,0.45447,0.01417,"91.0",162,33.33333333333333,0,0,5.87,-0.9,0.27,2.23,0.439,0,"1.820574163",0.336,0.315,"-1.820574163",0.119,0.10299999999999998,0.277,0.14,29.3,,,,,,,
209,624512,"McGuire, Reese",2024,209,100,0.114,0.023,0.172,0.136,0.178,0.193,0.126,5,44,81.4,25.5,2135,87.9,88.04,22,91,118,0.09999999999999432,6.34,118,146,118,151,284,315,290,"6.403","-6.403",,,51,29,4,1,0,0,15,29.4,6,11.8,2.26211,0.77029,0.34483,-0.25249,"90.1",154,16.666666666666664,0,0,5.96,-1.02,-0.08,2.33,0.22,0,"-3.063636364",0.231,0.16,"3.063636364",-0.012,-0.01100000000000001,-0.024,-0.015,24.2,,,,,,,
208,695068,"Wallace, Landon",2024,209,99.5,0.229,0.146,0.379,0.375,0.303,0.274,0.207,11,48,88.7,6.6,2209,89.4,89.77,32,86,122,0.3999999999999915,6.37,109,151,113,148,308,325,293,"1.391","-1.391",,,54,29,6,3,2,0,19,35.2,6,11.1,2.28913,0.58101,0.40764,0.01784,"91.6",154,48.275862068965516,6.896551724137931,3.7037037037037033,5.8,-1.14,0.05,2.29,0.315,2,"-0.66875",0.295,0.312,"0.66875",0.022,0.020000000000000018,0.063,0.029,37.2,,,,,,,
207,682622,"Marte, Noelvi",2024,207,100,0.151,0.019,0.211,0.17,0.14,0.196,0.195,8,53,86.6,6.7,2218,86.9,87.17,34,116,91,0.29999999999999716,6.23,103,150,117,147,293,326,285,"9.425","-9.425",,,53,38,7,1,0,0,15,28.3,0,0,2.63884,0.39485,0.04408,-0.03117,"91.7",117,39.473684210526315,2.631578947368421,1.8867924528301887,5.94,-0.37,0.18,2.2,0.151,1,"-4.553140097",0.195,0.253,"4.553140097",-0.044,-0.04400000000000001,-0.083,-0.056,29.3,,,,,,,
207,663853,"Gonzalez, Romy",2024,207,100,0.373,0.294,0.41,0.667,0.454,0.424,0.348,19,51,94.3,9,2210,87.8,87.66,31,101,106,-0.09999999999999432,6.23,106,149,119,145,299,319,278,"-7.868","7.868",,,57,42,12,2,2,3,10,17.5,4,7,2.46536,0.53668,0.15551,0.2157,"93.4",170,47.5,15,10.526315789473683,5.79,-1.24,0.01,2.17,0.421,6,"3.800966184",0.401,0.6,"-3.800966184",0.025,0.019999999999999962,0.067,0.03,30.7,,,,,,,
207,691789,"Pacheco, Izaac",2024,207,100,0.244,0.073,0.385,0.317,0.323,0.349,0.252,10,41,89.1,11.1,2286,87.3,87.18,32,92,115,-0.09999999999999432,6.3,111,145,118,148,278,312,288,"-1.021","1.021",,,50,26,7,3,0,0,15,30,9,18,2.41725,0.61811,0.41537,-0.18678,"91.3",129,46.15384615384615,3.8461538461538463,2,5.7,-1.04,-0.06,2.22,0.38,1,"0.493236715",0.386,0.383,"-0.493236715",-0.008,-0.006000000000000005,-0.066,-0.026,34.8,,,,,,,
207,702673,"Daniel, Omari",2024,210,98.6,0.143,0.102,0.292,0.245,0.184,0.105,0.08,7,49,83.2,20,2317,89.6,89.38,41,99,108,-0.19999999999998863,6.29,108,149,108,144,285,300,275,"6.871","-6.871",,,51,24,3,3,1,0,25,49,2,3.9,2.0529,0.83396,0.45952,0.26077,"89.2",176,8.695652173913043,0,0,5.84,-0.83,0.1,2.63,0.176,0,"-3.319323671",0.117,0.104,"3.319323671",0.063,0.05899999999999998,0.141,0.079,41.4,,,,,,,
206,815874,"Roselli, Nick",2024,208,99,0.302,0.116,0.414,0.419,0.371,0.292,0.2,13,43,84.1,5.4,2264,87.4,87.38,28,102,104,0,6.33,110,146,112,147,280,303,288,"-1.562","1.562",,,51,30,10,2,0,1,13,25.5,7,13.7,2.22413,0.81385,0.53762,-0.45267,"91.1",129,26.666666666666668,3.3333333333333335,1.9607843137254901,5.78,-1.13,-0.08,2.57,0.412,1,"0.758252427",0.325,0.304,"-0.758252427",0.102,0.08699999999999997,0.115,0.079,27.5,,,,,,,
203,686681,"Massey, Michael",2024,203,100,0.333,0.255,0.357,0.588,0.407,0.286,0.254,17,51,88.5,15.6,2194,86.7,86.63,20,107,96,-0.10000000000000853,6.05,119,147,114,150,292,331,293,"-5.812","5.812",,,54,44,8,7,0,2,7,13,3,5.6,2.49374,0.58515,0.29631,-0.38054,"91.2",156,40.909090909090914,2.272727272727273,1.8518518518518516,5.68,-1.12,-0.1,2.32,0.37,1,"2.863054187",0.296,0.354,"-2.863054187",0.079,0.07400000000000001,0.234,0.121,18.7,,,,,,,
201,694728,"Matthews, Brice",2024,201,100,0.143,0.048,0.261,0.19,0.214,0.267,0.2,6,42,87.9,28.2,2197,88.2,88.05,18,72,129,-0.20000000000000284,6.28,106,149,110,147,294,309,294,"3.386","-3.386",,,48,23,4,2,0,0,19,39.6,3,6.3,2.41811,0.56555,0.42731,-0.07259,"91.3",158,43.47826086956522,0,0,5.6,0.18,0.06,2.38,0.25,0,"-1.684577114",0.3,0.27,"1.684577114",-0.057,-0.04999999999999999,-0.08,-0.053,25,,,,,,,
200,695276,"Long, Jacoby",2024,200,100,0.18,0,0.243,0.18,0.199,0.221,0.194,9,50,84.6,9.7,2305,88.1,88.07,35,105,95,0,6.4,105,147,114,146,290,301,276,"5.054","-5.054",,,54,37,9,0,0,0,13,24.1,3,5.6,2.30455,0.68575,0.4699,0.3286,"89.3",135,13.513513513513514,0,0,5.72,-1.3,0.28,2.38,0.241,0,"-2.527",0.254,0.226,"2.527",-0.014,-0.013000000000000012,-0.046,-0.022,33.3,,,,,,,
200,682898,"Balogh, Ricardo",2024,200,100,0.205,0.068,0.281,0.273,0.272,0.257,0.192,9,44,85.1,10.8,2259,87.7,87.37,24,86,114,-0.29999999999999716,6.19,109,145,120,146,286,301,277,"1.842","-1.842",,,51,32,6,3,0,0,12,23.5,7,13.7,2.3869,0.64005,0.53815,-0.53815,"90.2",134,28.125,0,0,5.71,-1.01,-0.14,2.27,0.314,0,"-0.921",0.303,0.241,"0.921",0.013,0.01100000000000001,0.032,0.015,27.9,,,,,,,
200,665923,"Ruiz, Esteury",2024,200,100,0.326,0.256,0.355,0.581,0.426,0.375,0.259,14,43,89.4,16.2,2265,87.6,87.77,27,94,106,0.20000000000000284,6.25,108,152,112,146,297,314,284,"-3.675","3.675",,,52,34,9,2,0,3,10,19.2,6,11.5,2.3186,0.67864,0.23795,0.03705,"91.4",135,32.35294117647059,11.76470588235294,7.6923076923076925,5.74,-1.05,0.24,2.27,0.423,4,"1.8375",0.368,0.494,"-1.8375",0.067,0.05499999999999999,0.087,0.051,28.7,,,,,,,
200,703160,"Mercedes, Yasser",2024,200,100,0.125,0.025,0.227,0.15,0.216,0.223,0.124,5,40,83.6,9.6,2315,86.9,86.83,27,72,128,-0.10000000000000853,6.3,107,141,116,146,294,306,286,"2.855","-2.855",,,48,22,4,1,0,0,18,37.5,6,12.5,2.41755,0.65919,0.3198,0.1703,"90.3",105,27.27272727272727,4.545454545454546,2.083333333333333,5.65,-1.21,0.27,2.41,0.271,1,"-1.4275",0.27,0.172,"1.4275",0.001,0.0010000000000000009,-0.022,-0.007,37.5,,,,,,,
199,694213,"Flores, Yemal",2024,199,100,0.19,0.071,0.333,0.262,0.259,0.256,0.187,8,42,85.2,13.2,2264,86.4,85.88,47,94,105,-0.5,6.1,108,150,114,149,295,309,272,"3.413","-3.413",,,48,22,7,0,0,1,20,41.7,3,6.3,2.45603,0.65523,0.39724,0.18769,"91.5",128,31.818181818181817,9.090909090909092,4.166666666666666,5.8,-1.37,0.07,2.5,0.292,2,"-1.715075377",0.288,0.26,"1.715075377",0.003,0.0040000000000000036,0.002,0.003,50,,,,,,,
198,655316,"Monasterio, Andruw",2024,198,100,0.243,0.054,0.31,0.297,0.303,0.326,0.251,9,37,91.3,13.3,2173,89.1,89.1,20,72,126,0,6.23,106,150,114,144,300,318,281,"0.727","-0.727",,,47,29,7,2,0,0,10,21.3,7,14.9,2.29631,0.60817,0.3799,0.14323,"92.0",155,41.37931034482759,3.4482758620689653,2.127659574468085,5.94,-0.73,0.16,2.3,0.362,1,"-0.367171717",0.37,0.346,"0.367171717",-0.008,-0.008000000000000007,-0.049,-0.023,27.8,,,,,,,
198,815074,"Berg, Derek",2024,198,100,0.119,0.071,0.16,0.19,0.188,0.173,0.12,5,42,86.1,7.4,2343,88.5,88.42,28,81,117,-0.09999999999999432,6.29,110,147,116,145,296,309,277,"4.816","-4.816",,,48,26,4,0,0,1,17,35.4,5,10.4,2.22424,0.7301,0.23716,0.02406,"89.9",128,19.230769230769234,0,0,5.82,-0.79,0.36,2.49,0.208,0,"-2.432323232",0.21,0.14,"2.432323232",-0.001,-0.0020000000000000018,0.05,0.015,34.6,,,,,,,
197,701296,"Mathison, Carter",2024,197,100,0.179,0.036,0.294,0.214,0.354,0.365,0.189,5,28,82.6,13.9,2312,89.1,89.18,19,60,137,0.10000000000000853,6.38,111,146,118,149,287,307,288,"-3.6","3.6",,,43,17,4,1,0,0,11,25.6,11,25.6,2.05832,0.86107,0.51391,-0.38954,"90.0",137,17.647058823529413,0,0,5.84,-1.08,-0.14,2.48,0.465,0,"1.827411168",0.472,0.24,"-1.827411168",-0.01,-0.006999999999999951,-0.026,-0.011,31.7,,,,,,,
197,680935,"Pavolony, Connor",2024,199,99,0.306,0.167,0.44,0.472,0.39,0.32,0.215,11,36,88.2,18.7,2159,88,88.01,32,100,97,0,6.18,109,151,118,146,295,317,283,"-2.967","2.967",,,43,25,5,6,0,0,11,25.6,7,16.3,2.40096,0.56816,0.41056,-0.03638,"90.5",150,36,8,4.651162790697675,5.88,-0.51,0.11,2.43,0.419,2,"1.506091371",0.343,0.365,"-1.506091371",0.091,0.07599999999999996,0.107,0.07,32,,,,,,,
192,592205,"Casteel, Ryan",2024,192,100,0.213,0.149,0.32,0.362,0.263,0.23,0.201,10,47,89.5,19.6,2264,88.3,88.48,33,98,94,0.20000000000000284,6.32,112,149,117,146,294,313,286,"4.262","-4.262",,,49,27,7,1,0,2,20,40.8,2,4.1,2.44958,0.50132,0.18695,0.00126,"91.1",143,37.03703703703704,7.4074074074074066,4.081632653061225,5.8,-0.95,0.13,2.27,0.245,2,"-2.219791667",0.233,0.287,"2.219791667",0.012,0.011999999999999983,0.075,0.033,33.7,,,,,,,
190,669003,"Mitchell, Garrett",2024,190,100,0.318,0.318,0.323,0.636,0.435,0.386,0.295,14,44,87.9,11.1,2202,88.7,88.76,18,78,112,0.09999999999999432,6.26,114,145,114,150,291,328,304,"-6.117","6.117",,,52,35,8,2,0,4,10,19.2,6,11.5,2.19558,0.72426,0.37016,-0.24762,"91.8",164,37.142857142857146,14.285714285714285,9.615384615384617,5.85,-0.66,-0.06,2.48,0.404,5,"3.219473684",0.387,0.506,"-3.219473684",0.023,0.017000000000000015,0.13,0.049,23.1,,,,,,,
190,701544,"Blake, Andy",2024,191,99.5,0.182,0.136,0.2,0.318,0.263,0.258,0.176,8,44,80.8,10.2,2215,88,88.14,25,83,107,0.09999999999999432,6.26,105,149,117,146,302,324,290,"4.281","-4.281",,,49,32,6,0,0,2,12,24.5,4,8.2,2.41111,0.57016,0.31521,0.19384,"90.1",140,21.875,9.375,6.122448979591836,5.78,-1.06,0.07,2.34,0.265,3,"-2.253157895",0.26,0.311,"2.253157895",0.006,0.0050000000000000044,0.007,0.005,30.1,,,,,,,
187,677007,"Breaux, Josh",2024,187,100,0.146,0.146,0.179,0.292,0.215,0.236,0.18,7,48,86.6,14.3,2263,85.7,85.91,39,105,82,0.20000000000000284,6.39,103,149,118,145,294,319,281,"5.871","-5.871",,,51,30,4,1,0,2,18,35.3,3,5.9,2.64193,0.50989,0.01909,-0.07802,"91.0",143,30,3.3333333333333335,1.9607843137254901,5.62,-1.09,0.08,2.46,0.196,1,"-3.139572193",0.228,0.304,"3.139572193",-0.034,-0.032,-0.012,-0.021,37.1,,,,,,,
187,702328,"Stauss, Wade",2024,187,100,0.147,0.059,0.357,0.206,0.255,0.263,0.168,5,34,92.1,11.3,2207,87.1,87.1,37,78,109,0,6.19,116,143,118,148,285,318,290,"2.614","-2.614",,,42,14,3,2,0,0,20,47.6,7,16.7,2.4915,0.59876,0.21941,-0.26957,"90.8",160,50,0,0,5.88,-0.98,-0.1,2.34,0.31,0,"-1.397860963",0.326,0.202,"1.397860963",-0.021,-0.016000000000000014,0.004,-0.008,47.4,,,,,,,
186,702518,"Williams, Jett",2024,186,100,0.324,0.118,0.458,0.441,0.429,0.389,0.272,11,34,89.8,20.1,2247,87.9,88.25,15,57,129,0.3999999999999915,6.49,105,149,116,144,289,315,285,"-4.635","4.635",,,47,24,7,4,0,0,10,21.3,12,25.5,2.27737,0.71376,0.26629,0.09457,"91.5",168,37.5,0,0,5.84,-1.44,0.16,2.31,0.511,0,"2.491935484",0.473,0.357,"-2.491935484",0.052,0.038000000000000034,0.084,0.04,26.3,,,,,,,
186,815694,"Albrecht, Lou",2024,187,99.5,0.143,0.095,0.208,0.238,0.22,0.24,0.177,6,42,86.8,7,2246,87.5,87.3,33,85,101,-0.20000000000000284,6.21,107,147,114,144,294,308,273,"3.036","-3.036",,,47,25,4,1,0,1,17,36.2,3,6.4,2.40914,0.62746,0.33589,0.20454,"90.3",139,24,4,2.127659574468085,5.73,-1.08,-0.01,2.42,0.234,1,"-1.632258065",0.265,0.251,"1.632258065",-0.034,-0.031,-0.013,-0.02,38.8,,,,,,,
185,644374,"Chang, Yu",2024,185,100,0.293,0.22,0.417,0.512,0.405,0.342,0.223,12,41,88.5,14.3,2279,88.4,88.51,36,79,106,0.09999999999999432,6.24,106,152,123,147,282,314,285,"-6.44","6.44",,,50,26,7,3,0,2,15,30,8,16,2.32697,0.6169,0.26152,-0.00337,"91.2",146,34.61538461538461,11.538461538461538,6,5.8,-1.16,0.12,2.37,0.42,3,"3.481081081",0.363,0.398,"-3.481081081",0.07,0.056999999999999995,0.114,0.063,45.6,,,,,,,
178,680713,"Hilson, P.J.",2024,178,100,0.135,0.135,0.156,0.269,0.2,0.175,0.137,7,52,83.9,9.6,2279,87.6,87.13,40,103,75,-0.5,6.19,103,149,106,145,286,305,272,"4.24","-4.24",,,55,34,4,1,0,2,18,32.7,2,3.6,2.28713,0.75006,0.38253,0.08489,"90.0",118,23.52941176470588,2.941176470588235,1.8181818181818181,5.83,-0.51,0.16,2.31,0.182,1,"-2.382022472",0.184,0.199,"2.382022472",-0.002,-0.0020000000000000018,0.07,0.025,38.8,,,,,,,
177,689302,"Simas, Karson",2024,177,100,0.268,0.073,0.357,0.341,0.288,0.259,0.217,11,41,85,-3.5,2166,87.6,87.69,20,83,94,0.10000000000000853,6.39,106,146,112,143,294,313,277,"2.59","-2.59",,,45,29,10,0,0,1,13,28.9,2,4.4,2.42006,0.59311,0.27079,0.17429,"91.7",106,51.724137931034484,10.344827586206897,6.666666666666667,5.81,-0.87,0.13,2.25,0.311,3,"-1.463276836",0.27,0.307,"1.463276836",0.051,0.04099999999999998,0.034,0.029,24.1,,,,,,,
177,660162,"Moncada, Yoán",2024,177,100,0.341,0.195,0.464,0.537,0.409,0.306,0.232,14,41,92.2,18,2191,87.3,87.23,25,83,94,-0.09999999999999432,6.21,110,144,124,147,289,319,286,"-3.013","3.013",,,46,29,8,5,0,1,12,26.1,5,10.9,2.47763,0.55722,0.37164,-0.37164,"92.0",159,31.03448275862069,6.896551724137931,4.3478260869565215,5.84,-0.77,-0.16,2.2,0.413,2,"1.702259887",0.316,0.376,"-1.702259887",0.109,0.09699999999999998,0.161,0.103,30.1,,,,,,,
173,696281,"Young, Wyatt",2024,173,100,0.283,0.043,0.382,0.326,0.302,0.213,0.173,13,46,83.6,10.2,2195,89,89.14,18,96,77,0.09999999999999432,6.32,115,147,111,146,277,312,287,"0.726","-0.726",,,52,34,11,2,0,0,13,25,3,5.8,2.16503,0.79157,0.44052,-0.34203,"89.0",141,14.705882352941178,0,0,5.85,-1.35,-0.25,2.44,0.346,0,"-0.419653179",0.25,0.202,"0.419653179",0.11,0.09599999999999997,0.124,0.089,18.8,,,,,,,
172,685277,"Kahle, Nick",2024,172,100,0.256,0.116,0.286,0.372,0.307,0.302,0.258,11,43,83,12.9,2206,89.5,89.65,30,102,70,0.09999999999999432,6.3,104,147,115,143,292,314,282,"-0.787","0.787",,,47,36,8,2,0,1,7,14.9,2,4.3,2.15797,0.72207,0.48692,0.17494,"90.1",149,25.71428571428571,2.857142857142857,2.127659574468085,5.83,-0.74,-0.05,2.19,0.319,1,"0.45755814",0.322,0.349,"-0.45755814",-0.002,-0.0030000000000000027,0.023,0.005,29.4,,,,,,,
171,800957,"Jones, Brendan",2024,171,100,0.321,0.214,0.421,0.536,0.468,0.382,0.211,9,28,86.3,24.9,2263,88.6,88.45,11,52,119,-0.09999999999999432,6.21,111,145,119,149,276,304,282,"-7.051","7.051",,,41,20,5,3,0,1,8,19.5,13,31.7,2.11181,0.83012,0.47876,-0.46065,"90.4",190,30,10,4.878048780487805,5.78,-0.87,-0.23,2.39,0.537,2,"4.123391813",0.461,0.35,"-4.123391813",0.11,0.07600000000000001,0.186,0.086,21.2,,,,,,,
171,814429,"Patrick, Andrew",2024,172,99.4,0.171,0.057,0.3,0.229,0.259,0.239,0.15,6,35,83,20.9,2350,88.9,88.94,38,87,84,0,6.28,108,149,116,146,294,310,281,"2.854","-2.854",,,42,20,4,2,0,0,15,35.7,7,16.7,2.11977,0.80585,0.2886,0.13491,"89.4",160,10,0,0,5.67,-1.2,0.29,2.46,0.31,0,"-1.669005848",0.291,0.192,"1.669005848",0.021,0.019000000000000017,0.037,0.02,43.7,,,,,,,
169,678285,"Pertuz, Fabian",2024,169,100,0.205,0.231,0.261,0.436,0.299,0.262,0.206,8,39,86.9,20,2179,87.6,87.66,27,86,83,0.10000000000000853,6.1,106,153,117,149,286,302,277,"1.247","-1.247",,,42,25,3,3,0,2,14,33.3,3,7.1,2.29254,0.70054,0.27509,0.1255,"90.0",173,24,8,4.761904761904762,5.99,-0.64,0.3,2.42,0.262,2,"-0.737869822",0.263,0.33,"0.737869822",-0.001,-0.0010000000000000009,0.106,0.037,31.4,,,,,,,
169,800299,"Hernandez, Diomedes",2024,169,100,0.3,0.125,0.333,0.425,0.354,0.305,0.255,12,40,85.9,17.2,2160,88.2,87.95,27,84,85,-0.20000000000000284,6.22,100,148,114,145,293,308,275,"-3.447","3.447",,,47,34,9,2,0,1,7,14.9,6,12.8,2.1358,0.8413,0.4987,0.11858,"90.6",151,29.411764705882355,2.941176470588235,2.127659574468085,5.83,-0.79,0.3,2.43,0.383,1,"2.03964497",0.345,0.333,"-2.03964497",0.045,0.038000000000000034,0.092,0.049,32.1,,,,,,,
169,701546,"Gourson, Duce",2024,169,100,0.229,0.114,0.32,0.343,0.367,0.373,0.247,8,35,89.1,13.9,2164,88.5,88.55,16,61,108,0,6.36,111,144,114,146,283,315,292,"-1.031","1.031",,,48,25,4,4,0,0,10,20.8,10,20.8,2.10107,0.84645,0.58112,-0.54385,"91.4",146,44,8,4.166666666666666,5.78,-1.19,0.1,2.39,0.438,2,"0.610059172",0.451,0.339,"-0.610059172",-0.018,-0.013000000000000012,0.004,-0.006,26.2,,,,,,,
168,676811,"Nieporte, Quincy",2024,168,100,0.278,0.056,0.385,0.333,0.326,0.271,0.208,10,36,85.3,6.9,2216,87.6,88.1,34,96,72,0.5,6.38,106,151,120,147,301,326,293,"-0.189","0.189",,,43,26,8,2,0,0,10,23.3,6,14,2.44673,0.56347,0.24,0.09114,"90.9",129,26.923076923076923,0,0,5.58,-0.2,0.05,2.41,0.381,0,"0.1125",0.321,0.252,"-0.1125",0.07,0.06,0.081,0.055,35.4,,,,,,,
164,621550,"Wisdom, Patrick",2024,164,100,0.407,0.481,0.615,0.889,0.558,0.524,0.337,11,27,96,26.7,2146,87.3,87.34,23,58,106,0,6.19,107,153,122,149,295,321,285,"-7.767","7.767",,,35,16,4,4,0,3,12,34.3,7,20,2.56244,0.45166,0.30085,0.28085,"94.9",190,62.5,31.25,14.285714285714285,5.93,-0.95,0.1,2.29,0.514,5,"4.73597561",0.482,0.711,"-4.73597561",0.07,0.03200000000000003,0.178,0.034,39.7,,,,,,,
164,670190,"Bins, Carter",2024,164,100,0.275,0.125,0.55,0.4,0.351,0.243,0.144,11,40,88.9,9.9,2250,89.3,89.37,33,79,85,0.10000000000000853,6.34,107,148,116,144,292,319,281,"-0.654","0.654",,,47,20,6,5,0,0,20,42.6,4,8.5,2.29939,0.59098,0.37518,0.32933,"92.3",115,50,15,6.382978723404255,5.84,-0.73,0.18,2.26,0.383,3,"0.398780488",0.271,0.235,"-0.398780488",0.131,0.11199999999999999,0.165,0.108,41.8,,,,,,,
164,670128,"Kohlwey, Taylor",2024,164,100,0.088,0.029,0.143,0.118,0.137,0.159,0.119,3,34,80.1,22.5,2146,87.1,87.31,18,72,92,0.20000000000000284,6.32,113,145,117,151,283,318,289,"5.689","-5.689",,,37,21,2,1,0,0,13,35.1,3,8.1,2.45415,0.57677,0.41742,-0.24638,"90.9",121,4.761904761904762,0,0,5.81,-1.11,-0.18,2.31,0.162,0,"-3.468902439",0.19,0.137,"3.468902439",-0.031,-0.027999999999999997,-0.019,-0.022,25,,,,,,,
163,674630,"Lewis, AJ",2024,163,100,0.314,0.171,0.355,0.486,0.397,0.411,0.339,11,35,86.8,10.4,2156,87.2,87.69,17,68,95,0.5,6.22,106,148,119,144,307,323,297,"-3.569","3.569",,,44,31,5,6,0,0,5,11.4,7,15.9,2.58528,0.41925,0.27217,-0.01304,"90.6",174,38.70967741935484,0,0,5.74,-0.35,0.06,2.28,0.432,0,"2.189570552",0.462,0.455,"-2.189570552",-0.025,-0.030000000000000027,0.031,-0.014,25,,,,,,,
163,687526,"Smith, Marcus",2024,163,100,0.154,0.026,0.333,0.179,0.185,0.174,0.138,6,39,87.8,9.1,2146,88.4,88.18,21,58,105,-0.20000000000000284,6.12,109,145,109,148,286,314,292,"4.811","-4.811",,,42,18,5,1,0,0,21,50,2,4.8,2.44552,0.52283,0.38767,-0.1484,"90.9",147,33.33333333333333,0,0,5.8,-0.67,-0.11,2.35,0.214,0,"-2.951533742",0.199,0.167,"2.951533742",0.016,0.014999999999999986,0.012,0.011,36.2,,,,,,,
161,691988,"De La Rosa, Marcos",2024,164,98.2,0.229,0.171,0.429,0.4,0.341,0.285,0.176,8,35,86.6,24.1,2168,88.7,88.48,37,79,82,-0.20000000000000284,6.25,104,145,105,144,283,307,282,"0.212","-0.212",,,44,16,6,0,0,2,20,45.5,5,11.4,2.15453,0.77839,0.70242,-0.70242,"90.1",137,37.5,12.5,4.545454545454546,5.74,-0.94,0.01,2.43,0.364,2,"-0.131677019",0.322,0.284,"0.131677019",0.053,0.04199999999999998,0.116,0.056,46.8,,,,,,,
161,701785,"Culpepper, Kaelen",2024,161,100,0.297,0.243,0.273,0.541,0.389,0.416,0.337,11,37,88.1,10.7,2295,88,88.2,8,72,89,0.20000000000000284,6.46,110,148,115,147,291,310,277,"-2.982","2.982",,,41,35,6,3,0,2,2,4.9,3,7.3,2.31099,0.68106,0.39453,0.26994,"91.8",170,34.285714285714285,8.571428571428571,7.317073170731707,5.72,-0.81,0.22,2.33,0.366,3,"1.852173913",0.402,0.562,"-1.852173913",-0.04,-0.03600000000000003,-0.021,-0.027,11.1,,,,,,,
160,699105,"Reyes, Luis",2024,160,100,0.311,0.111,0.361,0.422,0.34,0.281,0.257,14,45,85,9.7,2325,86.9,86.67,25,87,73,-0.20000000000000284,6.2,109,149,116,147,289,302,272,"-0.695","0.695",,,50,37,11,2,0,1,9,18,4,8,2.43369,0.6405,0.38687,0.041,"90.7",151,18.91891891891892,0,0,5.81,-0.96,0.28,2.2,0.36,0,"0.434375",0.311,0.316,"-0.434375",0.054,0.04899999999999999,0.106,0.059,28.7,,,,,,,
159,672640,"Lopez, Otto",2024,159,100,0.4,0.244,0.444,0.644,0.466,0.358,0.294,18,45,92.2,5.6,2197,87.4,87.42,16,77,82,0,6.29,109,149,116,145,299,319,281,"-4.795","4.795",,,49,38,11,5,0,2,7,14.3,3,6.1,2.40138,0.61635,0.25925,0.14075,"93.3",170,52.63157894736842,10.526315789473683,8.16326530612245,5.8,-1.01,0.21,2.37,0.449,4,"3.01572327",0.351,0.471,"-3.01572327",0.106,0.09800000000000003,0.173,0.108,20.8,,,,,,,
159,690970,"Collins, Corey",2024,159,100,0.217,0.13,0.267,0.348,0.369,0.363,0.195,5,23,85.4,25.7,2325,87.8,87.89,15,62,97,0.10000000000000853,6.42,108,144,115,144,278,298,282,"-1.455","1.455",,,34,16,4,0,0,1,8,23.5,8,23.5,2.17365,0.85146,0.46528,-0.39094,"90.4",180,31.25,6.25,2.941176470588235,5.69,-1.24,-0.3,2.46,0.441,1,"0.91509434",0.426,0.356,"-0.91509434",0.022,0.015000000000000013,-0.008,0.006,24.2,,,,,,,
157,640460,"Peterson, Dustin",2024,157,100,0.167,0,0.227,0.167,0.185,0.24,0.214,5,30,84.8,7,2275,87.7,87.72,13,78,79,0,6.28,107,149,120,146,296,326,281,"3.26","-3.26",,,35,22,5,0,0,0,10,28.6,3,8.6,2.55879,0.44721,0.18045,-0.16911,"90.5",134,23.809523809523807,0,0,5.76,0.09,0.1,2.35,0.229,0,"-2.076433121",0.277,0.235,"2.076433121",-0.047,-0.048000000000000015,-0.068,-0.055,16.7,,,,,,,
157,542194,"Bethancourt, Christian",2024,157,100,0.205,0.026,0.308,0.231,0.203,0.176,0.164,8,39,88,7.2,2280,88.7,88.86,37,99,58,0.20000000000000284,6.33,106,150,120,145,299,321,287,"3.663","-3.663",,,40,26,7,1,0,0,13,32.5,1,2.5,2.21783,0.71897,0.14344,0.07287,"90.9",140,34.61538461538461,0,0,5.85,-1.35,0.29,2.43,0.225,0,"-2.333121019",0.185,0.206,"2.333121019",0.041,0.04000000000000001,0.025,0.027,37.4,,,,,,,
157,696501,"Coley II, Mark",2024,157,100,0.387,0.323,0.6,0.71,0.491,0.27,0.193,12,31,85.5,16.9,2300,87.1,86.99,28,76,81,-0.09999999999999432,6.29,107,147,113,143,291,301,277,"-6.995","6.995",,,36,20,6,2,4,0,11,30.6,3,8.3,2.41904,0.64276,0.11962,0.05401,"90.1",142,25,5,2.7777777777777777,5.69,-1.11,0.25,2.51,0.472,1,"4.455414013",0.305,0.274,"-4.455414013",0.194,0.16699999999999998,0.436,0.221,36.8,,,,,,,
156,518735,"Grandal, Yasmani",2024,156,100,0.257,0.143,0.308,0.4,0.314,0.26,0.188,9,35,92.1,5.3,2107,87.4,87.56,16,72,84,0.19999999999998863,6.26,111,144,123,150,287,326,290,"0.546","-0.546",,,38,27,6,2,0,1,8,21.1,3,7.9,2.49936,0.51026,0.27878,-0.27878,"93.1",124,51.85185185185185,14.814814814814813,10.526315789473683,5.79,-1.12,-0.05,2.18,0.316,4,"-0.35",0.252,0.337,"0.35",0.069,0.064,0.063,0.054,22.2,,,,,,,
155,696510,"Stovall, Peyton",2024,155,100,0.182,0.061,0.222,0.242,0.26,0.242,0.164,6,33,88,3.9,2253,89.3,89.25,16,68,87,-0.09999999999999432,6.33,114,143,109,144,287,306,286,"0.154","-0.154",,,39,27,5,0,1,0,6,15.4,6,15.4,2.04103,0.85516,0.73865,-0.69516,"90.8",115,25.925925925925924,0,0,5.73,-1.88,-0.05,2.43,0.308,0,"-0.099354839",0.293,0.204,"0.099354839",0.018,0.015000000000000013,0.038,0.018,23.5,,,,,,,
154,686823,"Brennan, Will",2024,154,100,0.371,0.2,0.462,0.571,0.427,0.332,0.303,13,35,91.8,6.9,2153,88.7,88.88,19,81,73,0.20000000000000284,6.3,118,146,116,149,285,314,287,"-2.93","2.93",,,39,27,8,4,0,1,8,20.5,2,5.1,2.27883,0.64916,0.39915,-0.32778,"91.2",173,42.857142857142854,3.571428571428571,2.564102564102564,5.82,-1.46,-0.11,2.38,0.421,1,"1.902597403",0.358,0.389,"-1.902597403",0.068,0.063,0.182,0.095,23.5,,,,,,,
153,691181,"Rodriguez, Emmanuel",2024,153,100,0.192,0.115,0.333,0.308,0.315,0.334,0.189,5,26,93.1,10.8,2231,87.8,87.83,18,50,103,0,6.23,110,145,120,149,280,312,282,"0.302","-0.302",,,33,13,4,0,0,1,13,39.4,7,21.2,2.35137,0.64412,0.15131,-0.16346,"92.8",157,53.84615384615385,23.076923076923077,9.090909090909092,6.11,-0.48,0.04,2.29,0.364,3,"-0.197385621",0.361,0.367,"0.197385621",0.003,0.0030000000000000027,-0.059,-0.019,36,,,,,,,
153,592696,"Rosario, Eddie",2024,153,100,0.15,0.275,0.138,0.425,0.257,0.184,0.143,6,40,84.9,17,2088,87.2,87.17,30,90,63,0,6.16,117,144,115,151,281,315,297,"1.022","-1.022",,,42,31,1,1,2,2,9,21.4,2,4.8,2.4668,0.56351,0.51098,-0.48288,"90.4",165,19.35483870967742,3.225806451612903,2.380952380952381,5.86,-0.69,-0.17,2.44,0.19,1,"-0.667973856",0.184,0.225,"0.667973856",0.007,0.006000000000000005,0.2,0.073,33.3,,,,,,,
152,701852,"Cavanaugh, Drew",2024,152,100,0.3,0,0.391,0.3,0.326,0.35,0.289,9,30,89.2,13.1,2239,87.4,87.35,13,56,96,-0.10000000000000853,6.24,113,145,117,148,287,324,299,"-0.899","0.899",,,35,23,9,0,0,0,7,20,4,11.4,2.48263,0.54138,0.26215,-0.05893,"91.6",146,34.78260869565217,0,0,5.78,-0.09,-0.06,2.33,0.4,0,"0.591447368",0.391,0.386,"-0.591447368",0.011,0.009000000000000008,-0.086,-0.024,23.2,,,,,,,
151,686554,"Dunn, Oliver",2024,151,100,0.31,0.207,0.421,0.517,0.393,0.321,0.239,9,29,85.7,1.2,2138,89.4,89.35,19,65,86,0,6.21,116,147,116,149,292,317,292,"-1.499","1.499",,,33,20,5,3,0,1,9,27.3,4,12.1,2.17444,0.69775,0.49107,-0.4624,"91.1",143,40,10,6.0606060606060606,5.82,-0.98,-0.21,2.45,0.394,2,"0.992715232",0.332,0.389,"-0.992715232",0.071,0.062,0.128,0.072,29.2,,,,,,,
149,593934,"Sanó, Miguel",2024,149,100,0.27,0.189,0.364,0.459,0.341,0.299,0.258,10,37,86.5,20.5,2268,88.6,89.17,26,68,81,0.6000000000000085,6.36,107,150,123,149,316,331,298,"0.412","-0.412",,,40,24,7,1,0,2,13,32.5,2,5,2.53624,0.37846,0.20403,0.11638,"91.7",174,37.5,8.333333333333332,5,5.83,-1.34,0.05,2.34,0.325,2,"-0.276510067",0.314,0.356,"0.276510067",0.012,0.01100000000000001,0.103,0.042,38.2,,,,,,,
144,681581,"Weber, Andy",2024,145,99.3,0.263,0.237,0.308,0.5,0.323,0.221,0.203,10,38,85.3,13.5,2113,87.1,87.58,19,74,70,0.5,6.4,118,147,109,151,289,319,297,"0.945","-0.945",,,40,28,6,1,1,2,11,27.5,1,2.5,2.48854,0.54757,0.37854,-0.2116,"89.7",149,25,3.571428571428571,2.5,5.69,-1.04,-0.03,2.24,0.275,1,"-0.65625",0.22,0.284,"0.65625",0.06,0.05500000000000002,0.216,0.102,25.7,,,,,,,
143,805356,"Lege, Ethan",2024,143,100,0.2,0,0.286,0.2,0.202,0.232,0.198,8,40,84.1,21.8,2343,89.5,89.24,21,78,65,-0.29999999999999716,6.16,106,149,117,147,289,308,284,"3.879","-3.879",,,42,28,8,0,0,0,12,28.6,1,2.4,2.07294,0.81739,0.4172,0.2221,"90.6",153,28.57142857142857,3.571428571428571,2.380952380952381,5.75,-1.11,0.16,2.46,0.238,1,"-2.712587413",0.236,0.281,"2.712587413",0.002,0.0020000000000000018,-0.081,-0.03,26.9,,,,,,,
142,702920,"Piotto, Konner",2024,142,100,0.226,0.097,0.368,0.323,0.29,0.305,0.246,7,31,90.9,3.4,2170,88.3,88.15,17,59,83,-0.20000000000000284,6.11,106,145,111,149,287,316,291,"1.586","-1.586",,,37,19,5,1,1,0,13,35.1,4,10.8,2.43035,0.53036,0.41986,-0.30859,"90.7",141,36.84210526315789,5.263157894736842,2.7027027027027026,5.88,-1.49,-0.12,2.27,0.324,1,"-1.116901408",0.342,0.33,"1.116901408",-0.02,-0.018000000000000016,-0.007,-0.015,28.8,,,,,,,
141,649557,"Díaz, Aledmys",2024,141,100,0.154,0.154,0.15,0.308,0.288,0.288,0.185,4,26,91.3,18.9,2197,87.4,87.52,13,57,84,0.09999999999999432,6.33,109,151,118,148,297,322,289,"0.08","-0.08",,,32,21,2,1,0,1,5,15.6,6,18.8,2.46645,0.56157,0.54688,0.17028,"92.9",112,52.38095238095239,4.761904761904762,3.125,5.7,-0.87,0.07,2.21,0.313,1,"-0.056737589",0.338,0.268,"0.056737589",-0.031,-0.025000000000000022,0.04,0,22.8,,,,,,,
137,805811,"Eldridge, Bryce",2024,137,100,0.258,0,0.4,0.258,0.28,0.296,0.243,8,31,91.6,7.9,2312,86.8,87.02,22,69,68,0.20000000000000284,6.49,109,143,116,148,299,328,307,"1.613","-1.613",,,35,20,8,0,0,0,11,31.4,4,11.4,2.50438,0.58222,0.2192,-0.32737,"92.1",181,55.00000000000001,0,0,5.78,-1.04,-0.11,2.47,0.343,0,"-1.177372263",0.329,0.322,"1.177372263",0.015,0.014000000000000012,-0.064,-0.016,31.9,,,,,,,
137,824028,"Miller, Gage",2024,137,100,0.375,0.083,0.375,0.458,0.41,0.364,0.31,9,24,84.8,16,2255,86.3,86.14,9,63,74,-0.20000000000000284,6.21,106,145,113,146,288,301,277,"-3.547","3.547",,,33,24,7,2,0,0,2,6.1,6,18.2,2.50577,0.60555,0.37051,-0.05139,"89.7",154,20.833333333333336,0,0,5.68,-0.36,0.42,2.26,0.485,0,"2.589051095",0.44,0.364,"-2.589051095",0.065,0.044999999999999984,0.094,0.046,14.3,,,,,,,
135,669304,"Miranda, Jose",2024,135,100,0.294,0.176,0.31,0.471,0.364,0.289,0.227,10,34,88.3,16.3,2174,87.7,87.89,14,66,69,0.20000000000000284,6.41,104,151,120,146,293,318,285,"-1.682","1.682",,,40,30,6,3,0,1,5,12.5,5,12.5,2.28037,0.72363,0.27842,-0.09526,"92.0",163,30,0,0,5.89,-0.45,0.14,2.41,0.375,0,"1.245925926",0.321,0.321,"-1.245925926",0.067,0.05399999999999999,0.15,0.075,21.2,,,,,,,
134,680474,"Schuemann, Max",2024,135,99.3,0.136,0,0.2,0.136,0.218,0.276,0.175,3,22,83.4,-0.3,2261,88.9,89.32,13,51,83,0.3999999999999915,6.46,109,150,112,146,293,309,280,"2.269","-2.269",,,28,15,3,0,0,0,8,28.6,5,17.9,2.25351,0.65134,0.30896,0.35716,"90.1",134,28.57142857142857,0,0,5.85,-1.42,0.17,2.23,0.286,0,"-1.693283582",0.33,0.229,"1.693283582",-0.039,-0.04400000000000004,-0.093,-0.058,25.5,,,,,,,
133,690992,"Howard, Ed",2024,135,98.5,0.139,0.028,0.2,0.167,0.176,0.28,0.248,5,36,93.5,3.5,2186,87,86.73,25,72,61,-0.29999999999999716,6.04,104,150,117,146,300,312,283,"5.33","-5.33",,,39,25,4,1,0,0,11,28.2,2,5.1,2.47188,0.56323,0.34333,0.30242,"92.2",113,54.166666666666664,0,0,6.01,-1.18,0.15,2.19,0.205,0,"-4.007518797",0.307,0.314,"4.007518797",-0.109,-0.10200000000000001,-0.147,-0.104,34.7,,,,,,,
132,822487,"MacDonald, Zach",2024,132,100,0.179,0.143,0.385,0.321,0.241,0.276,0.189,5,28,90.4,20.5,2157,87.8,87.47,22,48,84,-0.29999999999999716,6.09,105,146,111,140,286,316,279,"3.004","-3.004",,,30,13,2,2,1,0,15,50,2,6.7,2.2275,0.78646,0.4393,0.31977,"93.0",174,61.53846153846154,23.076923076923077,10,5.93,-1.21,0.14,2.5,0.233,3,"-2.275757576",0.243,0.394,"2.275757576",-0.01,-0.009999999999999981,-0.073,-0.035,45.8,,,,,,,
132,682090,"Turner, Gionti",2024,132,100,0.147,0.118,0.167,0.265,0.204,0.223,0.176,5,34,78.4,4,2212,85.9,85.81,25,65,67,-0.10000000000000853,6.24,106,151,113,147,294,317,284,"4.533","-4.533",,,36,25,3,1,0,1,9,25,2,5.6,2.72758,0.40687,0.24508,0.02871,"89.4",129,4,4,2.7777777777777777,5.71,-1.03,0.09,2.27,0.194,1,"-3.434090909",0.222,0.28,"3.434090909",-0.029,-0.027999999999999997,-0.015,-0.019,38.5,,,,,,,
131,694201,"Bastidas, Abel",2024,131,100,0.156,0.063,0.227,0.219,0.188,0.219,0.189,5,32,83.2,13.1,2291,88.6,88.61,27,75,56,0,6.32,115,147,114,146,282,310,280,"4.301","-4.301",,,35,22,3,2,0,0,11,31.4,1,2.9,2.16099,0.79244,0.50824,-0.50824,"90.6",133,22.727272727272727,0,0,5.84,-1.03,-0.3,2.55,0.2,0,"-3.283206107",0.24,0.225,"3.283206107",-0.033,-0.03999999999999998,-0.006,-0.031,36,,,,,,,
131,685127,"McGarry, Alex",2024,131,100,0.125,0,0.3,0.125,0.193,0.243,0.142,3,24,94.2,11.3,2172,86.8,86.74,25,53,78,-0.09999999999999432,6.24,118,146,125,152,290,322,299,"3.099","-3.099",,,28,10,3,0,0,0,14,50,4,14.3,2.53008,0.54354,0.23462,-0.10477,"92.2",165,50,10,3.571428571428571,6.03,-1.26,-0.18,2.36,0.25,1,"-2.365648855",0.264,0.253,"2.365648855",-0.017,-0.014000000000000012,-0.128,-0.05,47.2,,,,,,,
130,670770,"Friedl, TJ",2024,130,100,0.185,0.148,0.217,0.333,0.293,0.316,0.211,5,27,88.8,16.6,2123,88.3,88.3,5,46,84,0,6.3,113,145,105,152,281,320,280,"0.899","-0.899",,,32,23,1,4,0,0,4,12.5,4,12.5,2.34223,0.61408,0.33477,-0.34662,"90.7",155,34.78260869565217,8.695652173913043,6.25,5.87,-1.03,-0.25,2.29,0.313,2,"-0.691538462",0.334,0.355,"0.691538462",-0.026,-0.02100000000000002,-0.022,-0.023,10.9,,,,,,,
129,802469,"Honeyman, Travis",2024,129,100,0.324,0.059,0.393,0.382,0.348,0.271,0.228,11,34,83.9,4.3,2290,87.8,87.56,15,68,61,-0.20000000000000284,6.25,102,149,114,147,296,304,276,"-1.224","1.224",,,38,28,9,2,0,0,6,15.8,3,7.9,2.42,0.58354,0.37953,0.10875,"90.3",127,21.428571428571427,0,0,5.53,-1.21,0.13,2.37,0.395,0,"0.948837209",0.309,0.278,"-0.948837209",0.096,0.08600000000000002,0.104,0.077,22.1,,,,,,,
129,807977,"Meza, Adrian",2024,129,100,0.171,0.029,0.231,0.2,0.19,0.187,0.167,6,35,81.2,8,2177,90,89.92,11,65,64,-0.09999999999999432,6.33,109,140,109,146,272,296,278,"3.282","-3.282",,,37,26,5,1,0,0,9,24.3,2,5.4,1.97992,0.86698,0.70767,-0.70767,"88.3",134,0,0,0,5.84,-1.09,-0.07,2.4,0.216,0,"-2.544186047",0.212,0.193,"2.544186047",0.004,0.0040000000000000036,0.007,0.003,16.9,,,,,,,
129,699108,"Isturiz, Eddy",2024,131,98.5,0.2,0.167,0.278,0.367,0.267,0.254,0.186,6,30,91.7,15.6,2302,87.9,87.68,26,64,65,-0.20000000000000284,6.18,113,148,112,150,285,303,281,"2.172","-2.172",,,32,19,4,0,1,1,11,34.4,2,6.3,2.27109,0.71473,0.36628,-0.36628,"91.3",169,42.10526315789473,10.526315789473683,6.25,5.76,-1.09,-0.19,2.38,0.25,2,"-1.68372093",0.237,0.346,"1.68372093",0.014,0.013000000000000012,0.021,0.013,40.6,,,,,,,
125,695074,"Rubalcaba, Alonzo",2024,126,99.2,0,0,0,0,0.12,0.205,0.103,0,24,78.2,19.6,2365,89,88.99,21,49,76,0,6.29,107,147,115,147,285,306,272,"5.586","-5.586",,,29,12,0,0,0,0,12,41.4,4,13.8,2.30088,0.62416,0.32904,0.09048,"88.8",161,8.333333333333332,0,0,5.91,-0.77,0.08,2.56,0.172,0,"-4.4688",0.258,0.134,"4.4688",-0.103,-0.08600000000000002,-0.134,-0.085,42.9,,,,,,,
124,667690,"Stubbs, C.J.",2024,124,100,0.182,0.136,0.4,0.318,0.352,0.433,0.234,4,22,93.1,25.8,2371,89,89.02,27,53,71,0,6.33,106,147,116,143,290,312,283,"-1.117","1.117",,,31,10,1,3,0,0,12,38.7,7,22.6,2.30629,0.62169,0.13839,0.19081,"91.7",179,60,20,6.451612903225806,5.94,-1.09,0.05,2.42,0.419,2,"0.900806452",0.457,0.537,"-0.900806452",-0.052,-0.038000000000000034,-0.219,-0.081,50.9,,,,,,,
124,592178,"Bryant, Kris",2024,124,100,0.29,0.226,0.333,0.516,0.364,0.305,0.236,9,31,88,20.4,2242,88,88.68,17,54,70,0.7000000000000028,6.44,108,150,120,147,301,326,300,"-1.685","1.685",,,33,23,6,1,0,2,8,24.2,2,6.1,2.47935,0.46642,0.10927,-0.0374,"92.3",182,43.47826086956522,17.391304347826086,12.121212121212121,5.62,-1.13,0.18,2.27,0.333,4,"1.358870968",0.283,0.425,"-1.358870968",0.054,0.050000000000000044,0.091,0.059,31.5,,,,,,,
123,683459,"Perez, Dayro",2024,123,100,0.077,0.077,0.182,0.154,0.157,0.162,0.096,2,26,91.9,18.7,2341,87.9,87.93,25,49,74,0,6.36,103,147,114,144,288,298,267,"4.771","-4.771",,,29,11,1,0,1,0,15,51.7,3,10.3,2.26683,0.74561,0.22285,0.01715,"90.3",149,36.36363636363637,0,0,5.76,-1.28,0.1,2.58,0.172,0,"-3.878861789",0.189,0.138,"3.878861789",-0.019,-0.017000000000000015,0.016,-0.005,51,,,,,,,
123,679032,"Rojas, Johan",2024,127,96.9,0.375,0.125,0.44,0.5,0.397,0.214,0.196,12,32,86.8,18.3,2303,89.4,89.64,11,58,65,0.19999999999998863,6.34,106,149,99,146,286,313,286,"-1.664","1.664",,,34,26,10,1,0,1,6,17.6,2,5.9,2.0048,0.87934,0.28074,0.13877,"91.1",153,30.76923076923077,0,0,5.86,-1.01,0.08,2.43,0.412,0,"1.352845528",0.244,0.221,"-1.352845528",0.179,0.16799999999999998,0.279,0.183,19,,,,,,,
123,687331,"McAfee, Quincy",2024,124,99.2,0.25,0.167,0.316,0.417,0.342,0.353,0.296,6,24,76.8,21.3,2212,86.1,86.17,13,56,67,0.10000000000000853,6.31,109,152,120,149,290,321,284,"-0.129","0.129",,,28,19,2,4,0,0,5,17.9,3,10.7,2.54935,0.57593,0.08805,-0.07732,"89.8",155,10.526315789473683,5.263157894736842,3.571428571428571,5.86,-0.03,0.15,2.43,0.357,1,"0.104878049",0.396,0.384,"-0.104878049",-0.046,-0.039000000000000035,0.033,-0.011,23.2,,,,,,,
122,825924,"Strong, Jackson",2024,122,100,0.31,0.103,0.409,0.414,0.338,0.241,0.203,9,29,79.7,1.9,2188,87.9,87.52,13,56,66,-0.4000000000000057,6.07,109,145,111,148,277,311,284,"-0.064","0.064",,,33,22,6,3,0,0,8,24.2,2,6.1,2.12877,0.86434,0.6141,-0.6377,"89.1",109,4.545454545454546,0,0,5.87,-1.35,-0.23,2.57,0.364,0,"0.052459016",0.272,0.25,"-0.052459016",0.107,0.09199999999999997,0.164,0.097,23.2,,,,,,,
122,806518,"Rosario, Guillermo",2024,122,100,0.194,0.083,0.25,0.278,0.224,0.218,0.178,7,36,84.5,0.7,2293,86.8,86.88,21,71,51,0.10000000000000853,6.4,107,148,119,147,290,310,277,"1.497","-1.497",,,39,25,6,0,0,1,12,30.8,1,2.6,2.4432,0.63,0.23557,0.11852,"90.2",113,24,4,2.564102564102564,5.85,-1.59,0.23,2.33,0.231,1,"-1.22704918",0.22,0.253,"1.22704918",0.016,0.01100000000000001,0.025,0.006,29.6,,,,,,,
122,694930,"Taylor, Carson",2024,122,100,0.316,0,0.353,0.316,0.402,0.446,0.345,6,19,87.3,8.9,2085,88.6,88.45,11,53,69,-0.19999999999998863,6.26,117,148,134,152,293,332,299,"-2.199","2.199",,,27,17,6,0,0,0,2,7.4,6,22.2,2.50484,0.44488,0.54074,-0.60615,"90.7",127,41.17647058823529,0,0,5.92,-1.56,-0.3,1.98,0.519,0,"1.802459016",0.539,0.433,"-1.802459016",-0.029,-0.020000000000000018,-0.117,-0.044,20.8,,,,,,,
121,801460,"Minoso, Maykel",2024,121,100,0.121,0.03,0.16,0.152,0.151,0.252,0.234,4,33,86.2,13.2,2407,87.7,87.42,18,70,51,-0.29999999999999716,6.09,103,147,117,148,287,297,274,"3.938","-3.938",,,35,25,3,1,0,0,8,22.9,2,5.7,2.32281,0.68625,0.17672,0.09605,"90.5",145,36,0,0,5.87,-1.06,0.07,2.45,0.171,0,"-3.254545455",0.278,0.28,"3.254545455",-0.113,-0.10700000000000001,-0.128,-0.101,25.7,,,,,,,
121,621512,"Nido, Tomás",2024,122,99.2,0.325,0.15,0.387,0.475,0.344,0.334,0.269,13,40,90.9,12.4,2255,87.3,87.5,20,77,44,0.20000000000000284,6.36,105,151,118,146,286,313,280,"-0.061","0.061",,,40,32,9,3,0,1,8,20,0,0,2.47554,0.54926,0.05413,-0.08124,"92.2",137,48.38709677419355,9.67741935483871,7.5,5.93,-1.03,0.28,1.99,0.325,3,"0.050413223",0.269,0.518,"-0.050413223",0.056,0.055999999999999994,-0.043,0.01,26,,,,,,,
120,804603,"Pastore, Duncan",2024,120,100,0.37,0,0.417,0.37,0.373,0.364,0.318,10,27,89,13.8,2269,88.3,88.21,13,53,67,-0.09999999999999432,6.28,103,149,113,146,293,307,275,"-2.127","2.127",,,33,24,10,0,0,0,4,12.1,3,9.1,2.24233,0.72067,0.39084,0.20513,"91.2",162,29.166666666666668,4.166666666666666,3.0303030303030303,5.71,-1.13,0.3,2.48,0.455,1,"1.7725",0.413,0.406,"-1.7725",0.052,0.04200000000000004,-0.036,0.009,24.5,,,,,,,
120,592273,"Drury, Brandon",2024,120,100,0.263,0,0.357,0.263,0.343,0.396,0.297,5,19,94.4,2.5,2197,89,89.2,14,49,71,0.20000000000000284,6.15,111,153,121,149,297,342,300,"-0.398","0.398",,,25,14,5,0,0,0,5,20,5,20,2.40983,0.47875,0.36608,0.21508,"92.1",123,57.14285714285714,7.142857142857142,4,5.84,-1.15,0.22,2.02,0.44,1,"0.331666667",0.466,0.4,"-0.331666667",-0.034,-0.026000000000000023,-0.137,-0.053,28.6,,,,,,,
120,669134,"Campusano, Luis",2024,120,100,0.371,0.143,0.414,0.514,0.399,0.32,0.271,13,35,91.1,4.3,2247,87.5,87.86,19,70,50,0.4000000000000057,6.24,106,150,123,146,309,335,295,"-2.67","2.67",,,37,30,10,2,0,1,5,13.5,2,5.4,2.523,0.49375,0.04467,-0.02567,"92.4",141,46.666666666666664,10,8.108108108108109,5.71,-1.41,0.23,2.45,0.405,3,"2.225",0.311,0.43,"-2.225",0.1,0.09400000000000003,0.084,0.079,27.1,,,,,,,
120,668904,"Lewis, Royce",2024,120,100,0.172,0.069,0.278,0.241,0.211,0.213,0.165,5,29,90.5,9.8,2174,87.8,87.96,23,63,57,0.20000000000000284,6.41,106,149,118,143,292,315,294,"3.662","-3.662",,,31,18,3,2,0,0,11,35.5,2,6.5,2.36417,0.63437,0.37142,0.11375,"91.3",149,33.33333333333333,11.11111111111111,6.451612903225806,6.05,-0.83,0.19,2.38,0.226,2,"-3.051666667",0.219,0.255,"3.051666667",0.007,0.007000000000000006,-0.014,-0.002,36.5,,,,,,,
119,696141,"Wrobleski, Ryan",2024,119,100,0.207,0.172,0.25,0.379,0.302,0.311,0.247,6,29,86.8,0.5,2273,88.4,88.83,18,54,65,0.3999999999999915,6.4,101,145,116,139,293,314,284,"1.462","-1.462",,,33,21,3,2,0,1,8,24.2,4,12.1,2.40336,0.53689,0.30874,0.21479,"91.4",126,47.61904761904761,4.761904761904762,3.0303030303030303,5.85,-0.66,0.18,2.37,0.303,1,"-1.228571429",0.338,0.351,"1.228571429",-0.04,-0.03500000000000003,0.028,-0.009,33.3,,,,,,,
118,810053,"Ketchup, Caleb",2024,120,98.3,0.222,0.111,0.375,0.333,0.267,0.244,0.198,6,27,83.3,8,2209,88.8,89.21,17,58,60,0.4000000000000057,6.43,109,153,115,151,308,327,291,"1.363","-1.363",,,29,16,4,1,1,0,11,37.9,2,6.9,2.34449,0.5761,0.32,0.13102,"89.1",129,25,6.25,3.4482758620689653,5.69,-1.46,0.08,2.25,0.276,1,"-1.155084746",0.253,0.293,"1.155084746",0.024,0.02300000000000002,0.04,0.023,29.3,,,,,,,
118,607461,"Beaty, Matt",2024,118,100,0.148,0.037,0.19,0.185,0.245,0.277,0.19,4,27,81.7,6.9,2208,86.7,86.72,6,49,69,0,6.05,108,143,119,148,304,331,308,"1.711","-1.711",,,33,21,3,1,0,0,6,18.2,4,12.1,2.63992,0.40576,0.39127,-0.22059,"90.0",118,14.285714285714285,0,0,5.7,-0.91,-0.23,2.35,0.303,0,"-1.45",0.337,0.228,"1.45",-0.042,-0.03400000000000003,-0.043,-0.032,12.2,,,,,,,
118,681460,"Baldwin, Brooks",2024,119,99.2,0.345,0.31,0.32,0.655,0.462,0.432,0.363,10,29,85.1,26.2,2179,87.4,87.65,14,65,53,0.29999999999999716,6.3,110,147,108,147,280,321,287,"-4.182","4.182",,,34,27,5,3,0,2,2,5.9,5,14.7,2.33712,0.66615,0.36246,-0.36246,"90.4",184,25.925925925925924,11.11111111111111,8.823529411764707,5.56,0.53,-0.11,2.43,0.441,3,"3.544067797",0.457,0.541,"-3.544067797",-0.018,-0.016000000000000014,0.114,0.03,21.5,,,,,,,
116,690969,"Clark, Kellum",2024,116,100,0.15,0.1,0.25,0.25,0.288,0.278,0.161,3,20,80.8,8.2,2321,87.5,87.28,14,45,71,-0.20000000000000284,6.19,117,146,118,146,278,304,288,"1.081","-1.081",,,26,12,2,0,1,0,8,30.8,6,23.1,2.37552,0.65647,0.48965,-0.51435,"89.9",140,8.333333333333332,0,0,5.71,-0.82,-0.25,2.46,0.346,0,"-0.931896552",0.355,0.192,"0.931896552",-0.011,-0.009000000000000008,0.058,0.01,31.1,,,,,,,
115,689931,"Graham, Peyton",2024,115,100,0.28,0.16,0.316,0.44,0.382,0.379,0.303,7,25,85.7,13.9,2065,87.1,87.07,10,46,69,0,6.21,106,150,115,146,288,312,279,"-1.099","1.099",,,31,20,5,1,0,1,5,16.1,6,19.4,2.38365,0.67307,0.35878,0.31113,"90.8",165,30,5,3.225806451612903,5.89,-1.29,0.25,2.4,0.419,1,"0.955652174",0.438,0.402,"-0.955652174",-0.023,-0.019000000000000017,0.038,0.003,21.7,,,,,,,
115,669699,"Shewmake, Braden",2024,116,99.1,0.125,0.031,0.16,0.156,0.122,0.197,0.206,4,32,84.1,4.1,2222,87.8,87.74,16,75,40,-0.09999999999999432,6.18,109,144,116,147,289,314,288,"5.209","-5.209",,,32,25,3,1,0,0,7,21.9,0,0,2.42165,0.56861,0.27861,-0.20522,"90.4",118,32,0,0,5.71,-0.79,-0.19,2.49,0.125,0,"-4.529565217",0.206,0.245,"4.529565217",-0.081,-0.08099999999999999,-0.089,-0.075,21.3,,,,,,,
115,702544,"Reimer, Jacob",2024,115,100,0.333,0.083,0.421,0.417,0.389,0.325,0.256,8,24,93,7.3,2249,87.2,87.21,11,43,72,0,6.39,108,150,118,149,301,310,277,"-1.603","1.603",,,29,19,6,2,0,0,5,17.2,4,13.8,2.48026,0.57579,0.39617,0.25791,"92.3",169,42.10526315789473,0,0,5.78,-1,0.22,2.18,0.448,0,"1.393913043",0.384,0.315,"-1.393913043",0.077,0.064,0.102,0.064,25.6,,,,,,,
115,693306,"Sabato, Aaron",2024,115,100,0.067,0,0.167,0.067,0.259,0.268,0.066,1,15,92.7,20.8,2186,87.7,87.74,19,40,75,0,6.44,110,149,115,146,290,301,283,"1.291","-1.291",,,22,6,1,0,0,0,9,40.9,7,31.8,2.34835,0.68061,0.26377,-0.04711,"90.8",118,66.66666666666666,0,0,5.81,-0.54,0.14,2.38,0.364,0,"-1.122608696",0.363,0.097,"1.122608696",0.001,0.0010000000000000009,-0.03,-0.009,47.5,,,,,,,
111,663478,"Davis, Brendon",2024,111,100,0.296,0.259,0.35,0.556,0.382,0.276,0.233,8,27,83.9,11.1,2374,88,88.38,16,53,58,0.4000000000000057,6.31,109,151,115,147,312,334,292,"-0.928","0.928",,,29,21,3,4,0,1,6,20.7,2,6.9,2.47604,0.48189,0.14117,-0.14477,"90.0",158,23.809523809523807,4.761904761904762,3.4482758620689653,5.91,-0.69,0.12,2.39,0.345,1,"0.836036036",0.286,0.337,"-0.836036036",0.063,0.059,0.219,0.106,30.2,,,,,,,
108,683103,"Doughty, Cade",2024,108,100,0.304,0.261,0.333,0.565,0.41,0.353,0.241,7,23,92.3,11.5,2242,86.8,86.21,11,44,64,-0.5999999999999943,6.1,103,149,120,144,293,304,276,"-5.289","5.289",,,29,19,4,1,1,1,5,17.2,4,13.8,2.47,0.62708,0.36093,0.16778,"92.1",130,47.368421052631575,5.263157894736842,3.4482758620689653,5.7,-0.42,-0.03,2.16,0.414,1,"4.897222222",0.374,0.383,"-4.897222222",0.063,0.03999999999999998,0.182,0.057,25,,,,,,,
107,571970,"Muncy, Max",2024,107,100,0.286,0.19,0.357,0.476,0.371,0.289,0.216,6,21,88.2,20.9,2298,87.3,87.13,10,38,69,-0.20000000000000284,6.07,111,144,135,151,294,340,302,"-0.521","0.521",,,24,15,4,1,0,1,6,25,3,12.5,2.5671,0.45234,0.17066,-0.1516,"91.0",167,26.666666666666668,0,0,5.91,-0.81,-0.2,2.45,0.375,0,"0.486915888",0.314,0.322,"-0.486915888",0.07,0.061,0.154,0.082,26.3,,,,,,,
106,678706,"Garcia, Reivaj",2024,106,100,0.346,0.154,0.533,0.5,0.376,0.275,0.253,9,26,87,12.3,2215,89.3,89.35,22,53,53,0.10000000000000853,6.29,113,146,112,147,288,313,291,"-0.533","0.533",,,27,16,7,1,0,1,10,37,1,3.7,2.16792,0.73076,0.32292,-0.32292,"90.3",164,31.25,6.25,3.7037037037037033,5.98,-1.12,-0.16,2.39,0.37,1,"0.502830189",0.281,0.346,"-0.502830189",0.093,0.08899999999999997,0.154,0.101,41.5,,,,,,,
105,800050,"DeLauter, Chase",2024,105,100,0.304,0.435,0.263,0.739,0.472,0.339,0.262,7,23,85.6,18.4,2135,87.8,87.7,4,49,56,-0.09999999999999432,6.36,114,146,117,151,294,326,297,"-4.544","4.544",,,27,21,1,4,0,2,2,7.4,4,14.8,2.36295,0.65752,0.36867,-0.34886,"90.5",134,19.047619047619047,4.761904761904762,3.7037037037037033,5.92,-0.53,-0.12,2.43,0.407,1,"4.327619048",0.371,0.379,"-4.327619048",0.042,0.035999999999999976,0.36,0.133,8.2,,,,,,,
104,682860,"Custodio, Jauri",2024,104,100,0.13,0.087,0.214,0.217,0.211,0.22,0.166,3,23,83,1.1,2318,88.5,88.2,20,51,53,-0.29999999999999716,6.26,99,150,114,145,286,304,273,"2.852","-2.852",,,26,14,2,0,1,0,9,34.6,1,3.8,2.15933,0.80317,0.41981,0.37692,"89.2",77,14.285714285714285,0,0,5.78,-0.75,0.12,2.24,0.231,0,"-2.742307692",0.263,0.189,"2.742307692",-0.036,-0.032,0.028,-0.009,39.2,,,,,,,
103,669327,"Allen, Tanner",2024,103,100,0.227,0.045,0.263,0.273,0.291,0.296,0.234,5,22,85.1,9.5,2290,87,86.79,10,53,50,-0.20000000000000284,6.23,112,145,105,149,275,305,269,"0.327","-0.327",,,26,19,4,1,0,0,3,11.5,3,11.5,2.46039,0.59301,0.41206,-0.32912,"91.0",133,36.84210526315789,0,0,5.63,-0.25,0.01,2.37,0.346,0,"-0.317475728",0.352,0.273,"0.317475728",-0.007,-0.006000000000000005,0,-0.005,18.9,,,,,,,
103,806987,"Gutierrez, Daiverson",2024,103,100,0.111,0.111,0.167,0.222,0.139,0.142,0.113,3,27,81.6,6.6,2277,88.3,88.21,12,55,48,-0.09999999999999432,6.38,104,149,115,145,283,303,279,"5.12","-5.12",,,27,18,0,3,0,0,9,33.3,0,0,2.17408,0.80136,0.48903,0.1832,"89.9",150,22.22222222222222,11.11111111111111,7.4074074074074066,5.79,-1.06,0.28,2.46,0.111,2,"-4.970873786",0.113,0.219,"4.970873786",-0.002,-0.0020000000000000018,0.003,-0.003,21.8,,,,,,,
103,670919,"Santana, Luis",2024,103,100,0.3,0.2,0.333,0.5,0.411,0.348,0.267,6,20,90.7,20,2230,87.7,87.23,11,40,63,-0.5,5.98,104,149,120,147,290,314,287,"-1.76","1.76",,,25,16,4,1,0,1,4,16,5,20,2.35194,0.64243,0.3301,0.14,"91.8",146,50,0,0,5.9,-0.71,0.25,2.34,0.44,0,"1.708737864",0.414,0.338,"-1.708737864",0.033,0.026000000000000023,0.162,0.063,27.5,,,,,,,
102,664040,"Lowe, Brandon",2024,102,100,0.235,0.412,0.333,0.647,0.428,0.375,0.184,4,17,96.7,23.9,2225,87.8,87.43,17,43,59,-0.3999999999999915,5.95,122,147,119,151,280,314,286,"-1.52","1.52",,,21,8,1,1,0,2,9,42.9,4,19,2.47843,0.50294,0.33843,-0.25333,"92.5",173,75,25,9.523809523809524,6.05,-0.53,-0.04,2.22,0.381,2,"1.490196078",0.339,0.54,"-1.490196078",0.051,0.04199999999999998,0.107,0.053,39.5,,,,,,,
101,686780,"Pagés, Pedro",2024,101,100,0.222,0.278,0.25,0.5,0.4,0.289,0.15,4,18,91.8,8.6,2245,88.2,88.01,9,39,62,-0.20000000000000284,6.1,104,151,119,147,286,319,291,"-1.192","1.192",,,24,13,1,2,0,1,5,20.8,5,20.8,2.29574,0.67089,0.30653,-0.1101,"91.3",165,53.84615384615385,0,0,5.86,0.16,0.08,2.43,0.417,0,"1.18019802",0.363,0.211,"-1.18019802",0.072,0.05399999999999999,0.289,0.111,23.1,,,,,,,
101,815551,"Snyder, Trey",2024,101,100,0.182,0,0.25,0.182,0.242,0.236,0.166,4,22,80.6,-9.9,2320,87.1,87.02,6,36,65,-0.09999999999999432,6.32,108,150,114,146,279,297,277,"-0.671","0.671",,,26,16,4,0,0,0,6,23.1,4,15.4,2.30663,0.7498,0.23218,0.12109,"89.0",120,12.5,0,0,5.83,-1.27,0.05,2.39,0.308,0,"0.664356436",0.294,0.18,"-0.664356436",0.016,0.014000000000000012,0.002,0.006,16.7,,,,,,,
100,678232,"Valdez, Jesus",2024,100,100,0.414,0.207,0.476,0.621,0.454,0.342,0.286,12,29,88.5,28,2225,87.7,87.97,20,57,43,0.29999999999999716,6.25,106,148,116,145,311,332,303,"-3.991","3.991",,,30,23,10,0,0,2,6,20,1,3.3,2.6624,0.3361,0.3692,0.0404,"92.2",137,39.130434782608695,13.043478260869565,10,5.84,-0.82,0.06,2.19,0.433,3,"3.991",0.31,0.481,"-3.991",0.128,0.123,0.14,0.112,35.1,,,,,,,
100,642082,"Sisco, Chance",2024,100,100,0.217,0.13,0.364,0.348,0.296,0.246,0.182,5,23,89.3,21.7,2227,87.3,87.09,19,45,55,-0.20000000000000284,6.19,111,146,121,151,286,321,291,"0.627","-0.627",,,26,12,4,0,0,1,11,42.3,1,3.8,2.4725,0.5594,0.4002,-0.413,"90.1",120,25,8.333333333333332,3.8461538461538463,5.82,-1.08,-0.04,2.38,0.308,1,"-0.627",0.276,0.25,"0.627",0.035,0.03199999999999997,0.098,0.05,42.2,,,,,,,
99,826142,"Jackson, JoJo",2024,99,100,0.19,0,0.286,0.19,0.233,0.258,0.212,4,21,77.4,-0.3,2029,86.9,86.94,9,39,60,0,6.45,116,146,117,150,288,308,286,"1.998","-1.998",,,24,14,4,0,0,0,7,29.2,3,12.5,2.38808,0.68949,0.55323,-0.55323,"89.3",130,14.285714285714285,0,0,5.62,-1.16,-0.18,2.47,0.292,0,"-2.018181818",0.31,0.234,"2.018181818",-0.022,-0.018000000000000016,-0.044,-0.025,23.1,,,,,,,
99,671289,"Freeman, Tyler",2024,99,100,0.417,0.25,0.45,0.667,0.497,0.408,0.35,10,24,88.2,6.9,2169,88.8,88.82,6,46,53,0,6.27,105,152,113,148,291,320,276,"-5.111","5.111",,,28,21,6,3,0,1,3,10.7,2,7.1,2.26232,0.66545,0.36071,0.36806,"92.0",127,38.095238095238095,4.761904761904762,3.571428571428571,5.57,-0.52,0.2,2.3,0.5,1,"5.162626263",0.443,0.472,"-5.162626263",0.067,0.056999999999999995,0.195,0.089,13,,,,,,,
98,683532,"Familia, Christopher",2024,98,100,0.318,0.409,0.333,0.727,0.447,0.33,0.293,7,22,95.6,7.2,2109,87.7,87.31,10,46,52,-0.4000000000000057,6.09,118,146,117,151,296,313,275,"-3.41","3.41",,,23,17,3,1,1,2,5,21.7,1,4.3,2.38143,0.6299,0.4267,-0.32526,"93.8",130,76.47058823529412,11.76470588235294,8.695652173913043,5.72,-0.97,-0.1,2.28,0.348,2,"3.479591837",0.324,0.438,"-3.479591837",0.025,0.023999999999999966,0.289,0.117,21.7,,,,,,,
98,676356,"DeLuca, Jonny",2024,98,100,0.3,0.35,0.235,0.65,0.459,0.549,0.418,6,20,84.9,14.2,2277,88.8,88.6,7,47,51,-0.20000000000000284,6.09,105,150,122,146,285,325,292,"-2.206","2.206",,,25,19,3,1,0,2,1,4,4,16,2.13265,0.78459,0.30918,0.04876,"91.6",146,42.10526315789473,15.789473684210526,12,5.98,-0.31,0.14,2.46,0.44,3,"2.251020408",0.534,0.782,"-2.251020408",-0.118,-0.09400000000000003,-0.132,-0.09,14.9,,,,,,,
98,670764,"Walls, Taylor",2024,98,100,0.381,0.333,0.533,0.714,0.478,0.303,0.256,8,21,94.5,20.8,2135,88.3,88.1,10,45,53,-0.20000000000000284,6.12,115,145,113,147,291,320,284,"-2.772","2.772",,,23,15,2,5,1,0,6,26.1,2,8.7,2.35418,0.58286,0.56292,-0.56292,"92.1",168,60,0,0,5.85,-1.66,0.13,2.38,0.435,0,"2.828571429",0.321,0.375,"-2.828571429",0.125,0.11399999999999999,0.339,0.175,22.2,,,,,,,
95,621028,"Newman, Kevin",2024,95,100,0.364,0.273,0.467,0.636,0.421,0.239,0.174,8,22,84.3,14.9,2182,88.7,89.41,8,43,52,0.7000000000000028,6.36,108,148,111,143,299,322,294,"-2.032","2.032",,,27,16,5,1,1,1,8,29.6,3,11.1,2.15726,0.74095,0.37958,0.15305,"89.9",186,25,0,0,5.97,-1.43,-0.05,2.4,0.407,0,"2.138947368",0.277,0.224,"-2.138947368",0.19,0.12999999999999995,0.412,0.182,18.6,,,,,,,
95,693243,"Pennington, Garrett",2024,95,100,0.273,0.212,0.269,0.485,0.333,0.259,0.23,9,33,88.9,14.2,2184,86.6,86.21,12,53,42,-0.3999999999999915,6.06,107,149,115,145,289,321,284,"0.677","-0.677",,,34,28,6,1,0,2,5,14.7,1,2.9,2.54411,0.53663,0.15819,0.20245,"93.4",148,48.148148148148145,7.4074074074074066,5.88235294117647,5.93,-1.17,0.18,2.59,0.294,2,"-0.712631579",0.254,0.337,"0.712631579",0.043,0.03999999999999998,0.148,0.074,22.6,,,,,,,
95,687637,"Beavers, Dylan",2024,95,100,0.25,0.05,0.5,0.3,0.281,0.178,0.119,5,20,83.9,12.1,2138,86.4,86.64,13,40,55,0.19999999999998863,6.4,107,144,113,151,291,317,283,"0.961","-0.961",,,22,10,4,1,0,0,10,45.5,1,4.5,2.62095,0.47684,0.39011,-0.48084,"89.8",154,20,0,0,5.57,-1.08,-0.11,2.27,0.318,0,"-1.011578947",0.199,0.173,"1.011578947",0.131,0.119,0.127,0.103,32.5,,,,,,,
95,645302,"Robles, Victor",2024,95,100,0.35,0.15,0.5,0.5,0.405,0.37,0.291,7,20,90.9,10.8,2253,87.7,87.88,9,38,57,0.20000000000000284,6.36,110,150,121,147,292,325,289,"-2.084","2.084",,,23,14,5,1,1,0,6,26.1,3,13,2.28253,0.71589,0.18589,-0.04484,"91.6",179,50,7.142857142857142,4.3478260869565215,5.73,-1.27,0.22,2.36,0.435,1,"2.193684211",0.383,0.468,"-2.193684211",0.059,0.05199999999999999,0.032,0.035,23.7,,,,,,,
93,809719,"Green, Austin",2024,93,100,0.115,0,0.188,0.115,0.12,0.13,0.116,3,26,80.7,30.8,2262,88.9,88.65,24,60,33,-0.30000000000001137,6.2,109,146,119,148,287,315,286,"4.855","-4.855",,,28,16,3,0,0,0,11,39.3,0,0,2.06882,0.85247,0.48086,-0.48086,"89.4",165,13.333333333333334,0,0,5.82,-0.5,-0.29,2.5,0.143,0,"-5.220430108",0.147,0.134,"5.220430108",-0.001,-0.0040000000000000036,-0.019,-0.01,40,,,,,,,
91,691858,"Serna, Jared",2024,91,100,0.1,0,0.167,0.1,0.168,0.206,0.132,2,20,89.6,0.8,2137,89.3,89.15,10,38,53,-0.20000000000000284,6.17,107,152,117,146,315,322,277,"2.478","-2.478",,,23,12,2,0,0,0,8,34.8,2,8.7,2.27187,0.6122,0.52,0.32462,"92.0",132,33.33333333333333,0,0,5.88,-1.36,0.15,2.37,0.217,0,"-2.723076923",0.245,0.172,"2.723076923",-0.032,-0.027999999999999997,-0.072,-0.038,26.3,,,,,,,
91,575929,"Contreras, Willson",2024,91,100,0.143,0,0.188,0.143,0.152,0.263,0.203,3,21,88.8,10.6,2274,89.7,89.54,11,50,41,-0.20000000000000284,6.15,109,151,119,148,291,335,292,"2.981","-2.981",,,22,16,3,0,0,0,5,22.7,1,4.5,2.06527,0.79462,0.33088,0.22934,"92.4",160,43.75,6.25,4.545454545454546,5.99,-1.15,0.24,2.65,0.182,1,"-3.275824176",0.239,0.369,"3.275824176",-0.06,-0.056999999999999995,-0.226,-0.111,22,,,,,,,
91,682997,"Callihan, Tyler",2024,91,100,0.357,0.357,0.444,0.714,0.523,0.369,0.201,5,14,90.5,3.1,2194,88.6,88.76,12,35,56,0.20000000000000284,6.26,117,147,122,152,293,321,291,"-3.215","3.215",,,20,10,2,2,0,1,4,20,6,30,2.42879,0.49978,0.15198,-0.0089,"92.0",152,50,0,0,6.11,-0.08,-0.19,2.44,0.55,0,"3.532967033",0.441,0.344,"-3.532967033",0.156,0.10900000000000004,0.37,0.154,34.3,,,,,,,
90,669309,"Perez, Joe",2024,90,100,0.1,0,0.2,0.1,0.143,0.134,0.084,2,20,81.1,8.2,2364,88.3,88.39,18,41,49,0.10000000000000853,6.41,108,147,112,144,294,319,277,"3.611","-3.611",,,22,10,2,0,0,0,10,45.5,2,9.1,2.47811,0.49544,-0.05189,0.00278,"90.3",100,20,0,0,5.87,-0.34,-0.01,2.29,0.182,0,"-4.012222222",0.167,0.094,"4.012222222",0.016,0.014999999999999986,0.006,0.009,43.9,,,,,,,
89,687071,"Sasaki, Shane",2024,89,100,0.316,0.053,0.4,0.368,0.381,0.337,0.249,6,19,82.1,18.2,2157,87.2,87.01,5,40,49,-0.20000000000000284,6.38,104,142,113,140,281,300,280,"-0.954","0.954",,,24,15,5,1,0,0,4,16.7,4,16.7,2.11697,0.94843,0.36966,0.02202,"89.6",134,13.333333333333334,0,0,6.13,-0.65,0.03,2.71,0.458,0,"1.071910112",0.406,0.308,"-1.071910112",0.067,0.05199999999999999,0.06,0.044,12.5,,,,,,,
88,812430,"Caraballo, Heriberto",2024,88,100,0.045,0.045,0.077,0.091,0.11,0.118,0.065,1,22,79.5,7.1,2252,88.1,88.12,16,38,50,0,6.35,105,149,117,146,292,306,277,"4.971","-4.971",,,24,13,0,1,0,0,9,37.5,2,8.3,2.1783,0.80068,0.50227,0.00114,"89.5",100,15.384615384615385,0,0,5.87,-0.28,0.21,2.35,0.125,0,"-5.648863636",0.143,0.087,"5.648863636",-0.02,-0.017999999999999988,0.004,-0.008,42.1,,,,,,,
86,680700,"Palacios, Richie",2024,86,100,0.222,0,0.235,0.222,0.266,0.274,0.209,4,18,85.9,-0.7,2219,88.2,88.53,11,39,47,0.29999999999999716,6.4,120,146,117,150,281,312,301,"1.262","-1.262",,,21,17,4,0,0,0,1,4.8,3,14.3,2.41535,0.53581,0.17453,-0.24733,"90.6",98,17.647058823529413,0,0,5.83,-0.27,-0.19,2.27,0.333,0,"-1.46744186",0.322,0.26,"1.46744186",0.013,0.01100000000000001,-0.038,-0.008,28.2,,,,,,,
86,502054,"Pham, Tommy",2024,86,100,0.294,0.059,0.357,0.353,0.304,0.377,0.335,5,17,85.2,5.5,2176,88,87.89,12,39,47,-0.09999999999999432,6.3,110,149,121,149,296,311,272,"0.996","-0.996",,,18,14,4,1,0,0,3,16.7,1,5.6,2.38988,0.59767,0.35176,0.33388,"91.1",173,30.76923076923077,7.6923076923076925,5.555555555555555,6.1,-1.61,-0.14,2.36,0.333,1,"-1.158139535",0.374,0.497,"1.158139535",-0.041,-0.04099999999999998,-0.144,-0.073,30.8,,,,,,,
86,542932,"Berti, Jon",2024,86,100,0.529,0.235,0.533,0.765,0.543,0.385,0.373,9,17,81,6.7,2158,85.5,85.88,0,24,62,0.4000000000000057,6.41,109,150,114,147,290,319,287,"-5.117","5.117",,,20,16,7,1,0,1,2,10,2,10,2.63547,0.59419,0.25267,0.20012,"90.7",133,25,0,0,5.72,-1.81,-0.01,2.31,0.55,0,"5.95",0.422,0.469,"-5.95",0.156,0.12800000000000006,0.296,0.158,0,,,,,,,
85,671739,"Harris II, Michael",2024,85,100,0.435,0.13,0.474,0.565,0.455,0.425,0.382,10,23,90.8,13.6,2145,89.2,89.65,9,43,42,0.5,6.49,110,143,127,151,288,319,295,"-3.541","3.541",,,25,20,9,0,0,1,3,12,2,8,2.31988,0.56412,0.55459,-0.05671,"93.4",161,45,5,4,5.9,-0.73,0,2.65,0.48,1,"4.165882353",0.432,0.542,"-4.165882353",0.053,0.04799999999999999,0.023,0.03,20.9,,,,,,,
85,701010,"Salinas, Roque",2024,85,100,0.368,0.053,0.412,0.421,0.377,0.36,0.338,7,19,87.8,5,2212,89,88.68,5,39,46,-0.29999999999999716,6.14,104,143,117,146,281,300,280,"-0.739","0.739",,,21,17,6,1,0,0,2,9.5,2,9.5,2.172,0.73976,0.62071,-0.64471,"90.5",127,29.411764705882355,0,0,5.87,-1.59,-0.27,2.47,0.429,0,"0.869411765",0.401,0.407,"-0.869411765",0.03,0.02799999999999997,0.014,0.017,12.8,,,,,,,
85,670250,"Wilson, Eli",2024,85,100,0.235,0.235,0.3,0.471,0.322,0.213,0.151,4,17,89.5,20.3,2213,88.8,88.74,13,42,43,-0.09999999999999432,6.29,109,149,119,143,298,309,282,"0.447","-0.447",,,20,11,2,1,0,1,7,35,2,10,2.23859,0.68788,0.45812,0.10659,"89.5",147,27.27272727272727,0,0,5.7,-0.47,0.25,2.25,0.3,0,"-0.525882353",0.231,0.232,"0.525882353",0.084,0.06899999999999998,0.239,0.109,31,,,,,,,
85,669352,"Thompson, Bubba",2024,85,100,0.16,0.04,0.235,0.2,0.195,0.199,0.152,4,25,87.8,13.4,2307,88.8,88.78,17,48,37,0,6.23,101,148,106,145,292,316,281,"2.591","-2.591",,,27,17,3,1,0,0,8,29.6,2,7.4,2.44459,0.47412,0.04259,0.06188,"90.9",140,29.411764705882355,0,0,5.98,-1.37,0.22,2.36,0.222,0,"-3.048235294",0.215,0.215,"3.048235294",0.008,0.007000000000000006,-0.015,-0.004,35.4,,,,,,,
85,669242,"Edman, Tommy",2024,85,100,0.294,0.176,0.286,0.471,0.422,0.396,0.285,5,17,85.7,13.3,2124,87.7,87.83,6,33,52,0.09999999999999432,6.11,113,147,127,149,293,333,302,"-2.482","2.482",,,23,15,4,0,0,1,2,8.7,6,26.1,2.38294,0.58881,0.50529,-0.50529,"91.1",125,33.33333333333333,6.666666666666667,4.3478260869565215,5.7,-1.33,-0.04,2.23,0.478,1,"2.92",0.471,0.389,"-2.92",0.009,0.007000000000000006,0.082,0.026,18.2,,,,,,,
84,691268,"Cappe, Yiddi",2024,84,100,0.217,0,0.333,0.217,0.192,0.174,0.182,5,23,82.7,13,2237,87.8,87.84,15,44,40,0,6.31,102,145,112,144,301,303,276,"2.893","-2.893",,,23,15,5,0,0,0,8,34.8,0,0,2.50024,0.50631,0.41357,0.24333,"89.6",113,13.333333333333334,0,0,5.74,-1.37,0.15,2.15,0.217,0,"-3.444047619",0.182,0.217,"3.444047619",0.035,0.035,0,0.018,34.1,,,,,,,
83,667442,"Hollis, Connor",2024,84,98.8,0.273,0.091,0.316,0.364,0.325,0.268,0.22,6,22,82.3,0.4,2166,88,88.05,3,40,43,0.09999999999999432,6.1,109,149,116,145,305,328,291,"-1.987","1.987",,,25,19,4,2,0,0,3,12,2,8,2.46687,0.52699,0.28819,0.17205,"89.9",114,15.789473684210526,0,0,5.82,-1.02,0.12,2.26,0.36,0,"2.393975904",0.313,0.259,"-2.393975904",0.053,0.046999999999999986,0.105,0.057,7.5,,,,,,,
82,593871,"Polanco, Jorge",2024,82,100,0.333,0.667,0.25,1,0.581,0.521,0.29,5,15,93.4,24.2,2148,89,88.82,8,27,55,-0.20000000000000284,6.12,107,144,112,149,282,314,284,"-5.055","5.055",,,19,11,1,1,0,3,4,21.1,4,21.1,2.36341,0.56062,0.42679,-0.42679,"93.7",236,54.54545454545454,36.36363636363637,21.052631578947366,6.03,-0.92,-0.08,2.39,0.474,4,"6.164634146",0.44,0.852,"-6.164634146",0.043,0.033999999999999975,0.148,0.06,29.6,,,,,,,
82,656467,"Gittens, Chris",2024,82,100,0.313,0,0.714,0.313,0.341,0.221,0.13,5,16,99.2,-9,2280,89.5,89.67,13,29,53,0.20000000000000284,6.29,105,151,118,147,302,320,288,"-0.269","0.269",,,19,7,5,0,0,0,9,47.4,3,15.8,2.2411,0.62841,0.3939,0.26488,"95.0",118,66.66666666666666,16.666666666666664,5.263157894736842,5.96,-0.97,-0.02,2.43,0.421,1,"0.32804878",0.275,0.158,"-0.32804878",0.183,0.14599999999999996,0.155,0.12,44.8,,,,,,,
82,663457,"Nootbaar, Lars",2024,82,100,0.176,0.059,0.231,0.235,0.254,0.308,0.204,3,17,87.7,31.2,2288,87.4,87.35,5,23,59,0,6.26,116,147,110,152,290,314,294,"1.085","-1.085",,,20,13,2,1,0,0,4,20,3,15,2.42098,0.6139,0.15585,-0.13439,"92.4",190,30.76923076923077,15.384615384615385,10,5.84,0.83,-0.56,2.25,0.3,2,"-1.323170732",0.324,0.365,"1.323170732",-0.028,-0.02400000000000002,-0.13,-0.054,21.7,,,,,,,
82,673357,"Robert Jr., Luis",2024,82,100,0.1,0.15,0.077,0.25,0.199,0.169,0.104,2,20,84.9,25.1,2301,86.4,86.51,16,45,37,0.09999999999999432,6.33,99,151,124,145,302,335,298,"0.688","-0.688",,,22,14,1,0,0,1,6,27.3,0,0,2.77902,0.31481,-0.01605,0.11457,"91.7",137,28.57142857142857,0,0,5.63,-1.74,0.06,2.39,0.182,0,"-0.83902439",0.185,0.157,"0.83902439",-0.004,-0.0030000000000000027,0.093,0.03,35.6,,,,,,,
82,502110,"Martinez, J.D.",2024,82,100,0.316,0.105,0.353,0.421,0.353,0.384,0.349,6,19,92.6,7.5,2152,89,88.92,10,41,41,-0.09999999999999432,6.29,102,147,121,143,297,315,290,"-0.133","0.133",,,21,17,4,2,0,0,2,9.5,2,9.5,2.04341,0.86549,0.65732,0.02902,"92.7",167,58.82352941176471,5.88235294117647,4.761904761904762,5.74,-0.1,-0.03,2.25,0.381,1,"0.162195122",0.411,0.462,"-0.162195122",-0.033,-0.02999999999999997,-0.041,-0.031,24.4,,,,,,,
80,691452,"Hurtado, Ricardo",2024,80,100,0.25,0.063,0.333,0.313,0.335,0.333,0.215,4,16,89.7,14.3,2319,88.1,87.89,12,36,44,-0.19999999999998863,6.2,111,152,116,147,287,306,282,"-0.387","0.387",,,22,12,3,1,0,0,5,22.7,4,18.2,2.395,0.58405,0.27125,0.16625,"92.2",146,50,8.333333333333332,4.545454545454546,6.04,-1.15,0.25,2.42,0.409,1,"0.48375",0.384,0.343,"-0.48375",0.035,0.024999999999999967,-0.03,0.002,33.3,,,,,,,
77,572761,"Carpenter, Matt",2024,77,100,0.231,0.462,0.2,0.692,0.455,0.272,0.088,3,13,86.5,34.3,2158,88,88.17,9,31,46,0.20000000000000284,6.35,110,142,121,148,291,318,300,"-3.432","3.432",,,17,7,1,0,0,2,6,35.3,4,23.5,2.30065,0.69158,0.22714,-0.15753,"91.1",154,42.857142857142854,14.285714285714285,5.88235294117647,5.92,-1.16,-0.32,2.57,0.412,1,"4.457142857",0.303,0.261,"-4.457142857",0.143,0.10899999999999999,0.431,0.183,29,,,,,,,
77,691503,"Sanchez, Yolbert",2024,77,100,0.25,0,0.25,0.25,0.21,0.251,0.243,5,20,88.2,10.2,2263,88.7,88.61,3,43,34,-0.10000000000000853,6.25,102,147,120,145,296,309,272,"2.418","-2.418",,,22,20,5,0,0,0,1,4.5,0,0,2.15325,0.78987,0.27623,-0.33545,"90.1",188,28.57142857142857,0,0,5.75,0,0.34,2.5,0.238,0,"-3.14025974",0.249,0.329,"3.14025974",0.007,-0.01100000000000001,-0.079,-0.041,7,,,,,,,
77,609280,"Andujar, Miguel",2024,77,100,0.389,0.222,0.438,0.611,0.44,0.372,0.361,7,18,89.1,10.1,2280,87.5,87.69,8,36,41,0.20000000000000284,6.29,109,150,118,147,296,332,290,"-1.164","1.164",,,19,16,3,4,0,0,2,10.5,1,5.3,2.50416,0.48792,0.18117,-0.12299,"92.8",158,37.5,0,0,5.93,-0.64,0.19,2.15,0.421,0,"1.511688312",0.395,0.448,"-1.511688312",0.028,0.025999999999999968,0.163,0.068,22.2,,,,,,,
77,673962,"Jung, Josh",2024,77,100,0.235,0,0.333,0.235,0.207,0.197,0.195,4,17,91.3,16.5,2248,87.3,87.26,9,39,38,0,6.28,101,150,120,146,304,326,291,"2.33","-2.33",,,17,12,4,0,0,0,5,29.4,0,0,2.58078,0.46342,0.50377,0.0539,"90.7",171,33.33333333333333,0,0,5.65,-0.22,0.55,2.35,0.235,0,"-3.025974026",0.195,0.264,"3.025974026",0.04,0.03999999999999998,-0.029,0.01,23.1,,,,,,,
76,801276,"Matheus, Juan",2024,76,100,0.077,0.077,0.143,0.154,0.261,0.25,0.082,1,13,86.3,30.7,2276,90.4,90.35,11,32,44,-0.10000000000000853,6.35,113,147,115,148,284,318,289,"0.988","-0.988",,,18,7,0,1,0,0,6,33.3,5,27.8,1.78013,1.04434,0.61133,-0.61133,"89.6",183,0,0,0,5.7,-1.72,-0.27,2.78,0.333,0,"-1.3",0.337,0.106,"1.3",-0.005,-0.0040000000000000036,0.048,0.011,34.4,,,,,,,
76,682692,"Palma, Miguel",2024,76,100,0.412,0.059,0.538,0.471,0.419,0.397,0.377,7,17,86.4,6.4,2251,87.9,87.75,12,43,33,-0.10000000000000853,6.31,106,150,115,149,296,309,291,"-1.413","1.413",,,19,13,6,1,0,0,4,21.1,1,5.3,2.49724,0.51707,0.38,-0.03973,"90.1",125,38.46153846153847,0,0,5.82,-0.66,0.01,2.32,0.474,0,"1.859210526",0.443,0.446,"-1.859210526",0.035,0.030999999999999972,0.025,0.022,27.9,,,,,,,
76,676024,"Williams, Donta'",2024,77,98.7,0.222,0,0.286,0.222,0.245,0.278,0.242,4,18,86.5,3.2,2111,89.6,89.59,10,37,39,0,6.19,110,141,101,147,282,317,289,"0.576","-0.576",,,20,14,4,0,0,0,4,20,2,10,2.15303,0.70224,0.56013,-0.54573,"90.8",135,21.428571428571427,0,0,6,-1.16,-0.21,2.5,0.3,0,"-0.757894737",0.318,0.286,"0.757894737",-0.02,-0.018000000000000016,-0.064,-0.033,27,,,,,,,
76,541645,"García, Avisaíl",2024,76,100,0.105,0.105,0.167,0.211,0.183,0.192,0.144,2,19,84.4,24.6,2283,90.6,90.78,16,40,36,0.20000000000000284,6.35,102,148,120,146,305,318,272,"2.672","-2.672",,,21,12,1,0,1,0,7,33.3,2,9.5,2.00868,0.7936,0.54368,0.02658,"90.2",148,8.333333333333332,0,0,5.58,-0.67,0.28,2.44,0.19,0,"-3.515789474",0.225,0.176,"3.515789474",-0.039,-0.035,0.035,-0.009,40,,,,,,,
76,701734,"McCrystal, Ryan",2024,76,100,0.273,0.091,0.375,0.364,0.292,0.231,0.213,6,22,85,2.2,2202,87.6,87.63,11,45,31,0,6.35,124,149,113,151,286,303,287,"0.285","-0.285",,,23,16,4,2,0,0,6,26.1,1,4.3,2.19921,0.81158,0.59039,-0.59039,"90.4",110,31.25,6.25,4.3478260869565215,5.6,-1.73,-0.1,2.6,0.304,1,"-0.375",0.247,0.271,"0.375",0.06,0.056999999999999995,0.093,0.061,24.4,,,,,,,
75,663698,"Bart, Joey",2024,75,100,0.353,0.059,0.429,0.412,0.387,0.437,0.359,6,17,92.8,8.9,2305,86.8,86.63,5,34,41,-0.20000000000000284,6.07,110,148,121,146,296,321,292,"-0.649","0.649",,,20,14,5,1,0,0,3,15,3,15,2.50893,0.54493,0.1208,0.06667,"92.5",156,57.14285714285714,7.142857142857142,5,5.8,-0.53,0.08,2.3,0.45,1,"0.865333333",0.455,0.568,"-0.865333333",-0.006,-0.0050000000000000044,-0.156,-0.05,14.7,,,,,,,
75,688032,"Scheffler, Matt",2024,75,100,0.25,0.083,0.333,0.333,0.341,0.287,0.175,3,12,87.2,20.2,2260,90.5,90.74,5,29,46,0.20000000000000284,6.26,109,149,114,147,295,321,298,"-0.606","0.606",,,15,9,2,1,0,0,3,20,2,13.3,1.8824,0.9088,0.58853,0.264,"90.4",132,44.44444444444444,11.11111111111111,6.666666666666667,6.03,-0.7,0.08,2.5,0.4,1,"0.808",0.34,0.252,"-0.808",0.075,0.06,0.081,0.054,17.2,,,,,,,
74,596103,"Slater, Austin",2024,74,100,0.235,0.176,0.25,0.412,0.299,0.254,0.232,4,17,90.9,4.7,2052,86.8,86.83,7,31,43,0,6.23,107,149,119,146,297,316,289,"0.31","-0.31",,,18,13,3,0,0,1,4,22.2,1,5.6,2.37351,0.67568,0.68216,0.03405,"92.0",142,46.15384615384615,0,0,5.77,-0.25,0.11,2.24,0.278,0,"-0.418918919",0.275,0.292,"0.418918919",0.003,0.0030000000000000027,0.12,0.045,22.6,,,,,,,
74,691907,"Cheng, Tsung-Che",2024,75,98.7,0.5,0.083,0.6,0.583,0.526,0.399,0.32,6,12,85.4,0.7,2105,87.2,87.15,3,25,49,-0.10000000000000853,6.11,111,145,108,153,282,309,269,"-3.502","3.502",,,16,10,5,1,0,0,2,12.5,4,25,2.44689,0.59292,0.27797,-0.23203,"89.4",148,0,0,0,6.08,-0.54,-0.11,2.28,0.625,0,"4.732432432",0.49,0.371,"-4.732432432",0.18,0.135,0.212,0.127,12,,,,,,,
74,669221,"Murphy, Sean",2024,74,100,0.278,0.389,0.25,0.667,0.411,0.496,0.335,5,18,91.7,22.5,2289,89.7,89.64,7,28,46,-0.10000000000000853,6.17,111,151,120,149,305,332,303,"-2.722","2.722",,,19,14,2,1,0,2,4,21.1,1,5.3,2.25703,0.59662,0.39216,0.21243,"95.4",211,50,21.428571428571427,15.789473684210526,5.73,-1.35,0.27,2.29,0.316,3,"3.678378378",0.37,0.82,"-3.678378378",-0.057,-0.05399999999999999,-0.153,-0.085,25,,,,,,,
73,686977,"Beesley, Bradlee",2024,73,100,0.133,0,0.222,0.133,0.213,0.218,0.133,2,15,80.8,18.3,2144,88.2,88.38,13,32,41,0.20000000000000284,6.29,107,150,116,147,296,318,280,"2.163","-2.163",,,18,9,2,0,0,0,6,33.3,3,16.7,2.20767,0.73986,0.40479,-0.11521,"89.9",136,22.22222222222222,0,0,5.84,-0.34,0.37,2.35,0.278,0,"-2.963013699",0.278,0.148,"2.963013699",0,0,-0.015,-0.005,40.6,,,,,,,
73,666152,"Hamilton, David",2024,73,100,0.167,0.333,0.1,0.5,0.318,0.331,0.233,3,18,90.2,16.8,2192,88.6,88.42,10,29,44,-0.19999999999998863,6.22,119,148,103,148,278,313,287,"1.119","-1.119",,,20,12,1,0,0,2,6,30,2,10,2.23411,0.71753,0.21164,-0.4089,"92.9",217,33.33333333333333,16.666666666666664,10,5.77,-0.5,-0.18,2.52,0.25,2,"-1.532876712",0.309,0.452,"1.532876712",-0.066,-0.059,0.048,-0.013,34.5,,,,,,,
73,675394,"Olmstead, Johnny",2024,75,97.3,0.294,0.176,0.5,0.471,0.363,0.201,0.149,5,17,94.5,5.4,2203,89.4,89.3,13,38,35,-0.10000000000000853,6.25,104,146,112,143,288,303,273,"-0.917","0.917",,,19,10,3,1,1,0,7,36.8,1,5.3,1.9589,0.93562,0.3637,0.34479,"91.4",162,60,0,0,5.68,-1.4,0.09,2.57,0.368,0,"1.256164384",0.239,0.174,"-1.256164384",0.145,0.129,0.297,0.162,34.2,,,,,,,
73,681159,"Wilson, Ethan",2024,74,98.6,0.15,0.15,0.143,0.3,0.191,0.26,0.212,3,20,84.2,17.1,2222,89.3,89.25,14,39,34,-0.09999999999999432,6.29,117,148,130,152,292,331,298,"2.911","-2.911",,,20,15,2,0,0,1,5,25,0,0,2.37438,0.52616,0.33761,-0.38634,"90.1",164,14.285714285714285,7.142857142857142,5,5.9,-1.79,-0.19,2.17,0.15,1,"-3.987671233",0.212,0.393,"3.987671233",-0.062,-0.062,-0.093,-0.069,35.9,,,,,,,
71,516782,"Marte, Starling",2024,71,100,0.25,0.25,0.214,0.5,0.298,0.272,0.262,4,16,88,3.1,2243,87.2,87.63,8,39,32,0.3999999999999915,6.51,109,150,118,146,290,311,286,"0.552","-0.552",,,17,15,2,1,0,1,2,11.8,0,0,2.44873,0.58127,0.30803,0.10211,"91.5",130,40,0,0,5.99,0.2,-0.05,2.36,0.235,0,"-0.777464789",0.27,0.352,"0.777464789",-0.012,-0.03500000000000003,0.148,0.026,20.5,,,,,,,
70,806367,"Hill, Turner",2024,71,98.6,0.188,0,0.188,0.188,0.175,0.182,0.15,3,16,84,4.2,2293,88.4,88.22,2,29,41,-0.20000000000000284,6.18,103,140,96,144,278,318,295,"2.376","-2.376",,,19,16,3,0,0,0,2,10.5,1,5.3,2.39314,0.56971,0.309,0.06529,"90.1",102,18.75,0,0,5.82,0.58,-0.01,2.27,0.211,0,"-3.394285714",0.205,0.168,"3.394285714",0.038,0.006000000000000005,0.02,-0.007,6.9,,,,,,,
69,806012,"Nakawake, Taishi",2024,69,100,0.125,0,0.2,0.125,0.203,0.293,0.219,2,16,88.5,19.4,2187,89.1,89,11,27,42,-0.09999999999999432,6.21,97,149,112,147,297,314,290,"1.972","-1.972",,,19,10,2,0,0,0,6,31.6,2,10.5,2.03435,0.87485,0.46588,0.24824,"90.6",222,30,0,0,5.75,-1.13,-0.03,2.4,0.263,0,"-2.857971014",0.342,0.282,"2.857971014",-0.094,-0.07900000000000001,-0.157,-0.09,40.7,,,,,,,
69,641487,"Crawford, J.P.",2024,69,100,0.182,0,0.286,0.182,0.276,0.324,0.221,2,11,78.9,17.5,2157,89.7,90.09,6,27,42,0.3999999999999915,6.52,116,147,112,150,280,321,297,"0.576","-0.576",,,14,7,2,0,0,0,4,28.6,2,14.3,2.16058,0.69188,0.54232,-0.17739,"88.9",134,0,0,0,5.8,-0.52,-0.03,2.41,0.357,0,"-0.834782609",0.401,0.259,"0.834782609",-0.039,-0.04400000000000004,-0.077,-0.048,22.2,,,,,,,
68,593428,"Bogaerts, Xander",2024,68,100,0.182,0.091,0.286,0.273,0.326,0.288,0.149,2,11,91.8,20.1,2107,88.4,88.54,11,22,46,0.09999999999999432,6.17,106,149,120,147,298,334,291,"-0.148","0.148",,,15,7,1,1,0,0,4,26.7,4,26.7,2.41382,0.5125,0.41162,0.18074,"92.4",98,42.857142857142854,0,0,5.63,-0.94,0.14,2.19,0.4,0,"0.217647059",0.376,0.175,"-0.217647059",0.033,0.02400000000000002,0.098,0.038,50,,,,,,,
68,666185,"Carlson, Dylan",2024,68,100,0.273,0.273,0.25,0.545,0.44,0.328,0.195,3,11,89.3,27.9,2159,88.4,88.72,5,29,39,0.29999999999999716,6.45,110,146,132,149,277,320,285,"-1.401","1.401",,,15,9,2,0,0,1,2,13.3,3,20,2.19926,0.74324,0.47074,-0.47074,"91.0",167,33.33333333333333,0,0,5.81,-1.78,-0.11,2.19,0.467,0,"2.060294118",0.409,0.246,"-2.060294118",0.078,0.05800000000000005,0.299,0.112,17.2,,,,,,,
67,545341,"Grichuk, Randal",2024,67,100,0.286,0.214,0.3,0.5,0.382,0.405,0.324,4,14,90,22.6,2163,88,88.26,5,35,32,0.29999999999999716,6.2,102,151,118,145,301,325,297,"-0.768","0.768",,,16,11,3,0,0,1,3,18.8,1,6.3,2.33328,0.64656,0.25045,0.11194,"92.4",158,45.45454545454545,9.090909090909092,6.25,5.84,-1.64,0.08,2.23,0.375,1,"1.146268657",0.408,0.507,"-1.146268657",-0.038,-0.032999999999999974,-0.007,-0.023,14.3,,,,,,,
67,700939,"Lee, Bennett",2024,67,100,0.25,0.438,0.2,0.688,0.409,0.352,0.249,4,16,84.9,20.3,2341,88.3,88.29,7,26,41,0,6.34,103,150,114,147,274,285,262,"-1.068","1.068",,,17,12,1,1,0,2,4,23.5,0,0,2.34821,0.61478,0.29239,0.14552,"91.5",207,33.33333333333333,25,17.647058823529413,5.93,-1.11,0.41,2.37,0.294,3,"1.594029851",0.293,0.534,"-1.594029851",0.001,0.0010000000000000009,0.154,0.057,26.9,,,,,,,
66,672695,"Perdomo, Geraldo",2024,66,100,0.143,0,0.143,0.143,0.196,0.375,0.336,2,14,92.4,18.5,2139,86,85.8,2,29,37,-0.20000000000000284,6.14,110,147,120,149,286,325,283,"1.541","-1.541",,,16,14,2,0,0,0,0,0,2,12.5,2.67864,0.4453,0.93409,-0.93409,"92.1",165,42.857142857142854,0,0,5.24,-1.37,-0.04,2.02,0.25,0,"-2.334848485",0.419,0.407,"2.334848485",-0.193,-0.16899999999999998,-0.264,-0.179,6.9,,,,,,,
66,669720,"Hays, Austin",2024,66,100,0.214,0,0.375,0.214,0.279,0.288,0.204,3,14,81.5,18.6,2213,87.8,87.73,17,33,33,-0.09999999999999432,6.33,109,154,116,146,300,325,289,"-0.071","0.071",,,17,8,3,0,0,0,6,35.3,2,11.8,2.62045,0.38152,0.24045,0.34076,"89.1",88,14.285714285714285,0,0,5.85,-1.23,0.27,2,0.353,0,"0.107575758",0.353,0.236,"-0.107575758",0.01,0,-0.022,-0.009,51.5,,,,,,,
66,689355,"Roberts, Brett",2024,66,100,0.263,0.053,0.313,0.316,0.275,0.279,0.263,5,19,82.1,2.6,2185,88.7,88.44,8,39,27,-0.29999999999999716,6.09,105,150,109,149,295,307,270,"1.289","-1.289",,,20,16,4,1,0,0,3,15,0,0,2.1453,0.77227,0.64258,0.64258,"90.1",136,18.75,0,0,5.65,-1.99,-0.13,2.64,0.3,0,"-1.953030303",0.3,0.325,"1.953030303",0,0,-0.009,-0.004,20.5,,,,,,,
66,680740,"Hess, Kyle",2024,66,100,0.316,0.263,0.385,0.579,0.41,0.27,0.21,6,19,84.2,21.9,2308,87.8,87.83,12,39,27,0,6.4,107,140,115,142,291,322,285,"-0.361","0.361",,,21,14,4,0,1,1,5,23.8,0,0,2.40773,0.59742,0.5103,-0.3703,"89.7",130,21.428571428571427,7.142857142857142,4.761904761904762,5.4,-0.82,-0.16,2.06,0.381,1,"0.546969697",0.285,0.306,"-0.546969697",0.106,0.09600000000000003,0.273,0.14,30.8,,,,,,,
65,545358,"Stassi, Max",2024,65,100,0.091,0,0.143,0.091,0.276,0.312,0.128,1,11,79.1,-18.6,2190,86.7,86.81,8,26,39,0.09999999999999432,6.34,98,148,118,139,294,320,280,"-0.2","0.2",,,16,7,1,0,0,0,4,25,2,12.5,2.41354,0.64831,0.23477,-0.204,"89.4",77,14.285714285714285,0,0,5.89,0.73,-0.11,2.44,0.375,0,"0.307692308",0.4,0.17,"-0.307692308",-0.037,-0.025000000000000022,-0.079,-0.036,30.8,,,,,,,
65,699315,"Castro, Sebastian",2024,66,98.5,0.214,0.071,0.375,0.286,0.249,0.17,0.116,3,14,82.1,24.1,2298,89.3,89.25,19,37,28,-0.09999999999999432,6.26,114,145,106,151,286,309,288,"1.184","-1.184",,,15,8,2,1,0,0,6,40,0,0,2.14138,0.74984,0.48266,-0.38047,"89.9",129,37.5,0,0,5.57,-1.28,-0.12,2.28,0.267,0,"-1.821538462",0.175,0.186,"1.821538462",0.098,0.09200000000000003,0.1,0.079,51.4,,,,,,,
65,647351,"Toro, Abraham",2024,65,100,0.188,0,0.231,0.188,0.196,0.213,0.18,3,16,90.4,4,2194,89.5,89.59,3,29,36,0.09999999999999432,6.48,119,148,111,151,296,321,298,"1.83","-1.83",,,17,13,3,0,0,0,3,17.6,1,5.9,2.21323,0.69563,0.52687,-0.52687,"91.9",152,46.15384615384615,7.6923076923076925,5.88235294117647,6.04,-0.83,0.01,2.43,0.235,1,"-2.815384615",0.228,0.251,"2.815384615",0.008,0.0069999999999999785,-0.063,-0.017,10.3,,,,,,,
65,702331,"Mendlinger, Noah",2024,65,100,0.231,0,0.273,0.231,0.238,0.243,0.215,3,13,93.9,10.6,2199,88.6,88.69,2,24,41,0.10000000000000853,6.21,114,145,117,150,276,292,275,"1.018","-1.018",,,14,11,3,0,0,0,2,14.3,1,7.1,2.18046,0.75016,0.74846,-0.586,"91.6",132,54.54545454545454,0,0,5.5,-1.42,-0.08,2.35,0.286,0,"-1.566153846",0.271,0.26,"1.566153846",0.016,0.014999999999999958,-0.029,-0.005,8.3,,,,,,,
64,678636,"Martinez, Orlando",2024,64,100,0.182,0.091,0.222,0.273,0.235,0.308,0.267,2,11,88.5,24.2,2174,88.5,88.82,5,31,33,0.29999999999999716,6.4,117,147,122,155,289,326,306,"1.319","-1.319",,,12,9,1,1,0,0,2,16.7,1,8.3,2.31469,0.62778,0.53444,-0.05571,"90.4",217,22.22222222222222,0,0,5.61,-1.37,0,2.49,0.25,0,"-2.0609375",0.328,0.369,"2.0609375",-0.085,-0.07800000000000001,-0.096,-0.073,16.1,,,,,,,
64,696285,"Young, Jacob",2024,64,100,0.214,0,0.25,0.214,0.251,0.338,0.277,3,14,93.7,8.6,2180,87.9,88.26,6,27,37,0.3999999999999915,6.4,101,149,106,145,278,307,272,"0.351","-0.351",,,16,12,3,0,0,0,2,12.5,2,12.5,2.26922,0.71984,0.33524,0.03079,"92.4",171,41.66666666666667,0,0,5.88,-0.59,0.24,2.35,0.313,0,"-0.5484375",0.367,0.389,"0.5484375",-0.063,-0.05399999999999999,-0.175,-0.087,22.2,,,,,,,
63,681481,"Carpenter, Kerry",2024,63,100,0.214,0.071,0.333,0.286,0.247,0.333,0.21,3,14,95,16.8,2203,88.2,87.92,14,29,34,-0.29999999999999716,6.2,113,145,118,148,295,326,290,"1.243","-1.243",,,15,9,2,1,0,0,5,33.3,1,6.7,2.43238,0.54429,0.44349,-0.37905,"93.6",159,55.55555555555556,22.22222222222222,13.333333333333334,5.98,-2.01,-0.27,2.17,0.267,2,"-1.973015873",0.263,0.519,"1.973015873",0.004,0.0040000000000000036,-0.233,-0.086,48.3,,,,,,,
63,682796,"Paulino, Eddinson",2024,63,100,0,0,0,0,0.036,0.21,0.166,0,18,87.8,22.4,2442,85.4,85.04,8,39,24,-0.4000000000000057,6.08,111,147,114,150,284,313,287,"4.667","-4.667",,,19,14,0,0,0,0,4,21.1,1,5.3,2.81079,0.35349,0.04159,-0.05397,"91.5",197,21.428571428571427,0,0,5.72,-1.07,-0.42,2.33,0.053,0,"-7.407936508",0.21,0.266,"7.407936508",-0.166,-0.157,-0.266,-0.174,20.5,,,,,,,
62,663503,"Marrero, Elih",2024,62,100,0.154,0.308,0.25,0.462,0.287,0.299,0.189,2,13,87.1,15.6,2231,88.7,88.81,10,23,39,0.09999999999999432,6.38,109,149,119,148,279,316,286,"-0.171","0.171",,,14,5,0,1,0,1,8,57.1,0,0,2.35968,0.59639,0.26508,-0.06344,"91.4",149,60,20,7.142857142857142,5.97,-0.12,0.06,2.54,0.214,1,"0.275806452",0.247,0.444,"-0.275806452",-0.035,-0.033,0.018,-0.012,43.5,,,,,,,
62,695312,"Palensky, Aaron",2024,63,98.4,0,0,0,0,0,0.087,0.086,0,15,88.6,30.7,2227,88.3,88.27,17,33,29,0,6.23,108,152,116,149,298,332,288,"4.317","-4.317",,,15,7,0,0,0,0,8,53.3,0,0,2.35903,0.61,0.0879,0.04145,"89.4",205,14.285714285714285,0,0,5.81,-0.95,0.2,2.43,0,0,"-6.962903226",0.086,0.116,"6.962903226",-0.086,-0.086,-0.116,-0.087,51.5,,,,,,,
62,676801,"McCormick, Chas",2024,62,100,0.308,0.077,0.5,0.385,0.354,0.351,0.279,4,13,84.6,16.6,2172,87.6,87.32,12,36,26,-0.29999999999999716,6.09,112,153,118,147,299,321,289,"-0.378","0.378",,,15,8,3,1,0,0,5,33.3,1,6.7,2.29677,0.72242,0.34935,-0.10742,"90.8",174,37.5,0,0,5.86,0.33,-0.12,2.61,0.4,0,"0.609677419",0.376,0.401,"-0.609677419",0.029,0.02400000000000002,-0.016,0.003,33.3,,,,,,,
62,678093,"McDowell, Micah",2024,62,100,0.25,0.083,0.429,0.333,0.363,0.34,0.142,3,12,91.1,22.1,2220,88.5,88.66,10,30,32,0.20000000000000284,6.43,106,150,113,149,282,302,283,"-0.249","0.249",,,16,7,2,1,0,0,5,31.3,3,18.8,2.22855,0.71484,0.75177,-0.34694,"90.7",191,42.857142857142854,14.285714285714285,6.25,5.8,-0.54,0.06,2.55,0.438,1,"0.401612903",0.357,0.39,"-0.401612903",0.108,0.08100000000000002,-0.057,0.023,33.3,,,,,,,
62,676017,"Ramirez, Micael",2024,62,100,0.2,0,0.3,0.2,0.165,0.178,0.19,3,15,75.9,10.6,2376,87.1,86.93,10,28,34,-0.19999999999998863,6.22,109,154,120,149,291,318,276,"1.63","-1.63",,,16,10,3,0,0,0,6,37.5,0,0,2.43516,0.6221,-0.205,-0.10242,"88.4",143,0,0,0,5.45,-0.7,0.32,2.53,0.188,0,"-2.629032258",0.186,0.213,"2.629032258",0.01,0.0020000000000000018,-0.013,-0.013,35.7,,,,,,,
61,686981,"Dixon, Brenden",2024,61,100,0.143,0.214,0.167,0.357,0.241,0.199,0.133,2,14,82.5,44.1,2407,86.8,87.27,11,28,33,0.5,6.44,111,153,119,148,296,324,292,"1.318","-1.318",,,15,7,1,0,0,1,7,46.7,1,6.7,2.60262,0.45869,-0.13852,-0.29328,"90.8",147,28.57142857142857,14.285714285714285,6.666666666666667,5.72,-1.42,0.39,2.19,0.2,1,"-2.160655738",0.191,0.25,"2.160655738",0.01,0.009000000000000008,0.107,0.042,39.3,,,,,,,
61,695223,"Francisco, Javier",2024,61,100,0.294,0.118,0.455,0.412,0.301,0.216,0.223,5,17,88.5,2.6,2213,88.1,87.86,9,31,30,-0.19999999999998863,6.17,99,148,114,143,285,308,291,"0.905","-0.905",,,17,11,4,0,1,0,6,35.3,0,0,2.37607,0.60246,0.2818,0.08475,"91.4",104,45.45454545454545,0,0,5.95,-1.07,0.2,2.15,0.294,0,"-1.483606557",0.223,0.27,"1.483606557",0.071,0.07099999999999998,0.142,0.085,29,,,,,,,
60,553869,"Díaz, Elias",2024,60,100,0.25,0.333,0.25,0.583,0.397,0.401,0.297,3,12,91.8,9.3,2254,86.3,86.13,12,26,34,-0.20000000000000284,5.99,101,151,122,145,317,326,303,"-1.137","1.137",,,14,9,1,1,0,1,3,21.4,2,14.3,2.77533,0.30833,0.284,-0.00833,"91.9",181,44.44444444444444,11.11111111111111,7.142857142857142,5.43,-1.31,0.1,2.15,0.357,1,"1.895",0.397,0.522,"-1.895",-0.047,-0.040000000000000036,0.061,-0.004,46.2,,,,,,,
60,691655,"Machado, Fabian",2024,60,100,0.143,0,0.5,0.143,0.198,0.2,0.133,2,14,100.3,15,2343,88.5,88.57,12,25,35,0.09999999999999432,6.35,108,148,117,147,290,308,273,"1.791","-1.791",,,16,4,2,0,0,0,10,62.5,1,6.3,2.16033,0.79933,0.2745,0.26283,"92.2",147,75,0,0,5.81,-0.69,-0.13,2.47,0.25,0,"-2.985",0.241,0.162,"2.985",0.01,0.009000000000000008,-0.019,-0.002,48,,,,,,,
60,643376,"Jansen, Danny",2024,60,100,0.308,0.308,0.375,0.615,0.411,0.3,0.198,4,13,81,19.6,2174,89.3,89.61,4,23,37,0.29999999999999716,6.46,109,148,124,136,294,309,287,"-0.282","0.282",,,14,9,2,1,0,1,4,28.6,1,7.1,2.1675,0.72183,0.41373,-0.00763,"89.8",169,22.22222222222222,22.22222222222222,14.285714285714285,5.89,-0.29,0.28,2.29,0.357,2,"0.47",0.255,0.441,"-0.47",0.11,0.10199999999999998,0.174,0.111,17.4,,,,,,,
59,815054,"Jemison, Drew",2024,59,100,0.333,0.067,0.385,0.4,0.362,0.244,0.194,5,15,75.5,8.6,2229,86.8,86.65,6,25,34,-0.09999999999999432,6.18,98,150,115,146,280,299,273,"-1.03","1.03",,,18,13,4,1,0,0,2,11.1,2,11.1,2.45102,0.63544,0.31845,0.25879,"88.9",108,0,0,0,5.69,-1.08,-0.01,2.5,0.412,0,"1.745762712",0.289,0.229,"-1.745762712",0.139,0.123,0.171,0.118,24,,,,,,,
59,679741,"Patiño, Wilderd",2024,60,98.3,0.1,0,0.167,0.1,0.262,0.279,0.122,1,10,79.5,-15.8,2260,86.9,87.18,7,25,34,0.29999999999999716,6.13,104,150,119,148,304,337,295,"0.203","-0.203",,,14,6,1,0,0,0,4,28.6,3,21.4,2.78847,0.43966,0.07136,0.04932,"89.2",62,16.666666666666664,0,0,5.98,-1.35,0.3,2.29,0.357,0,"-0.344067797",0.373,0.132,"0.344067797",-0.022,-0.016000000000000014,-0.032,-0.017,28,,,,,,,
59,623507,"Lester, Josh",2024,59,100,0.1,0,0.125,0.1,0.188,0.214,0.096,1,10,89.3,8,2104,89.1,89.25,5,28,31,0.10000000000000853,6.31,122,144,119,153,289,318,278,"1.554","-1.554",,,12,8,1,0,0,0,2,16.7,2,16.7,2.20508,0.68051,0.3422,0.00797,"89.5",147,28.57142857142857,0,0,5.85,0.87,-0.25,2.26,0.25,0,"-2.633898305",0.26,0.156,"2.633898305",0.004,-0.010000000000000009,-0.056,-0.026,17.9,,,,,,,
59,814261,"Caro, Carlos",2024,59,100,0.231,0.077,0.3,0.308,0.265,0.145,0.107,3,13,79.1,18.5,2403,87.4,87.09,8,24,35,-0.30000000000001137,6.12,112,150,116,149,287,299,278,"1.37","-1.37",,,14,10,2,1,0,0,3,21.4,1,7.1,2.36153,0.67431,0.06712,-0.14339,"88.9",154,10,0,0,5.78,-1.43,0.42,2.27,0.286,0,"-2.322033898",0.17,0.122,"2.322033898",0.124,0.11599999999999996,0.186,0.12,33.3,,,,,,,
58,663616,"Larnach, Trevor",2024,58,100,0.182,0.091,0.2,0.273,0.251,0.237,0.155,2,11,88.4,14.7,2174,90.8,90.79,5,29,29,0,6.42,107,141,121,141,268,289,279,"0.683","-0.683",,,14,10,1,1,0,0,2,14.3,2,14.3,1.87172,0.92224,0.68483,-0.64483,"90.5",149,30,0,0,5.97,-1.88,-0.09,2.42,0.286,0,"-1.177586207",0.272,0.237,"1.177586207",0.027,0.013999999999999957,0.036,0.014,17.2,,,,,,,
58,682848,"Rodríguez, Endy",2024,58,100,0.333,0.267,0.364,0.6,0.415,0.339,0.256,5,15,82.8,4.8,2133,86.7,86.89,6,33,25,0.20000000000000284,6.13,105,147,119,151,289,312,279,"-2.071","2.071",,,16,12,3,1,0,1,3,18.8,1,6.3,2.46466,0.59,0.39638,-0.39638,"92.1",121,33.33333333333333,8.333333333333332,6.25,6.24,-0.3,-0.19,2.26,0.375,1,"3.570689655",0.302,0.486,"-3.570689655",0.077,0.07300000000000001,0.114,0.076,18.2,,,,,,,
57,677800,"Abreu, Wilyer",2024,57,100,0.25,0.5,0.143,0.75,0.436,0.366,0.237,3,12,86.5,23.6,2089,87.9,87.89,5,22,35,0,6.35,114,144,124,151,305,325,296,"-1.07","1.07",,,13,9,1,0,0,2,3,23.1,1,7.7,2.07965,0.91526,0.37842,0.11982,"90.7",206,33.33333333333333,22.22222222222222,15.384615384615385,5.67,0.29,-0.06,2.4,0.308,2,"1.877192982",0.295,0.566,"-1.877192982",0.013,0.013000000000000012,0.184,0.07,22.7,,,,,,,
57,694266,"Smith, D'Andre",2024,57,100,0.176,0.059,0.231,0.235,0.208,0.246,0.229,3,17,86.9,14.2,2188,87.7,87.96,8,34,23,0.29999999999999716,6.62,101,149,117,146,295,302,268,"2.134","-2.134",,,18,13,2,1,0,0,4,22.2,0,0,2.3114,0.71263,0.42263,0.23807,"90.9",178,30.76923076923077,0,0,5.68,-1.25,-0.13,2.08,0.222,0,"-3.743859649",0.272,0.277,"3.743859649",-0.053,-0.05000000000000002,-0.042,-0.038,23.5,,,,,,,
57,596146,"Kepler, Max",2024,57,100,0.4,0,0.5,0.4,0.43,0.412,0.334,4,10,91.8,20.1,2158,88.4,88.22,3,25,32,-0.20000000000000284,6.15,115,145,120,150,301,322,301,"-1.104","1.104",,,13,8,4,0,0,0,2,15.4,3,23.1,2.16,0.81632,0.38411,-0.39554,"91.6",164,50,0,0,5.87,-0.66,-0.07,2.41,0.538,0,"1.936842105",0.488,0.423,"-1.936842105",0.066,0.050000000000000044,-0.023,0.018,12,,,,,,,
56,800387,"Peguero, Fernando",2024,56,100,0.267,0,0.5,0.267,0.235,0.251,0.265,4,15,90.1,17.1,2047,88.3,88.54,11,32,24,0.20000000000000284,6.37,112,143,105,144,273,312,281,"1.592","-1.592",,,15,8,4,0,0,0,7,46.7,0,0,2.16393,0.80945,0.32125,-0.32125,"90.2",141,50,0,0,5.65,0.01,0.1,2.45,0.267,0,"-2.842857143",0.265,0.307,"2.842857143",0.002,0.0020000000000000018,-0.04,-0.016,34.4,,,,,,,
55,676205,"Hardman, Tyler",2024,55,100,0.235,0.235,0.333,0.471,0.298,0.346,0.274,4,17,96.3,13.4,2311,88.2,88.35,12,29,26,0.20000000000000284,6.44,110,151,118,147,289,303,267,"0.685","-0.685",,,17,10,2,1,0,1,7,41.2,0,0,2.28909,0.67345,0.21964,0.10255,"94.5",206,50,20,11.76470588235294,5.63,-1.23,-0.14,2.49,0.235,2,"-1.245454545",0.274,0.546,"1.245454545",-0.039,-0.039000000000000035,-0.075,-0.048,41.4,,,,,,,
55,692817,"Leones, Luis",2024,55,100,0,0,0,0,0,0.026,0.025,0,14,78.8,17.8,2164,91.7,91.77,20,33,22,0.09999999999999432,6.4,111,146,104,147,276,296,281,"4.097","-4.097",,,14,5,0,0,0,0,9,64.3,0,0,1.61291,1.12255,0.55345,-0.49018,"88.5",83,0,0,0,5.88,-1.2,-0.16,2.62,0,0,"-7.449090909",0.025,0.031,"7.449090909",-0.025,-0.025,-0.031,-0.026,60.6,,,,,,,
55,692649,"Silverio, Oscar",2024,55,100,0.182,0.091,0.4,0.273,0.235,0.158,0.107,2,11,89.1,-2.4,2199,88.4,88.1,8,20,35,-0.30000000000001137,6.17,110,147,111,128,268,298,279,"0.815","-0.815",,,12,5,1,1,0,0,6,50,1,8.3,2.19309,0.76236,0.43018,-0.41855,"90.9",121,60,0,0,6.07,-1.26,-0.22,2.5,0.25,0,"-1.481818182",0.181,0.147,"1.481818182",0.075,0.069,0.126,0.077,40,,,,,,,
54,681898,"Mount, Drew",2024,54,100,0.083,0,0.111,0.083,0.121,0.207,0.164,1,12,88.8,1.9,2120,88,88.3,4,29,25,0.29999999999999716,6.35,107,140,113,147,287,319,288,"2.611","-2.611",,,13,9,1,0,0,0,3,23.1,1,7.7,2.57704,0.38889,0.25093,-0.36574,"89.4",131,28.57142857142857,0,0,5.66,-1.26,-0.24,2.04,0.154,0,"-4.835185185",0.24,0.203,"4.835185185",-0.081,-0.086,-0.12,-0.086,13.8,,,,,,,
54,666182,"Bichette, Bo",2024,54,100,0.286,0.071,0.333,0.357,0.279,0.418,0.429,4,14,96,9.5,2165,88.4,87.92,5,29,25,-0.5,6.03,105,151,120,145,311,334,292,"0.545","-0.545",,,14,12,3,1,0,0,2,14.3,0,0,2.43481,0.5163,0.40926,0.40778,"93.5",163,66.66666666666666,0,0,6.15,-1.57,-0.01,1.97,0.286,0,"-1.009259259",0.429,0.533,"1.009259259",-0.143,-0.14300000000000002,-0.176,-0.139,17.2,,,,,,,
53,691284,"Corniel, Juan",2024,53,100,0.316,0.053,0.333,0.368,0.319,0.311,0.301,6,19,86.9,-5.4,2156,87.6,88.22,7,36,17,0.6000000000000085,6.37,108,144,108,148,290,327,303,"0.183","-0.183",,,20,18,5,1,0,0,1,5,0,0,2.36283,0.62346,0.20396,-0.20396,"91.1",110,27.77777777777778,0,0,5.65,-1.23,0.18,2.25,0.35,0,"-0.345283019",0.336,0.355,"0.345283019",0.015,0.013999999999999957,0.013,0.008,19.4,,,,,,,
53,805268,"Williams, Peyton",2024,53,100,0.111,0,0.125,0.111,0.246,0.349,0.248,1,9,91.7,5.3,2153,86.8,86.57,6,21,32,-0.20000000000000284,6.18,112,147,134,153,286,332,298,"0.874","-0.874",,,12,8,1,0,0,0,1,8.3,3,25,2.3917,0.67623,0.41962,-0.3834,"93.6",156,37.5,0,0,6.06,-0.24,-0.44,2.41,0.333,0,"-1.649056604",0.436,0.289,"1.649056604",-0.137,-0.10299999999999998,-0.178,-0.103,28.6,,,,,,,
53,621035,"Taylor, Chris",2024,53,100,0.364,0.182,0.5,0.545,0.435,0.345,0.295,4,11,82.9,0.5,2205,90,89.91,9,23,30,-0.09999999999999432,6.01,105,149,125,147,298,343,301,"-1.98","1.98",,,13,8,2,2,0,0,3,23.1,2,15.4,2.03321,0.79113,0.50075,0.06566,"89.9",148,25,0,0,5.83,0.02,-0.04,2.47,0.462,0,"3.735849057",0.403,0.351,"-3.735849057",0.069,0.059,0.194,0.09,39.1,,,,,,,
52,661733,"Burt, Max",2024,52,100,0.214,0.214,0.25,0.429,0.297,0.262,0.203,3,14,91.6,20.1,2201,89.3,89.09,6,25,27,-0.20000000000000284,6.22,105,150,118,147,284,310,272,"0.684","-0.684",,,15,12,0,3,0,0,2,13.3,1,6.7,2.15558,0.72846,0.50942,0.1475,"92.1",186,41.66666666666667,0,0,5.73,-0.6,0.32,2.29,0.267,0,"-1.315384615",0.256,0.343,"1.315384615",0.011,0.01100000000000001,0.086,0.035,24,,,,,,,
52,596115,"Story, Trevor",2024,52,100,0.375,0.063,0.429,0.438,0.354,0.329,0.332,6,16,94.4,24.1,2128,88.7,88.69,6,28,24,0,6.31,100,149,117,142,295,321,293,"-0.127","0.127",,,16,14,5,1,0,0,2,12.5,0,0,2.17942,0.77098,0.37365,0.35942,"94.4",206,57.14285714285714,0,0,6.05,-1.48,-0.04,2.32,0.375,0,"0.244230769",0.332,0.425,"-0.244230769",0.043,0.04299999999999998,0.013,0.025,21.4,,,,,,,
52,685313,"Dunham, Elijah",2024,52,100,0.1,0,0.143,0.1,0.229,0.276,0.137,1,10,87.9,-13.9,2295,88.4,88.41,7,21,31,0,6.29,112,146,109,144,284,316,295,"1.004","-1.004",,,13,7,1,0,0,0,3,23.1,2,15.4,2.42173,0.54,0.02423,-0.14115,"90.6",86,42.857142857142854,0,0,5.76,-0.4,0.01,2.06,0.308,0,"-1.930769231",0.336,0.206,"1.930769231",-0.037,-0.028000000000000025,-0.106,-0.047,33.3,,,,,,,
51,663624,"Mountcastle, Ryan",2024,51,100,0.091,0,0.2,0.091,0.08,0.215,0.214,1,11,97.8,-7.2,2271,89.1,89.14,16,31,20,0,6.2,102,152,127,149,295,318,285,"1.64","-1.64",,,11,5,1,0,0,0,6,54.5,0,0,2.20608,0.67706,0.22275,0.14157,"93.0",160,60,20,9.090909090909092,5.69,-1.54,0.36,2.37,0.091,1,"-3.215686275",0.214,0.281,"3.215686275",-0.123,-0.123,-0.19,-0.135,51.6,,,,,,,
51,543257,"Grossman, Robbie",2024,51,100,0.4,0.7,0.333,1.1,0.634,0.25,0.155,4,10,84.9,29.9,2211,86.9,86.96,4,17,34,0.09999999999999432,6.32,114,148,116,142,289,321,285,"-2.27","2.27",,,12,8,1,1,0,2,2,16.7,2,16.7,2.40961,0.64784,0.24824,-0.24824,"90.2",175,25,0,0,5.97,-0.18,-0.17,2.45,0.5,0,"4.450980392",0.296,0.227,"-4.450980392",0.245,0.20400000000000001,0.873,0.384,23.5,,,,,,,
51,608701,"Refsnyder, Rob",2024,51,100,0.333,0.333,0.5,0.667,0.443,0.34,0.275,4,12,93.3,10.3,2107,88.4,88.55,8,28,23,0.09999999999999432,6.39,110,149,122,148,290,318,281,"-2.139","2.139",,,13,7,2,1,0,1,5,38.5,1,7.7,2.14549,0.80882,0.32725,-0.24529,"91.4",146,28.57142857142857,14.285714285714285,7.6923076923076925,5.96,0,0.15,2.42,0.385,1,"4.194117647",0.331,0.45,"-4.194117647",0.058,0.05399999999999999,0.217,0.103,28.6,,,,,,,
51,664774,"Wade Jr., LaMonte",2024,51,100,0.143,0,0.2,0.143,0.331,0.375,0.205,1,7,87.3,4.2,2104,90.5,91.08,4,16,35,0.5999999999999943,6.46,115,146,126,148,294,312,296,"-0.969","0.969",,,11,5,1,0,0,0,2,18.2,4,36.4,2.03157,0.76294,0.552,-0.4944,"91.3",139,20,0,0,5.49,-1.51,0.03,2.39,0.455,0,"1.9",0.494,0.246,"-1.9",-0.062,-0.03899999999999998,-0.103,-0.044,25,,,,,,,
50,681132,"Ferguson, Max",2024,50,100,0.1,0,0.143,0.1,0.188,0.302,0.229,1,10,87.4,2.5,2245,90.5,90.65,5,16,34,0.20000000000000284,6.39,114,146,112,154,285,318,289,"1.119","-1.119",,,12,7,1,0,0,0,3,25,2,16.7,2.1222,0.7006,0.2322,-0.2322,"92.1",150,50,0,0,6.16,-1.35,0.11,2.4,0.25,0,"-2.238",0.369,0.269,"2.238",-0.129,-0.119,-0.169,-0.114,31.3,,,,,,,
49,694671,"Langford, Wyatt",2024,49,100,0.2,0,0.2,0.2,0.223,0.299,0.243,2,10,90,5.5,2249,87.5,87.77,1,23,26,0.29999999999999716,6.44,111,153,121,148,291,305,262,"0.352","-0.352",,,11,10,2,0,0,0,0,0,1,9.1,2.44837,0.56469,0.07854,0.08313,"92.8",149,50,10,9.090909090909092,5.73,-1.4,0.02,2.47,0.273,1,"-0.718367347",0.312,0.361,"0.718367347",-0.043,-0.03899999999999998,-0.161,-0.076,4.3,,,,,,,
49,685460,"Miller, Andrew",2024,49,100,0.083,0,0.143,0.083,0.121,0.206,0.171,1,12,85.6,7,2478,86.6,86.22,14,26,23,-0.3999999999999915,6.09,102,149,118,144,295,319,284,"2.496","-2.496",,,13,7,1,0,0,0,5,38.5,1,7.7,2.78939,0.28776,-0.20417,-0.32167,"93.9",139,42.857142857142854,0,0,5.79,-1,-0.03,2.33,0.154,0,"-5.093877551",0.235,0.204,"5.093877551",-0.088,-0.08099999999999999,-0.121,-0.085,53.8,,,,,,,
49,701784,"Clayton, Cam",2024,49,100,0.154,0,0.25,0.154,0.136,0.222,0.233,2,13,83.2,9.4,2205,86.6,86.57,8,31,18,0,6.33,106,142,110,142,292,302,280,"2.415","-2.415",,,13,8,2,0,0,0,5,38.5,0,0,2.39612,0.69122,0.56837,0.26714,"89.9",125,25,0,0,5.59,-0.9,0.24,2.44,0.154,0,"-4.928571429",0.233,0.279,"4.928571429",-0.079,-0.07900000000000001,-0.125,-0.086,25.8,,,,,,,
49,689651,"Sikes, Phillip",2024,49,100,0.1,0,0.143,0.1,0.143,0.127,0.067,1,10,85.3,30,2212,87.8,88,8,25,24,0.20000000000000284,6.38,101,142,112,143,294,318,281,"2.196","-2.196",,,11,7,1,0,0,0,3,27.3,1,9.1,2.43571,0.55688,0.02875,-0.05458,"89.7",147,33.33333333333333,0,0,6.09,-1.06,0.05,2.7,0.182,0,"-4.481632653",0.16,0.079,"4.481632653",0.033,0.021999999999999992,0.021,0.016,32,,,,,,,
49,700335,"Loaiza, Alejandro",2024,49,100,0.25,0,0.429,0.25,0.256,0.21,0.179,3,12,64.4,21.7,2333,88.7,88.98,11,27,22,0.29999999999999716,6.43,104,150,116,146,288,302,267,"1.231","-1.231",,,13,7,3,0,0,0,5,38.5,1,7.7,2.11408,0.81306,0.35958,0.3425,"88.1",148,0,0,0,5.91,-0.59,0.32,2.81,0.308,0,"-2.512244898",0.243,0.201,"2.512244898",0.071,0.065,0.049,0.046,40.7,,,,,,,
49,691919,"Espinal, Ewry",2024,49,100,0,0,0,0,0.057,0.133,0.077,0,11,81.2,-7.5,2272,86.9,86.79,6,17,32,-0.10000000000000853,6.39,118,146,113,147,286,323,288,"1.85","-1.85",,,12,6,0,0,0,0,5,41.7,1,8.3,2.4551,0.62061,0.38694,-0.38694,"90.1",84,16.666666666666664,0,0,5.46,-2,-0.1,2.38,0.083,0,"-3.775510204",0.154,0.112,"3.775510204",-0.077,-0.071,-0.112,-0.076,35.3,,,,,,,
48,676059,"Westburg, Jordan",2024,48,100,0.4,0.4,0.375,0.8,0.54,0.487,0.332,4,10,94.9,16.8,2257,89,88.79,4,26,22,-0.20000000000000284,6.05,105,147,121,144,296,318,288,"-1.656","1.656",,,12,9,2,1,0,1,1,8.3,1,8.3,2.23729,0.65813,0.33447,0.39745,"92.0",211,33.33333333333333,22.22222222222222,16.666666666666664,5.75,-1.68,0.22,2.2,0.5,2,"3.45",0.443,0.716,"-3.45",0.068,0.056999999999999995,0.084,0.053,15.4,,,,,,,
47,595879,"Báez, Javier",2024,47,100,0.333,0.333,0.375,0.667,0.443,0.312,0.232,4,12,81.5,29.8,2243,86,86.29,7,24,23,0.29999999999999716,6.44,106,150,117,146,288,320,299,"-0.598","0.598",,,13,9,2,1,0,1,3,23.1,1,7.7,2.61851,0.51152,0.06681,-0.1817,"91.7",168,33.33333333333333,11.11111111111111,7.6923076923076925,5.86,-0.11,0,2.5,0.385,1,"1.272340426",0.291,0.424,"-1.272340426",0.101,0.09400000000000003,0.243,0.131,29.2,,,,,,,
47,681068,"Easley, Jayce",2024,48,97.9,0.2,0,0.286,0.2,0.223,0.252,0.217,2,10,91.8,12,2174,89.3,89.66,6,21,26,0.4000000000000057,6.32,112,149,110,147,294,318,296,"0.985","-0.985",,,11,7,2,0,0,0,3,27.3,1,9.1,2.47021,0.41244,0.5417,-0.34681,"90.7",168,42.857142857142854,0,0,5.73,-0.78,-0.07,2.25,0.273,0,"-2.095744681",0.288,0.26,"2.095744681",-0.017,-0.014999999999999958,-0.06,-0.029,28.6,,,,,,,
46,669394,"Burger, Jake",2024,46,100,0.273,0,0.333,0.273,0.309,0.362,0.308,3,11,91.3,-4.1,2206,88.2,88.09,3,18,28,-0.10000000000000853,6,102,151,123,148,296,324,273,"-0.596","0.596",,,13,9,3,0,0,0,2,15.4,2,15.4,2.17978,0.77326,0.43739,0.0187,"94.7",170,44.44444444444444,0,0,6.06,-0.4,0.37,2.51,0.385,0,"1.295652174",0.414,0.386,"-1.295652174",-0.035,-0.02899999999999997,-0.113,-0.053,16.7,,,,,,,
46,663993,"Lowe, Nathaniel",2024,46,100,0.182,0.091,0.182,0.273,0.235,0.335,0.289,2,11,91.9,10.2,2064,86,86.25,2,18,28,0.20000000000000284,6.41,120,148,133,153,284,302,287,"1.1","-1.1",,,12,11,1,1,0,0,0,0,1,8.3,2.63935,0.49689,0.5087,-0.46522,"93.2",164,45.45454545454545,0,0,5.95,-1.33,-0.04,2.69,0.25,0,"-2.391304348",0.348,0.413,"2.391304348",-0.107,-0.09799999999999998,-0.14,-0.1,11.1,,,,,,,
46,621439,"Buxton, Byron",2024,46,100,0.091,0,0.2,0.091,0.08,0.226,0.228,1,11,90.8,7.2,2264,89.5,89.52,13,25,21,0,6.15,101,149,118,146,289,320,278,"2.31","-2.31",,,11,5,1,0,0,0,6,54.5,0,0,2.26348,0.60565,0.18,0.32739,"91.6",131,40,0,0,6.06,-0.87,-0.02,2.2,0.091,0,"-5.02173913",0.228,0.291,"5.02173913",-0.137,-0.137,-0.2,-0.146,52,,,,,,,
46,814440,"Eberly, Weston",2024,46,100,0.2,0,0.286,0.2,0.223,0.272,0.249,2,10,78.1,11.3,2223,88.8,89.27,4,22,24,0.5,6.47,107,151,119,145,279,317,276,"1.232","-1.232",,,11,7,2,0,0,0,3,27.3,1,9.1,2.36109,0.5487,0.2487,0.22696,"89.1",148,0,0,0,5.61,-0.82,0.08,2.4,0.273,0,"-2.67826087",0.317,0.278,"2.67826087",-0.049,-0.043999999999999984,-0.078,-0.049,18.2,,,,,,,
46,690107,"Glenn, Jackson",2024,46,100,0.1,0.1,0.111,0.2,0.177,0.21,0.152,1,10,86.5,18.7,2113,89.2,90.19,4,21,25,1,6.69,106,151,120,149,303,324,283,"1.522","-1.522",,,11,9,0,1,0,0,1,9.1,1,9.1,2.08804,0.78391,0.135,0.08891,"90.2",187,33.33333333333333,0,0,5.73,-1.85,0.11,2.32,0.182,0,"-3.308695652",0.229,0.225,"3.308695652",-0.052,-0.047000000000000014,-0.025,-0.033,19,,,,,,,
45,663519,"Rios, Kekai",2024,45,100,0.154,0.154,0.182,0.308,0.193,0.208,0.213,2,13,86.6,25.5,2218,90.7,90.26,3,28,17,-0.4000000000000057,6.25,109,146,112,146,295,297,283,"1.62","-1.62",,,13,11,0,2,0,0,2,15.4,0,0,1.904,0.92422,0.69378,0.56489,"90.0",155,18.181818181818183,0,0,5.76,-1.31,-0.15,2.56,0.154,0,"-3.6",0.213,0.263,"3.6",-0.059,-0.059,0.045,-0.015,10.7,,,,,,,
45,681323,"Binelas, Alex",2024,45,100,0.25,0.25,0.333,0.5,0.346,0.314,0.25,3,12,96.2,16.1,2343,89,89.22,7,20,25,0.20000000000000284,6.36,104,141,112,154,288,320,291,"0.28","-0.28",,,13,7,2,0,0,1,5,38.5,1,7.7,2.23867,0.67422,0.23244,-0.23244,"92.5",207,57.14285714285714,14.285714285714285,7.6923076923076925,5.97,-1.54,0.1,2.31,0.308,1,"-0.622222222",0.308,0.411,"0.622222222",0,0,0.089,0.032,35,,,,,,,
45,689141,"Hall, Anthony",2024,45,100,0.167,0,0.286,0.167,0.189,0.205,0.174,2,12,80.4,15,2145,86.7,86.25,9,24,21,-0.4000000000000057,6.08,114,148,127,151,289,327,305,"1.331","-1.331",,,13,7,2,0,0,0,5,38.5,1,7.7,2.33889,0.75636,0.52689,-0.58067,"89.1",144,0,0,0,5.71,-0.53,-0.14,2.38,0.231,0,"-2.957777778",0.238,0.201,"2.957777778",-0.007,-0.0069999999999999785,-0.034,-0.016,37.5,,,,,,,
44,695415,"Worrell, Bryson",2024,44,100,0.182,0.364,0.333,0.545,0.3,0.212,0.124,2,11,99.6,32.3,1883,88.4,88.93,16,26,18,0.5,6.5,115,147,110,149,299,328,302,"-0.1","0.1",,,11,4,0,1,0,1,7,63.6,0,0,2.50568,0.43814,0.33628,-0.33628,"93.4",231,75,50,18.181818181818183,5.78,-1.36,0.03,1.99,0.182,2,"0.227272727",0.124,0.388,"-0.227272727",0.058,0.057999999999999996,0.157,0.088,61.5,,,,,,,
44,702977,"Head, Dillon",2024,44,100,0.333,0.167,0.444,0.5,0.353,0.117,0.128,4,12,85.3,20.9,2164,86.2,85.95,6,29,15,-0.29999999999999716,6.19,114,144,102,141,274,305,287,"0.101","-0.101",,,12,9,3,0,1,0,3,25,0,0,2.4475,0.64955,0.48045,-0.58409,"89.8",131,33.33333333333333,0,0,5.68,-1.34,-0.37,2.33,0.333,0,"-0.229545455",0.128,0.14,"0.229545455",0.205,0.20500000000000002,0.36,0.236,20.7,,,,,,,
43,804710,"Orf, Brennan",2024,43,100,0.083,0.25,0,0.333,0.211,0.184,0.118,1,12,81.4,17,2215,86.7,86.43,5,19,24,-0.29999999999999716,6.14,115,146,121,153,278,310,285,"0.877","-0.877",,,13,9,0,0,0,1,3,23.1,1,7.7,2.5007,0.56326,0.4007,-0.30674,"90.5",102,22.22222222222222,11.11111111111111,7.6923076923076925,5.8,-1.97,-0.38,2.37,0.154,1,"-2.039534884",0.186,0.21,"2.039534884",-0.035,-0.032,0.123,0.027,26.3,,,,,,,
43,571657,"Farmer, Kyle",2024,43,100,0.273,0.182,0.429,0.455,0.34,0.257,0.212,3,11,93.1,9.9,2257,86.3,86.46,6,18,25,0.20000000000000284,6.41,109,153,121,147,288,312,281,"-0.136","0.136",,,12,7,1,2,0,0,4,33.3,1,8.3,2.56628,0.5193,0.1931,-0.2931,"94.0",152,57.14285714285714,0,0,5.91,1.12,0.14,2.29,0.333,0,"0.31627907",0.278,0.285,"-0.31627907",0.061,0.05499999999999999,0.17,0.083,33.3,,,,,,,
43,806428,"Farmer, Ezra",2024,43,100,0.143,0,0.5,0.143,0.251,0.2,0.062,1,7,90.2,29,2366,86.7,86.14,10,16,27,-0.6000000000000085,6.1,115,148,118,152,281,299,276,"0.261","-0.261",,,9,2,1,0,0,0,5,55.6,2,22.2,2.4193,0.66907,0.65628,-0.65628,"89.1",106,0,0,0,5.64,-1.8,-0.11,2.44,0.333,0,"-0.606976744",0.271,0.076,"0.606976744",0.081,0.062,0.067,0.051,62.5,,,,,,,
42,800082,"Lantigua, Andriel",2024,42,100,0,0,0,0,0.069,0.103,0.035,0,9,81.4,39,2303,86.7,87,13,21,21,0.4000000000000057,6.52,110,150,115,146,288,307,273,"2.321","-2.321",,,10,2,0,0,0,0,7,70,1,10,2.66071,0.43548,0.01143,-0.08333,"89.9",208,0,0,0,5.95,-0.91,0.26,2.61,0.1,0,"-5.526190476",0.132,0.057,"5.526190476",-0.035,-0.032,-0.057,-0.034,61.9,,,,,,,
41,678689,"Castillo, Neyfy",2024,41,100,0.286,0.143,0.667,0.429,0.353,0.168,0.096,2,7,92,29.3,2130,86.2,86.69,8,18,23,0.5,6.28,104,149,116,146,299,328,294,"-0.203","0.203",,,8,3,1,1,0,0,4,50,1,12.5,2.73463,0.35415,0.22463,-0.1822,"90.2",128,33.33333333333333,0,0,5.5,0.18,0.11,2.21,0.375,0,"0.495121951",0.209,0.122,"-0.495121951",0.19,0.166,0.307,0.185,44.4,,,,,,,
41,691021,"Vukovich, A.J.",2024,41,100,0.273,0,0.429,0.273,0.24,0.24,0.237,3,11,90.6,13.7,2263,86.6,87.1,7,27,14,0.5,6.69,103,153,119,146,292,309,280,"1.037","-1.037",,,11,7,3,0,0,0,4,36.4,0,0,2.4761,0.63585,0.09683,-0.15927,"89.9",123,28.57142857142857,0,0,5.45,0.35,0.11,2.63,0.273,0,"-2.529268293",0.237,0.315,"2.529268293",0.036,0.03600000000000003,-0.042,0,25.9,,,,,,,
41,680869,"Gelof, Zack",2024,41,100,0.125,0.375,0,0.5,0.274,0.386,0.296,1,8,97.3,19.7,2424,88.2,88.41,6,16,25,0.20000000000000284,6.32,108,152,120,148,298,324,287,"0.233","-0.233",,,10,6,0,0,0,1,3,30,1,10,2.2822,0.66854,0.17537,-0.09244,"94.1",174,66.66666666666666,16.666666666666664,10,5.99,-1.43,0.17,2.27,0.2,1,"-0.568292683",0.351,0.585,"0.568292683",-0.171,-0.15099999999999997,-0.085,-0.112,37.5,,,,,,,
39,602104,"Urías, Ramón",2024,39,100,0.333,0.333,0.5,0.667,0.424,0.201,0.19,3,9,92.4,21.2,2264,89.6,89.27,9,23,16,-0.29999999999999716,5.99,102,151,123,150,295,318,284,"-0.665","0.665",,,9,5,2,0,0,1,4,44.4,0,0,2.04564,0.80795,0.21821,0.21821,"89.8",134,20,0,0,5.88,-1.64,0.23,2.5,0.333,0,"1.705128205",0.19,0.283,"-1.705128205",0.143,0.14300000000000002,0.384,0.223,39.1,,,,,,,
37,681974,"Vega, Onix",2024,37,100,0.2,0,0.25,0.2,0.323,0.3,0.151,1,5,89.5,13.3,2117,86,86.14,2,17,20,0.09999999999999432,6.41,117,147,116,143,290,314,279,"-0.048","0.048",,,7,4,1,0,0,0,1,14.3,2,28.6,2.49027,0.64514,0.31703,0.26892,"90.2",81,25,0,0,5.93,-0.6,0.01,2.17,0.429,0,"0.12972973",0.393,0.177,"-0.12972973",0.049,0.035999999999999976,0.023,0.023,11.8,,,,,,,
37,811965,"Kuroda-Grauer, Joshua",2024,37,100,0.167,0,0.182,0.167,0.191,0.249,0.227,2,12,88,-14.1,1917,86.4,86.85,0,19,18,0.3999999999999915,6.35,108,151,113,148,302,322,295,"1.448","-1.448",,,13,11,2,0,0,0,1,7.7,0,0,2.73243,0.34811,0.28595,0.17838,"91.0",50,36.36363636363637,0,0,5.4,-1.42,0,2.45,0.231,0,"-3.913513514",0.286,0.251,"3.913513514",-0.06,-0.054999999999999966,-0.084,-0.058,0,,,,,,,
37,682011,"Miller, Tyler",2024,37,100,0,0,0,0,0.077,0.109,0.04,0,8,83.3,-2,2115,88.8,88.78,8,17,20,0,6.32,102,146,125,152,283,313,288,"1.188","-1.188",,,9,3,0,0,0,0,5,55.6,1,11.1,2.26378,0.65622,0.36027,-0.62243,"88.1",102,0,0,0,5.47,-1.82,-0.31,2.09,0.111,0,"-3.210810811",0.146,0.046,"3.210810811",-0.04,-0.03499999999999999,-0.046,-0.032,47.1,,,,,,,
37,804858,"Rincon, Bryan",2024,37,100,0.143,0,0.2,0.143,0.196,0.207,0.147,1,7,76.2,12.8,2326,91.6,91.59,2,14,23,0,6.45,118,148,112,148,288,326,289,"0.834","-0.834",,,8,5,1,0,0,0,2,25,1,12.5,1.50162,1.25432,0.81324,-0.81324,"88.9",144,20,0,0,5.88,-1.52,-0.18,2.96,0.25,0,"-2.254054054",0.254,0.169,"2.254054054",-0.004,-0.0040000000000000036,-0.026,-0.011,14.3,,,,,,,
37,693850,"Rosario, Kala'i",2024,37,100,0.4,1.2,0,1.6,0.771,0.719,0.484,2,5,100.4,4,2270,87.9,87.67,1,9,28,-0.20000000000000284,6.27,98,148,121,143,282,288,272,"-2.754","2.754",,,8,5,0,0,0,2,0,0,3,37.5,2.10919,0.87541,0.51784,-0.02649,"97.9",184,80,40,25,5.96,-0.9,0.02,2.18,0.625,2,"7.443243243",0.677,1.282,"-7.443243243",-0.084,-0.052000000000000046,0.318,0.052,11.1,,,,,,,
36,682625,"Gomez, Antonio",2024,36,100,0.273,0.091,0.333,0.364,0.338,0.308,0.25,3,11,84.5,6.4,2281,86.6,86.21,4,18,18,-0.3999999999999915,6.02,109,146,114,145,294,296,268,"-0.263","0.263",,,13,9,2,1,0,0,2,15.4,2,15.4,2.45861,0.61444,0.26389,0.13722,"91.2",116,44.44444444444444,0,0,5.76,-0.58,-0.04,2.59,0.385,0,"0.730555556",0.365,0.293,"-0.730555556",0.023,0.020000000000000018,0.071,0.03,22.2,,,,,,,
36,641313,"Anderson, Tim",2024,36,100,0.444,0.333,0.429,0.778,0.538,0.381,0.324,4,9,90.9,9.1,2215,89.7,88.93,7,20,16,-0.7999999999999972,5.85,106,145,122,145,295,312,267,"-1.364","1.364",,,10,8,3,0,0,1,1,10,1,10,2.4025,0.475,0.54806,0.11139,"92.1",168,37.5,0,0,5.86,-0.97,0.24,2.51,0.5,0,"3.788888889",0.392,0.478,"-3.788888889",0.12,0.10799999999999998,0.3,0.157,35,,,,,,,
35,691685,"Perez, Jean",2024,36,97.2,0.222,0,0.4,0.222,0.196,0.134,0.149,2,9,79.2,-13.4,1974,85.1,85.81,10,27,8,0.7000000000000028,6.42,101,145,118,141,306,316,299,"1.111","-1.111",,,9,5,2,0,0,0,4,44.4,0,0,2.83829,0.31314,0.49143,-0.41143,"88.5",91,0,0,0,5.55,1.7,0.23,2.16,0.222,0,"-3.174285714",0.149,0.154,"3.174285714",0.073,0.07300000000000001,0.068,0.062,37,,,,,,,
35,605113,"Ahmed, Nick",2024,35,100,0.2,0,0.25,0.2,0.223,0.244,0.218,2,10,83,20.5,2125,88.7,88.87,3,15,20,0.20000000000000284,6.15,105,150,118,147,309,323,298,"0.733","-0.733",,,11,8,2,0,0,0,2,18.2,1,9.1,2.43486,0.46571,0.69886,0.41714,"90.9",168,25,0,0,5.96,-0.36,-0.02,2.13,0.273,0,"-2.094285714",0.289,0.24,"2.094285714",-0.018,-0.01599999999999996,-0.04,-0.021,20,,,,,,,
35,696521,"Spain, Garrett",2024,35,100,0.143,0.143,0.25,0.286,0.243,0.339,0.275,1,7,101.6,9.8,2053,90.1,89.98,7,17,18,-0.09999999999999432,6.19,116,143,103,149,282,312,301,"0.524","-0.524",,,8,4,0,1,0,0,3,37.5,1,12.5,2.04857,0.78657,0.64771,-0.61686,"95.1",146,100,0,0,6.02,-1.3,-0.16,2.34,0.25,0,"-1.497142857",0.366,0.391,"1.497142857",-0.132,-0.11599999999999999,-0.105,-0.096,41.2,,,,,,,
35,802219,"Hadeen, Woody",2024,35,100,0.111,0,0.125,0.111,0.248,0.281,0.127,1,9,80.3,-4.6,2318,88.7,88.09,2,12,23,-0.6000000000000085,6.05,110,147,112,149,281,316,286,"-0.484","0.484",,,12,8,1,0,0,0,1,8.3,2,16.7,1.86771,1.07886,0.71714,-0.71714,"88.8",102,14.285714285714285,0,0,5.94,-1.6,-0.41,2.66,0.333,0,"1.382857143",0.365,0.163,"-1.382857143",-0.016,-0.03199999999999997,-0.052,-0.033,16.7,,,,,,,
34,686984,"Lee Sang, Marcus",2024,35,97.1,0.25,0,0.4,0.25,0.273,0.173,0.112,2,8,81,-7,2178,83.5,83.81,6,13,21,0.29999999999999716,6.38,122,149,108,152,285,318,284,"0.245","-0.245",,,9,5,2,0,0,0,3,33.3,1,11.1,2.92765,0.37382,-0.05647,-0.23353,"92.0",104,20,0,0,5.5,0.44,-0.33,2.14,0.333,0,"-0.720588235",0.211,0.135,"0.720588235",0.138,0.12200000000000003,0.115,0.1,46.2,,,,,,,
33,596142,"Sánchez, Gary",2024,33,100,0.167,0,0.25,0.167,0.286,0.494,0.298,1,6,88.6,13.8,2079,86.3,86.42,7,15,18,0.10000000000000853,6.22,106,150,118,144,297,317,292,"0.086","-0.086",,,8,4,1,0,0,0,2,25,1,12.5,2.56242,0.51697,0.20879,0.04333,"90.2",192,25,25,12.5,6.01,0.29,-0.14,2.24,0.375,1,"-0.260606061",0.474,0.702,"0.260606061",-0.131,-0.09899999999999998,-0.535,-0.208,46.7,,,,,,,
33,660644,"Bruján, Vidal",2024,33,100,0.143,0.429,0,0.571,0.381,0.273,0.11,1,7,85.8,16.7,1974,88.9,89.68,2,15,18,0.7999999999999972,6.6,110,138,129,151,233,308,293,"-0.673","0.673",,,9,6,0,0,0,1,1,11.1,2,22.2,2.20818,0.69848,0.4803,-0.4803,"89.4",180,33.33333333333333,0,0,5.8,-0.71,-0.08,2.37,0.333,0,"2.039393939",0.307,0.253,"-2.039393939",0.033,0.026000000000000023,0.318,0.108,13.3,,,,,,,
32,703340,"Oviedo, Carlos",2024,32,100,0.375,0.125,0.5,0.5,0.412,0.33,0.267,3,8,87.3,6.3,2431,86.9,86.87,7,18,14,0,6.31,104,151,113,147,287,311,281,"-0.726","0.726",,,9,6,2,1,0,0,2,22.2,1,11.1,2.45125,0.6125,0.055,0.055,"90.2",179,33.33333333333333,16.666666666666664,11.11111111111111,5.54,-1.99,0.12,2.58,0.444,1,"2.26875",0.348,0.395,"-2.26875",0.108,0.09600000000000003,0.105,0.082,38.9,,,,,,,
32,670868,"Gutierrez, Abrahan",2024,32,100,0,0,0,0,0.069,0.315,0.223,0,9,93.3,22.3,2292,86.2,85.95,5,16,16,-0.29999999999999716,6.28,110,149,122,148,278,294,265,"2.183","-2.183",,,10,7,0,0,0,0,2,20,1,10,2.67594,0.45219,0.12156,0.12156,"92.1",152,42.857142857142854,14.285714285714285,10,6,-1.36,0.12,2.15,0.1,1,"-6.821875",0.301,0.425,"6.821875",-0.223,-0.20099999999999998,-0.425,-0.246,31.3,,,,,,,
32,570482,"Urshela, Gio",2024,32,100,0.625,0,0.714,0.625,0.566,0.361,0.341,5,8,88.5,-7.4,2138,87.1,86.85,1,14,18,-0.20000000000000284,6.19,109,150,119,148,284,322,274,"-1.908","1.908",,,9,7,5,0,0,0,1,11.1,1,11.1,2.72125,0.30844,0.26871,0.26871,"92.4",93,57.14285714285714,0,0,5.65,-1.99,0.37,1.98,0.667,0,"5.9625",0.414,0.383,"-5.9625",0.284,0.25300000000000006,0.242,0.205,7.1,,,,,,,
32,645277,"Albies, Ozzie",2024,32,100,0.5,0.375,0.429,0.875,0.598,0.386,0.316,4,8,93.7,11.5,2208,87.9,87.71,1,14,18,-0.20000000000000284,6.22,109,149,121,144,287,312,277,"-1.631","1.631",,,9,8,3,0,0,1,0,0,1,11.1,2.58875,0.40281,0.24281,0.02406,"92.7",152,37.5,12.5,11.11111111111111,5.87,0.1,-0.07,2.04,0.556,1,"5.096875",0.392,0.503,"-5.096875",0.184,0.16400000000000003,0.372,0.212,7.1,,,,,,,
31,547989,"Abreu, José",2024,31,100,0,0,0,0,0.098,0.324,0.261,0,6,96.9,-4,2439,89.9,90.06,1,13,18,0.19999999999998863,6.31,109,153,122,148,292,306,276,"1.53","-1.53",,,7,4,0,0,0,0,2,28.6,1,14.3,2.03065,0.80903,0.16871,0.16871,"91.4",192,66.66666666666666,0,0,5.71,-1.93,0.35,2.56,0.143,0,"-4.935483871",0.384,0.321,"4.935483871",-0.261,-0.24100000000000002,-0.321,-0.226,7.7,,,,,,,
31,699816,"Loftin, Jackson",2024,31,100,0.286,0,0.286,0.286,0.353,0.239,0.115,2,7,86.5,14,2223,89.2,89.77,2,15,16,0.5999999999999943,6.34,107,149,121,148,311,323,298,"-0.636","0.636",,,9,7,2,0,0,0,0,0,1,11.1,2.24871,0.61355,0.21871,-0.01548,"90.2",101,28.57142857142857,0,0,5.78,-1.21,0.27,2.48,0.444,0,"2.051612903",0.311,0.128,"-2.051612903",0.171,0.133,0.158,0.114,13.3,,,,,,,
30,624641,"Sosa, Edmundo",2024,30,100,0.111,0,0.125,0.111,0.098,0.297,0.242,1,9,90.9,19.4,2173,88.4,87.77,6,21,9,-0.6000000000000085,6.08,112,151,122,144,297,314,287,"1.778","-1.778",,,9,8,1,0,0,0,1,11.1,0,0,2.10467,0.84,0.85103,-0.49793,"92.5",198,37.5,12.5,11.11111111111111,5.75,0.41,0.35,2.55,0.111,1,"-5.926666667",0.242,0.454,"5.926666667",-0.131,-0.131,-0.343,-0.199,28.6,,,,,,,
30,628451,"Ibáñez, Andy",2024,30,100,0.333,0.222,0.375,0.556,0.411,0.297,0.186,3,9,91.8,19.6,2016,86.9,87.41,4,16,14,0.5,6.59,100,152,116,147,300,329,275,"-0.635","0.635",,,10,8,1,2,0,0,1,10,0,0,2.68333,0.36793,0.61767,0.61767,"91.8",190,37.5,12.5,10,5.54,-2.27,0.04,2.13,0.4,1,"2.116666667",0.268,0.407,"-2.116666667",0.147,0.132,0.149,0.114,25,,,,,,,
29,699478,"Bench, Justin",2024,29,100,0.375,0,0.5,0.375,0.331,0.317,0.322,3,8,92.1,-3.7,2319,88.8,88.41,6,18,11,-0.3999999999999915,6.11,112,152,113,146,297,322,289,"0.055","-0.055",,,8,6,3,0,0,0,2,25,0,0,2.28483,0.66034,0.50679,0.03179,"91.6",175,50,0,0,5.69,0.69,0.31,1.98,0.375,0,"-0.189655172",0.322,0.405,"0.189655172",0.053,0.05299999999999999,-0.03,0.014,33.3,,,,,,,
29,800276,"Villavicencio, Juan",2024,29,100,0,0,0,0,0.08,0.222,0.153,0,8,88.7,8.3,2350,89.3,89.3,7,15,14,0,6.31,115,144,116,151,283,299,279,"1.011","-1.011",,,9,6,0,0,0,0,2,22.2,0,0,2.0169,0.89276,0.43828,-0.51759,"91.5",175,33.33333333333333,0,0,5.94,-1.02,0.27,2.52,0.111,0,"-3.486206897",0.247,0.217,"3.486206897",-0.153,-0.136,-0.217,-0.142,46.7,,,,,,,
29,518934,"LeMahieu, DJ",2024,29,100,0,0,0,0,0.197,0.284,0.126,0,5,78.5,12.8,2487,88.8,88.78,2,11,18,0,6.11,108,152,123,149,301,332,286,"0.625","-0.625",,,7,4,0,0,0,0,1,14.3,2,28.6,2.31586,0.59586,-0.17655,-0.17655,"88.6",172,0,0,0,5.57,-1.94,0.23,2.39,0.286,0,"-2.155172414",0.376,0.145,"2.155172414",-0.126,-0.09000000000000002,-0.145,-0.087,18.2,,,,,,,
28,677049,"Hatcher, Josh",2024,28,100,0,0,0,0,0.077,0.166,0.109,0,8,84.9,-26.3,2185,88.5,87.89,3,16,12,-0.5999999999999943,5.94,111,148,124,152,288,313,292,"2.086","-2.086",,,9,4,0,0,0,0,4,44.4,1,11.1,2.54893,0.37893,0.88286,0.05143,"89.7",91,25,0,0,5.67,-0.1,-0.31,2.21,0.111,0,"-7.45",0.208,0.121,"7.45",-0.109,-0.09699999999999999,-0.121,-0.089,18.8,,,,,,,
28,681852,"Roby, Sean",2024,28,100,0.125,0,0.333,0.125,0.11,0.071,0.078,1,8,81.7,25,2408,88.8,89.13,13,18,10,0.29999999999999716,6.4,107,151,120,145,285,318,283,"1.452","-1.452",,,8,3,1,0,0,0,5,62.5,0,0,2.45286,0.45679,-0.10036,-0.10036,"88.6",64,0,0,0,5.77,-1.51,0.27,2.22,0.125,0,"-5.185714286",0.078,0.081,"5.185714286",0.047,0.047,0.044,0.039,72.2,,,,,,,
27,680757,"Kwan, Steven",2024,27,100,0.2,0,0.2,0.2,0.323,0.291,0.119,1,5,87.3,24.2,2230,88.9,88.4,0,6,21,-0.5,5.92,108,140,98,146,275,314,294,"-0.327","0.327",,,7,5,1,0,0,0,0,0,2,28.6,2.07111,0.83444,0.48963,-0.53333,"90.2",207,0,0,0,6.19,-1.74,0.08,2.2,0.429,0,"1.211111111",0.371,0.189,"-1.211111111",0.081,0.057999999999999996,0.011,0.032,0,,,,,,,
27,571912,"Maile, Luke",2024,27,100,0.167,0,0.2,0.167,0.224,0.244,0.181,1,6,87.6,18.6,2129,87.9,87.93,2,9,18,0,6.27,110,152,126,149,289,331,276,"0.759","-0.759",,,7,5,1,0,0,0,1,14.3,1,14.3,2.24,0.74444,0.76,-0.39111,"90.4",158,20,0,0,5.49,0.34,0.28,2.49,0.286,0,"-2.811111111",0.298,0.205,"2.811111111",-0.014,-0.01200000000000001,-0.038,-0.02,22.2,,,,,,,
27,691402,"Salcedo, Andruw",2024,27,100,0.286,0,0.5,0.286,0.252,0.142,0.148,2,7,80.1,1,2273,90.8,90.64,4,16,11,-0.20000000000000284,6.16,118,147,117,152,285,291,278,"0.609","-0.609",,,7,4,2,0,0,0,3,42.9,0,0,1.93037,0.8837,0.96889,-0.96889,"88.7",111,25,0,0,5.76,-1.52,0.4,2.31,0.286,0,"-2.255555556",0.148,0.176,"2.255555556",0.138,0.13799999999999998,0.11,0.11,25,,,,,,,
26,659359,"Fascia, Zac",2024,26,100,0.25,0.375,0.167,0.625,0.366,0.169,0.147,2,8,74.9,0.4,2186,88.6,88.17,2,18,8,-0.3999999999999915,5.93,118,144,111,131,278,325,293,"0.142","-0.142",,,8,7,1,0,0,1,1,12.5,0,0,2.20538,0.71846,0.24,0.11538,"89.2",144,14.285714285714285,0,0,5.91,0.15,0.04,2.5,0.25,0,"-0.546153846",0.147,0.245,"0.546153846",0.103,0.10300000000000001,0.38,0.197,11.1,,,,,,,
26,807799,"Yoshida, Masataka",2024,26,100,0.143,0,0.2,0.143,0.196,0.16,0.086,1,7,79.3,12.8,2253,90.1,90.12,5,12,14,0,6.35,105,143,122,150,287,326,293,"1","-1",,,8,5,1,0,0,0,2,25,1,12.5,2.065,0.77462,0.49269,-0.49269,"88.4",162,0,0,0,5.92,-1.87,0.05,2.27,0.25,0,"-3.846153846",0.2,0.107,"3.846153846",0.057,0.04999999999999999,0.036,0.036,41.7,,,,,,,
26,624585,"Soler, Jorge",2024,26,100,0.286,0,0.333,0.286,0.307,0.311,0.26,2,7,80.3,37.5,2544,88.6,87.93,6,16,10,-0.6999999999999886,6,109,152,120,146,298,324,286,"-0.007","0.007",,,8,6,2,0,0,0,1,12.5,1,12.5,2.48462,0.45769,0.05885,-0.04731,"90.9",143,16.666666666666664,0,0,5.77,-1.43,0.14,2.32,0.375,0,"0.026923077",0.353,0.334,"-0.026923077",0.026,0.02200000000000002,-0.048,-0.004,37.5,,,,,,,
25,673548,"Suzuki, Seiya",2024,25,100,0.4,0,0.5,0.4,0.409,0.346,0.297,2,5,86.8,41.3,2102,86.5,86.9,2,9,16,0.4000000000000057,6.35,103,154,120,149,297,321,295,"-0.516","0.516",,,6,4,2,0,0,0,1,16.7,1,16.7,2.1692,0.8844,0.7756,-0.6948,"90.6",166,25,0,0,5.88,1.18,0.39,2.91,0.5,0,"2.064",0.414,0.333,"-2.064",0.103,0.08600000000000002,0.067,0.063,22.2,,,,,,,
23,682985,"Greene, Riley",2024,23,100,0.167,0.167,0.2,0.333,0.209,0.179,0.175,1,6,82.5,-0.6,2193,86.4,86.86,3,10,13,0.5,6.43,116,145,121,149,286,321,291,"0.887","-0.887",,,6,5,0,1,0,0,1,16.7,0,0,2.34652,0.74304,0.11348,-0.25348,"92.4",117,20,0,0,5.73,0.47,0.02,2.04,0.167,0,"-3.856521739",0.175,0.253,"3.856521739",-0.008,-0.00799999999999998,0.08,0.03,30,,,,,,,
23,806212,"Russell, Stone",2024,23,100,0.167,0,0.25,0.167,0.147,0.133,0.112,1,6,85.7,-20.5,2128,88.7,88.65,1,14,9,0,5.99,107,151,114,149,291,315,294,"0.157","-0.157",,,6,4,1,0,0,0,2,33.3,0,0,2.43913,0.46522,0.08391,0.08391,"89.9",115,50,0,0,6.32,-1.45,0.1,2.21,0.167,0,"-0.682608696",0.112,0.202,"0.682608696",0.055,0.05500000000000001,-0.035,0.014,7.1,,,,,,,
22,688551,"Kopack, Addison",2024,22,100,0.4,0,1,0.4,0.353,0.267,0.287,2,5,84.8,11,2362,87.9,88.25,5,11,11,0.29999999999999716,6.3,112,149,118,145,300,322,292,"-0.011","0.011",,,5,2,2,0,0,0,3,60,0,0,2.35682,0.60409,-0.04864,-0.27864,"88.8",175,0,0,0,5.98,-1.44,0.17,2.47,0.4,0,"0.05",0.287,0.317,"-0.05",0.113,0.11300000000000004,0.083,0.086,45.5,,,,,,,
22,624424,"Conforto, Michael",2024,22,100,0.2,0,0.25,0.2,0.262,0.394,0.272,1,5,103,28.5,2159,87.4,87.14,1,10,12,-0.30000000000001137,6.15,114,145,132,151,292,315,299,"0.311","-0.311",,,6,4,1,0,0,0,1,16.7,1,16.7,2.39,0.63727,0.83818,-0.83818,"95.9",216,75,25,16.666666666666664,5.37,-2.27,-0.2,2.26,0.333,1,"-1.413636364",0.394,0.538,"1.413636364",-0.072,-0.061,-0.338,-0.132,10,,,,,,,
20,692412,"Barreat, Elis",2024,20,100,0.2,0.2,0.25,0.4,0.251,0.242,0.259,1,5,77.6,17.5,2105,85.3,84.99,3,8,12,-0.29999999999999716,6.33,97,154,114,146,299,306,282,"0.228","-0.228",,,5,4,0,1,0,0,1,20,0,0,2.7885,0.3885,0.694,0.694,"89.3",114,0,0,0,5.6,-2.51,0.18,1.78,0.2,0,"-1.14",0.259,0.296,"1.14",-0.059,-0.059,0.104,0.009,37.5,,,,,,,
19,666135,"Kirilloff, Alex",2024,19,100,0.2,0.2,0.5,0.4,0.251,0.19,0.196,1,5,80.1,11.5,2195,87.6,88.18,5,8,11,0.6000000000000085,6.6,122,145,119,153,288,313,281,"0.444","-0.444",,,5,2,0,1,0,0,3,60,0,0,2.46421,0.53737,0.48526,0.05368,"92.1",184,50,0,0,5.64,-0.59,0.16,2.18,0.2,0,"-2.336842105",0.196,0.248,"2.336842105",0.004,0.0040000000000000036,0.152,0.061,62.5,,,,,,,
19,815152,"Hardy, Theo",2024,19,100,0,0,0,0,0.138,0.242,0.096,0,4,89.5,1.3,2254,90.8,90.21,2,5,14,-0.5999999999999943,6.08,107,147,118,148,291,307,289,"0.773","-0.773",,,5,3,0,0,0,0,1,20,1,20,2.41158,0.39158,0.69316,-0.69316,"91.7",123,33.33333333333333,0,0,5.85,0.34,0.01,2.2,0.2,0,"-4.068421053",0.277,0.215,"4.068421053",-0.096,-0.07700000000000001,-0.215,-0.104,40,,,,,,,
18,684491,"Rodriguez, Frank",2024,18,100,0.25,0,0.333,0.25,0.22,0.205,0.213,1,4,87.2,36.3,2372,89.9,90.11,3,12,6,0.19999999999998863,6.3,102,151,123,146,287,318,292,"0.373","-0.373",,,4,3,1,0,0,0,1,25,0,0,2.26333,0.57167,0.19,0.19,"88.4",183,0,0,0,5.78,-2.44,0.08,2.75,0.25,0,"-2.072222222",0.213,0.254,"2.072222222",0.037,0.037000000000000005,-0.004,0.015,25,,,,,,,
18,663611,"Madrigal, Nick",2024,18,100,1,1,1,2,0.888,0.517,0.094,1,1,92.5,31,,90.4,90.66,1,4,14,0.29999999999999716,6.25,93,138,110,131,300,313,290,"-1.287","1.287",,,3,1,0,1,0,0,0,0,1,33.3,1.92278,0.88556,0.54444,0.54444,"89.1",290,0,0,0,6.1,-1.6,-0.26,2.87,1,0,"7.15",0.698,0.258,"-7.15",0.906,0.30200000000000005,1.742,0.371,25,,,,,,,
18,643396,"Kiner-Falefa, Isiah",2024,18,100,0.333,0,0.333,0.333,0.294,0.323,0.344,2,6,88.2,-2.8,2361,89.6,89.89,0,8,10,0.30000000000001137,6.48,110,153,121,147,295,322,278,"0.081","-0.081",,,6,6,2,0,0,0,0,0,0,0,1.73222,1.13389,0.13278,0.13278,"92.1",94,33.33333333333333,0,0,5.92,-1.83,0.38,2.27,0.333,0,"-0.45",0.344,0.407,"0.45",-0.011,-0.010999999999999954,-0.074,-0.029,0,,,,,,,
18,518792,"Heyward, Jason",2024,18,100,0,0,0,0,0.098,0.225,0.149,0,6,80.3,18,2184,91.2,90.98,3,9,9,-0.20000000000000284,6.23,114,147,136,153,292,320,299,"1.252","-1.252",,,7,4,0,0,0,0,2,28.6,1,14.3,1.97333,0.78667,0.84,0.39,"89.5",171,0,0,0,5.83,-0.19,0.17,2.68,0.143,0,"-6.955555556",0.271,0.192,"6.955555556",-0.149,-0.12800000000000003,-0.192,-0.127,33.3,,,,,,,
18,800370,"Guerrero, Eduardo",2024,18,100,0,0,0,0,0,0.162,0.175,0,4,75.6,-32,2310,90.2,90.98,2,9,9,0.7999999999999972,6.47,106,146,111,148,292,341,311,"0.438","-0.438",,,4,2,0,0,0,0,2,50,0,0,2.13222,0.66944,0.08278,-0.08278,"89.5",87,0,0,0,6.13,-1.54,0.15,2.85,0,0,"-2.433333333",0.175,0.19,"2.433333333",-0.175,-0.175,-0.19,-0.162,22.2,,,,,,,
18,803015,"Hartl, Ben",2024,18,100,0.4,0.2,0.5,0.6,0.427,0.344,0.37,2,5,82.9,9,2482,88.4,87.88,1,8,10,-0.5,6.11,104,150,122,136,297,307,287,"-0.536","0.536",,,5,4,1,1,0,0,1,20,0,0,2.83056,0.135,0.31833,-0.26611,"91.2",77,50,0,0,5.68,0.11,0.27,2.18,0.4,0,"2.977777778",0.37,0.413,"-2.977777778",0.03,0.030000000000000027,0.187,0.083,12.5,,,,,,,
17,686546,"Dyer, Matthew",2024,17,100,0.25,0.25,0.5,0.5,0.389,0.263,0.166,1,4,87.4,-12,2299,87.2,86.79,7,9,8,-0.4000000000000057,5.94,102,149,115,144,289,318,277,"-0.068","0.068",,,5,2,0,1,0,0,2,40,1,20,2.56824,0.43471,0.44059,0.44059,"91.2",65,0,0,0,5.97,-1.83,0.71,1.77,0.4,0,"0.4",0.333,0.189,"-0.4",0.084,0.067,0.311,0.126,77.8,,,,,,,
17,823089,"Clifford, Nolan",2024,17,100,0.2,0,0.25,0.2,0.176,0.381,0.405,1,5,95.4,2.8,2201,91.4,91.52,2,10,7,0.09999999999999432,5.99,117,148,104,148,306,325,307,"0.836","-0.836",,,5,4,1,0,0,0,1,20,0,0,1.82529,0.88941,0.42706,-0.42706,"93.0",149,75,0,0,5.77,-1.55,-0.17,2.59,0.2,0,"-4.917647059",0.405,0.462,"4.917647059",-0.205,-0.20500000000000002,-0.262,-0.205,20,,,,,,,
17,691450,"De Los Santos, Raudy",2024,17,100,0,0,,0,0.345,0.345,,0,1,,,1740,85.1,84.4,1,7,10,-0.6999999999999886,5.98,95,150,112,147,278,295,267,"-0.044","0.044",,,2,0,0,0,0,0,1,50,1,50,2.50824,0.72882,0.34118,0.34118,"88.0",139,,,,5.58,-1.56,0.4,2.03,0.5,,"0.258823529",0.5,,"-0.258823529",,0,,0,14.3,,,,,,,
16,687039,"LaRue, Nate",2024,16,100,0.5,0.5,1,1,0.648,0.566,0.348,1,2,106.1,20,2016,87.2,86.92,2,4,12,-0.29999999999999716,6.04,,,,,,,,"-0.998","0.998",,,3,1,0,1,0,0,1,33.3,1,33.3,2.21938,0.82188,0.72813,0.72813,"97.1",197,100,100,33.33333333333333,5.8,-1.47,0.09,2.75,0.667,1,"6.2375",0.566,0.856,"-6.2375",0.152,0.10100000000000009,0.144,0.082,50,,,,,,,
16,681423,"Serruto, Peter",2024,17,94.1,0.4,0,0.667,0.4,0.353,0.317,0.334,2,5,82.4,10,2023,90.1,89.98,5,10,6,-0.09999999999999432,6.09,99,153,112,142,298,331,281,"-0.026","0.026",,,5,3,2,0,0,0,2,40,0,0,2.0175,0.80312,0.53125,0.53125,"88.4",107,0,0,0,6.02,-1.7,-0.15,2.45,0.4,0,"0.1625",0.334,0.378,"-0.1625",0.066,0.066,0.022,0.036,50,,,,,,,
16,663898,"Rodgers, Brendan",2024,16,100,0.25,0.25,0.25,0.5,0.314,0.368,0.362,1,4,84.4,29.5,2188,90.8,90.95,1,7,9,0.10000000000000853,6.38,100,153,118,144,301,311,284,"0.03","-0.03",,,4,4,0,1,0,0,0,0,0,0,1.59,1.1875,0.45,0.45,"91.6",161,25,0,0,6.15,-1.24,0.38,2.04,0.25,0,"-0.1875",0.362,0.484,"0.1875",-0.112,-0.11199999999999999,0.016,-0.054,14.3,,,,,,,
16,690944,"Washington Jr., Curtis",2024,16,100,0,0,0,0,0.172,0.186,0.02,0,3,75.2,24,2082,87.6,87.32,2,6,10,-0.29999999999999716,6.08,110,150,102,145,307,329,284,"0.408","-0.408",,,4,2,0,0,0,0,1,25,1,25,2.11563,0.8925,0.47875,-0.585,"88.0",147,0,0,0,5.78,1.16,-0.24,1.74,0.25,0,"-2.55",0.265,0.022,"2.55",-0.02,-0.015000000000000013,-0.022,-0.014,33.3,,,,,,,
16,664761,"Bohm, Alec",2024,16,100,0.5,0.25,0.667,0.75,0.534,0.39,0.381,2,4,97,7,2240,87.4,86.78,1,9,7,-0.6000000000000085,5.92,123,153,125,146,310,313,285,"-0.598","0.598",,,4,3,1,1,0,0,1,25,0,0,2.10125,0.92625,0.34813,-0.32188,"92.0",202,66.66666666666666,0,0,5.73,-0.34,0.44,2.75,0.5,0,"3.7375",0.381,0.532,"-3.7375",0.119,0.119,0.218,0.144,11.1,,,,,,,
13,691437,"Pinto, Adrian",2024,13,100,0.333,0,0.333,0.333,0.393,0.321,0.221,1,3,78.1,-9,2209,86.8,86.45,1,4,9,-0.29999999999999716,6.06,,,,,,,,"-0.479","0.479",,,4,3,1,0,0,0,0,0,1,25,2.55,0.53308,0.30231,0.30231,"88.0",54,0,0,0,5.74,-1.45,0.76,2.14,0.5,0,"3.684615385",0.416,0.233,"-3.684615385",0.112,0.08400000000000002,0.1,0.072,25,,,,,,,
12,703245,"Sosa, Andres",2024,12,100,0,0,0,0,0.18,0.216,0.051,0,3,83.2,46,2234,89.2,89.21,2,5,7,0,6.16,110,153,118,150,298,298,270,"0.382","-0.382",,,4,2,0,0,0,0,1,25,0,0,2.07417,0.78583,0.46917,0.46917,"88.8",215,0,0,0,5.85,-1.69,0.28,2.19,0.25,0,"-3.183333333",0.288,0.065,"3.183333333",-0.051,-0.03799999999999998,-0.065,-0.036,40,,,,,,,
12,647378,"Yerzy, Andy",2024,12,100,0.4,0,0.5,0.4,0.353,0.274,0.284,2,5,87.7,4,2376,90.2,90.24,3,7,5,0,6.2,115,144,128,150,288,314,289,"-0.878","0.878",,,5,4,2,0,0,0,1,20,0,0,2.26333,0.55833,-0.07083,0.11917,"92.4",139,25,0,0,5.88,-1.32,-0.22,2.92,0.4,0,"7.316666667",0.284,0.334,"-7.316666667",0.116,0.11600000000000005,0.066,0.079,42.9,,,,,,,
12,701980,"Rios, Nestor",2024,12,100,0.333,0,0.333,0.333,0.393,0.272,0.132,1,3,84.5,7.7,2347,90.6,90.39,0,5,7,-0.19999999999998863,6.47,102,149,110,148,279,284,269,"-0.237","0.237",,,4,3,1,0,0,0,0,0,1,25,2.05667,0.79,0.65,0.65,"91.7",141,33.33333333333333,0,0,5.95,-1.77,0.51,2.08,0.5,0,"1.975",0.349,0.18,"-1.975",0.201,0.15100000000000002,0.153,0.121,0,,,,,,,
12,806120,"Henley, Kyle",2024,12,100,0.2,0,0.5,0.2,0.176,0.035,0.038,1,5,93.6,-18,2357,92.6,93.11,3,7,5,0.5,6.7,103,148,111,146,289,298,279,"0.746","-0.746",,,5,2,1,0,0,0,3,60,0,0,1.79833,0.89417,1.065,0.815,"95.0",93,50,0,0,5.45,-1.54,0.17,2.41,0.2,0,"-6.216666667",0.038,0.039,"6.216666667",0.162,0.162,0.161,0.141,42.9,,,,,,,
11,670114,"Gonzales, Jarrett",2024,11,100,0,0,0,0,0.23,0.25,0.035,0,2,76.6,43,2044,90,90,2,4,7,0,6.45,107,150,117,143,283,316,282,"0.165","-0.165",,,3,1,0,0,0,0,1,33.3,1,33.3,1.91455,0.94182,0.36364,0.36364,"88.0",127,0,0,0,5.7,-2,0.65,1.81,0.333,0,"-1.5",0.356,0.042,"1.5",-0.035,-0.022999999999999965,-0.042,-0.02,50,,,,,,,
10,701594,"Brito, Chris",2024,10,100,0.5,0,0.5,0.5,0.441,0.107,0.113,1,2,85.3,-19,2094,89.3,89.73,0,4,6,0.4000000000000057,6.41,102,146,116,141,293,318,290,"-0.006","0.006",,,2,2,1,0,0,0,0,0,0,0,2.322,0.532,0.371,0.371,"88.0",120,0,0,0,5.86,-1.63,0.24,2.48,0.5,0,"0.06",0.113,0.13,"-0.06",0.387,0.387,0.37,0.334,0,,,,,,,
10,641933,"O'Neill, Tyler",2024,10,100,0,0,0,0,0,0.223,0.239,0,3,88.2,1,2214,88.8,89.34,2,6,4,0.5,6.4,110,153,121,147,288,329,293,"0.864","-0.864",,,3,2,0,0,0,0,1,33.3,0,0,2.024,0.854,0.303,0.303,"91.3",134,50,0,0,6.05,-1.75,-0.34,3.05,0,0,"-8.64",0.239,0.257,"8.64",-0.239,-0.239,-0.257,-0.223,33.3,,,,,,,
9,681495,"Fergus, Cade",2024,10,90,0,0,,0,0,0,,0,2,,,2441,87.6,86.89,4,4,5,-0.6999999999999886,5.96,100,150,116,143,287,312,276,"0.546","-0.546",,,2,0,0,0,0,0,2,100,0,0,2.57778,0.43444,-0.10889,-0.10889,,,,,,5.83,-1.72,0.67,1.85,0,,"-6.066666667",,,"6.066666667",,,,0,100,,,,,,,
8,691620,"Quero, Jeferson",2024,8,100,,,,,0.689,0.689,,0,0,,,2306,89.9,91.3,1,3,5,1.3999999999999915,7.16,116,155,121,147,284,318,280,"-0.451","0.451",,,1,0,0,0,0,0,0,0,1,100,1.77,1.0675,-0.13,-0.13,"88.0",196,,,,5.62,-2.27,1.19,1.36,1,,"5.6375",1,,"-5.6375",,0,,0,33.3,,,,,,,
7,696287,"Higgins, Ryan",2024,7,100,0,0,0,0,0,0.017,0.018,0,2,72.5,-26,2268,90,89.96,2,3,4,0,6.34,112,153,120,148,308,322,277,"0.541","-0.541",,,2,1,0,0,0,0,1,50,0,0,2.52714,0.32143,0.16143,0.16143,"88.0",3,0,0,0,6.08,-2.2,-0.01,2.62,0,0,"-7.728571429",0.018,0.019,"7.728571429",-0.018,-0.018,-0.019,-0.017,66.7,,,,,,,
6,703563,"Morlando, PJ",2024,6,100,0,0,0,0,0,0.041,0.046,0,1,77.1,-38,2458,93.4,93.95,0,4,2,0.5999999999999943,6.45,119,149,118,154,266,292,286,"0.305","-0.305",,,1,1,0,0,0,0,0,0,0,0,1.17333,1.42333,0.62833,-0.62833,"92.2",205,0,0,0,5.88,-1.28,-0.26,2.81,0,0,"-5.083333333",0.046,0.046,"5.083333333",-0.046,-0.046,-0.046,-0.041,0,,,,,,,
6,690902,"Metzinger, Ben",2024,6,100,0,0,,0,0,0,,0,1,,,2561,90.7,90.98,0,2,4,0.29999999999999716,6.35,88,147,120,141,286,314,287,"0.281","-0.281",,,1,0,0,0,0,0,1,100,0,0,1.18167,1.57833,0.12833,0.12833,"95.4",171,,,,5.9,-1.06,0.12,2.38,0,,"-4.683333333",,,"4.683333333",,,,0,0,,,,,,,
6,816120,"Burkholder, Griffin",2024,6,100,0.5,1,0.5,1.5,0.795,0.488,0.475,1,2,98.3,8,2688,83.2,83.45,0,2,4,0.29999999999999716,6.32,111,151,120,150,274,299,274,"-0.517","0.517",,,2,2,0,0,1,0,0,0,0,0,3.39167,-0.09667,-0.95833,-0.95833,"98.3",194,100,0,0,6.06,-1.98,-0.09,2.21,0.5,0,"8.616666667",0.475,0.654,"-8.616666667",0.025,0.025000000000000022,0.846,0.307,0,,,,,,,
5,545361,"Trout, Mike",2024,5,100,0,0,,0,0,0,,0,1,,,1959,90.7,92.36,1,1,4,1.7000000000000028,6.82,113,153,118,148,313,329,286,"0.29","-0.29",,,1,0,0,0,0,0,1,100,0,0,2.098,0.682,-0.098,-0.098,,,,,,6.33,-2.23,0.12,3.32,0,,"-5.8",,,"5.8",,,,0,100,,,,,,,
4,686973,"Varland, Louis",2024,4,100,0,0,,0,0,0,,0,1,,,1920,90.2,89.08,0,0,4,-1.1000000000000085,5.68,87,150,114,154,298,330,298,"0.283","-0.283",,,1,0,0,0,0,0,1,100,0,0,1.925,0.885,1.0525,1.0525,,,,,,5.22,2.83,0.99,2.94,0,,"-7.075",,,"7.075",,,,0,,,,,,,,
4,656671,"Maciejewski, Josh",2024,4,100,0,0,,0,0,0,,0,1,,,1988,88.9,89.25,0,0,4,0.3999999999999915,6.38,88,134,92,143,252,302,268,"0.279","-0.279",,,1,0,0,0,0,0,1,100,0,0,2.8025,0.07,1.4,1.4,,,,,,4.91,-2.7,-0.16,3.06,0,,"-6.975",,,"6.975",,,,0,,,,,,,,
3,656257,"Brigham, Jeff",2024,3,100,0,0,,0,0,0,,0,1,,,1996,89.3,88.4,0,0,3,-0.8999999999999915,5.7,115,153,126,149,291,320,295,"0.305","-0.305",,,1,0,0,0,0,0,1,100,0,0,1.70667,1.15,1.09667,-1.09667,,,,,,5.26,2.58,0.24,2.89,0,,"-10.166666667",,,"10.166666667",,,,0,,,,,,,,
3,640454,"Krook, Matt",2024,3,100,0,0,,0,0,0,,0,1,,,2172,89.3,90.1,0,0,3,0.7999999999999972,6.8,103,143,96,129,257,288,279,"0.334","-0.334",,,1,0,0,0,0,0,1,100,0,0,1.82667,1.04333,0.63,-0.63,,,,,,4.81,-1.03,-0.19,2.79,0,,"-11.133333333",,,"11.133333333",,,,0,,,,,,,,
2,685337,"Tapia, Sergio",2024,2,100,0,0,0,0,0,0.007,0.006,0,1,51.7,68,2296,86.5,87.5,0,1,1,1,6.75,106,151,118,152,292,318,278,"0.289","-0.289",,,1,1,0,0,0,0,0,0,0,0,2.995,0.035,-0.56,-0.56,"88.0",66,0,0,0,5.53,-1.42,-0.42,3.02,0,0,"-14.45",0.006,0.008,"14.45",-0.006,-0.006,-0.008,-0.007,0,,,,,,,
2,823491,"Gomez, Luis",2024,2,100,0,0,0,0,0,0.023,0.023,0,1,82.7,32,2292,88.5,87.9,0,1,1,-0.5,6.2,,,,,,,,"0.289","-0.289",,,1,1,0,0,0,0,0,0,0,0,2.025,0.92,0.89,0.89,"88.0",295,0,0,0,5.53,-2.55,0.94,1.9,0,0,"-14.45",0.023,0.036,"14.45",-0.023,-0.023,-0.036,-0.023,0,,,,,,,
2,685332,"Mendoza, Carlos",2024,2,100,0,0,0,0,0,0.249,0.277,0,1,58.2,21,2090,86.3,87.35,1,2,0,1,7,123,147,98,154,281,326,273,"0.297","-0.297",,,1,1,0,0,0,0,0,0,0,0,2.93,0.14,-0.285,0.285,"88.0",146,0,0,0,6.27,-1.13,-0.04,1.81,0,0,"-14.85",0.277,0.277,"14.85",-0.277,-0.277,-0.277,-0.249,50,,,,,,,
1,676973,"Donovan, Joe",2024,1,100,0,0,0,0,0,0.032,0.023,0,1,86.2,33,1003,91.3,91.1,0,1,0,-0.20000000000000284,6.1,106,147,115,141,281,313,277,"0.282","-0.282",,,1,1,0,0,0,0,0,0,0,0,1.74,0.99,1.42,1.42,"88.0",324,0,0,0,6.18,-1.39,-0.69,3.04,0,0,"-28.2",0.023,0.052,"28.2",-0.023,-0.023,-0.052,-0.032,0,,,,,,,