"pitches","player_id","player_name","year","total_pitches","pitch_percent","ba","iso","babip","slg","woba","xwoba","xba","hits","abs","launch_speed","launch_angle","spin_rate","velocity","effective_speed","whiffs","swings","takes","eff_min_vel","release_extension","pos3_int_start_distance","pos4_int_start_distance","pos5_int_start_distance","pos6_int_start_distance","pos7_int_start_distance","pos8_int_start_distance","pos9_int_start_distance","pitcher_run_exp","run_exp","bat_speed","swing_length","pa","bip","singles","doubles","triples","hrs","so","k_percent","bb","bb_percent","api_break_z_with_gravity","api_break_z_induced","api_break_x_arm","api_break_x_batter_in","hyper_speed","bbdist","hardhit_percent","barrels_per_bbe_percent","barrels_per_pa_percent","release_pos_z","release_pos_x","plate_x","plate_z","obp","barrels_total","batter_run_value_per_100","xobp","xslg","pitcher_run_value_per_100","xbadiff","xobpdiff","xslgdiff","wobadiff","swing_miss_percent","arm_angle","attack_angle","attack_direction","swing_path_tilt","rate_ideal_attack_angle","intercept_ball_minus_batter_pos_x_inches","intercept_ball_minus_batter_pos_y_inches"
2654,669234,"Malloy, Justyn-Henry",2023,2654,100,0.277,0.197,0.354,0.474,0.39,0.342,0.224,135,487,88.5,17.7,2214,87.8,87.76,281,991,1663,0,6.25,108,151,119,147,293,318,286,"-36.06","36.06",,,610,339,86,25,1,23,152,24.9,109,17.9,2.3518,0.6607,0.25202,0.0214,"91.1",162,38.93805309734513,8.259587020648967,4.590163934426229,5.98,-0.84,0.15,2.36,0.416,28,"1.358703843",0.374,0.384,"-1.358703843",0.053,0.04199999999999998,0.09,0.048,28.4,,,,,,,
2445,694355,"Gentry, Tyler",2023,2447,99.9,0.254,0.169,0.309,0.423,0.35,0.324,0.225,120,473,89,12.2,2222,88.3,88.34,246,936,1509,0,6.25,107,150,117,146,297,320,286,"-11.626","11.626",,,569,353,74,28,2,16,125,22,81,14.2,2.29408,0.66234,0.2983,0.07515,"91.5",154,39.09348441926346,7.0821529745042495,4.393673110720562,5.89,-0.9,0.15,2.28,0.371,25,"0.475501022",0.35,0.366,"-0.475501022",0.029,0.02100000000000002,0.057,0.026,26.3,,,,,,,
2441,676113,"DeLoach, Zach",2023,2441,100,0.287,0.195,0.38,0.482,0.376,0.345,0.245,151,527,89.3,15.8,2184,88,88.01,370,1108,1333,0,6.22,115,145,118,150,289,321,295,"-18.673","18.673",,,621,360,96,30,2,23,172,27.7,82,13.2,2.41377,0.56899,0.34267,-0.22994,"91.4",178,39.55431754874652,10.86350974930362,6.280193236714976,5.7,-0.66,-0.12,2.29,0.386,39,"0.764973372",0.353,0.433,"-0.764973372",0.042,0.03300000000000003,0.049,0.031,33.4,,,,,,,
2412,609274,"Hernandez, Elier",2023,2412,100,0.298,0.181,0.356,0.478,0.361,0.318,0.26,165,554,86.4,14.6,2204,87.8,88.11,331,1222,1190,0.29999999999999716,6.29,107,150,119,146,300,322,292,"-15.383","15.383",,,612,431,106,36,5,18,126,20.6,50,8.2,2.4791,0.5002,0.2667,0.01574,"91.1",163,34.5707656612529,6.0324825986078885,4.248366013071895,5.75,-0.8,0.12,2.3,0.359,26,"0.637769486",0.327,0.397,"-0.637769486",0.038,0.03199999999999997,0.081,0.043,27.1,,,,,,,
2399,660636,"Castillo, Diego",2023,2400,100,0.313,0.097,0.37,0.411,0.376,0.337,0.263,142,453,86,8.1,2252,88,88.31,152,840,1559,0.29999999999999716,6.28,107,149,117,146,302,325,291,"-25.947","25.947",,,553,379,105,33,1,3,78,14.1,96,17.4,2.4691,0.50215,0.27627,0.03306,"90.6",153,30.07915567282322,1.8469656992084433,1.2658227848101267,5.66,-0.74,0.08,2.34,0.43,7,"1.081575657",0.39,0.347,"-1.081575657",0.05,0.03999999999999998,0.064,0.039,18.1,,,,,,,
2397,681393,"Norby, Connor",2023,2397,100,0.29,0.193,0.347,0.483,0.361,0.315,0.253,164,565,86.5,13.3,2215,87.1,87.24,293,1202,1195,0.10000000000000853,6.3,105,149,116,145,297,317,284,"-13.979","13.979",,,632,433,100,40,3,21,137,21.7,56,8.9,2.48437,0.56003,0.25173,0.02083,"90.8",161,35.33487297921478,6.0046189376443415,4.113924050632911,5.81,-0.72,0.11,2.21,0.358,26,"0.583187317",0.325,0.39,"-0.583187317",0.037,0.032999999999999974,0.093,0.046,24.4,,,,,,,
2395,669899,"Ward, Ryan",2023,2395,100,0.234,0.19,0.289,0.424,0.324,0.328,0.232,126,538,90.7,11.3,2207,88.1,88.32,371,1216,1179,0.20000000000000284,6.26,112,145,119,149,294,323,300,"5.783","-5.783",,,613,384,72,27,6,21,157,25.6,66,10.8,2.43577,0.52884,0.30512,-0.22372,"92.0",160,46.75324675324675,12.467532467532468,7.830342577487764,5.71,-0.7,-0.14,2.36,0.322,48,"-0.241461378",0.321,0.43,"0.241461378",0.002,0.0010000000000000009,-0.006,-0.004,30.5,,,,,,,
2355,682183,"Avans, Drew",2023,2369,99.4,0.251,0.129,0.317,0.38,0.327,0.298,0.226,124,495,87.3,11.6,2195,88.7,88.85,240,1031,1324,0.09999999999999432,6.23,112,146,105,149,289,319,299,"-1.698","1.698",,,582,368,84,27,2,11,132,22.7,77,13.2,2.31518,0.62126,0.40485,-0.25196,"90.6",167,35.79234972677596,3.0054644808743167,1.8900343642611683,5.76,-0.76,-0.12,2.39,0.354,11,"0.072101911",0.334,0.314,"-0.072101911",0.025,0.019999999999999962,0.066,0.029,23.3,,,,,,,
2348,665953,"Chaparro, Andrés",2023,2348,100,0.247,0.197,0.277,0.444,0.333,0.3,0.226,129,523,89.1,18.9,2192,87.4,87.49,319,1124,1224,0.09999999999999432,6.27,106,151,120,146,294,325,291,"-3.757","3.757",,,599,400,78,24,2,25,131,21.9,63,10.5,2.44118,0.58513,0.26514,-0.01233,"92.3",153,39.75,7.5,5.008347245409015,5.83,-0.76,0.26,2.28,0.329,30,"0.160008518",0.312,0.363,"-0.160008518",0.021,0.017000000000000015,0.081,0.033,28.4,,,,,,,
2325,678877,"Noel, Jhonkensy",2023,2325,100,0.22,0.201,0.249,0.421,0.314,0.304,0.22,114,518,86.9,11.9,2230,87.9,87.88,365,1193,1132,0,6.27,107,150,120,146,295,320,286,"4.281","-4.281",,,584,377,64,23,0,27,144,24.7,49,8.4,2.42905,0.57301,0.21231,-0.03426,"91.5",148,37.86666666666667,8.533333333333333,5.47945205479452,5.89,-0.8,0.16,2.33,0.303,32,"-0.184129032",0.304,0.382,"0.184129032",0,-0.0010000000000000009,0.039,0.01,30.6,,,,,,,
2319,676595,"Scheiner, Jake",2023,2319,100,0.253,0.257,0.286,0.51,0.375,0.322,0.219,116,459,88.5,12.1,2212,87.4,87.51,297,938,1381,0.09999999999999432,6.22,107,150,119,145,297,323,291,"-20.422","20.422",,,550,331,61,22,3,30,133,24.2,79,14.4,2.51715,0.50586,0.24646,-0.00199,"91.8",158,42.12121212121212,9.696969696969697,5.818181818181818,5.7,-0.61,0.11,2.26,0.367,32,"0.880638206",0.342,0.372,"-0.880638206",0.034,0.024999999999999967,0.138,0.053,31.7,,,,,,,
2297,642215,"Wilson, Weston",2023,2299,99.9,0.259,0.257,0.307,0.516,0.374,0.349,0.242,119,459,89.2,15.6,2188,87.9,87.89,290,975,1322,0,6.27,106,150,119,146,297,323,290,"-22.361","22.361",,,539,318,66,19,3,31,145,26.9,73,13.5,2.39491,0.59973,0.32631,0.02685,"91.8",155,44.0251572327044,11.0062893081761,6.493506493506493,5.98,-0.79,0.17,2.31,0.362,35,"0.973487157",0.349,0.45,"-0.973487157",0.017,0.013000000000000012,0.066,0.025,29.7,,,,,,,
2272,672463,"Lantigua, Rafael",2023,2274,99.9,0.305,0.165,0.364,0.47,0.391,0.344,0.257,141,462,87.1,8.8,2184,87.8,87.82,252,971,1301,0,6.26,106,149,111,146,294,314,282,"-38.104","38.104",,,574,366,89,40,0,12,105,18.3,98,17.1,2.36255,0.64157,0.31896,0.03667,"90.7",157,33.060109289617486,3.551912568306011,2.264808362369338,5.84,-0.78,0.1,2.26,0.425,13,"1.677112676",0.39,0.36,"-1.677112676",0.048,0.034999999999999976,0.11,0.047,26,,,,,,,
2271,669471,"Mann, Devin",2023,2271,100,0.276,0.226,0.363,0.502,0.382,0.322,0.222,127,460,87.2,18.8,2221,88,88.14,265,957,1314,0.09999999999999432,6.26,106,150,118,145,297,323,292,"-28.136","28.136",,,549,315,64,42,1,20,149,27.1,78,14.2,2.44885,0.53927,0.22467,0.02903,"91.3",156,35.23809523809524,7.6190476190476195,4.371584699453552,5.8,-0.99,0.13,2.28,0.386,24,"1.238925583",0.343,0.373,"-1.238925583",0.054,0.04299999999999998,0.129,0.06,27.7,,,,,,,
2271,694175,"León, Pedro",2023,2278,99.7,0.247,0.192,0.321,0.439,0.342,0.307,0.207,118,478,85.8,12.3,2193,87.7,88.01,359,1101,1170,0.29999999999999716,6.33,107,150,115,145,291,314,284,"-8.471","8.471",,,555,323,71,23,3,21,158,28.5,63,11.4,2.4437,0.55444,0.30571,0.05466,"91.7",124,37.77089783281733,8.6687306501548,5.045045045045045,5.83,-0.69,0.17,2.28,0.346,28,"0.373007486",0.312,0.378,"-0.373007486",0.04,0.033999999999999975,0.061,0.035,32.6,,,,,,,
2267,670224,"Misner, Kameron",2023,2275,99.6,0.224,0.239,0.336,0.463,0.357,0.324,0.194,92,410,90.6,19.7,2172,87.7,87.75,365,935,1332,0,6.27,114,146,114,150,286,319,291,"-9.098","9.098",,,504,232,41,25,5,21,182,36.1,88,17.5,2.41174,0.60779,0.3682,-0.28913,"91.6",167,47.41379310344828,13.793103448275861,6.349206349206349,5.8,-0.9,-0.12,2.33,0.361,32,"0.401323335",0.337,0.391,"-0.401323335",0.03,0.023999999999999966,0.072,0.033,39,,,,,,,
2260,688760,"Crim, Blaine",2023,2260,100,0.289,0.217,0.325,0.506,0.381,0.359,0.275,143,494,91,13.4,2209,87.8,88.03,223,994,1266,0.20000000000000284,6.28,107,150,119,145,300,321,290,"-28.488","28.488",,,580,394,85,31,5,22,107,18.4,69,11.9,2.46032,0.52224,0.26343,0.01608,"92.4",167,43.25699745547074,8.651399491094146,5.862068965517241,5.74,-0.61,0.17,2.29,0.383,34,"1.260530973",0.372,0.444,"-1.260530973",0.014,0.01100000000000001,0.062,0.022,22.4,,,,,,,
2217,595943,"Evans, Phillip",2023,2217,100,0.312,0.127,0.344,0.439,0.378,0.345,0.268,150,481,86.9,8.9,2238,88.1,88.47,170,887,1330,0.4000000000000057,6.29,105,149,118,145,302,327,294,"-23.845","23.845",,,585,415,113,24,2,11,75,12.8,87,14.9,2.45334,0.50899,0.27937,0.0709,"91.4",150,35.02415458937198,3.864734299516908,2.735042735042735,5.68,-0.8,0.09,2.34,0.419,16,"1.075552548",0.387,0.376,"-1.075552548",0.044,0.03199999999999997,0.063,0.033,19.2,,,,,,,
2214,673995,"Wendzel, Davis",2023,2215,100,0.236,0.241,0.259,0.477,0.361,0.321,0.214,107,453,86.8,23.1,2215,88,88.31,255,918,1296,0.29999999999999716,6.3,106,150,119,145,298,321,290,"-17.391","17.391",,,544,327,58,19,0,30,129,23.7,75,13.8,2.41714,0.55006,0.26127,0.05894,"91.2",170,36,8.307692307692308,4.963235294117647,5.74,-0.77,0.17,2.35,0.358,27,"0.785501355",0.341,0.374,"-0.785501355",0.022,0.01699999999999996,0.103,0.04,27.8,,,,,,,
2211,621005,"Lopes, Tim",2023,2211,100,0.282,0.139,0.356,0.421,0.353,0.324,0.252,134,475,88.5,11.8,2244,88.5,88.9,289,1000,1211,0.4000000000000057,6.32,107,150,118,146,303,325,293,"-4.301","4.301",,,550,353,96,23,2,13,123,22.4,72,13.1,2.37009,0.55783,0.2784,0.06217,"91.2",170,38.81019830028329,4.53257790368272,2.909090909090909,5.61,-0.79,0.06,2.29,0.378,16,"0.194527363",0.353,0.37,"-0.194527363",0.03,0.025000000000000022,0.051,0.029,28.9,,,,,,,
2206,676070,"Amaya, Jacob",2023,2206,100,0.252,0.155,0.288,0.407,0.329,0.304,0.231,122,484,87.7,8.8,2204,87.8,88.04,166,888,1318,0.20000000000000284,6.29,107,150,118,146,299,316,281,"-1.421","1.421",,,566,387,79,26,2,15,106,18.7,70,12.4,2.34092,0.65803,0.3054,0.05997,"90.9",156,36.01036269430052,4.145077720207254,2.8268551236749118,5.82,-0.69,0.05,2.33,0.345,16,"0.064415231",0.329,0.344,"-0.064415231",0.021,0.01599999999999996,0.063,0.025,18.7,,,,,,,
2186,670128,"Kohlwey, Taylor",2023,2190,99.8,0.274,0.163,0.314,0.436,0.362,0.327,0.245,116,424,84.8,14,2211,88.5,88.98,139,886,1300,0.5,6.31,114,147,115,150,293,322,302,"-18.561","18.561",,,513,343,73,29,2,12,86,16.8,74,14.4,2.35059,0.57604,0.34504,-0.25335,"90.5",154,26.453488372093027,4.3604651162790695,2.923976608187134,5.61,-0.94,-0.12,2.35,0.387,15,"0.849085087",0.365,0.353,"-0.849085087",0.029,0.02200000000000002,0.083,0.035,15.7,,,,,,,
2184,664670,"Lopez, Alejo",2023,2187,99.9,0.286,0.119,0.327,0.405,0.357,0.339,0.262,132,462,84.1,11.7,2175,88.9,89,183,1012,1172,0.09999999999999432,6.25,109,145,105,147,280,308,285,"-11.991","11.991",,,553,389,93,30,2,7,76,13.7,78,14.1,2.2093,0.707,0.44967,-0.44967,"89.7",152,23.13624678663239,3.8560411311053984,2.7124773960216997,5.91,-0.74,-0.1,2.38,0.396,15,"0.549038462",0.376,0.376,"-0.549038462",0.024,0.020000000000000018,0.029,0.018,18.1,,,,,,,
2181,666464,"Encarnacion, Jerar",2023,2181,100,0.228,0.224,0.348,0.452,0.344,0.34,0.216,99,434,92.8,10.3,2213,87.6,87.82,404,971,1210,0.20000000000000284,6.33,107,150,122,147,304,323,285,"-15.001","15.001",,,512,236,55,17,1,26,200,39.1,74,14.5,2.3971,0.61757,0.23877,-0.0133,"92.4",173,53.813559322033896,16.94915254237288,7.8125,5.82,-0.72,0.04,2.46,0.342,40,"0.68780376",0.334,0.441,"-0.68780376",0.012,0.008000000000000007,0.011,0.004,41.6,,,,,,,
2179,664332,"Gómez, Moisés",2023,2179,100,0.232,0.226,0.287,0.457,0.317,0.294,0.212,119,514,90.2,21.8,2206,88,88.04,433,1203,976,0,6.27,106,150,119,146,295,322,290,"8.197","-8.197",,,564,340,66,20,3,30,180,31.9,36,6.4,2.35723,0.63082,0.28144,-0.03348,"91.4",183,42.64705882352941,11.76470588235294,7.092198581560284,5.81,-0.77,0.1,2.31,0.289,40,"-0.376181735",0.273,0.407,"0.376181735",0.02,0.01599999999999996,0.05,0.023,36,,,,,,,
2171,670298,"Robertson, Kramer",2023,2172,100,0.205,0.056,0.276,0.262,0.296,0.285,0.189,84,409,81.8,7.7,2208,88.4,88.54,220,811,1360,0.09999999999999432,6.28,105,149,112,145,291,313,282,"11.346","-11.346",,,509,297,67,14,0,3,115,22.6,81,15.9,2.27284,0.69581,0.39476,0.08844,"89.6",130,17.17171717171717,1.0101010101010102,0.5893909626719057,5.79,-0.78,0.15,2.32,0.356,3,"-0.522616306",0.344,0.237,"0.522616306",0.016,0.01200000000000001,0.025,0.011,27.1,,,,,,,
2161,665180,"Cardenas, Ruben",2023,2161,100,0.269,0.206,0.338,0.475,0.358,0.32,0.226,128,476,87.6,19.6,2180,87.5,87.54,324,1056,1105,0,6.26,106,151,119,145,291,319,289,"-10.053","10.053",,,549,336,77,26,3,22,145,26.4,61,11.1,2.41824,0.60728,0.25703,-0.0017,"91.4",158,32.73809523809524,9.821428571428571,6.0109289617486334,5.86,-0.57,0.08,2.35,0.357,33,"0.465201296",0.321,0.404,"-0.465201296",0.043,0.035999999999999976,0.071,0.038,30.7,,,,,,,
2136,680716,"Ornelas, Jonathan",2023,2146,99.5,0.252,0.108,0.332,0.36,0.33,0.298,0.214,107,425,86.9,4.7,2235,87.9,88.16,207,790,1346,0.29999999999999716,6.31,106,149,116,145,298,320,289,"-1.982","1.982",,,507,306,79,18,2,8,121,23.9,74,14.6,2.44534,0.53393,0.25045,0.07117,"91.4",137,33.77049180327869,3.934426229508197,2.366863905325444,5.72,-0.62,0.16,2.24,0.369,12,"0.092790262",0.338,0.305,"-0.092790262",0.038,0.030999999999999972,0.055,0.032,26.2,,,,,,,
2130,679822,"Foscue, Justin",2023,2130,100,0.266,0.201,0.279,0.468,0.377,0.334,0.243,123,462,87.4,13.3,2202,88.3,88.51,153,863,1267,0.20000000000000284,6.28,107,149,119,145,298,321,292,"-26.229","26.229",,,563,394,70,31,4,18,70,12.4,85,15.1,2.39257,0.55821,0.30234,0.05813,"91.8",155,34.52685421994885,4.3478260869565215,3.019538188277087,5.75,-0.7,0.15,2.36,0.394,17,"1.231408451",0.376,0.355,"-1.231408451",0.023,0.018000000000000016,0.113,0.043,17.7,,,,,,,
2118,622682,"Reyes, Victor",2023,2118,100,0.279,0.183,0.331,0.462,0.34,0.32,0.267,140,502,88.8,9,2185,88.1,88.23,286,1115,1003,0.10000000000000853,6.28,112,147,122,150,290,317,291,"-9.622","9.622",,,546,382,90,28,2,20,124,22.7,36,6.6,2.3226,0.65182,0.41426,-0.41426,"91.2",148,39.107611548556434,6.824146981627297,4.761904761904762,5.8,-0.78,-0.06,2.45,0.33,26,"0.454296506",0.32,0.414,"-0.454296506",0.012,0.010000000000000009,0.048,0.02,25.7,,,,,,,
2108,678009,"Meadows, Parker",2023,2110,99.9,0.257,0.219,0.306,0.475,0.347,0.32,0.236,115,448,87.5,15.7,2162,87.9,87.92,237,970,1138,0,6.28,115,146,114,151,287,317,291,"-8.847","8.847",,,515,333,62,27,7,19,123,23.9,57,11.1,2.34463,0.64999,0.38438,-0.29489,"91.5",158,39.03903903903904,9.00900900900901,5.825242718446602,6,-0.88,-0.14,2.37,0.338,30,"0.419686907",0.324,0.404,"-0.419686907",0.021,0.014000000000000012,0.071,0.027,24.4,,,,,,,
2106,592144,"Bernard, Wynton",2023,2106,100,0.302,0.14,0.359,0.443,0.357,0.321,0.269,153,506,84.8,10.2,2211,87.9,88.07,224,992,1114,0.19999999999998863,6.28,107,150,115,147,298,321,288,"-9.838","9.838",,,571,407,105,36,1,11,103,18,56,9.8,2.42631,0.55654,0.30043,0.01103,"91.1",144,28.746928746928745,3.6855036855036856,2.626970227670753,5.78,-0.63,0.12,2.28,0.375,15,"0.4671415",0.346,0.374,"-0.4671415",0.033,0.029000000000000026,0.069,0.036,22.6,,,,,,,
2103,641470,"Collins, Zack",2023,2103,100,0.251,0.184,0.359,0.434,0.345,0.323,0.221,105,419,89.1,16.6,2225,88.4,88.37,313,891,1212,0,6.24,116,146,123,151,289,319,289,"-7.726","7.726",,,494,264,60,29,0,16,159,32.2,69,14,2.34796,0.621,0.31491,-0.24182,"91.2",189,38.02281368821293,11.406844106463879,6.0728744939271255,5.9,-0.73,-0.05,2.4,0.356,30,"0.367379933",0.331,0.403,"-0.367379933",0.03,0.024999999999999967,0.031,0.022,35.1,,,,,,,
2102,666915,"Dalbec, Bobby",2023,2102,100,0.269,0.288,0.364,0.557,0.398,0.362,0.218,111,413,92.1,17.5,2195,87.5,87.57,377,883,1219,0.09999999999999432,6.28,107,150,120,146,300,324,289,"-32.308","32.308",,,493,247,61,14,3,33,169,34.3,64,13,2.43225,0.60967,0.27146,0.05596,"92.6",166,48.582995951417004,19.838056680161944,9.939148073022313,5.83,-1.06,0.17,2.34,0.381,49,"1.537012369",0.341,0.501,"-1.537012369",0.051,0.03999999999999998,0.056,0.036,42.7,,,,,,,
2100,666632,"Perlaza, Yonathan",2023,2101,100,0.286,0.251,0.338,0.537,0.396,0.334,0.242,131,458,89.5,12.6,2122,88.1,88.22,324,1004,1096,0.10000000000000853,6.29,113,147,115,150,288,314,289,"-32.291","32.291",,,540,343,65,40,3,23,117,21.7,76,14.1,2.37666,0.59368,0.45571,-0.45625,"91.9",150,38.88888888888889,7.894736842105263,5,5.84,-0.84,-0.04,2.35,0.391,27,"1.537666667",0.354,0.396,"-1.537666667",0.044,0.03700000000000003,0.141,0.062,32.3,,,,,,,
2075,650331,"Díaz, Lewin",2023,2075,100,0.268,0.174,0.306,0.442,0.35,0.328,0.239,111,414,89.7,19.4,2182,87.4,87.42,212,915,1160,0,6.28,117,146,123,151,291,319,293,"-9.739","9.739",,,482,324,73,21,0,17,95,19.7,59,12.2,2.4627,0.56567,0.31083,-0.25447,"91.8",167,38.88888888888889,8.333333333333332,5.601659751037345,5.85,-0.9,-0.11,2.31,0.361,27,"0.469349398",0.339,0.4,"-0.469349398",0.029,0.021999999999999964,0.042,0.022,23.2,,,,,,,
2074,608703,"Reynolds, Matt",2023,2074,100,0.266,0.248,0.333,0.515,0.366,0.327,0.238,118,443,89.5,14.6,2201,87.9,87.99,250,873,1201,0.09999999999999432,6.27,105,150,117,145,296,316,288,"-15.794","15.794",,,512,310,55,38,3,22,141,27.5,58,11.3,2.36666,0.62801,0.29055,0.00361,"91.7",172,44.83870967741935,9.35483870967742,5.6640625,5.94,-0.61,0.07,2.38,0.35,29,"0.761523626",0.328,0.418,"-0.761523626",0.028,0.021999999999999964,0.097,0.039,28.6,,,,,,,
2067,676939,"Herron, Jimmy",2023,2069,99.9,0.293,0.203,0.338,0.496,0.383,0.311,0.23,133,454,86.1,14.1,2242,88.4,88.89,197,914,1153,0.5,6.29,108,149,116,146,301,325,296,"-35.377","35.377",,,536,356,83,27,4,19,103,19.2,68,12.7,2.38062,0.54511,0.26687,0.07324,"90.4",154,28.932584269662918,3.932584269662921,2.6119402985074625,5.67,-0.77,0.1,2.34,0.392,14,"1.711514272",0.34,0.34,"-1.711514272",0.063,0.05199999999999999,0.156,0.072,21.6,,,,,,,
2055,677954,"Groshans, Jordan",2023,2055,100,0.243,0.087,0.292,0.33,0.302,0.294,0.232,112,460,87,7.7,2211,87.5,87.79,186,898,1157,0.29999999999999716,6.34,107,150,120,147,300,318,283,"15.75","-15.75",,,526,369,85,20,1,6,92,17.5,64,12.2,2.41643,0.59447,0.27783,0.06036,"90.7",151,32.608695652173914,2.717391304347826,1.9011406844106464,5.78,-0.77,0.04,2.35,0.337,10,"-0.766423358",0.327,0.319,"0.766423358",0.011,0.010000000000000009,0.011,0.008,20.7,,,,,,,
2053,570560,"Sánchez, Yolmer",2023,2057,99.8,0.23,0.115,0.29,0.345,0.33,0.329,0.232,86,374,87.3,18.1,2143,87.9,88.03,214,834,1219,0.09999999999999432,6.26,111,149,113,149,291,314,292,"-5.963","5.963",,,477,277,61,15,2,8,106,22.2,89,18.7,2.29613,0.69522,0.44768,-0.44768,"90.1",168,29.24187725631769,3.6101083032490973,2.0964360587002098,5.86,-0.52,-0.09,2.38,0.377,10,"0.290452996",0.381,0.329,"-0.290452996",-0.002,-0.0040000000000000036,0.016,0.001,25.7,,,,,,,
2050,677587,"Rocchio, Brayan",2023,2052,99.9,0.277,0.142,0.308,0.418,0.343,0.312,0.248,129,466,86.7,11.6,2186,88.2,88.18,205,955,1095,0,6.22,113,147,112,149,285,313,284,"-6.168","6.168",,,534,403,83,33,6,7,66,12.4,59,11,2.32796,0.64755,0.41569,-0.41569,"91.1",151,31.8407960199005,3.233830845771144,2.4344569288389515,5.92,-0.76,-0.01,2.32,0.363,13,"0.300878049",0.339,0.355,"-0.300878049",0.029,0.023999999999999966,0.063,0.031,21.5,,,,,,,
2045,678489,"Barrosa, Jorge",2023,2053,99.6,0.275,0.184,0.313,0.458,0.372,0.326,0.239,112,408,88,13.3,2189,88.3,88.75,193,866,1179,0.5,6.31,110,146,109,148,294,324,299,"-21.739","21.739",,,493,329,71,20,8,13,82,16.6,79,16,2.37698,0.56125,0.38109,-0.38109,"91.1",151,35.56231003039514,3.343465045592705,2.231237322515213,5.68,-0.64,-0.08,2.34,0.394,11,"1.063031785",0.366,0.35,"-1.063031785",0.036,0.028000000000000025,0.108,0.046,22.3,,,,,,,
2035,656484,"Gray, Tristan",2023,2037,99.9,0.233,0.251,0.289,0.484,0.338,0.291,0.205,109,467,89.8,21.2,2169,87.4,87.46,415,1106,929,0.09999999999999432,6.26,115,145,117,150,287,320,292,"1.128","-1.128",,,523,303,53,25,1,30,166,31.7,46,8.8,2.43897,0.60179,0.34034,-0.24972,"92.1",172,43.09210526315789,11.513157894736842,6.692160611854685,5.79,-0.8,-0.16,2.39,0.31,35,"-0.055429975",0.285,0.376,"0.055429975",0.028,0.025000000000000022,0.108,0.047,37.5,,,,,,,
2032,670092,"Brooks, Trenton",2023,2037,99.8,0.283,0.231,0.296,0.514,0.391,0.329,0.236,121,428,87.6,16.1,2191,88.3,88.61,199,940,1092,0.29999999999999716,6.27,114,145,113,149,296,326,300,"-23.639","23.639",,,518,356,67,31,1,22,77,14.9,78,15.1,2.3684,0.58657,0.34097,-0.2546,"91.0",166,35.49295774647888,4.507042253521127,3.088803088803089,5.67,-0.9,-0.1,2.33,0.398,16,"1.163336614",0.361,0.368,"-1.163336614",0.047,0.03700000000000003,0.146,0.062,21.2,,,,,,,
2027,672279,"Siani, Michael",2023,2045,99.1,0.228,0.128,0.295,0.355,0.318,0.286,0.2,89,391,85.8,13.2,2180,87.8,87.86,229,813,1214,0.10000000000000853,6.27,112,145,106,149,286,313,289,"6.593","-6.593",,,471,280,60,17,3,9,115,24.4,75,15.9,2.37799,0.61795,0.33217,-0.17034,"90.6",140,32.61648745519714,2.5089605734767026,1.48619957537155,5.91,-0.74,-0.21,2.34,0.35,7,"-0.325259003",0.328,0.287,"0.325259003",0.028,0.021999999999999964,0.068,0.032,28.2,,,,,,,
1996,668723,"Vilade, Ryan",2023,1998,99.9,0.267,0.113,0.363,0.379,0.334,0.306,0.234,116,435,88.8,10,2198,88.5,88.5,235,918,1078,0,6.22,106,149,118,146,297,318,283,"-0.565","0.565",,,506,309,83,23,4,6,127,25.1,64,12.6,2.26866,0.67873,0.31822,0.07258,"91.1",164,39.15857605177994,3.559870550161812,2.1739130434782608,5.91,-0.76,0.09,2.41,0.368,11,"0.028306613",0.34,0.331,"-0.028306613",0.033,0.02799999999999997,0.048,0.028,25.6,,,,,,,
1995,664314,"Florial, Estevan",2023,1995,100,0.284,0.281,0.362,0.565,0.395,0.361,0.249,116,409,90.6,15.4,2133,87.6,87.61,326,917,1078,0,6.25,115,146,113,151,292,323,293,"-21.984","21.984",,,479,271,61,23,4,28,144,30.1,63,13.2,2.41355,0.59869,0.39452,-0.24192,"92.1",160,44.64944649446495,15.498154981549817,8.768267223382047,5.85,-0.62,-0.17,2.31,0.376,42,"1.101954887",0.348,0.494,"-1.101954887",0.035,0.028000000000000025,0.071,0.034,35.6,,,,,,,
1988,680814,"Burdick, Peyton",2023,1988,100,0.22,0.229,0.311,0.449,0.336,0.318,0.208,92,419,91.4,19.2,2205,87.8,87.98,372,984,1004,0.20000000000000284,6.33,105,150,120,146,302,322,285,"3.765","-3.765",,,491,243,46,20,2,24,179,36.5,57,11.6,2.33644,0.68089,0.27588,0.00632,"92.0",175,47.73662551440329,13.580246913580247,6.720977596741344,5.81,-0.57,0.13,2.46,0.328,33,"-0.189386318",0.319,0.399,"0.189386318",0.012,0.009000000000000008,0.05,0.018,37.8,,,,,,,
1980,680881,"Hulsizer, Niko",2023,1980,100,0.212,0.191,0.296,0.403,0.326,0.309,0.193,83,392,87.8,18.5,2193,87.3,87.33,340,836,1144,0,6.28,105,150,120,146,290,320,290,"-4.126","4.126",,,472,240,43,22,1,17,156,33.1,69,14.6,2.48993,0.55738,0.24032,-0.02691,"92.0",155,36.25,11.666666666666666,5.932203389830509,5.82,-0.58,0.18,2.33,0.337,28,"0.208383838",0.322,0.369,"-0.208383838",0.019,0.015000000000000013,0.034,0.017,40.7,,,,,,,
1977,656695,"Matijevic, J.J.",2023,1977,100,0.244,0.198,0.3,0.441,0.332,0.301,0.221,106,435,87.8,9.9,2185,88,88.36,243,895,1082,0.4000000000000057,6.33,115,145,121,150,285,318,294,"3.069","-3.069",,,494,316,58,26,6,16,122,24.7,53,10.7,2.42569,0.54888,0.35112,-0.23619,"91.1",170,35.44303797468354,8.544303797468354,5.465587044534413,5.82,-0.57,-0.07,2.39,0.328,27,"-0.155235205",0.31,0.368,"0.155235205",0.023,0.018000000000000016,0.073,0.031,27.2,,,,,,,
1963,663796,"Montes, Coco",2023,1963,100,0.317,0.234,0.4,0.55,0.404,0.348,0.264,138,436,90.1,14.9,2208,87.9,88.36,260,951,1012,0.5,6.3,107,150,118,145,302,326,296,"-34.172","34.172",,,507,312,85,26,5,22,130,25.6,59,11.6,2.44826,0.51168,0.24866,0.0302,"91.3",165,41.34615384615385,8.653846153846153,5.325443786982249,5.63,-0.7,0.13,2.37,0.4,27,"1.74080489",0.357,0.439,"-1.74080489",0.053,0.04300000000000004,0.111,0.056,27.3,,,,,,,
1955,669200,"McCoy, Mason",2023,1959,99.8,0.22,0.152,0.303,0.372,0.306,0.254,0.175,91,414,85.7,15.3,2213,88,88.06,260,839,1116,0.09999999999999432,6.24,105,149,114,146,295,320,286,"6.523","-6.523",,,482,273,55,21,3,12,146,30.3,58,12,2.39698,0.59026,0.28769,0.06011,"90.6",163,30.76923076923077,3.296703296703297,1.8672199170124482,5.73,-0.7,0.06,2.23,0.32,9,"-0.333657289",0.282,0.264,"0.333657289",0.045,0.038000000000000034,0.108,0.052,31,,,,,,,
1947,665922,"Muzziotti, Símon",2023,1955,99.6,0.292,0.11,0.339,0.402,0.331,0.308,0.273,136,465,86.5,7.4,2168,88.5,88.43,179,990,957,-0.09999999999999432,6.25,115,147,108,150,280,317,294,"-5.049","5.049",,,513,388,103,22,4,7,80,15.6,43,8.4,2.29086,0.6678,0.39628,-0.25877,"90.5",152,28.940568475452196,1.8087855297157622,1.364522417153996,5.98,-0.83,-0.07,2.38,0.353,7,"0.259322034",0.335,0.355,"-0.259322034",0.019,0.01799999999999996,0.047,0.023,18.1,,,,,,,
1932,687462,"Horwitz, Spencer",2023,1932,100,0.338,0.159,0.386,0.496,0.41,0.37,0.273,132,391,88.2,13.4,2143,88,88.01,163,853,1079,0,6.26,113,144,119,150,287,315,288,"-36.282","36.282",,,478,326,91,30,1,10,71,14.9,73,15.3,2.34122,0.64048,0.40876,-0.23142,"91.2",164,40.1840490797546,7.05521472392638,4.811715481171548,5.84,-0.75,-0.14,2.32,0.446,23,"1.877950311",0.395,0.438,"-1.877950311",0.065,0.05099999999999999,0.058,0.04,19.1,,,,,,,
1929,670148,"Mondou, Nate",2023,1931,99.9,0.268,0.165,0.314,0.433,0.355,0.33,0.256,104,388,85.4,17.5,2178,88.5,88.69,194,834,1095,0.20000000000000284,6.3,116,146,116,150,281,313,293,"-15.514","15.514",,,462,303,67,23,1,13,89,19.3,68,14.7,2.22903,0.71929,0.41003,-0.28623,"90.3",176,28.38283828382838,2.9702970297029703,1.948051948051948,5.8,-0.96,-0.13,2.39,0.377,9,"0.804250907",0.368,0.357,"-0.804250907",0.012,0.009000000000000008,0.076,0.025,23.3,,,,,,,
1924,677595,"Mauricio, Ronny",2023,1924,100,0.291,0.209,0.323,0.5,0.359,0.327,0.274,142,488,91,6.4,2136,87.2,87.29,228,968,956,0.09999999999999432,6.27,114,146,121,150,293,321,291,"-8.543","8.543",,,526,393,87,30,3,22,96,18.3,31,5.9,2.48272,0.56076,0.39241,-0.39241,"93.3",137,43.22250639386189,7.928388746803069,5.893536121673003,5.89,-1.12,-0.06,2.35,0.34,31,"0.444022869",0.325,0.427,"-0.444022869",0.017,0.015000000000000013,0.073,0.032,23.6,,,,,,,
1922,666018,"Aranda, Jonathan",2023,1922,100,0.339,0.275,0.387,0.613,0.447,0.384,0.276,121,357,92.3,13.9,2175,88.6,88.67,163,760,1162,0.10000000000000853,6.27,117,146,118,150,287,319,296,"-45.97","45.97",,,431,273,73,23,0,25,87,20.2,61,14.2,2.27599,0.66757,0.42052,-0.21329,"92.2",175,49.81684981684982,10.989010989010989,6.960556844547564,5.8,-0.66,-0.07,2.37,0.445,30,"2.391779396",0.393,0.494,"-2.391779396",0.063,0.05199999999999999,0.119,0.063,21.4,,,,,,,
1918,702283,"Toman, Tucker",2023,1918,100,0.207,0.104,0.289,0.311,0.284,0.252,0.177,86,415,86.5,10.1,2237,88.3,88.11,280,863,1055,-0.20000000000000284,6.18,111,144,114,144,281,306,282,"21.655","-21.655",,,483,285,56,22,3,5,133,27.5,57,11.8,2.17438,0.784,0.57806,-0.57728,"90.3",144,25.964912280701753,2.1052631578947367,1.2422360248447204,5.76,-1.09,-0.19,2.4,0.313,6,"-1.129040667",0.286,0.249,"1.129040667",0.03,0.027000000000000024,0.062,0.032,32.4,,,,,,,
1913,642197,"Westbrook, Jamie",2023,1913,100,0.294,0.202,0.322,0.496,0.389,0.336,0.238,121,411,86.8,9.7,2177,88.5,88.63,209,866,1047,0.09999999999999432,6.3,107,150,117,146,295,322,286,"-28.898","28.898",,,496,332,80,20,0,21,81,16.3,67,13.5,2.26695,0.67816,0.37619,0.09419,"91.3",155,33.92330383480826,7.374631268436578,5.040322580645161,5.83,-0.79,0.1,2.32,0.4,25,"1.510611605",0.354,0.402,"-1.510611605",0.056,0.04600000000000004,0.094,0.053,24.1,,,,,,,
1891,691026,"Winn, Masyn",2023,1893,99.9,0.287,0.187,0.317,0.474,0.359,0.305,0.246,127,443,87.9,13.3,2213,87.9,87.96,155,834,1057,0.09999999999999432,6.29,107,150,114,146,293,315,284,"-14.847","14.847",,,496,362,87,15,7,18,83,16.7,44,8.9,2.37057,0.64985,0.29011,0.04386,"90.9",161,31.767955801104975,3.591160220994475,2.620967741935484,5.84,-0.8,0.17,2.37,0.359,13,"0.785140137",0.324,0.362,"-0.785140137",0.041,0.034999999999999976,0.112,0.054,18.6,,,,,,,
1884,666152,"Hamilton, David",2023,1891,99.6,0.243,0.194,0.293,0.437,0.349,0.324,0.23,94,387,87.3,18.5,2150,87.9,87.94,174,774,1110,0,6.29,114,145,102,150,288,318,290,"-5.476","5.476",,,462,280,57,16,4,17,109,23.6,71,15.4,2.31734,0.67706,0.44656,-0.3467,"91.0",160,32.5,7.142857142857142,4.329004329004329,5.76,-1.02,-0.2,2.29,0.361,20,"0.290658174",0.352,0.363,"-0.290658174",0.013,0.009000000000000008,0.074,0.025,22.5,,,,,,,
1876,676632,"Madris, Bligh",2023,1879,99.8,0.233,0.178,0.289,0.411,0.331,0.329,0.234,88,377,88.6,15.1,2186,88.3,88.65,233,825,1051,0.4000000000000057,6.31,115,146,120,150,285,316,292,"-3.433","3.433",,,451,268,57,10,6,15,115,25.5,65,14.4,2.35283,0.58924,0.38425,-0.26988,"91.5",168,37.6865671641791,7.462686567164178,4.434589800443459,5.77,-0.7,-0.08,2.41,0.344,20,"0.182995736",0.347,0.391,"-0.182995736",-0.001,-0.0030000000000000027,0.02,0.002,28.2,,,,,,,
1873,682177,"Schneemann, Daniel",2023,1877,99.8,0.267,0.171,0.321,0.438,0.349,0.302,0.229,111,416,87.3,8.2,2181,88.4,88.49,241,859,1014,0.09999999999999432,6.27,115,145,112,150,283,316,288,"-7.843","7.843",,,480,318,67,30,1,13,100,20.8,59,12.3,2.34639,0.61433,0.40537,-0.26089,"91.0",155,32.70440251572327,4.716981132075472,3.125,5.89,-0.86,-0.06,2.41,0.36,15,"0.418739989",0.328,0.34,"-0.418739989",0.038,0.03199999999999997,0.098,0.047,28.1,,,,,,,
1866,680700,"Palacios, Richie",2023,1872,99.7,0.243,0.127,0.266,0.37,0.335,0.35,0.27,90,370,86.2,6.9,2187,88.7,88.75,161,845,1021,0,6.26,112,145,109,149,281,314,290,"-2.073","2.073",,,458,316,59,23,0,8,61,13.3,73,15.9,2.26399,0.67461,0.35109,-0.24211,"90.7",154,32.1656050955414,2.547770700636943,1.7467248908296942,5.93,-0.89,-0.09,2.42,0.373,8,"0.111093248",0.4,0.368,"-0.111093248",-0.027,-0.027000000000000024,0.002,-0.015,19.1,,,,,,,
1866,669699,"Shewmake, Braden",2023,1866,100,0.234,0.173,0.264,0.407,0.305,0.284,0.222,111,474,87.6,13.4,2173,87.8,87.94,307,1069,797,0.10000000000000853,6.29,112,146,112,150,289,316,296,"8.957","-8.957",,,526,376,64,28,3,16,104,19.8,39,7.4,2.37661,0.61975,0.31997,-0.21852,"90.9",160,34.840425531914896,6.648936170212766,4.752851711026616,5.85,-0.53,-0.12,2.4,0.298,25,"-0.480010718",0.29,0.348,"0.480010718",0.012,0.008000000000000007,0.059,0.021,28.7,,,,,,,
1864,691601,"Escanio, Brenny",2023,1864,100,0.22,0.071,0.3,0.291,0.289,0.269,0.196,83,378,85.4,14.2,2208,88.2,88.11,236,836,1028,-0.10000000000000853,6.26,110,144,113,144,279,306,281,"18.122","-18.122",,,455,270,66,10,4,3,115,25.3,67,14.7,2.16456,0.80925,0.58319,-0.58319,"89.5",158,16.974169741697416,0.36900369003690037,0.21978021978021978,5.76,-0.8,-0.08,2.38,0.335,1,"-0.9722103",0.317,0.251,"0.9722103",0.024,0.018000000000000016,0.04,0.02,28.2,,,,,,,
1862,683737,"Busch, Michael",2023,1862,100,0.323,0.295,0.356,0.618,0.44,0.404,0.284,126,390,91.5,15.1,2201,87.7,87.89,164,802,1060,0.20000000000000284,6.23,114,145,120,149,294,325,299,"-41.627","41.627",,,467,305,69,26,4,27,88,18.8,63,13.5,2.45693,0.54146,0.30748,-0.17384,"91.8",170,43.75,12.5,8.137044967880087,5.78,-0.55,-0.18,2.28,0.428,38,"2.235606874",0.397,0.546,"-2.235606874",0.039,0.030999999999999972,0.072,0.036,20.4,,,,,,,
1859,687588,"Pries, Micah",2023,1859,100,0.232,0.192,0.272,0.424,0.327,0.311,0.232,93,401,87.8,12,2199,87.9,87.79,240,913,946,-0.10000000000000853,6.22,114,144,120,150,287,318,288,"2.789","-2.789",,,464,304,48,27,4,14,101,21.8,47,10.1,2.42409,0.59049,0.32055,-0.25365,"90.9",154,34.65346534653465,5.6105610561056105,3.6637931034482754,5.92,-0.74,-0.08,2.38,0.328,17,"-0.150026896",0.329,0.366,"0.150026896",0,-0.0010000000000000009,0.058,0.016,26.3,,,,,,,
1857,668845,"Schunk, Aaron",2023,1857,100,0.29,0.17,0.364,0.461,0.347,0.295,0.249,133,458,85.9,14.8,2241,87.6,88.11,295,1037,820,0.5,6.32,108,150,119,146,301,327,297,"-5.384","5.384",,,505,341,89,24,6,14,122,24.2,41,8.1,2.46926,0.53067,0.21932,0.03833,"90.6",160,31.671554252199414,4.105571847507331,2.7722772277227725,5.64,-0.71,0.08,2.32,0.347,14,"0.289929995",0.309,0.356,"-0.289929995",0.041,0.03799999999999998,0.105,0.052,28.4,,,,,,,
1854,669450,"Hummel, Cooper",2023,1854,100,0.262,0.174,0.348,0.435,0.374,0.352,0.246,95,363,90.2,12.5,2192,88.2,88.18,218,758,1096,0,6.18,113,146,117,150,294,323,293,"-14.133","14.133",,,455,258,54,27,6,8,106,23.3,82,18,2.41652,0.54847,0.39643,-0.39643,"92.6",167,44.57364341085272,5.426356589147287,3.076923076923077,5.71,-0.61,-0.06,2.27,0.409,14,"0.762297735",0.396,0.38,"-0.762297735",0.016,0.012999999999999956,0.055,0.022,28.8,,,,,,,
1853,675986,"Smith-Njigba, Canaan",2023,1857,99.8,0.279,0.195,0.362,0.474,0.361,0.317,0.226,107,384,88,7,2171,87.8,87.84,249,798,1055,0,6.2,114,144,117,150,286,319,292,"-11.958","11.958",,,437,269,63,28,1,15,117,26.8,50,11.4,2.37445,0.62126,0.35603,-0.24121,"91.2",148,36.43122676579926,9.66542750929368,5.949656750572083,5.85,-0.75,-0.1,2.3,0.362,26,"0.645331894",0.317,0.404,"-0.645331894",0.053,0.044999999999999984,0.07,0.044,31.2,,,,,,,
1842,686765,"Sogard, Nick",2023,1848,99.7,0.262,0.127,0.311,0.389,0.336,0.311,0.245,101,386,84.4,13.7,2133,88.3,88.33,126,704,1138,0,6.31,112,146,106,149,287,316,287,"-1.898","1.898",,,453,309,70,20,4,7,79,17.4,62,13.7,2.25207,0.71414,0.46149,-0.46149,"90.4",158,23.948220064724918,2.26537216828479,1.545253863134658,5.79,-1.04,-0.1,2.34,0.366,7,"0.103040174",0.352,0.328,"-0.103040174",0.017,0.014000000000000012,0.061,0.025,17.9,,,,,,,
1842,663330,"Jones, Jahmai",2023,1844,99.9,0.268,0.198,0.337,0.466,0.386,0.358,0.242,95,354,89.4,11.3,2220,88.5,88.71,212,703,1139,0.20000000000000284,6.31,106,149,116,146,301,320,292,"-24.49","24.49",,,443,258,52,28,3,12,97,21.9,83,18.7,2.36852,0.57364,0.28526,0.06782,"91.8",158,40.856031128404666,7.782101167315175,4.514672686230249,5.73,-0.86,0.04,2.31,0.413,20,"1.329533116",0.393,0.405,"-1.329533116",0.026,0.019999999999999962,0.061,0.028,30.2,,,,,,,
1837,664068,"Kingery, Scott",2023,1846,99.5,0.239,0.157,0.322,0.397,0.314,0.296,0.207,96,401,87.6,18.7,2168,88.2,88.04,291,909,928,-0.20000000000000284,6.23,105,150,112,146,294,320,286,"10.295","-10.295",,,457,271,62,18,3,13,135,29.5,48,10.5,2.31869,0.68897,0.39336,0.02118,"90.9",156,36.2962962962963,10,5.908096280087528,5.99,-0.52,0.15,2.32,0.322,27,"-0.560424605",0.295,0.379,"0.560424605",0.032,0.027000000000000024,0.018,0.018,32,,,,,,,
1836,642137,"Thomas, Cody",2023,1836,100,0.301,0.261,0.338,0.562,0.388,0.301,0.235,129,429,87.3,10,2209,87.8,88.04,219,917,919,0.20000000000000284,6.28,114,146,121,150,294,328,300,"-23.682","23.682",,,477,337,71,27,8,23,97,20.3,37,7.8,2.50605,0.48097,0.28284,-0.25132,"91.3",140,37.388724035608305,6.824925816023739,4.821802935010482,5.68,-0.77,-0.02,2.33,0.361,23,"1.289869281",0.302,0.382,"-1.289869281",0.066,0.059,0.18,0.087,23.9,,,,,,,
1835,691913,"Castillo, Jesus",2023,1849,99.2,0.192,0.048,0.25,0.24,0.309,0.323,0.208,64,333,82.8,9.8,2231,88.6,88.39,165,675,1160,-0.19999999999998863,6.2,110,146,103,145,273,303,282,"1.813","-1.813",,,448,253,52,9,2,1,86,19.2,97,21.7,2.10329,0.84298,0.61009,-0.61009,"89.3",132,11.507936507936508,0.3968253968253968,0.2232142857142857,5.74,-0.97,-0.13,2.4,0.386,1,"-0.09880109",0.401,0.256,"0.09880109",-0.016,-0.015000000000000013,-0.016,-0.014,24.4,,,,,,,
1828,666126,"Cortes, Carlos",2023,1828,100,0.243,0.188,0.276,0.431,0.344,0.349,0.248,89,367,88.1,15.4,2143,87.7,87.91,194,765,1063,0.20000000000000284,6.29,114,146,118,152,286,317,291,"-9.033","9.033",,,440,283,51,22,1,15,89,20.2,65,14.8,2.37223,0.62994,0.38794,-0.29177,"91.6",169,36.39575971731448,8.480565371024735,5.454545454545454,5.87,-1.18,-0.13,2.25,0.357,24,"0.494146608",0.363,0.428,"-0.494146608",-0.005,-0.006000000000000005,0.003,-0.005,25.4,,,,,,,
1822,677941,"Adams, Jordyn",2023,1826,99.8,0.267,0.199,0.351,0.466,0.351,0.278,0.204,110,412,86.2,12.3,2232,87.8,88.09,280,845,977,0.29999999999999716,6.28,106,149,113,147,301,325,290,"-11.075","11.075",,,475,286,64,25,6,15,132,27.8,53,11.2,2.45152,0.53511,0.24197,0.02838,"90.5",159,30.985915492957744,5.28169014084507,3.1578947368421053,5.72,-0.93,0.14,2.3,0.352,15,"0.607848518",0.299,0.316,"-0.607848518",0.063,0.05299999999999999,0.15,0.073,33.1,,,,,,,
1815,686490,"Eden, Cam",2023,1819,99.8,0.257,0.077,0.35,0.334,0.313,0.287,0.222,100,389,86.9,6.7,2182,87.7,87.7,237,847,968,0,6.23,104,149,110,145,294,315,282,"4.873","-4.873",,,455,280,77,19,1,3,113,24.8,45,9.9,2.40566,0.60445,0.29586,0.00665,"90.4",138,31.785714285714285,1.7857142857142856,1.098901098901099,5.82,-0.85,0.15,2.34,0.355,5,"-0.268484848",0.328,0.286,"0.268484848",0.035,0.02699999999999997,0.048,0.026,28,,,,,,,
1803,686531,"Lipcius, Andre",2023,1803,100,0.273,0.148,0.311,0.421,0.344,0.328,0.252,98,359,87,14.8,2210,88.2,88.11,194,840,963,-0.10000000000000853,6.23,107,150,119,146,296,316,283,"-5.597","5.597",,,418,291,69,16,2,11,73,17.5,52,12.4,2.32681,0.66685,0.30399,0.07413,"90.2",167,30.344827586206897,5.517241379310345,3.827751196172249,5.97,-1.04,0.13,2.36,0.364,16,"0.310427066",0.348,0.392,"-0.310427066",0.021,0.016000000000000014,0.029,0.016,23.1,,,,,,,
1801,682515,"Porter, Logan",2023,1801,100,0.232,0.145,0.291,0.377,0.318,0.313,0.224,88,379,88.3,13.3,2212,87.9,87.99,218,759,1042,0.09999999999999432,6.23,106,150,118,146,297,320,286,"9.397","-9.397",,,447,271,59,16,0,13,113,25.3,60,13.4,2.37952,0.61041,0.2962,0.03119,"91.1",162,39.25925925925926,6.666666666666667,4.026845637583892,5.87,-0.88,0.16,2.31,0.338,18,"-0.521765686",0.333,0.363,"0.521765686",0.008,0.0050000000000000044,0.014,0.005,28.7,,,,,,,
1793,671083,"Kennedy, Buddy",2023,1793,100,0.307,0.147,0.377,0.455,0.388,0.359,0.277,115,374,88.6,11.2,2234,88.6,88.92,118,670,1123,0.30000000000001137,6.28,105,149,119,147,300,327,293,"-27.221","27.221",,,460,297,78,24,8,5,81,17.6,73,15.9,2.37473,0.5524,0.33755,0.08551,"91.3",173,37.03703703703704,3.0303030303030303,1.956521739130435,5.68,-0.73,0.04,2.32,0.428,9,"1.518181818",0.407,0.382,"-1.518181818",0.03,0.02100000000000002,0.073,0.029,17.6,,,,,,,
1789,670223,"Mervis, Matt",2023,1789,100,0.282,0.251,0.327,0.533,0.396,0.348,0.237,102,362,88.7,19.3,2145,88.2,88.22,268,845,944,0,6.24,115,145,122,151,288,315,289,"-27.592","27.592",,,439,267,56,23,1,22,100,22.8,65,14.8,2.36503,0.61636,0.45112,-0.31899,"91.9",153,36.329588014981276,8.98876404494382,5.466970387243736,5.83,-0.91,-0.16,2.35,0.396,24,"1.542314142",0.361,0.425,"-1.542314142",0.045,0.03500000000000003,0.108,0.048,31.7,,,,,,,
1785,663550,"Cabbage, Trey",2023,1792,99.6,0.303,0.293,0.389,0.596,0.408,0.369,0.264,125,413,92.2,13.1,2196,87.5,87.76,335,952,833,0.29999999999999716,6.25,114,145,122,150,302,334,301,"-29.146","29.146",,,466,274,67,25,3,30,142,30.5,44,9.4,2.57654,0.42877,0.30076,-0.257,"93.1",163,51.09489051094891,16.78832116788321,9.871244635193133,5.76,-1.04,-0.03,2.29,0.376,46,"1.632829132",0.342,0.522,"-1.632829132",0.039,0.033999999999999975,0.074,0.039,35.2,,,,,,,
1776,666149,"Fitzgerald, Tyler",2023,1787,99.4,0.278,0.217,0.336,0.495,0.362,0.288,0.218,113,406,88.7,16.7,2210,87.6,87.65,273,911,865,0,6.28,105,149,113,145,301,321,290,"-13.182","13.182",,,454,297,69,20,4,20,111,24.4,44,9.7,2.44043,0.58616,0.26063,0.05247,"91.3",156,38.38383838383838,6.397306397306397,4.185022026431718,5.71,-0.57,0.14,2.28,0.35,19,"0.74222973",0.297,0.353,"-0.74222973",0.06,0.05299999999999999,0.142,0.074,30,,,,,,,
1768,663905,"Blankenhorn, Travis",2023,1769,99.9,0.259,0.249,0.305,0.508,0.37,0.338,0.237,101,390,90.4,9.2,2171,88,88.05,243,846,922,0.09999999999999432,6.26,112,145,118,151,288,321,294,"-14.398","14.398",,,450,281,50,27,2,22,110,24.4,49,10.9,2.3689,0.60905,0.42638,-0.2679,"91.9",149,43.01075268817204,11.469534050179211,7.111111111111111,5.74,-0.81,-0.18,2.32,0.356,32,"0.814366516",0.337,0.435,"-0.814366516",0.022,0.01899999999999996,0.073,0.032,28.7,,,,,,,
1768,663968,"Mangum, Jake",2023,1776,99.5,0.297,0.129,0.355,0.426,0.334,0.298,0.267,138,465,87.2,7.2,2152,87.9,88.12,242,1062,706,0.19999999999998863,6.29,110,147,107,149,287,315,287,"-0.053","0.053",,,507,380,96,29,8,5,90,17.8,28,5.5,2.33601,0.65188,0.36659,-0.36659,"90.6",149,31.926121372031663,1.58311345646438,1.183431952662722,5.87,-0.69,0,2.38,0.345,6,"0.002997738",0.319,0.351,"-0.002997738",0.03,0.025999999999999968,0.075,0.036,22.8,,,,,,,
1764,676914,"Schneider, Davis",2023,1765,99.9,0.276,0.279,0.311,0.555,0.412,0.389,0.255,85,308,89.8,21.3,2199,87.8,87.85,183,700,1064,0.10000000000000853,6.26,105,149,118,146,296,318,284,"-27.114","27.114",,,390,227,42,21,1,21,86,22.1,71,18.2,2.34681,0.64789,0.29601,0.06166,"91.5",179,42.731277533039645,12.334801762114537,7.179487179487179,5.85,-0.73,0.24,2.28,0.415,28,"1.53707483",0.4,0.495,"-1.53707483",0.021,0.014999999999999958,0.06,0.023,26.1,,,,,,,
1758,660758,"Fabian, Sandro",2023,1758,100,0.289,0.235,0.297,0.524,0.361,0.296,0.247,128,443,86.8,14,2214,87.8,88.1,217,1006,752,0.29999999999999716,6.29,107,150,118,145,298,320,292,"-9.83","9.83",,,482,376,73,29,3,23,72,14.9,23,4.8,2.48855,0.49537,0.26259,0.07763,"91.7",142,36.43617021276596,6.117021276595745,4.771784232365145,5.72,-0.87,0.17,2.33,0.332,23,"0.559158134",0.295,0.381,"-0.559158134",0.042,0.03700000000000003,0.143,0.065,21.6,,,,,,,
1757,621006,"Martin, Richie",2023,1763,99.7,0.221,0.099,0.298,0.32,0.299,0.302,0.233,78,353,86.8,10.2,2207,88.1,88.06,201,786,971,0,6.25,105,149,109,146,294,315,283,"9.618","-9.618",,,416,255,51,22,2,3,100,24,49,11.8,2.35995,0.61202,0.33415,0.11594,"90.9",135,33.72549019607843,1.5686274509803921,0.9615384615384616,5.73,-1.14,0.11,2.3,0.334,4,"-0.547410359",0.346,0.303,"0.547410359",-0.012,-0.011999999999999955,0.017,-0.003,25.6,,,,,,,
1749,680474,"Schuemann, Max",2023,1763,99.2,0.265,0.156,0.325,0.422,0.362,0.33,0.231,90,339,88.6,10.2,2205,88.3,88.56,168,691,1058,0.29999999999999716,6.27,108,151,116,147,301,328,293,"-19.322","19.322",,,418,258,59,18,4,9,85,20.3,61,14.6,2.39156,0.55499,0.34362,0.06331,"90.9",156,36.82170542635659,5.813953488372093,3.588516746411483,5.67,-0.67,0.15,2.29,0.395,15,"1.104745569",0.369,0.351,"-1.104745569",0.034,0.026000000000000023,0.071,0.032,24.3,,,,,,,
1746,687093,"Grissom, Vaughn",2023,1746,100,0.331,0.172,0.376,0.503,0.398,0.353,0.282,131,396,88.3,11.4,2199,87.5,87.65,180,821,925,0.20000000000000284,6.29,108,149,118,146,297,315,288,"-32.767","32.767",,,466,335,83,36,4,8,65,13.9,55,11.8,2.43737,0.60083,0.27071,0.02896,"91.1",157,37.388724035608305,5.044510385756676,3.648068669527897,5.88,-0.4,0.11,2.32,0.419,17,"1.876689576",0.379,0.42,"-1.876689576",0.049,0.03999999999999998,0.083,0.045,21.9,,,,,,,
1743,642220,"Witte, Jantzen",2023,1744,99.9,0.253,0.207,0.305,0.46,0.336,0.274,0.206,99,391,88,14.6,2223,88.4,88.93,215,807,936,0.5,6.32,108,150,119,146,304,326,296,"3.135","-3.135",,,438,286,54,26,2,17,109,24.9,39,8.9,2.37444,0.55005,0.27588,0.05484,"91.0",177,33.91608391608392,5.944055944055944,3.881278538812785,5.65,-0.61,-0.01,2.32,0.324,17,"-0.179862306",0.282,0.334,"0.179862306",0.047,0.04200000000000004,0.126,0.062,26.6,,,,,,,
1740,623507,"Lester, Josh",2023,1740,100,0.258,0.218,0.302,0.476,0.331,0.333,0.25,111,431,91.9,16.1,2173,87.3,87.45,289,922,818,0.10000000000000853,6.3,114,145,123,150,292,318,292,"-7.656","7.656",,,467,314,65,21,2,23,121,25.9,29,6.2,2.47049,0.55824,0.35628,-0.26293,"92.5",158,48.888888888888886,12.698412698412698,8.565310492505352,5.79,-0.94,-0.1,2.26,0.305,40,"0.44",0.301,0.469,"-0.44",0.008,0.0040000000000000036,0.007,-0.002,31.3,,,,,,,
1733,660620,"Araúz, Jonathan",2023,1735,99.9,0.239,0.178,0.276,0.417,0.33,0.314,0.24,83,348,89.5,14,2126,88,88.17,176,724,1009,0.20000000000000284,6.29,113,146,115,150,286,316,286,"2.012","-2.012",,,411,264,52,14,3,14,90,21.9,55,13.4,2.3549,0.62328,0.46226,-0.46226,"92.3",151,42.803030303030305,3.787878787878788,2.4330900243309004,5.84,-0.96,-0.08,2.33,0.341,10,"-0.11609925",0.345,0.346,"0.11609925",-0.001,-0.003999999999999948,0.071,0.016,24.3,,,,,,,
1728,663662,"Cameron, Daz",2023,1729,99.9,0.268,0.185,0.307,0.453,0.344,0.336,0.258,103,384,89.7,16.2,2209,87.3,87.43,192,773,955,0.10000000000000853,6.29,107,150,118,146,299,318,286,"-3.948","3.948",,,444,299,64,23,0,16,94,21.2,43,9.7,2.44258,0.58736,0.27187,0.00718,"91.8",168,42.14046822742475,7.6923076923076925,5.18018018018018,5.8,-0.66,0.08,2.26,0.347,23,"0.228472222",0.345,0.411,"-0.228472222",0.01,0.0020000000000000018,0.042,0.008,24.8,,,,,,,
1728,669392,"Taylor, Samad",2023,1736,99.5,0.297,0.168,0.369,0.465,0.384,0.33,0.227,97,327,86.3,13.2,2240,88.2,88.32,176,680,1048,0.09999999999999432,6.28,104,150,104,146,293,316,283,"-19.216","19.216",,,406,249,62,23,4,8,85,20.9,66,16.3,2.27766,0.68293,0.29055,0.11872,"90.5",153,28.11244979919679,6.024096385542169,3.6945812807881775,5.91,-0.96,0.2,2.32,0.416,15,"1.112037037",0.365,0.357,"-1.112037037",0.07,0.05099999999999999,0.108,0.054,25.9,,,,,,,
1721,664057,"Stevenson, Andrew",2023,1727,99.7,0.309,0.207,0.372,0.516,0.389,0.345,0.276,127,411,89.4,11.1,2189,88.2,88.25,216,809,912,0.09999999999999432,6.29,115,145,107,149,282,315,290,"-25.914","25.914",,,464,314,81,23,7,16,97,20.9,42,9.1,2.32665,0.64532,0.3746,-0.29521,"92.0",156,41.533546325878596,7.0287539936102235,4.741379310344827,5.88,-0.81,-0.08,2.34,0.388,22,"1.505752469",0.359,0.425,"-1.505752469",0.033,0.029000000000000026,0.091,0.044,26.7,,,,,,,
1719,657088,"Wall, Forrest",2023,1730,99.4,0.268,0.152,0.339,0.42,0.344,0.328,0.247,92,343,87.7,8.1,2178,88,88.11,138,665,1054,0.09999999999999432,6.28,115,147,108,150,287,315,293,"-4.088","4.088",,,400,256,62,16,6,8,90,22.5,52,13,2.3449,0.63475,0.34271,-0.26618,"90.8",157,31.640625,7.421875,4.75,5.85,-0.65,-0.15,2.33,0.365,19,"0.237812682",0.348,0.387,"-0.237812682",0.021,0.017000000000000015,0.033,0.016,20.8,,,,,,,
1719,693304,"Gonzales, Nick",2023,1719,100,0.282,0.228,0.37,0.509,0.378,0.316,0.22,105,373,87.4,13.4,2211,87.6,87.61,272,874,845,0,6.2,106,150,116,146,293,316,282,"-18.511","18.511",,,436,260,56,27,8,14,117,26.8,51,11.7,2.4307,0.58581,0.25035,0.00278,"90.8",158,34.23076923076923,10,5.963302752293578,5.87,-0.83,0.15,2.28,0.376,26,"1.076847004",0.326,0.385,"-1.076847004",0.062,0.04999999999999999,0.124,0.062,31.1,,,,,,,
1715,671117,"Baker, Darren",2023,1724,99.5,0.269,0.069,0.325,0.338,0.301,0.266,0.228,106,394,85.8,-0.4,2166,88.3,88.3,130,730,985,0,6.22,114,147,103,149,273,307,292,"6.114","-6.114",,,435,320,89,10,4,3,75,17.2,39,9,2.27988,0.67357,0.45583,-0.2878,"90.4",130,27.27272727272727,0.6269592476489028,0.45977011494252873,5.76,-1.1,-0.02,2.33,0.336,2,"-0.356501458",0.299,0.282,"0.356501458",0.041,0.03700000000000003,0.056,0.035,17.8,,,,,,,
1710,647351,"Toro, Abraham",2023,1710,100,0.292,0.18,0.34,0.472,0.365,0.318,0.246,104,356,87.1,12.6,2128,88.3,88.35,154,707,1003,0.10000000000000853,6.26,111,145,117,149,293,320,294,"-14.354","14.354",,,413,290,58,36,2,8,72,17.4,49,11.9,2.30749,0.65676,0.4634,-0.46196,"90.9",160,33.44827586206897,5.862068965517241,4.116222760290557,5.87,-0.8,-0.05,2.35,0.375,17,"0.839415205",0.338,0.377,"-0.839415205",0.046,0.03699999999999998,0.095,0.047,21.8,,,,,,,
1709,683021,"Stefanic, Michael",2023,1710,99.9,0.365,0.102,0.388,0.467,0.411,0.355,0.286,139,381,87.8,10.9,2207,88.3,88.61,45,673,1036,0.29999999999999716,6.28,107,149,117,148,304,326,287,"-36.321","36.321",,,454,350,112,20,2,5,33,7.3,60,13.2,2.39494,0.55139,0.32041,0.11769,"90.8",164,32.664756446991404,2.292263610315186,1.762114537444934,5.78,-0.85,0.04,2.36,0.463,8,"2.12527794",0.399,0.39,"-2.12527794",0.079,0.064,0.077,0.056,6.7,,,,,,,
1708,701437,"Rudd, Jaden",2023,1713,99.7,0.192,0.079,0.28,0.27,0.304,0.28,0.169,61,318,83.1,13.3,2277,88.6,88.39,181,668,1040,-0.19999999999998863,6.21,113,144,112,145,279,305,281,"6.4","-6.4",,,407,213,43,13,3,2,107,26.3,64,15.7,2.17235,0.77626,0.49931,-0.39884,"89.8",140,19.248826291079812,0.4694835680751174,0.2457002457002457,5.77,-1.06,-0.12,2.43,0.362,1,"-0.37470726",0.345,0.21,"0.37470726",0.023,0.017000000000000015,0.06,0.024,27.1,,,,,,,
1708,570481,"González, Erik",2023,1715,99.6,0.267,0.089,0.336,0.356,0.298,0.265,0.233,120,449,86.6,2.7,2206,87.8,87.89,268,939,769,0.10000000000000853,6.29,107,150,117,147,294,315,282,"12.931","-12.931",,,486,347,92,21,2,5,104,21.4,32,6.6,2.37748,0.61856,0.2676,0.02572,"91.1",136,31.70028818443804,2.5936599423631126,1.8518518518518516,5.81,-0.84,0.12,2.28,0.319,9,"-0.757084309",0.288,0.301,"0.757084309",0.034,0.031000000000000028,0.055,0.033,28.5,,,,,,,
1707,676896,"Roller, Chris",2023,1711,99.8,0.247,0.205,0.323,0.451,0.372,0.317,0.197,76,308,85.5,20.6,2226,88.5,88.5,228,671,1036,0,6.25,105,149,114,146,294,315,282,"-13.812","13.812",,,392,204,44,16,1,15,109,27.8,68,17.3,2.38447,0.5641,0.3336,0.00218,"90.1",159,27.450980392156865,6.372549019607843,3.316326530612245,5.87,-0.78,0.14,2.27,0.395,13,"0.80913884",0.358,0.322,"-0.80913884",0.05,0.03700000000000003,0.129,0.055,34,,,,,,,
1705,578570,"Querecuto, Juniel",2023,1710,99.7,0.268,0.149,0.33,0.418,0.332,0.303,0.242,104,388,87.6,19.1,2151,88.4,88.6,217,889,816,0.19999999999998863,6.32,111,146,113,149,286,317,291,"-0.18","0.18",,,435,289,74,15,2,13,101,23.2,40,9.2,2.28235,0.69049,0.44184,-0.44184,"90.4",161,34.2560553633218,4.844290657439446,3.218390804597701,5.79,-1.09,-0.05,2.34,0.343,14,"0.010557185",0.32,0.354,"-0.010557185",0.026,0.02300000000000002,0.064,0.029,24.4,,,,,,,
1703,609280,"Andujar, Miguel",2023,1704,99.9,0.333,0.191,0.354,0.525,0.394,0.338,0.278,136,408,89.2,13.9,2218,87.5,87.52,155,776,927,0,6.22,107,150,119,146,298,323,290,"-30.345","30.345",,,455,357,90,29,2,15,54,11.9,43,9.5,2.47209,0.54737,0.19313,0.01367,"92.6",154,39.325842696629216,6.741573033707865,5.274725274725275,5.91,-0.89,0.15,2.32,0.396,24,"1.781855549",0.347,0.422,"-1.781855549",0.055,0.049000000000000044,0.103,0.056,20,,,,,,,
1690,605361,"Martini, Nick",2023,1690,100,0.276,0.208,0.325,0.484,0.38,0.353,0.25,94,341,90.3,14.3,2203,88.2,88.39,158,673,1017,0.20000000000000284,6.29,116,146,114,150,287,315,290,"-19.576","19.576",,,412,258,56,20,3,15,86,20.9,59,14.3,2.3128,0.64577,0.32002,-0.14819,"91.8",168,45.73643410852713,8.527131782945736,5.339805825242718,5.93,-0.64,-0.13,2.45,0.393,22,"1.158343195",0.374,0.422,"-1.158343195",0.026,0.019000000000000017,0.062,0.027,23.5,,,,,,,
1686,676946,"Batten, Matthew",2023,1689,99.8,0.237,0.166,0.295,0.403,0.329,0.309,0.23,83,350,87.5,12.9,2230,88.7,89.06,142,649,1037,0.3999999999999915,6.32,105,150,115,146,300,322,294,"0.937","-0.937",,,410,253,50,20,1,12,99,24.1,55,13.4,2.352,0.58662,0.31167,0.07168,"91.4",152,38.095238095238095,5.555555555555555,3.414634146341464,5.61,-0.85,0.06,2.33,0.344,14,"-0.055575326",0.34,0.34,"0.055575326",0.007,0.003999999999999948,0.063,0.02,21.9,,,,,,,
1682,642727,"Alcántara, Sergio",2023,1684,99.9,0.268,0.134,0.343,0.402,0.343,0.304,0.227,90,336,88.3,14.6,2202,87.6,87.74,172,705,977,0.10000000000000853,6.28,110,146,111,147,290,314,290,"-10.089","10.089",,,400,247,63,17,2,8,94,23.5,58,14.5,2.44915,0.57642,0.33268,-0.33268,"90.6",149,33.198380566801625,3.2388663967611335,2,5.8,-0.74,-0.07,2.32,0.372,8,"0.599821641",0.341,0.324,"-0.599821641",0.041,0.030999999999999972,0.078,0.039,24.4,,,,,,,
1675,689288,"Koperniak, Matt",2023,1675,100,0.275,0.156,0.293,0.431,0.339,0.314,0.25,102,371,86.5,5.4,2181,87.8,87.96,157,774,901,0.20000000000000284,6.31,114,147,114,150,285,318,294,"-7.193","7.193",,,419,314,74,12,2,14,61,14.6,41,9.8,2.39227,0.62089,0.32584,-0.26513,"91.0",143,32.48407643312102,4.140127388535031,3.1026252983293556,5.8,-0.89,-0.04,2.32,0.348,13,"0.429432836",0.33,0.371,"-0.429432836",0.025,0.01799999999999996,0.06,0.025,20.3,,,,,,,
1675,687823,"Shackelford, Aaron",2023,1677,99.9,0.223,0.186,0.296,0.409,0.331,0.309,0.201,78,350,87.4,20.3,2150,87.7,87.83,264,778,897,0.09999999999999432,6.26,114,144,118,150,291,319,292,"4.417","-4.417",,,418,230,44,17,3,14,123,29.4,57,13.6,2.39539,0.61072,0.39033,-0.30759,"91.9",156,36.56387665198238,8.370044052863436,4.545454545454546,5.89,-1.05,-0.16,2.31,0.342,19,"-0.263701493",0.326,0.356,"0.263701493",0.022,0.016000000000000014,0.053,0.022,33.9,,,,,,,
1674,680718,"Barger, Addison",2023,1674,100,0.251,0.149,0.31,0.4,0.334,0.314,0.239,88,350,89.1,9.7,2150,87,87.09,182,737,937,0.09999999999999432,6.24,114,145,118,149,291,318,291,"0.525","-0.525",,,409,264,54,25,0,9,88,21.5,54,13.2,2.52863,0.52265,0.30708,-0.21037,"92.1",145,38.25757575757576,5.681818181818182,3.6674816625916873,5.8,-0.8,-0.2,2.34,0.355,15,"-0.031362007",0.345,0.347,"0.031362007",0.012,0.010000000000000009,0.053,0.02,24.7,,,,,,,
1674,670237,"Slaughter, Jake",2023,1674,100,0.243,0.24,0.291,0.482,0.353,0.344,0.236,90,371,86.8,10.1,2197,87.1,87.23,259,775,899,0.10000000000000853,6.25,107,149,118,145,293,312,284,"-3.039","3.039",,,432,256,46,21,1,22,119,27.5,46,10.6,2.53077,0.51797,0.23634,0.02886,"91.2",143,37.109375,11.71875,6.944444444444445,5.86,-0.92,0.11,2.31,0.34,30,"0.181541219",0.336,0.455,"-0.181541219",0.007,0.0040000000000000036,0.027,0.009,33.4,,,,,,,
1670,691858,"Serna, Jared",2023,1670,100,0.282,0.2,0.306,0.482,0.357,0.298,0.232,113,400,87.7,10.2,2273,87.2,87.1,205,835,835,-0.10000000000000853,6.23,107,147,116,146,292,311,280,"-8.613","8.613",,,442,326,72,21,1,19,75,17,39,8.8,2.3719,0.67078,0.29008,0.07965,"91.5",142,38.15384615384615,6.153846153846154,4.524886877828054,5.78,-0.75,0.08,2.39,0.348,20,"0.515748503",0.303,0.372,"-0.515748503",0.05,0.044999999999999984,0.11,0.059,24.6,,,,,,,
1667,676625,"Bannon, Rylan",2023,1668,99.9,0.243,0.21,0.27,0.452,0.353,0.329,0.218,81,334,86.1,11.4,2204,88.1,88.36,178,660,1007,0.30000000000001137,6.31,106,150,118,146,292,312,284,"-14.655","14.655",,,406,251,49,12,2,18,89,21.9,63,15.5,2.37693,0.59714,0.30612,0.05369,"91.2",147,33.067729083665334,10.358565737051793,6.403940886699508,5.82,-0.71,0.05,2.38,0.362,26,"0.879124175",0.345,0.387,"-0.879124175",0.025,0.017000000000000015,0.065,0.024,27,,,,,,,
1662,606019,"Quiroz, Esteban",2023,1662,100,0.231,0.123,0.263,0.355,0.317,0.311,0.224,75,324,86.8,13.3,2147,88.9,88.85,148,682,980,0,6.28,116,147,113,150,285,317,292,"3.65","-3.65",,,387,266,49,19,0,7,61,15.8,57,14.7,2.2059,0.73647,0.43442,-0.24831,"91.1",164,32.33082706766917,4.887218045112782,3.359173126614987,6.02,-0.95,-0.1,2.34,0.349,13,"-0.219614922",0.343,0.343,"0.219614922",0.007,0.00599999999999995,0.012,0.006,21.7,,,,,,,
1656,694184,"Santana, Cristian",2023,1656,100,0.166,0.159,0.203,0.325,0.328,0.317,0.156,46,277,84,33.8,2301,87.5,87.43,203,646,1010,-0.09999999999999432,6.26,103,144,118,144,290,312,282,"-6.082","6.082",,,379,183,24,11,0,11,100,26.4,82,21.6,2.34415,0.67848,0.28294,0.0974,"90.3",151,21.54696132596685,8.287292817679557,3.95778364116095,5.77,-1.04,0.27,2.36,0.375,15,"0.367270531",0.37,0.288,"-0.367270531",0.01,0.0050000000000000044,0.037,0.011,31.4,,,,,,,
1655,669256,"Solak, Nick",2023,1656,99.9,0.235,0.125,0.282,0.36,0.32,0.317,0.233,81,344,86.3,7.2,2190,87.9,88.03,159,675,980,0.09999999999999432,6.29,106,150,117,146,294,316,284,"4.068","-4.068",,,410,267,56,15,2,8,80,19.5,53,12.9,2.30269,0.68531,0.28785,0.07488,"91.1",140,33.33333333333333,5.2434456928838955,3.414634146341464,5.94,-0.91,0.06,2.34,0.351,14,"-0.245800604",0.35,0.347,"0.245800604",0.002,0.0010000000000000009,0.013,0.003,23.6,,,,,,,
1653,686438,"Cespedes, Rubel",2023,1653,100,0.224,0.173,0.258,0.397,0.309,0.303,0.222,83,370,88.1,13.1,2230,87.7,87.52,211,774,879,-0.20000000000000284,6.19,113,145,116,146,281,308,279,"2.706","-2.706",,,424,284,46,23,1,13,91,21.5,48,11.3,2.2785,0.72869,0.49141,-0.4198,"91.4",157,38.16254416961131,6.36042402826855,4.245283018867925,5.78,-0.91,-0.28,2.43,0.311,18,"-0.163702359",0.313,0.366,"0.163702359",0.002,-0.0020000000000000018,0.031,0.006,27.3,,,,,,,
1648,671088,"Morris, Tanner",2023,1649,99.9,0.282,0.113,0.351,0.395,0.351,0.317,0.242,97,344,86.3,9.6,2129,88.2,88.29,127,664,984,0.09999999999999432,6.25,115,146,113,150,282,312,290,"-11.671","11.671",,,409,265,70,21,0,6,81,19.8,60,14.7,2.29806,0.66641,0.44129,-0.36356,"90.3",158,27.06766917293233,3.3834586466165413,2.2004889975550124,5.8,-1.14,-0.11,2.33,0.39,9,"0.708191748",0.356,0.339,"-0.708191748",0.04,0.03400000000000003,0.056,0.034,19.1,,,,,,,
1645,700932,"Manzardo, Kyle",2023,1645,100,0.243,0.234,0.261,0.477,0.35,0.352,0.25,83,342,90.2,20,2189,87.9,87.9,138,672,973,0,6.23,114,146,119,150,286,318,291,"-12.001","12.001",,,403,270,38,27,1,17,78,19.4,53,13.2,2.38777,0.60411,0.36218,-0.22048,"92.1",183,44.81481481481481,9.62962962962963,6.451612903225806,5.81,-0.8,-0.1,2.27,0.342,26,"0.729544073",0.351,0.459,"-0.729544073",-0.007,-0.008999999999999952,0.018,-0.002,20.5,,,,,,,
1640,691627,"Olivar, Ricardo",2023,1640,100,0.28,0.173,0.344,0.453,0.378,0.356,0.253,92,329,89.5,10.5,2270,87.3,87.2,163,691,949,-0.09999999999999432,6.21,104,145,117,144,292,309,274,"-11.492","11.492",,,402,250,55,26,2,9,81,20.1,55,13.7,2.33154,0.70249,0.34773,0.13315,"91.0",155,38.95582329317269,6.425702811244979,3.9800995024875623,5.83,-0.8,0.11,2.37,0.405,16,"0.700731707",0.385,0.404,"-0.700731707",0.027,0.020000000000000018,0.049,0.022,23.6,,,,,,,
1639,657562,"Dorrian, Patrick",2023,1642,99.8,0.238,0.229,0.301,0.467,0.332,0.322,0.237,86,362,92.2,10.1,2180,88.1,88.23,314,816,823,0.10000000000000853,6.32,114,145,115,150,293,319,299,"1.609","-1.609",,,402,237,46,18,1,21,127,31.6,32,8,2.35067,0.63161,0.36013,-0.35104,"92.6",156,53.16455696202531,9.70464135021097,5.721393034825871,5.84,-0.93,-0.05,2.3,0.308,23,"-0.098169616",0.312,0.422,"0.098169616",0.001,-0.0040000000000000036,0.045,0.01,38.5,,,,,,,
1638,623520,"Bote, David",2023,1639,99.9,0.258,0.197,0.311,0.456,0.354,0.332,0.24,93,360,92.7,11.8,2181,88.3,88.33,229,763,875,0,6.24,106,152,119,147,295,315,285,"-5.669","5.669",,,424,268,50,29,0,14,96,22.6,53,12.5,2.30179,0.65843,0.34157,0.08041,"92.8",157,48.88059701492538,9.701492537313433,6.132075471698113,5.87,-0.82,0.12,2.36,0.361,26,"0.346092796",0.346,0.405,"-0.346092796",0.018,0.015000000000000013,0.051,0.022,30,,,,,,,
1635,694185,"De Andrade, Danny",2023,1636,99.9,0.24,0.137,0.291,0.377,0.324,0.305,0.215,84,350,85.9,16.4,2286,87.4,87.2,169,718,917,-0.20000000000000284,6.18,104,145,117,145,289,307,274,"2.427","-2.427",,,422,267,55,19,1,9,91,21.6,54,12.8,2.32943,0.6993,0.36465,0.09565,"90.8",158,29.69924812030075,4.887218045112782,3.080568720379147,5.82,-0.87,0.16,2.39,0.351,13,"-0.148440367",0.334,0.326,"0.148440367",0.025,0.01699999999999996,0.051,0.019,23.5,,,,,,,
1632,683079,"Martinez, Omar",2023,1632,100,0.257,0.197,0.317,0.454,0.36,0.349,0.25,89,346,89.3,12.6,2226,87.5,87.3,205,722,910,-0.20000000000000284,6.24,113,145,119,143,287,311,284,"-10.232","10.232",,,412,244,56,15,1,17,104,25.2,61,14.8,2.34107,0.6886,0.43543,-0.37489,"91.8",150,43.0327868852459,9.426229508196721,5.582524271844661,5.74,-0.85,-0.2,2.36,0.371,23,"0.626960784",0.367,0.418,"-0.626960784",0.007,0.0040000000000000036,0.036,0.011,28.4,,,,,,,
1628,660829,"Park, Hoy",2023,1633,99.7,0.258,0.118,0.336,0.376,0.342,0.304,0.213,81,314,82.7,12.6,2169,88.6,88.68,173,662,966,0.10000000000000853,6.27,115,146,109,150,287,315,295,"-1.644","1.644",,,384,229,58,15,2,6,86,22.4,60,15.6,2.25247,0.68647,0.39442,-0.24848,"89.8",146,19.480519480519483,3.463203463203463,2.083333333333333,5.8,-0.61,-0.08,2.41,0.383,8,"0.100982801",0.345,0.312,"-0.100982801",0.045,0.038000000000000034,0.064,0.038,26.1,,,,,,,
1621,594953,"Palka, Daniel",2023,1621,100,0.237,0.183,0.275,0.42,0.317,0.33,0.249,88,371,90.6,12.3,2143,87.3,87.31,254,757,864,0,6.23,113,145,121,150,291,320,291,"0.095","-0.095",,,411,275,55,15,1,17,96,23.4,37,9,2.47114,0.59181,0.39525,-0.34444,"92.8",152,44.20289855072464,11.956521739130435,8.02919708029197,5.83,-1.07,-0.1,2.27,0.31,33,"-0.00586058",0.32,0.441,"0.00586058",-0.012,-0.010000000000000009,-0.021,-0.013,33.6,,,,,,,
1620,691503,"Sanchez, Yolbert",2023,1622,99.9,0.272,0.062,0.321,0.333,0.291,0.285,0.259,110,405,84.8,7.2,2211,87.8,87.85,162,813,807,0.10000000000000853,6.27,108,150,117,147,295,313,280,"14.921","-14.921",,,442,336,92,14,1,3,74,16.7,28,6.3,2.34469,0.65541,0.30726,0.03258,"90.1",154,24.404761904761905,0.5952380952380952,0.4524886877828055,5.81,-0.57,0.06,2.33,0.321,2,"-0.921049383",0.311,0.326,"0.921049383",0.013,0.010000000000000009,0.007,0.006,19.9,,,,,,,
1619,642180,"Wade, Tyler",2023,1631,99.3,0.29,0.12,0.374,0.41,0.352,0.322,0.264,97,334,85.8,10.7,2205,88.5,88.65,168,668,951,0.20000000000000284,6.25,113,146,105,149,287,322,296,"-8.42","8.42",,,387,249,70,20,1,6,86,22.2,46,11.9,2.38978,0.55379,0.37906,-0.23669,"90.2",141,22.400000000000002,2,1.2919896640826873,5.67,-0.89,-0.05,2.28,0.383,5,"0.52007412",0.361,0.347,"-0.52007412",0.026,0.02200000000000002,0.063,0.03,25.1,,,,,,,
1616,660634,"Hernández, Yonny",2023,1624,99.5,0.244,0.092,0.311,0.335,0.334,0.313,0.221,77,316,84.1,9.7,2173,88.9,89.1,136,651,964,0.19999999999998863,6.25,110,147,107,148,287,314,292,"-4.091","4.091",,,398,239,58,13,2,4,81,20.4,74,18.6,2.2786,0.6407,0.4134,-0.4134,"89.8",157,18.487394957983195,0.8403361344537815,0.5025125628140703,5.7,-0.81,-0.11,2.39,0.389,2,"0.253155941",0.375,0.287,"-0.253155941",0.023,0.014000000000000012,0.048,0.021,20.9,,,,,,,
1596,656388,"Dunand, Joe",2023,1596,100,0.268,0.213,0.336,0.481,0.364,0.324,0.232,93,347,89.7,15.2,2203,87.5,87.55,238,775,821,0,6.23,106,150,118,146,298,317,290,"-5.073","5.073",,,403,243,55,19,2,17,107,26.6,45,11.2,2.42712,0.59729,0.24663,-0.08114,"91.2",171,39.91769547325103,8.23045267489712,4.962779156327544,5.86,-0.3,0.11,2.39,0.362,20,"0.317857143",0.334,0.396,"-0.317857143",0.036,0.02799999999999997,0.085,0.04,30.7,,,,,,,
1587,664901,"Mendick, Danny",2023,1587,100,0.283,0.143,0.311,0.426,0.351,0.315,0.246,105,371,86.7,12.6,2166,88.5,88.55,129,689,898,0,6.23,107,149,116,146,291,313,279,"-9.137","9.137",,,423,313,75,18,1,11,58,13.7,46,10.9,2.24076,0.69807,0.43304,0.13594,"91.2",144,32.371794871794876,3.5256410256410255,2.6004728132387704,5.86,-1.05,0.03,2.3,0.371,11,"0.575740391",0.339,0.365,"-0.575740391",0.037,0.03199999999999997,0.061,0.036,18.7,,,,,,,
1586,668832,"McCann, Kyle",2023,1587,99.9,0.271,0.204,0.376,0.475,0.357,0.311,0.233,93,343,91.5,11.1,2215,88,88.19,244,736,850,0.20000000000000284,6.27,118,146,123,151,294,328,301,"-8.671","8.671",,,387,219,58,17,1,17,125,32.3,38,9.8,2.48384,0.49384,0.28038,-0.18093,"92.4",151,49.31506849315068,9.1324200913242,5.167958656330749,5.65,-0.9,-0.05,2.34,0.351,20,"0.546721311",0.318,0.386,"-0.546721311",0.038,0.032999999999999974,0.089,0.046,33.2,,,,,,,
1586,675910,"Williams, Chris",2023,1586,100,0.236,0.259,0.301,0.495,0.361,0.309,0.199,73,309,87.9,16.3,2210,88.3,88.44,240,685,901,0.10000000000000853,6.3,106,150,118,146,292,317,285,"-10.656","10.656",,,376,194,37,13,2,21,122,32.4,51,13.6,2.3277,0.6297,0.28253,0.07813,"91.3",166,34.87179487179487,9.743589743589745,5.053191489361701,5.93,-0.95,0.14,2.29,0.352,19,"0.671878941",0.325,0.362,"-0.671878941",0.037,0.02699999999999997,0.133,0.052,35,,,,,,,
1586,656821,"Padlo, Kevin",2023,1586,100,0.261,0.189,0.327,0.45,0.364,0.325,0.216,87,333,90.1,18.5,2201,88,88.29,191,650,936,0.29999999999999716,6.27,107,149,121,146,304,330,293,"-8.131","8.131",,,405,239,50,24,0,13,98,24.2,66,16.3,2.47149,0.49353,0.29697,0.06437,"92.3",171,40.58577405857741,6.694560669456067,3.950617283950617,5.73,-0.68,0.1,2.32,0.383,16,"0.512673392",0.35,0.362,"-0.512673392",0.045,0.03300000000000003,0.088,0.039,29.4,,,,,,,
1585,686759,"Hopkins, TJ",2023,1586,99.9,0.31,0.207,0.389,0.517,0.4,0.352,0.256,102,329,90.8,7.8,2224,87.6,87.7,247,765,820,0.10000000000000853,6.25,106,150,118,147,295,316,288,"-21.549","21.549",,,389,237,67,18,1,16,94,24.2,54,13.9,2.42705,0.57776,0.2493,-0.03776,"92.1",156,47.008547008547005,8.11965811965812,4.884318766066838,5.96,-0.65,0.08,2.36,0.411,19,"1.35955836",0.367,0.429,"-1.35955836",0.054,0.043999999999999984,0.088,0.048,32.3,,,,,,,
1584,676439,"Feduccia, Hunter",2023,1584,100,0.279,0.172,0.336,0.451,0.365,0.327,0.231,89,319,88.3,12.1,2209,88.5,88.76,140,632,952,0.29999999999999716,6.27,114,146,119,150,293,324,301,"-14.761","14.761",,,379,243,58,18,2,11,79,20.8,57,15,2.37167,0.56056,0.36303,-0.2046,"91.2",165,37.4485596707819,6.584362139917696,4.221635883905013,5.77,-0.76,-0.13,2.34,0.385,16,"0.931881313",0.347,0.385,"-0.931881313",0.048,0.038000000000000034,0.066,0.038,22.2,,,,,,,
1581,681297,"Cowser, Colton",2023,1584,99.8,0.296,0.221,0.384,0.517,0.397,0.379,0.274,95,321,91.3,8.6,2182,87.9,87.97,191,633,948,0.09999999999999432,6.31,113,145,117,150,288,316,294,"-22.177","22.177",,,393,220,59,18,1,17,107,27.2,61,15.5,2.39229,0.60154,0.36034,-0.27421,"92.0",161,48.18181818181818,9.545454545454547,5.343511450381679,5.82,-1.05,-0.16,2.4,0.41,21,"1.402719798",0.394,0.473,"-1.402719798",0.022,0.01599999999999996,0.044,0.018,30.2,,,,,,,
1579,670113,"Haley, Jim",2023,1583,99.7,0.249,0.16,0.304,0.409,0.318,0.296,0.221,90,362,87.2,10.8,2174,87.7,87.57,224,788,791,-0.10000000000000853,6.25,107,150,117,145,295,322,287,"2.162","-2.162",,,406,271,58,17,4,11,94,23.2,34,8.4,2.42379,0.60283,0.34676,-0.04314,"91.4",142,33.94833948339483,6.642066420664207,4.433497536945813,5.99,-0.62,0.14,2.33,0.321,18,"-0.136922103",0.297,0.373,"0.136922103",0.028,0.02400000000000002,0.036,0.022,28.4,,,,,,,
1578,664731,"Higgins, P.J.",2023,1578,100,0.305,0.17,0.37,0.476,0.37,0.307,0.232,106,347,85.9,14.2,2199,88,88.24,181,724,854,0.20000000000000284,6.28,105,150,119,147,298,321,288,"-9.823","9.823",,,398,268,70,24,1,11,84,21.1,42,10.6,2.42592,0.54078,0.32959,0.03634,"90.9",160,32.46268656716418,4.850746268656716,3.2663316582914574,5.74,-0.56,0.12,2.36,0.382,13,"0.622496831",0.321,0.37,"-0.622496831",0.073,0.061,0.106,0.063,25,,,,,,,
1572,666211,"Trammell, Taylor",2023,1573,99.9,0.269,0.263,0.323,0.532,0.391,0.358,0.238,85,316,89.6,15.7,2210,87.6,87.61,232,715,857,0,6.21,115,145,118,150,293,323,296,"-18.545","18.545",,,387,219,44,20,0,21,103,26.6,61,15.8,2.51108,0.49649,0.27466,-0.16377,"91.8",161,45.412844036697244,12.385321100917432,6.976744186046512,5.68,-0.65,-0.15,2.27,0.388,27,"1.179707379",0.368,0.436,"-1.179707379",0.031,0.020000000000000018,0.096,0.033,32.4,,,,,,,
1568,641553,"Engel, Adam",2023,1568,100,0.237,0.199,0.324,0.435,0.346,0.288,0.191,75,317,87.7,16.2,2240,88,88.05,216,639,929,0.09999999999999432,6.23,109,150,118,146,296,321,291,"-4.985","4.985",,,376,202,42,17,2,14,116,30.9,53,14.1,2.43465,0.54158,0.27311,-0.00787,"91.6",150,34.65346534653465,7.425742574257425,3.9893617021276597,5.65,-0.66,0.16,2.29,0.354,15,"0.317920918",0.316,0.309,"-0.317920918",0.046,0.03799999999999998,0.126,0.058,33.8,,,,,,,
1567,677690,"Arias, Diosbel",2023,1568,99.9,0.286,0.136,0.409,0.422,0.342,0.269,0.211,101,353,86.5,12.7,2201,87.9,88.18,229,732,835,0.29999999999999716,6.28,108,150,118,145,300,320,289,"0.106","-0.106",,,395,238,69,22,4,6,116,29.4,39,9.9,2.4406,0.5342,0.28971,0.01964,"90.9",149,33.33333333333333,2.5316455696202533,1.5189873417721518,5.75,-0.71,0.11,2.36,0.359,6,"-0.006764518",0.294,0.295,"0.006764518",0.075,0.065,0.127,0.073,31.3,,,,,,,
1565,683616,"Nolasco, Rodolfo",2023,1565,100,0.203,0.219,0.286,0.422,0.335,0.305,0.181,65,320,87,12.7,2307,87.1,86.96,265,642,923,-0.09999999999999432,6.21,105,144,116,144,283,306,280,"-5.554","5.554",,,395,185,29,19,0,17,140,35.4,62,15.7,2.35725,0.69142,0.30857,-0.0015,"91.5",141,35.51912568306011,12.021857923497267,5.5696202531645564,5.76,-0.98,0.18,2.36,0.342,22,"0.354888179",0.327,0.338,"-0.354888179",0.022,0.015000000000000013,0.084,0.03,41.3,,,,,,,
1565,671056,"Herrera, Iván",2023,1565,100,0.297,0.203,0.371,0.5,0.415,0.38,0.259,86,290,88.6,7.7,2206,87.8,87.91,151,594,971,0.10000000000000853,6.31,105,150,119,146,293,318,287,"-30.311","30.311",,,375,215,48,27,1,10,77,20.5,75,20,2.37473,0.63942,0.31333,0.01425,"92.2",142,43.25581395348837,8.837209302325581,5.066666666666666,5.81,-0.69,0.11,2.33,0.451,19,"1.936805112",0.423,0.422,"-1.936805112",0.038,0.028000000000000025,0.078,0.035,25.4,,,,,,,
1560,669911,"Toglia, Michael",2023,1560,100,0.256,0.218,0.296,0.474,0.361,0.343,0.249,79,308,89.4,17.5,2148,87.4,87.9,198,670,890,0.5,6.29,113,147,124,149,299,331,303,"-8.743","8.743",,,364,229,46,15,2,16,82,22.5,50,13.7,2.47255,0.53601,0.33746,-0.33746,"92.2",150,41.92139737991266,9.606986899563319,6.043956043956044,5.65,-0.84,-0.05,2.38,0.363,22,"0.560448718",0.357,0.419,"-0.560448718",0.007,0.006000000000000005,0.055,0.018,29.6,,,,,,,
1551,669309,"Perez, Joe",2023,1551,100,0.255,0.156,0.329,0.411,0.321,0.325,0.251,90,353,90.1,12,2200,87.7,88.01,205,708,843,0.29999999999999716,6.28,106,150,118,146,295,318,287,"5.779","-5.779",,,395,247,63,12,2,13,109,27.6,37,9.4,2.41121,0.57873,0.25646,-0.03368,"92.0",159,44.534412955465584,9.31174089068826,5.822784810126582,5.81,-0.55,0.08,2.37,0.327,23,"-0.372598324",0.326,0.411,"0.372598324",0.004,0.0010000000000000009,0,-0.004,29,,,,,,,
1550,669374,"Hiura, Keston",2023,1550,100,0.308,0.257,0.359,0.565,0.406,0.36,0.262,97,315,88.7,17.4,2191,88.1,88.29,253,774,776,0.20000000000000284,6.29,104,150,119,145,301,320,290,"-20.9","20.9",,,365,229,62,12,0,23,90,24.7,29,7.9,2.25192,0.71943,0.29994,0.04953,"91.1",170,37.94642857142857,11.160714285714286,6.8493150684931505,5.86,-0.56,0.09,2.44,0.392,25,"1.348387097",0.354,0.481,"-1.348387097",0.046,0.038000000000000034,0.084,0.046,32.7,,,,,,,
1542,663897,"Williams, Luke",2023,1542,100,0.259,0.163,0.309,0.423,0.337,0.301,0.232,92,355,86.4,13.3,2221,88.1,88.19,192,728,814,0.10000000000000853,6.24,107,150,116,146,300,320,291,"1.526","-1.526",,,412,271,62,14,4,12,89,21.6,48,11.7,2.37828,0.60081,0.29371,-0.02482,"90.9",165,32.592592592592595,3.3333333333333335,2.1844660194174756,5.87,-0.45,0.11,2.37,0.35,9,"-0.098962387",0.328,0.339,"0.098962387",0.027,0.021999999999999964,0.084,0.036,26.4,,,,,,,
1538,677800,"Abreu, Wilyer",2023,1538,100,0.274,0.264,0.29,0.538,0.394,0.365,0.244,82,299,89.8,18.6,2148,88.1,88.22,177,670,868,0.10000000000000853,6.31,116,145,118,151,292,321,291,"-22.825","22.825",,,362,229,48,11,1,22,74,20.4,58,16,2.2993,0.67295,0.41727,-0.35133,"91.5",168,38.864628820960704,12.22707423580786,7.734806629834254,5.75,-1.18,-0.17,2.3,0.39,28,"1.484070221",0.367,0.469,"-1.484070221",0.03,0.02300000000000002,0.069,0.029,26.4,,,,,,,
1536,667663,"Stovall, Hunter",2023,1542,99.6,0.276,0.131,0.309,0.407,0.329,0.3,0.25,105,381,87,9.5,2236,88.5,89.07,160,728,808,0.5999999999999943,6.32,106,149,116,146,302,324,293,"-6.299","6.299",,,426,322,75,18,4,8,62,14.6,39,9.2,2.35091,0.57716,0.27131,0.06705,"90.9",151,33.33333333333333,2.1806853582554515,1.643192488262911,5.67,-0.74,0.04,2.3,0.345,7,"0.410091146",0.323,0.348,"-0.410091146",0.026,0.021999999999999964,0.059,0.029,22,,,,,,,
1532,663609,"Baker, Luken",2023,1532,100,0.334,0.385,0.344,0.72,0.475,0.433,0.304,105,314,92.1,16,2199,88.2,88.23,176,665,867,0,6.26,108,151,121,146,294,321,294,"-48.275","48.275",,,378,242,50,22,0,33,76,20.1,57,15.1,2.34034,0.63625,0.36019,0.04744,"92.8",168,50.82644628099173,16.94214876033058,10.846560846560847,5.82,-0.66,0.11,2.4,0.437,41,"3.151109661",0.414,0.61,"-3.151109661",0.03,0.02300000000000002,0.11,0.042,26.5,,,,,,,
1527,663527,"Nevin, Tyler",2023,1527,100,0.326,0.217,0.364,0.543,0.401,0.373,0.285,110,337,89.9,10.9,2213,87.8,87.81,147,696,831,0,6.23,106,150,119,146,294,318,285,"-22.757","22.757",,,384,276,70,22,3,15,65,16.9,37,9.6,2.40155,0.60978,0.26804,0.09545,"91.9",168,44.20289855072464,9.782608695652174,7.03125,5.99,-1.08,0.1,2.39,0.398,27,"1.490307793",0.364,0.505,"-1.490307793",0.041,0.03400000000000003,0.038,0.028,21.1,,,,,,,
1525,678545,"Basabe, Osleivis",2023,1528,99.8,0.298,0.131,0.346,0.429,0.339,0.296,0.259,114,382,89,4.7,2193,87.8,87.81,174,767,758,0,6.24,105,148,115,146,291,316,285,"-4.069","4.069",,,422,322,79,24,7,4,65,15.4,31,7.3,2.3735,0.62335,0.31618,-0.04447,"91.5",143,40.18691588785047,2.1806853582554515,1.6587677725118484,5.82,-0.68,0.03,2.35,0.353,7,"0.266819672",0.318,0.346,"-0.266819672",0.039,0.034999999999999976,0.083,0.043,22.7,,,,,,,
1524,613546,"Castellano, Angelo",2023,1531,99.5,0.278,0.212,0.298,0.491,0.378,0.312,0.238,89,320,85.1,20.6,2205,88.2,88.3,115,679,845,0.09999999999999432,6.29,105,150,114,146,292,318,283,"-25.882","25.882",,,378,263,52,21,1,15,59,15.6,53,14,2.2861,0.67943,0.33034,0.10076,"90.4",151,24.714828897338403,2.2813688212927756,1.5873015873015872,5.86,-1.01,0.22,2.33,0.384,6,"1.698293963",0.351,0.33,"-1.698293963",0.04,0.03300000000000003,0.161,0.066,16.9,,,,,,,
1522,571431,"Adams, Matt",2023,1522,100,0.248,0.186,0.309,0.434,0.314,0.27,0.211,92,371,88.7,17.6,2156,87.9,88,264,842,680,0.09999999999999432,6.28,113,145,127,151,290,323,296,"12.501","-12.501",,,398,260,57,18,0,17,112,28.1,25,6.3,2.40395,0.57693,0.39712,-0.32826,"91.9",160,39.38223938223938,8.108108108108109,5.276381909547738,5.75,-0.92,-0.17,2.34,0.296,21,"-0.821353482",0.262,0.357,"0.821353482",0.037,0.033999999999999975,0.077,0.044,31.4,,,,,,,
1522,669384,"Delgado, Raynel",2023,1530,99.5,0.25,0.119,0.318,0.369,0.316,0.291,0.223,84,336,84.5,8.5,2184,88.4,88.46,214,764,758,0.09999999999999432,6.24,115,145,111,150,285,316,287,"5.641","-5.641",,,384,249,60,15,2,7,88,22.9,46,12,2.34601,0.63026,0.37202,-0.22809,"90.4",144,31.048387096774192,3.225806451612903,2.083333333333333,5.94,-0.88,-0.05,2.38,0.341,8,"-0.370630749",0.318,0.322,"0.370630749",0.027,0.02300000000000002,0.047,0.025,28,,,,,,,
1520,694376,"Whitcomb, Shay",2023,1520,100,0.224,0.211,0.266,0.435,0.305,0.303,0.23,81,361,88,15.9,2199,88,88.33,259,802,718,0.29999999999999716,6.28,107,150,119,146,290,314,285,"8.922","-8.922",,,389,241,51,7,0,23,121,31.1,22,5.7,2.42699,0.54065,0.34726,0.08947,"91.6",144,41.90871369294606,11.618257261410788,7.197943444730077,5.82,-0.63,0.08,2.41,0.278,28,"-0.586973684",0.283,0.42,"0.586973684",-0.006,-0.004999999999999949,0.015,0.002,32.3,,,,,,,
1514,668843,"Capel, Conner",2023,1518,99.7,0.251,0.151,0.31,0.402,0.33,0.292,0.225,85,338,86.6,11.9,2214,88.4,88.66,153,655,859,0.29999999999999716,6.24,114,146,113,149,294,327,298,"2.889","-2.889",,,387,254,57,14,5,9,84,21.7,46,11.9,2.42439,0.51581,0.3465,-0.25463,"90.8",158,32.28346456692913,2.7559055118110236,1.8087855297157622,5.67,-0.81,-0.03,2.32,0.346,7,"-0.190819022",0.323,0.316,"0.190819022",0.026,0.022999999999999965,0.086,0.038,23.4,,,,,,,
1513,694202,"Beltre, Manuel",2023,1513,100,0.236,0.103,0.29,0.339,0.309,0.281,0.217,83,351,80.6,14,2306,87.7,87.51,185,689,824,-0.20000000000000284,6.19,104,146,115,145,284,305,275,"0.964","-0.964",,,413,274,57,21,0,5,80,19.4,48,11.6,2.3208,0.68837,0.33625,0.10267,"89.6",130,15.328467153284672,0.36496350364963503,0.24213075060532688,5.76,-1.05,0.22,2.3,0.342,1,"-0.063714475",0.328,0.269,"0.063714475",0.019,0.014000000000000012,0.07,0.028,26.9,,,,,,,
1506,693808,"Arias, Daury",2023,1506,100,0.219,0.096,0.275,0.315,0.295,0.308,0.237,75,343,85.8,7.7,2208,88.1,87.98,233,763,743,-0.09999999999999432,6.23,112,144,117,144,283,310,284,"15.388","-15.388",,,400,260,54,14,2,5,83,20.8,53,13.3,2.21074,0.7701,0.5397,-0.4143,"91.0",139,34.36293436293436,2.3166023166023164,1.5,5.74,-0.79,-0.14,2.4,0.33,6,"-1.021779548",0.346,0.325,"1.021779548",-0.018,-0.01599999999999996,-0.01,-0.013,30.5,,,,,,,
1503,641779,"Leblanc, Charles",2023,1505,99.9,0.254,0.172,0.333,0.426,0.358,0.328,0.225,77,303,86.8,7.4,2190,87.6,87.76,142,589,914,0.20000000000000284,6.31,106,150,119,146,300,318,282,"-14.977","14.977",,,366,207,51,12,2,12,96,26.2,59,16.1,2.38691,0.62818,0.30177,0.05605,"90.9",150,38.64734299516908,6.280193236714976,3.551912568306011,5.83,-0.55,0.05,2.38,0.383,13,"0.996473719",0.358,0.366,"-0.996473719",0.029,0.025000000000000022,0.06,0.03,24.1,,,,,,,
1503,642020,"Robinson, Chuckie",2023,1503,100,0.289,0.161,0.331,0.45,0.347,0.317,0.251,106,367,87.5,4.1,2198,87.7,87.76,251,840,663,0.09999999999999432,6.23,108,150,118,147,294,316,286,"-8.386","8.386",,,409,294,75,16,2,13,77,18.8,30,7.3,2.45834,0.55895,0.2431,-0.05257,"91.4",144,40.06849315068493,6.164383561643835,4.400977995110025,5.92,-0.68,0.09,2.29,0.352,18,"0.557950765",0.321,0.4,"-0.557950765",0.038,0.030999999999999972,0.05,0.03,29.9,,,,,,,
1502,665966,"Narváez, Carlos",2023,1502,100,0.24,0.147,0.309,0.387,0.339,0.322,0.218,70,292,88,19.3,2200,88.2,88.4,204,685,817,0.20000000000000284,6.3,106,149,119,145,296,324,290,"-2.752","2.752",,,357,204,47,13,0,10,91,25.5,55,15.4,2.27372,0.69172,0.30096,0.0408,"90.7",171,37.745098039215684,6.372549019607843,3.6414565826330536,5.81,-0.82,0.22,2.35,0.37,13,"0.18322237",0.356,0.347,"-0.18322237",0.022,0.014000000000000012,0.04,0.017,29.8,,,,,,,
1494,664848,"Sands, Donny",2023,1494,100,0.226,0.129,0.272,0.354,0.299,0.301,0.235,72,319,88.1,4.5,2220,88.6,88.56,137,611,883,0,6.22,109,151,119,148,295,318,282,"12.013","-12.013",,,370,251,42,24,1,5,73,19.7,45,12.2,2.25647,0.68752,0.31903,0.08326,"91.6",151,38.24701195219124,3.187250996015936,2.1621621621621623,5.94,-1.07,0.02,2.44,0.319,8,"-0.804082999",0.333,0.322,"0.804082999",-0.009,-0.014000000000000012,0.032,-0.002,22.4,,,,,,,
1492,657247,"O'Keefe, Brian",2023,1492,100,0.238,0.266,0.262,0.504,0.353,0.335,0.234,84,353,89.9,17.8,2232,87.7,87.67,223,695,797,0,6.2,106,150,120,146,296,321,291,"-9.066","9.066",,,402,256,36,25,0,23,99,24.6,45,11.2,2.455,0.56595,0.20001,-0.01936,"92.2",171,43.30708661417323,11.811023622047244,7.462686567164178,5.75,-0.73,0.05,2.27,0.326,30,"0.607640751",0.323,0.449,"-0.607640751",0.004,0.0030000000000000027,0.055,0.018,32.1,,,,,,,
1490,681146,"Bride, Jonah",2023,1491,99.9,0.305,0.239,0.33,0.544,0.417,0.342,0.245,79,259,89,11.9,2237,88.1,88.33,59,447,1043,0.20000000000000284,6.27,107,150,119,146,298,327,294,"-24.044","24.044",,,322,213,45,19,2,13,49,15.2,56,17.4,2.40528,0.55565,0.26751,0.04678,"91.4",150,40.845070422535215,5.164319248826291,3.4161490683229814,5.68,-0.6,0.1,2.29,0.432,11,"1.613691275",0.383,0.372,"-1.613691275",0.06,0.04899999999999999,0.172,0.075,13.2,,,,,,,
1486,687401,"Ortiz, Joey",2023,1486,100,0.321,0.186,0.373,0.507,0.378,0.336,0.293,112,349,90.1,8.5,2206,87.4,87.58,134,718,768,0.19999999999998863,6.3,105,148,118,145,298,317,284,"-17.94","17.94",,,389,285,69,30,4,9,69,17.7,32,8.2,2.43671,0.58214,0.2905,0.03821,"92.4",158,45.583038869257955,2.8268551236749118,2.056555269922879,5.81,-0.83,0.04,2.28,0.378,8,"1.207267833",0.356,0.403,"-1.207267833",0.028,0.02200000000000002,0.104,0.042,18.7,,,,,,,
1483,676628,"Contreras, Mark",2023,1483,100,0.274,0.144,0.359,0.418,0.338,0.332,0.254,93,340,90.8,12,2195,88,87.99,250,773,710,0,6.24,114,145,113,149,285,315,292,"-5.746","5.746",,,381,241,65,17,1,10,99,26,36,9.4,2.34867,0.64123,0.34574,-0.24752,"91.7",163,43.333333333333336,9.166666666666666,5.774278215223097,5.89,-0.75,-0.1,2.32,0.352,22,"0.387457856",0.334,0.425,"-0.387457856",0.02,0.01799999999999996,-0.007,0.006,32.3,,,,,,,
1480,660766,"Yepez, Juan",2023,1480,100,0.255,0.158,0.294,0.413,0.319,0.295,0.237,87,341,84.8,10.2,2220,88.2,88.35,164,704,776,0.09999999999999432,6.3,106,150,119,146,291,318,287,"4.495","-4.495",,,384,274,54,21,3,9,73,19,33,8.6,2.31993,0.64756,0.27031,0.05064,"90.9",145,33.21167883211679,4.37956204379562,3.125,5.79,-0.77,0.21,2.36,0.323,12,"-0.303716216",0.311,0.349,"0.303716216",0.018,0.01200000000000001,0.064,0.024,23.3,,,,,,,
1476,613564,"Vosler, Jason",2023,1476,100,0.24,0.243,0.271,0.482,0.348,0.322,0.229,75,313,86.9,18.6,2165,88.3,88.45,182,673,803,0.10000000000000853,6.27,114,145,119,151,288,316,292,"-4.376","4.376",,,363,223,39,16,0,20,94,25.9,45,12.4,2.30646,0.65126,0.39483,-0.18045,"90.9",162,35.874439461883405,9.865470852017937,6.0606060606060606,5.92,-0.7,-0.15,2.38,0.333,22,"0.296476965",0.326,0.407,"-0.296476965",0.011,0.007000000000000006,0.075,0.026,27,,,,,,,
1472,700931,"Stephenson, Seth",2023,1489,98.9,0.264,0.128,0.337,0.392,0.341,0.273,0.2,87,329,82.3,9.5,2284,88.1,88.14,173,694,778,0,6.27,103,145,104,144,288,308,274,"-15.817","15.817",,,392,250,60,16,7,4,83,21.2,36,9.2,2.2377,0.7336,0.38706,0.20124,"90.0",129,22.8,0.8,0.5102040816326531,5.76,-1.08,0.27,2.29,0.372,2,"1.074524457",0.32,0.248,"-1.074524457",0.064,0.05199999999999999,0.144,0.068,24.9,,,,,,,
1471,670869,"Soto, Livan",2023,1479,99.5,0.237,0.144,0.299,0.381,0.319,0.274,0.202,69,291,86.7,12.2,2193,88.3,88.68,157,620,851,0.4000000000000057,6.24,112,144,112,149,293,325,296,"0.882","-0.882",,,342,212,45,14,2,8,83,24.3,44,12.9,2.44152,0.50731,0.35446,-0.28168,"89.8",152,21.80094786729858,2.843601895734597,1.7543859649122806,5.69,-1.08,-0.19,2.37,0.339,6,"-0.059959211",0.31,0.282,"0.059959211",0.035,0.029000000000000026,0.099,0.045,25.3,,,,,,,
1471,663536,"English, Tristin",2023,1471,100,0.293,0.221,0.342,0.514,0.382,0.336,0.256,94,321,90,9.3,2229,87.9,88.28,194,722,749,0.3999999999999915,6.29,106,150,120,147,303,328,297,"-14.917","14.917",,,370,242,57,20,0,17,82,22.2,39,10.5,2.48636,0.48056,0.28565,0.05518,"91.5",163,43.56846473029046,7.053941908713693,4.594594594594595,5.69,-0.53,0.12,2.37,0.378,17,"1.01407206",0.349,0.411,"-1.01407206",0.037,0.029000000000000026,0.103,0.046,26.9,,,,,,,
1470,676724,"Young, Jared",2023,1472,99.9,0.31,0.268,0.359,0.577,0.42,0.375,0.265,96,310,91.7,12.1,2158,88,88.17,175,668,802,0.20000000000000284,6.31,115,145,115,151,285,313,291,"-31.308","31.308",,,372,230,57,16,2,21,84,22.6,48,12.9,2.39655,0.58567,0.35563,-0.26273,"92.0",148,47.82608695652174,12.173913043478262,7.526881720430108,5.87,-1.08,-0.13,2.4,0.414,28,"2.129795918",0.379,0.488,"-2.129795918",0.045,0.034999999999999976,0.089,0.045,26.2,,,,,,,
1469,571875,"Lamb, Jake",2023,1469,100,0.289,0.165,0.349,0.454,0.386,0.37,0.257,84,291,90.6,13.7,2171,88.1,88.3,147,597,872,0.20000000000000284,6.27,113,146,121,150,292,328,297,"-18.178","18.178",,,356,220,58,15,0,11,71,19.9,57,16,2.33623,0.62386,0.37401,-0.30444,"91.6",167,43.18181818181818,8.181818181818182,5.056179775280898,5.76,-1.19,-0.11,2.36,0.419,18,"1.237440436",0.393,0.443,"-1.237440436",0.032,0.025999999999999968,0.011,0.016,24.6,,,,,,,
1468,664966,"Morales, Jonathan",2023,1469,99.9,0.26,0.172,0.266,0.432,0.323,0.297,0.247,92,354,85.7,10.6,2231,87.9,88.38,125,682,786,0.5,6.3,108,150,119,146,301,325,297,"0.779","-0.779",,,394,307,60,17,1,14,53,13.5,33,8.4,2.46888,0.50905,0.23184,-0.02028,"91.0",154,28.196721311475407,3.278688524590164,2.5380710659898478,5.68,-0.82,0.06,2.29,0.32,10,"-0.053065395",0.311,0.359,"0.053065395",0.013,0.009000000000000008,0.073,0.026,18.3,,,,,,,
1461,572008,"Owings, Chris",2023,1465,99.7,0.239,0.213,0.311,0.452,0.345,0.305,0.212,74,310,87.9,16,2200,88.4,88.44,190,643,818,0,6.23,107,151,115,147,298,319,284,"-7.181","7.181",,,361,205,41,15,3,15,106,29.4,48,13.3,2.33125,0.62086,0.26641,0.02841,"90.8",157,40.88669950738916,7.8817733990147785,4.43213296398892,5.91,-0.81,0.19,2.28,0.343,16,"0.491512663",0.321,0.36,"-0.491512663",0.027,0.02200000000000002,0.092,0.04,29.5,,,,,,,
1451,669364,"Edwards, Xavier",2023,1475,98.4,0.33,0.112,0.34,0.441,0.375,0.338,0.292,115,349,85.7,12.3,2150,87.8,88.15,79,682,769,0.4000000000000057,6.34,110,148,102,149,285,312,285,"-16.712","16.712",,,407,325,92,14,2,7,29,7.1,51,12.5,2.32051,0.66475,0.41815,-0.41815,"89.9",152,23.076923076923077,1.2307692307692308,0.9828009828009828,5.83,-0.87,-0.05,2.29,0.413,4,"1.151757409",0.382,0.367,"-1.151757409",0.038,0.030999999999999972,0.074,0.037,11.6,,,,,,,
1446,572138,"Singleton, Jon",2023,1446,100,0.292,0.281,0.314,0.573,0.416,0.392,0.272,86,295,92.3,15.6,2174,88.1,88.24,134,569,877,0.10000000000000853,6.28,115,145,125,150,292,320,296,"-26.642","26.642",,,360,226,48,15,1,22,72,20,62,17.2,2.33745,0.63612,0.35797,-0.29377,"92.8",175,50.88495575221239,13.274336283185843,8.333333333333332,5.86,-0.61,-0.11,2.34,0.411,30,"1.842461964",0.397,0.511,"-1.842461964",0.02,0.013999999999999957,0.062,0.024,23.6,,,,,,,
1439,664119,"Allen, Austin",2023,1439,100,0.225,0.265,0.229,0.491,0.342,0.309,0.206,73,324,88.6,13.9,2187,87.1,87.28,221,733,706,0.20000000000000284,6.31,114,147,123,150,290,320,292,"-3.171","3.171",,,366,241,34,15,1,23,84,23,36,9.8,2.49374,0.55966,0.22696,-0.25892,"92.1",156,40.416666666666664,10.416666666666668,6.830601092896176,5.84,-0.9,-0.16,2.34,0.311,25,"0.220361362",0.296,0.415,"-0.220361362",0.019,0.015000000000000013,0.076,0.033,30.2,,,,,,,
1439,542364,"Ortega, Rafael",2023,1443,99.7,0.221,0.163,0.245,0.384,0.325,0.294,0.21,61,276,86.1,19.3,2164,88.1,88.26,128,646,793,0.20000000000000284,6.27,116,146,115,150,290,322,294,"-4.621","4.621",,,332,221,34,18,0,9,57,17.2,53,16,2.38826,0.58361,0.3545,-0.26575,"91.4",148,28.50678733031674,2.262443438914027,1.5060240963855422,5.81,-1.03,-0.15,2.29,0.346,5,"0.321125782",0.339,0.29,"-0.321125782",0.011,0.006999999999999951,0.094,0.031,19.8,,,,,,,
1437,687478,"Devanney, Cam",2023,1437,100,0.271,0.19,0.311,0.461,0.357,0.316,0.242,91,336,88.1,17.4,2209,87.6,87.67,188,753,684,0.10000000000000853,6.26,105,150,118,146,300,319,290,"-14.881","14.881",,,390,268,51,27,2,11,71,18.2,46,11.8,2.41523,0.59159,0.21769,0.0318,"91.2",165,38.059701492537314,4.104477611940299,2.8205128205128207,5.8,-0.74,0.08,2.32,0.362,11,"1.035560195",0.338,0.368,"-1.035560195",0.029,0.023999999999999966,0.093,0.041,25,,,,,,,
1434,702518,"Williams, Jett",2023,1434,100,0.253,0.166,0.326,0.419,0.377,0.355,0.228,64,253,87.4,16,2268,87.9,87.93,99,468,966,0,6.26,106,146,115,145,290,309,281,"-18.281","18.281",,,335,184,40,12,6,6,73,21.8,67,20,2.23183,0.75384,0.46665,0.17449,"91.0",173,34.78260869565217,4.891304347826087,2.6865671641791042,5.77,-0.82,0.09,2.43,0.424,9,"1.274825662",0.407,0.358,"-1.274825662",0.025,0.017000000000000015,0.061,0.022,21.2,,,,,,,
1433,687799,"Marlowe, Cade",2023,1435,99.9,0.259,0.187,0.333,0.446,0.339,0.33,0.247,86,332,87.8,16.1,2198,88.1,88.11,205,705,728,0,6.19,114,144,115,150,288,323,295,"-2.486","2.486",,,377,236,52,17,6,11,99,26.3,39,10.3,2.42528,0.54503,0.31357,-0.22475,"91.1",167,36.016949152542374,10.16949152542373,6.36604774535809,5.68,-0.7,-0.14,2.25,0.34,24,"0.173482205",0.329,0.427,"-0.173482205",0.012,0.01100000000000001,0.019,0.009,29.1,,,,,,,
1430,664247,"Garlick, Kyle",2023,1430,100,0.242,0.209,0.322,0.451,0.345,0.315,0.21,72,297,88.3,14.6,2237,87.7,87.76,241,618,812,0.09999999999999432,6.3,106,150,120,146,291,317,284,"-2.322","2.322",,,354,194,39,18,1,14,109,30.8,43,12.1,2.40306,0.60353,0.21202,-0.04594,"91.8",155,39.175257731958766,9.278350515463918,5.084745762711865,5.91,-0.74,0.18,2.29,0.347,18,"0.162377622",0.324,0.382,"-0.162377622",0.032,0.022999999999999965,0.069,0.03,39,,,,,,,
1428,665846,"Bastidas, Jesús",2023,1428,100,0.253,0.156,0.315,0.409,0.323,0.296,0.233,86,340,86.5,14.8,2199,87.8,87.96,208,747,681,0.20000000000000284,6.32,106,149,116,146,295,320,286,"5.746","-5.746",,,383,247,59,13,2,12,96,25.1,28,7.3,2.36166,0.63311,0.30933,0.02245,"90.3",154,27.125506072874494,4.4534412955465585,2.8720626631853787,5.82,-0.76,0.29,2.27,0.329,11,"-0.402380952",0.312,0.347,"0.402380952",0.02,0.017000000000000015,0.062,0.027,27.8,,,,,,,
1420,614173,"Cordero, Franchy",2023,1420,100,0.289,0.189,0.35,0.478,0.383,0.369,0.273,84,291,89.5,11.5,2141,87.2,87.29,227,661,759,0.09999999999999432,6.26,114,145,121,150,290,326,296,"-19.23","19.23",,,347,216,56,14,1,13,76,21.9,51,14.7,2.47041,0.58865,0.33238,-0.24208,"92.3",145,42.592592592592595,9.722222222222223,6.051873198847262,5.79,-0.89,-0.14,2.33,0.401,21,"1.354225352",0.387,0.451,"-1.354225352",0.016,0.014000000000000012,0.027,0.014,34.3,,,,,,,
1420,640460,"Peterson, Dustin",2023,1420,100,0.244,0.244,0.27,0.488,0.347,0.317,0.227,74,303,89.8,14.5,2185,87.6,87.48,165,641,779,-0.09999999999999432,6.22,105,150,120,147,298,320,288,"-3.918","3.918",,,348,223,39,15,1,19,85,24.4,37,10.6,2.45213,0.56622,0.35251,0.02051,"92.6",153,42.98642533936652,9.95475113122172,6.321839080459771,5.97,-0.55,0.13,2.32,0.328,22,"0.275915493",0.316,0.408,"-0.275915493",0.017,0.01200000000000001,0.08,0.03,25.7,,,,,,,
1418,660613,"Hernández, Ronaldo",2023,1418,100,0.242,0.203,0.25,0.445,0.336,0.334,0.242,81,335,87.4,11.3,2215,87.8,87.89,184,691,727,0.10000000000000853,6.31,106,149,119,146,297,321,289,"-4.988","4.988",,,392,273,47,17,0,17,69,17.6,40,10.2,2.3998,0.60013,0.27024,0.0511,"92.0",154,37.5,8.455882352941178,5.86734693877551,5.77,-0.99,0.19,2.34,0.334,23,"0.351763047",0.339,0.417,"-0.351763047",0,-0.0050000000000000044,0.028,0.002,26.6,,,,,,,
1408,679881,"Martínez, J.P.",2023,1416,99.4,0.292,0.253,0.358,0.544,0.41,0.33,0.23,82,281,87,17.3,2195,88.4,88.67,167,596,812,0.29999999999999716,6.29,113,145,105,149,288,316,293,"-25.086","25.086",,,344,204,43,21,4,14,79,23,55,16,2.37844,0.56014,0.35582,-0.22472,"91.1",153,36.27450980392157,4.901960784313726,2.9069767441860463,5.71,-1.03,-0.07,2.33,0.416,10,"1.781676136",0.367,0.357,"-1.781676136",0.062,0.04899999999999999,0.187,0.08,28,,,,,,,
1404,656495,"Guthrie, Dalton",2023,1408,99.7,0.274,0.111,0.35,0.385,0.333,0.309,0.247,81,296,84.9,11.7,2201,87.5,87.49,156,668,736,0,6.24,107,150,112,145,295,317,288,"0.536","-0.536",,,339,224,59,15,3,4,73,21.5,33,9.7,2.44173,0.58763,0.30719,0.01655,"90.2",161,27.027027027027028,3.6036036036036037,2.359882005899705,5.81,-0.53,0.18,2.24,0.363,8,"-0.038176638",0.34,0.342,"0.038176638",0.027,0.022999999999999965,0.043,0.024,23.4,,,,,,,
1398,605346,"López, Jack",2023,1407,99.4,0.274,0.203,0.335,0.476,0.345,0.287,0.229,93,340,84.7,9,2234,88.2,88.5,213,738,660,0.29999999999999716,6.27,105,149,114,147,302,327,289,"0.159","-0.159",,,370,252,56,18,6,13,89,24.1,25,6.8,2.42338,0.52514,0.29461,0.01371,"90.4",144,27.091633466135455,5.577689243027888,3.783783783783784,5.76,-0.73,0.06,2.28,0.33,14,"-0.011373391",0.291,0.358,"0.011373391",0.045,0.039000000000000035,0.118,0.058,28.9,,,,,,,
1391,669742,"Hall, Darick",2023,1391,100,0.314,0.232,0.343,0.546,0.401,0.367,0.275,92,293,90.6,16.1,2147,88.3,88.32,173,671,720,0,6.27,115,146,125,151,293,325,296,"-20.752","20.752",,,342,234,61,12,1,18,64,18.7,43,12.6,2.32853,0.63988,0.35739,-0.25547,"92.2",154,45.2991452991453,10.256410256410255,7.017543859649122,5.98,-0.98,-0.12,2.35,0.398,24,"1.491876348",0.368,0.479,"-1.491876348",0.039,0.030000000000000027,0.067,0.034,25.8,,,,,,,
1388,663731,"Kaiser, Connor",2023,1388,100,0.239,0.167,0.315,0.407,0.335,0.281,0.195,73,305,86.1,11.6,2233,87.7,88.11,231,662,726,0.3999999999999915,6.3,107,150,119,146,302,324,295,"-2.983","2.983",,,360,212,45,14,5,9,94,26.1,51,14.2,2.46688,0.51447,0.2021,0.0723,"90.5",146,32.075471698113205,4.716981132075472,2.7777777777777777,5.62,-0.87,0.15,2.31,0.353,10,"0.214913545",0.315,0.292,"-0.214913545",0.044,0.03799999999999998,0.115,0.054,34.9,,,,,,,
1385,800231,"Cho, Won-Bin",2023,1387,99.9,0.267,0.105,0.338,0.372,0.335,0.31,0.228,79,296,86.9,2.5,2255,88,88.01,159,582,803,0,6.24,111,145,111,146,285,307,287,"-2.963","2.963",,,356,224,60,12,2,5,77,21.6,52,14.6,2.21642,0.76319,0.47972,-0.32345,"91.5",138,36.607142857142854,2.6785714285714284,1.6853932584269662,5.73,-0.93,-0.16,2.43,0.376,6,"0.213935018",0.349,0.322,"-0.213935018",0.039,0.027000000000000024,0.05,0.025,27.3,,,,,,,
1381,663616,"Larnach, Trevor",2023,1381,100,0.271,0.233,0.339,0.504,0.377,0.35,0.224,71,262,89.8,14.3,2167,87.5,87.66,178,559,822,0.20000000000000284,6.3,115,144,123,150,288,319,293,"-13.923","13.923",,,322,180,41,14,1,15,90,28,49,15.2,2.44164,0.57039,0.31454,-0.25466,"91.7",161,40.55555555555556,13.88888888888889,7.763975155279502,5.9,-0.82,-0.12,2.35,0.382,25,"1.008182476",0.354,0.427,"-1.008182476",0.047,0.028000000000000025,0.077,0.027,31.8,,,,,,,
1380,683152,"Curialle, Michael",2023,1380,100,0.269,0.107,0.372,0.376,0.343,0.301,0.215,78,290,84.9,8.8,2276,87.6,87.65,176,626,754,0.10000000000000853,6.28,105,145,118,145,293,307,279,"-12.388","12.388",,,352,208,53,20,4,1,86,24.4,42,11.9,2.26533,0.74251,0.37712,0.11561,"90.2",141,29.126213592233007,2.912621359223301,1.7045454545454544,5.74,-0.87,0.24,2.37,0.386,6,"0.897681159",0.344,0.3,"-0.897681159",0.054,0.04200000000000004,0.076,0.042,28.1,,,,,,,
1379,676369,"Velázquez, Nelson",2023,1379,100,0.24,0.201,0.299,0.441,0.326,0.306,0.218,75,313,90.1,14.7,2214,87.8,87.98,227,699,680,0.20000000000000284,6.3,105,151,118,146,292,312,287,"1.459","-1.459",,,350,213,44,15,0,16,102,29.1,31,8.9,2.37021,0.62378,0.24169,0.03614,"92.1",148,44.13145539906103,11.737089201877934,7.142857142857142,5.86,-0.87,0.13,2.37,0.314,25,"-0.105801305",0.299,0.397,"0.105801305",0.022,0.015000000000000013,0.044,0.02,32.5,,,,,,,
1376,680837,"Fitzgerald, Ryan",2023,1383,99.5,0.251,0.229,0.324,0.479,0.347,0.303,0.215,79,315,88,16.4,2171,88,87.96,210,655,721,0,6.25,113,144,108,150,289,319,290,"-8.188","8.188",,,360,219,37,24,6,12,99,27.5,39,10.8,2.33062,0.6569,0.36897,-0.31403,"91.5",156,38.18181818181819,9.090909090909092,5.555555555555555,5.78,-1.04,-0.15,2.34,0.334,20,"0.59505814",0.303,0.385,"-0.59505814",0.036,0.031000000000000028,0.094,0.044,32.1,,,,,,,
1376,665856,"Camargo, Jair",2023,1377,99.9,0.26,0.245,0.335,0.505,0.352,0.348,0.251,86,331,92.5,9.6,2223,88.2,88.31,269,718,658,0.09999999999999432,6.29,107,150,119,146,296,318,283,"-2.648","2.648",,,367,215,48,16,1,21,119,32.4,29,7.9,2.31693,0.65428,0.28887,0.03747,"92.9",160,50.697674418604656,17.209302325581397,10.08174386920981,5.88,-0.8,0.11,2.31,0.324,37,"0.19244186",0.318,0.496,"-0.19244186",0.009,0.006000000000000005,0.009,0.004,37.5,,,,,,,
1372,660757,"Gonzalez, Oscar",2023,1372,100,0.287,0.21,0.339,0.497,0.346,0.321,0.267,96,334,89.3,7.6,2223,87.2,87.26,225,773,599,0.09999999999999432,6.22,106,151,122,147,299,320,283,"-2.57","2.57",,,361,258,56,23,4,13,82,22.7,19,5.3,2.51012,0.55505,0.18448,-0.08872,"91.8",160,41.63424124513619,8.949416342412452,6.3711911357340725,5.93,-0.76,0.13,2.34,0.324,23,"0.187317784",0.312,0.429,"-0.187317784",0.02,0.01200000000000001,0.068,0.025,29.1,,,,,,,
1370,681987,"Eaton, Nate",2023,1373,99.8,0.252,0.191,0.293,0.442,0.323,0.301,0.239,83,330,85.6,15.8,2221,87.9,88.04,201,720,650,0.09999999999999432,6.3,105,150,114,145,297,321,284,"2.986","-2.986",,,361,247,51,16,1,15,85,23.5,28,7.8,2.37982,0.61283,0.2388,0.01389,"90.9",156,31.983805668016196,8.502024291497975,5.8171745152354575,5.87,-0.85,0.09,2.32,0.31,21,"-0.217956204",0.299,0.393,"0.217956204",0.013,0.01100000000000001,0.049,0.022,27.9,,,,,,,
1366,595284,"Knapp, Andrew",2023,1367,99.9,0.233,0.144,0.305,0.377,0.312,0.296,0.229,73,313,88.4,9.6,2149,88.1,88.13,214,674,692,0,6.3,114,147,118,150,283,311,287,"9.437","-9.437",,,356,219,48,14,2,9,94,26.4,37,10.4,2.35697,0.62387,0.42602,-0.42602,"90.9",153,37.15596330275229,4.587155963302752,2.8089887640449436,5.92,-0.92,-0.07,2.35,0.326,10,"-0.690849195",0.323,0.332,"0.690849195",0.004,0.0030000000000000027,0.045,0.016,31.8,,,,,,,
1351,657061,"Tucker, Cole",2023,1354,99.8,0.278,0.128,0.352,0.406,0.354,0.323,0.242,74,266,87.9,8.6,2213,88.8,89.17,108,509,842,0.4000000000000057,6.26,113,147,115,148,294,322,299,"-3.533","3.533",,,318,201,51,17,1,5,67,21.1,49,15.4,2.33751,0.57669,0.39036,-0.39036,"90.4",159,29.5,4.5,2.8301886792452833,5.63,-0.93,-0.01,2.38,0.39,9,"0.261509993",0.362,0.346,"-0.261509993",0.036,0.028000000000000025,0.06,0.031,21.2,,,,,,,
1348,675628,"Hill, Darius",2023,1357,99.3,0.269,0.107,0.32,0.376,0.317,0.281,0.239,88,327,83.9,10.1,2160,88.4,88.48,138,642,706,0.09999999999999432,6.27,113,147,106,151,277,307,289,"7.526","-7.526",,,362,271,61,21,4,2,56,15.5,32,8.8,2.26017,0.70396,0.39448,-0.31631,"90.1",153,23.247232472324722,1.107011070110701,0.8287292817679558,5.88,-0.97,-0.06,2.39,0.34,3,"-0.558308605",0.313,0.304,"0.558308605",0.03,0.027000000000000024,0.072,0.036,21.5,,,,,,,
1346,691588,"Lewis, Ian",2023,1349,99.8,0.21,0.092,0.274,0.302,0.273,0.282,0.223,66,315,86.4,5.2,2220,87.9,87.89,220,700,646,0,6.23,110,145,109,144,285,304,280,"13.835","-13.835",,,357,236,46,13,5,2,80,22.4,36,10.1,2.23545,0.74579,0.56133,-0.56133,"90.9",130,31.779661016949152,2.5423728813559325,1.680672268907563,5.74,-0.97,-0.11,2.4,0.3,6,"-1.027860327",0.313,0.301,"1.027860327",-0.013,-0.013000000000000012,0.001,-0.009,31.4,,,,,,,
1345,688869,"Dirden, Justin",2023,1351,99.6,0.232,0.166,0.315,0.398,0.31,0.282,0.201,73,314,87.1,16.5,2136,87.9,88.26,258,710,635,0.3999999999999915,6.32,114,145,117,150,287,317,294,"10.425","-10.425",,,357,210,46,12,5,10,108,30.3,36,10.1,2.385,0.58733,0.3822,-0.26566,"91.0",164,33.33333333333333,9.523809523809524,5.602240896358544,5.76,-0.59,-0.08,2.4,0.314,20,"-0.775092937",0.287,0.346,"0.775092937",0.031,0.027000000000000024,0.052,0.028,36.3,,,,,,,
1337,594694,"Difo, Wilmer",2023,1340,99.8,0.206,0.096,0.252,0.302,0.287,0.29,0.216,58,281,84.7,9.3,2124,88.5,88.58,150,576,761,0.09999999999999432,6.28,112,147,109,149,284,317,289,"12.111","-12.111",,,332,215,42,10,1,5,68,20.5,46,13.9,2.24765,0.70415,0.48686,-0.48686,"90.4",143,28.837209302325583,1.8604651162790697,1.2048192771084338,5.83,-0.96,-0.06,2.34,0.322,4,"-0.905833957",0.331,0.297,"0.905833957",-0.01,-0.009000000000000008,0.005,-0.003,26,,,,,,,
1336,640449,"Frazier, Clint",2023,1336,100,0.235,0.208,0.297,0.442,0.349,0.303,0.202,61,260,86.2,19.8,2208,87.9,88.05,171,563,773,0.19999999999998863,6.29,105,151,117,145,294,318,287,"0.632","-0.632",,,315,177,33,14,2,12,86,27.3,46,14.6,2.39373,0.58816,0.28149,0.034,"90.8",144,34.463276836158194,6.779661016949152,3.8095238095238098,5.76,-0.82,0.09,2.34,0.359,12,"-0.047305389",0.333,0.33,"0.047305389",0.033,0.025999999999999968,0.112,0.046,30.4,,,,,,,
1335,681584,"Villar, David",2023,1335,100,0.272,0.226,0.335,0.498,0.374,0.342,0.24,78,287,87,16,2193,88,88.17,181,603,732,0.20000000000000284,6.29,105,149,119,145,302,324,292,"-11.261","11.261",,,334,199,47,14,0,17,89,26.6,44,13.2,2.4044,0.5705,0.27887,0.09515,"91.2",155,36.18090452261307,12.060301507537687,7.18562874251497,5.73,-0.6,0.09,2.3,0.371,24,"0.843520599",0.344,0.439,"-0.843520599",0.032,0.027000000000000024,0.059,0.032,30,,,,,,,
1332,643271,"Crook, Narciso",2023,1332,100,0.217,0.176,0.331,0.393,0.323,0.285,0.18,59,272,87.4,6.8,2180,87.4,87.31,229,565,767,-0.10000000000000853,6.23,105,150,117,146,298,321,286,"-1.424","1.424",,,324,158,33,14,2,10,116,35.8,40,12.3,2.43673,0.6059,0.3563,0.08814,"91.8",141,43.94904458598726,9.554140127388536,4.62962962962963,5.79,-0.63,0.03,2.3,0.336,15,"0.106906907",0.309,0.306,"-0.106906907",0.037,0.027000000000000024,0.087,0.038,40.5,,,,,,,
1329,682627,"De La Cruz, Jose",2023,1329,100,0.244,0.151,0.341,0.395,0.318,0.302,0.214,71,291,89.3,10.7,2284,87,86.9,274,664,665,-0.09999999999999432,6.24,104,144,119,145,289,311,280,"3.688","-3.688",,,336,187,49,11,0,11,109,32.4,36,10.7,2.4316,0.62395,0.24697,0.02457,"92.1",151,44.623655913978496,10.21505376344086,5.654761904761905,5.75,-0.8,0.17,2.34,0.33,19,"-0.277501881",0.308,0.366,"0.277501881",0.03,0.02200000000000002,0.029,0.016,41.3,,,,,,,
1319,592325,"Gamel, Ben",2023,1320,99.9,0.286,0.212,0.342,0.498,0.387,0.356,0.253,78,273,86,14.9,2173,87.7,87.78,132,517,802,0.09999999999999432,6.26,114,146,116,151,286,319,296,"-18.215","18.215",,,329,203,47,17,1,13,73,22.2,51,15.5,2.4373,0.56322,0.33166,-0.22933,"91.7",159,31.683168316831683,10.396039603960396,6.382978723404255,5.77,-0.71,-0.1,2.34,0.398,21,"1.380970432",0.372,0.44,"-1.380970432",0.033,0.026000000000000023,0.058,0.031,25.5,,,,,,,
1312,666150,"Fletcher, Dominic",2023,1314,99.8,0.289,0.209,0.337,0.498,0.386,0.372,0.275,80,277,89.6,10.3,2211,88.4,88.65,132,618,694,0.19999999999998863,6.25,114,146,112,150,291,323,303,"-14.013","14.013",,,332,218,47,18,5,10,62,18.7,42,12.7,2.35339,0.58471,0.36362,-0.22239,"91.1",170,39.908256880733944,10.091743119266056,6.626506024096386,5.7,-0.71,-0.1,2.33,0.398,22,"1.068064024",0.387,0.46,"-1.068064024",0.014,0.01100000000000001,0.038,0.014,21.4,,,,,,,
1309,702906,"Lara, Wilfredo",2023,1309,100,0.278,0.194,0.324,0.472,0.368,0.308,0.22,86,309,86.9,19.6,2285,86.7,86.71,171,617,692,0,6.27,106,145,116,145,293,312,283,"-11.359","11.359",,,361,238,55,15,3,13,73,20.2,46,12.7,2.44384,0.63398,0.33764,0.15303,"91.1",159,33.61702127659574,5.106382978723404,3.32409972299169,5.74,-0.99,0.25,2.34,0.377,12,"0.86776165",0.329,0.354,"-0.86776165",0.058,0.04799999999999999,0.118,0.06,27.7,,,,,,,
1306,665914,"Montano, Daniel",2023,1307,99.9,0.238,0.19,0.326,0.428,0.34,0.32,0.221,64,269,88.6,14.1,2174,87.8,88.28,172,552,754,0.5,6.29,114,145,118,150,295,325,305,"-5.331","5.331",,,319,180,36,13,7,8,91,28.5,46,14.4,2.49665,0.47604,0.25553,-0.24849,"91.1",170,36.666666666666664,8.88888888888889,5.015673981191222,5.64,-0.83,-0.14,2.33,0.351,16,"0.408192956",0.337,0.382,"-0.408192956",0.017,0.013999999999999957,0.046,0.02,31.2,,,,,,,
1305,671655,"Valera, George",2023,1305,100,0.211,0.164,0.268,0.375,0.32,0.335,0.226,54,256,90.6,9.1,2175,88.1,88.14,170,514,791,0,6.22,114,146,118,151,286,316,290,"0.884","-0.884",,,311,174,33,10,1,10,85,27.3,49,15.8,2.40092,0.58064,0.36792,-0.264,"92.0",164,49.42528735632184,11.494252873563218,6.430868167202572,5.86,-0.68,-0.09,2.37,0.341,20,"-0.067739464",0.354,0.399,"0.067739464",-0.015,-0.012999999999999956,-0.024,-0.015,33.1,,,,,,,
1300,656537,"Hill, Derek",2023,1311,99.2,0.321,0.199,0.377,0.519,0.382,0.333,0.265,100,312,88,9.3,2245,87.6,87.61,180,641,659,0,6.27,106,149,108,146,297,318,287,"-12.034","12.034",,,347,247,66,17,6,11,69,19.9,29,8.4,2.39889,0.61353,0.24043,0.02627,"91.5",154,39.67611336032389,8.097165991902834,5.763688760806916,5.74,-1.13,0.2,2.22,0.378,20,"0.925692308",0.331,0.436,"-0.925692308",0.056,0.046999999999999986,0.083,0.049,28.1,,,,,,,
1300,676480,"Barrero, José",2023,1301,99.9,0.258,0.282,0.324,0.54,0.366,0.308,0.211,75,291,87.6,20.4,2213,87.2,87.35,218,662,638,0.09999999999999432,6.27,105,149,118,145,294,317,290,"-9.952","9.952",,,334,192,35,17,4,19,105,31.4,22,6.6,2.51582,0.53817,0.17744,-0.06782,"91.2",162,35.233160621761655,12.435233160621761,7.18562874251497,5.94,-0.83,0.14,2.39,0.333,24,"0.765538462",0.295,0.417,"-0.765538462",0.047,0.038000000000000034,0.123,0.058,32.9,,,,,,,
1299,546994,"Hinojosa, C.J.",2023,1301,99.8,0.245,0.113,0.276,0.358,0.28,0.257,0.229,82,335,85.9,11.2,2221,87.5,87.8,149,672,627,0.29999999999999716,6.31,105,150,117,145,299,316,281,"10.925","-10.925",,,358,279,60,13,2,7,59,16.5,20,5.6,2.43782,0.57425,0.25185,0.03317,"90.6",156,27.697841726618705,1.7985611510791366,1.3966480446927374,5.78,-0.76,0.01,2.32,0.285,5,"-0.841031563",0.272,0.305,"0.841031563",0.016,0.012999999999999956,0.053,0.023,22.2,,,,,,,
1299,640458,"Mercado, Óscar",2023,1300,99.9,0.299,0.224,0.348,0.523,0.378,0.313,0.247,92,308,85.5,16.6,2243,87.9,88.19,193,672,627,0.29999999999999716,6.31,106,150,115,146,297,321,291,"-17.8","17.8",,,345,238,54,21,3,14,73,21.2,28,8.1,2.4051,0.57086,0.26557,0.07764,"90.5",153,32.91139240506329,6.751054852320674,4.63768115942029,5.67,-0.84,0.16,2.3,0.365,16,"1.370284834",0.321,0.389,"-1.370284834",0.052,0.043999999999999984,0.134,0.065,28.7,,,,,,,
1298,679845,"Loftin, Nick",2023,1299,99.9,0.268,0.175,0.271,0.443,0.339,0.336,0.268,84,314,88.1,8.5,2227,87.5,87.58,115,601,697,0.09999999999999432,6.23,105,151,116,146,295,318,284,"-0.524","0.524",,,357,272,57,13,0,14,47,13.2,34,9.5,2.41889,0.58657,0.25969,0.00194,"91.6",145,36.90036900369004,7.011070110701106,5.322128851540616,5.85,-0.97,0.11,2.34,0.342,19,"0.0403698",0.345,0.42,"-0.0403698",0,-0.002999999999999947,0.023,0.003,19.1,,,,,,,
1297,656883,"Reetz, Jakson",2023,1297,100,0.243,0.257,0.295,0.5,0.359,0.289,0.191,68,280,83.1,22.3,2241,87.5,87.57,222,628,669,0.09999999999999432,6.26,107,151,119,145,301,321,290,"-7.649","7.649",,,320,190,31,19,1,17,90,28.1,31,9.7,2.46914,0.5429,0.20789,0.01499,"91.1",146,30.526315789473685,8.947368421052632,5.3125,5.71,-0.57,0.18,2.29,0.338,17,"0.589745567",0.292,0.353,"-0.589745567",0.052,0.04600000000000004,0.147,0.07,35.4,,,,,,,
1295,677942,"Alexander, Blaze",2023,1299,99.7,0.287,0.168,0.392,0.455,0.375,0.336,0.229,70,244,88.9,11.4,2250,88,88.36,208,583,712,0.4000000000000057,6.29,106,149,117,147,302,327,292,"-12.423","12.423",,,300,166,47,13,2,8,83,27.7,41,13.7,2.44086,0.52332,0.25309,0.05783,"91.4",162,41.81818181818181,9.696969696969697,5.333333333333334,5.68,-0.75,0.02,2.35,0.403,16,"0.959305019",0.359,0.384,"-0.959305019",0.058,0.04400000000000004,0.071,0.039,35.7,,,,,,,
1292,701010,"Salinas, Roque",2023,1300,99.4,0.256,0.059,0.292,0.315,0.279,0.299,0.27,91,356,85.1,8.3,2273,88.2,88,150,789,503,-0.20000000000000284,6.2,112,144,110,144,278,305,280,"12.979","-12.979",,,388,309,75,12,3,1,50,12.9,18,4.6,2.24824,0.72582,0.49754,-0.40732,"90.0",136,25.573770491803277,0.32786885245901637,0.25773195876288657,5.72,-1.09,-0.08,2.36,0.309,1,"-1.004566563",0.326,0.338,"1.004566563",-0.014,-0.017000000000000015,-0.023,-0.02,19,,,,,,,
1291,666176,"Adell, Jo",2023,1291,100,0.275,0.315,0.306,0.591,0.403,0.357,0.25,76,276,89.9,17.9,2212,87.7,87.93,184,602,689,0.20000000000000284,6.24,108,150,120,146,305,331,296,"-22.237","22.237",,,325,194,37,15,0,24,85,26.2,37,11.4,2.46287,0.51984,0.28787,0.05531,"92.6",168,41.83673469387755,15.306122448979592,9.230769230769232,5.73,-1.09,0.08,2.32,0.372,30,"1.722463207",0.352,0.471,"-1.722463207",0.025,0.020000000000000018,0.12,0.046,30.6,,,,,,,
1290,804858,"Rincon, Bryan",2023,1291,99.9,0.218,0.146,0.249,0.364,0.327,0.313,0.216,57,261,85.9,13.3,2243,88.6,88.55,99,490,800,-0.09999999999999432,6.28,110,145,108,144,278,307,281,"-0.343","0.343",,,329,205,36,12,1,8,62,18.8,56,17,2.12022,0.8222,0.56537,-0.56537,"90.5",154,26.108374384236456,2.4630541871921183,1.5197568389057752,5.8,-0.86,0,2.41,0.362,5,"0.026589147",0.363,0.305,"-0.026589147",0.002,-0.0010000000000000009,0.059,0.014,20.2,,,,,,,
1289,687867,"Dungan, Clay",2023,1289,100,0.275,0.093,0.35,0.368,0.341,0.319,0.244,74,269,85,11.1,2190,88.2,88.22,136,578,711,0,6.23,114,144,110,150,285,319,291,"-4.042","4.042",,,327,206,56,14,1,3,68,20.8,50,15.3,2.31694,0.64944,0.34698,-0.3058,"90.1",154,27.80487804878049,1.951219512195122,1.2232415902140672,5.91,-1.11,-0.08,2.37,0.388,4,"0.313576416",0.366,0.324,"-0.313576416",0.031,0.02200000000000002,0.044,0.022,23.5,,,,,,,
1286,702261,"Johnson, Termarr",2023,1289,99.8,0.236,0.21,0.309,0.445,0.376,0.335,0.199,54,229,90.1,10.7,2222,87.8,87.52,158,469,817,-0.29999999999999716,6.18,111,144,112,142,276,306,288,"-15.92","15.92",,,295,148,31,10,1,12,82,27.8,60,20.3,2.24432,0.76392,0.45031,-0.31457,"91.5",150,41.891891891891895,9.45945945945946,4.745762711864407,5.75,-0.94,-0.07,2.36,0.403,14,"1.237947123",0.375,0.352,"-1.237947123",0.037,0.028000000000000025,0.093,0.041,33.7,,,,,,,
1281,696291,"McCants, Jordan",2023,1283,99.8,0.232,0.047,0.324,0.279,0.26,0.234,0.193,69,297,85.3,2.4,2265,88.2,88.18,187,641,640,0,6.23,113,145,105,143,278,301,283,"21.544","-21.544",,,329,211,59,7,2,1,90,27.4,27,8.2,2.16887,0.7984,0.48319,-0.3298,"89.8",141,23.809523809523807,0.9523809523809524,0.60790273556231,5.77,-0.79,-0.02,2.46,0.295,2,"-1.681811085",0.261,0.246,"1.681811085",0.039,0.033999999999999975,0.033,0.026,29.2,,,,,,,
1279,805249,"Kemp, Otto",2023,1279,100,0.25,0.145,0.335,0.395,0.35,0.351,0.233,62,248,88.4,12.2,2267,87.5,87.28,182,601,678,-0.20000000000000284,6.2,105,145,117,145,292,309,276,"-7.698","7.698",,,312,175,41,11,5,5,78,25,46,14.7,2.2978,0.72661,0.34317,0.03532,"91.3",155,41.14285714285714,9.714285714285714,5.448717948717949,5.88,-0.81,0.3,2.44,0.388,17,"0.601876466",0.38,0.393,"-0.601876466",0.017,0.008000000000000007,0.002,-0.001,30.3,,,,,,,
1279,666124,"Berryhill, Luke",2023,1279,100,0.228,0.156,0.355,0.384,0.34,0.331,0.211,57,250,88.8,10,2202,88.1,88.48,201,522,757,0.4000000000000057,6.34,108,151,120,147,294,317,287,"-4.793","4.793",,,307,146,37,9,3,8,104,33.9,55,17.9,2.36961,0.58767,0.28388,0.09559,"91.8",157,41.78082191780822,12.32876712328767,5.863192182410423,5.77,-0.86,0.08,2.33,0.371,18,"0.374745895",0.358,0.373,"-0.374745895",0.017,0.013000000000000012,0.011,0.009,38.5,,,,,,,
1277,702708,"Boyd, Emaarion",2023,1282,99.6,0.259,0.069,0.307,0.328,0.32,0.291,0.225,79,305,83,1.2,2288,88,87.77,127,607,670,-0.20000000000000284,6.21,104,146,103,143,287,304,270,"-1.49","1.49",,,361,255,65,8,5,1,52,14.4,33,9.1,2.24475,0.744,0.37107,0.08133,"89.8",116,23.228346456692915,1.1811023622047243,0.8310249307479225,5.83,-0.76,0.18,2.39,0.368,3,"0.116679718",0.341,0.274,"-0.116679718",0.034,0.02699999999999997,0.054,0.029,20.9,,,,,,,
1267,670231,"Rave, John",2023,1272,99.6,0.23,0.144,0.31,0.374,0.305,0.267,0.2,59,257,88.7,13.5,2151,88.2,88.27,141,487,780,0.09999999999999432,6.27,113,145,110,150,288,320,290,"7.234","-7.234",,,293,175,37,14,1,7,84,28.7,34,11.6,2.2738,0.69408,0.38768,-0.2926,"91.3",150,36.57142857142857,2.2857142857142856,1.3651877133105803,5.91,-0.97,0.01,2.34,0.317,4,"-0.570955012",0.293,0.291,"0.570955012",0.03,0.02400000000000002,0.083,0.038,29,,,,,,,
1267,656403,"Ellis, Drew",2023,1267,100,0.224,0.209,0.254,0.433,0.335,0.307,0.201,57,254,87.1,22.6,2165,88.2,88.06,147,531,736,-0.10000000000000853,6.22,105,150,118,145,296,325,292,"0.28","-0.28",,,298,186,30,14,0,13,69,23.2,40,13.4,2.29496,0.67844,0.3194,0.00906,"91.2",173,34.40860215053764,8.60215053763441,5.369127516778524,6.02,-0.7,0.14,2.37,0.336,16,"-0.022099448",0.318,0.363,"0.022099448",0.023,0.018000000000000016,0.07,0.028,27.7,,,,,,,
1266,664041,"Davis, Jaylin",2023,1266,100,0.216,0.22,0.273,0.437,0.335,0.355,0.234,58,268,91.4,14.5,2209,87.8,87.93,216,573,693,0.10000000000000853,6.31,107,151,119,146,298,319,282,"1.592","-1.592",,,318,175,29,13,2,14,95,29.9,41,12.9,2.34635,0.64715,0.26639,0.00957,"92.4",151,48,17.142857142857142,9.433962264150944,5.83,-1.12,0.15,2.36,0.333,30,"-0.125750395",0.35,0.463,"0.125750395",-0.018,-0.01699999999999996,-0.026,-0.02,37.7,,,,,,,
1264,686676,"Lee, Korey",2023,1264,100,0.278,0.108,0.379,0.386,0.312,0.277,0.228,93,334,90.3,10.5,2198,87.2,87.54,231,685,579,0.29999999999999716,6.3,106,150,119,146,295,319,289,"4.145","-4.145",,,357,237,68,19,1,5,97,27.2,20,5.6,2.52501,0.49713,0.22618,-0.04582,"92.0",161,42.3728813559322,5.932203389830509,3.9215686274509802,5.77,-0.52,0.1,2.32,0.325,14,"-0.327927215",0.278,0.355,"0.327927215",0.05,0.046999999999999986,0.031,0.035,33.7,,,,,,,
1262,680769,"Alexander, CJ",2023,1262,100,0.22,0.203,0.275,0.423,0.301,0.277,0.201,63,286,89.2,16.8,2209,87.8,87.78,221,669,593,0,6.23,114,147,118,151,290,321,289,"9.787","-9.787",,,314,195,32,17,1,13,94,29.9,24,7.6,2.40231,0.59689,0.28021,-0.27601,"92.1",160,41.75257731958763,10.824742268041238,6.687898089171974,5.87,-1.03,-0.13,2.43,0.28,21,"-0.775515055",0.266,0.36,"0.775515055",0.019,0.014000000000000012,0.063,0.024,33,,,,,,,
1259,669717,"Wilson, Will",2023,1266,99.4,0.236,0.175,0.281,0.411,0.31,0.304,0.226,70,297,88.8,11.1,2230,87.7,87.88,194,620,639,0.20000000000000284,6.3,105,149,115,145,300,321,291,"4.733","-4.733",,,333,216,44,13,0,13,85,25.5,31,9.3,2.43956,0.56183,0.22906,0.07105,"91.5",159,41.2037037037037,6.944444444444445,4.504504504504505,5.74,-0.76,0.06,2.3,0.306,15,"-0.37593328",0.301,0.384,"0.37593328",0.01,0.0050000000000000044,0.027,0.006,31.3,,,,,,,
1255,668751,"Mitchell, Cal",2023,1257,99.8,0.264,0.155,0.358,0.419,0.329,0.312,0.245,73,277,91.2,10.8,2185,87.5,87.54,166,563,692,0,6.26,114,144,116,150,285,317,292,"1.647","-1.647",,,312,188,48,16,0,9,92,29.5,29,9.3,2.48116,0.5465,0.32479,-0.23061,"91.8",157,45.21276595744681,7.9787234042553195,4.807692307692308,5.9,-0.86,-0.09,2.36,0.337,15,"-0.13123506",0.322,0.382,"0.13123506",0.019,0.015000000000000013,0.037,0.017,29.5,,,,,,,
1255,691927,"Terrero, Enmanuel",2023,1266,99.1,0.266,0.144,0.358,0.41,0.344,0.275,0.195,74,278,86.1,3.6,2226,88.1,87.83,171,577,678,-0.29999999999999716,6.18,111,144,103,143,270,304,286,"-5.871","5.871",,,327,194,54,7,6,7,86,26.3,43,13.1,2.22653,0.75773,0.52034,-0.3414,"91.0",132,30.927835051546392,4.123711340206185,2.4464831804281344,5.76,-0.98,-0.14,2.37,0.37,8,"0.467808765",0.315,0.265,"-0.467808765",0.071,0.05499999999999999,0.145,0.069,29.6,,,,,,,
1250,592348,"Goodrum, Niko",2023,1250,100,0.28,0.161,0.351,0.44,0.394,0.394,0.269,61,218,91.4,8.6,2124,88,87.87,129,459,791,-0.09999999999999432,6.24,115,146,116,149,289,317,287,"-20.854","20.854",,,284,159,43,9,1,8,60,21.1,64,22.5,2.29222,0.71264,0.53963,-0.53912,"92.4",154,49.685534591194966,10.062893081761008,5.633802816901409,5.82,-1.1,-0.05,2.32,0.444,16,"1.66832",0.436,0.448,"-1.66832",0.011,0.008000000000000007,-0.008,0,28.1,,,,,,,
1248,657709,"Papierski, Michael",2023,1248,100,0.266,0.156,0.321,0.422,0.347,0.311,0.241,68,256,83.6,17.2,2141,88.6,88.52,112,528,720,-0.09999999999999432,6.22,114,147,120,150,285,314,287,"-4.495","4.495",,,304,195,45,14,1,8,65,21.4,41,13.5,2.24053,0.70569,0.48806,-0.48806,"90.0",151,21.1340206185567,3.608247422680412,2.302631578947368,5.98,-0.93,-0.06,2.4,0.368,7,"0.360176282",0.349,0.337,"-0.360176282",0.025,0.019000000000000017,0.085,0.036,21.2,,,,,,,
1245,650968,"Pozo, Yohel",2023,1245,100,0.306,0.217,0.303,0.523,0.363,0.287,0.253,113,369,86.4,15.7,2222,87.6,87.91,136,781,464,0.30000000000001137,6.27,106,150,121,146,303,327,292,"-18.817","18.817",,,389,332,69,26,0,18,40,10.3,16,4.1,2.54244,0.44998,0.23803,0.00711,"90.7",163,32.62839879154079,3.3232628398791544,2.827763496143959,5.65,-0.53,0.22,2.18,0.334,11,"1.511405622",0.284,0.379,"-1.511405622",0.053,0.050000000000000044,0.144,0.076,17.4,,,,,,,
1243,668791,"Prato, Anthony",2023,1243,100,0.302,0.237,0.387,0.539,0.426,0.366,0.241,70,232,88.8,14,2231,88.6,88.69,109,476,767,0.10000000000000853,6.29,107,150,116,147,296,317,281,"-26.473","26.473",,,299,165,36,23,1,10,69,23.1,59,19.7,2.24249,0.69918,0.27911,0.15161,"91.0",175,36.96969696969697,10.909090909090908,6.0200668896321075,5.96,-1,0.05,2.4,0.452,18,"2.129766693",0.405,0.409,"-2.129766693",0.061,0.046999999999999986,0.13,0.06,22.9,,,,,,,
1242,668853,"Shenton, Austin",2023,1242,100,0.301,0.301,0.397,0.603,0.436,0.342,0.219,66,219,87.3,11.8,2121,87.5,87.61,164,497,745,0.09999999999999432,6.28,111,144,118,149,285,318,292,"-26.273","26.273",,,271,145,28,24,0,14,75,27.7,48,17.7,2.42304,0.59655,0.39722,-0.31334,"90.9",172,35.86206896551724,8.96551724137931,4.797047970479705,5.78,-0.82,-0.11,2.3,0.432,13,"2.115378422",0.366,0.395,"-2.115378422",0.082,0.066,0.208,0.094,33,,,,,,,
1241,666931,"Oliva, Jared",2023,1245,99.7,0.26,0.164,0.316,0.423,0.338,0.297,0.23,73,281,85,12.6,2223,87.9,88.17,132,521,720,0.29999999999999716,6.25,106,150,116,147,304,328,291,"-4.941","4.941",,,320,214,48,12,5,8,67,20.9,31,9.7,2.46408,0.50496,0.2618,0.02437,"91.0",147,30.8411214953271,3.2710280373831773,2.1875,5.76,-0.74,0.17,2.31,0.348,7,"0.398146656",0.322,0.334,"-0.398146656",0.03,0.025999999999999968,0.089,0.041,25.3,,,,,,,
1235,682073,"Hensley, David",2023,1235,100,0.22,0.136,0.307,0.356,0.327,0.336,0.235,52,236,91.2,4.2,2190,88.2,88.45,117,417,818,0.29999999999999716,6.28,108,150,120,147,292,314,282,"-4.043","4.043",,,293,156,34,10,2,6,82,28,54,18.4,2.39104,0.56122,0.3479,0.03099,"92.3",147,45.51282051282051,6.41025641025641,3.4129692832764507,5.79,-0.43,0.09,2.37,0.365,10,"0.327368421",0.377,0.362,"-0.327368421",-0.015,-0.01200000000000001,-0.006,-0.009,28.1,,,,,,,
1235,670242,"Wallner, Matt",2023,1235,100,0.291,0.232,0.399,0.524,0.397,0.359,0.245,74,254,90.7,15.6,2204,88.1,88.07,219,591,644,0,6.27,115,144,121,150,292,321,292,"-15.587","15.587",,,304,169,40,20,3,11,87,28.6,38,12.5,2.3756,0.61193,0.28595,-0.23387,"93.3",150,50.887573964497044,12.42603550295858,6.907894736842106,5.93,-0.88,-0.13,2.45,0.401,21,"1.262105263",0.363,0.456,"-1.262105263",0.046,0.038000000000000034,0.068,0.038,37.1,,,,,,,
1231,805297,"Sayre, Alec",2023,1231,100,0.214,0.064,0.303,0.278,0.296,0.291,0.193,50,234,84.7,11.3,2266,87.7,87.6,140,466,765,-0.10000000000000853,6.22,105,146,116,144,287,305,269,"8.743","-8.743",,,288,158,42,4,1,3,79,27.4,48,16.7,2.25736,0.75014,0.40729,0.13872,"90.3",153,28.662420382165603,5.095541401273886,2.7777777777777777,5.81,-0.71,0.11,2.45,0.351,8,"-0.710235581",0.337,0.274,"0.710235581",0.021,0.013999999999999957,0.004,0.005,30,,,,,,,
1231,687952,"Encarnacion-Strand, Christian",2023,1231,100,0.331,0.306,0.377,0.637,0.435,0.381,0.283,92,278,90.9,17.7,2192,87.6,87.7,177,642,589,0.10000000000000853,6.28,105,150,118,146,297,317,291,"-27.199","27.199",,,315,211,49,21,2,20,69,21.9,32,10.2,2.41544,0.59692,0.25973,-0.02014,"92.3",162,48.57142857142857,12.380952380952381,8.253968253968253,5.89,-0.58,0.08,2.39,0.403,26,"2.209504468",0.362,0.529,"-2.209504468",0.048,0.041000000000000036,0.108,0.054,27.6,,,,,,,
1230,682040,"Qsar, Jordan",2023,1230,100,0.249,0.21,0.359,0.459,0.364,0.335,0.203,58,233,90.8,18.5,2185,88,87.96,169,470,760,0,6.31,115,146,118,150,291,323,292,"-12.299","12.299",,,286,142,33,12,2,11,94,32.9,46,16.1,2.41251,0.58646,0.42015,-0.28153,"92.4",174,41.843971631205676,14.184397163120568,6.993006993006993,5.97,-1.01,-0.16,2.32,0.378,20,"0.999918699",0.343,0.412,"-0.999918699",0.046,0.034999999999999976,0.047,0.029,36,,,,,,,
1223,605548,"Zimmer, Bradley",2023,1223,100,0.208,0.135,0.331,0.342,0.298,0.285,0.196,54,260,86.8,-1.3,2183,88.8,88.91,235,565,658,0.10000000000000853,6.27,114,146,113,150,289,323,297,"10.3","-10.3",,,302,147,37,7,2,8,113,37.4,32,10.6,2.22879,0.69733,0.40351,-0.24732,"91.0",133,38.775510204081634,6.802721088435375,3.3112582781456954,5.79,-1,-0.08,2.5,0.318,10,"-0.842191333",0.308,0.312,"0.842191333",0.012,0.010000000000000009,0.03,0.013,41.6,,,,,,,
1222,553988,"Machado, Dixon",2023,1225,99.8,0.22,0.127,0.247,0.347,0.324,0.32,0.227,52,236,84.8,9.5,2220,88.4,88.72,70,433,789,0.29999999999999716,6.32,107,149,117,145,290,312,282,"0.871","-0.871",,,290,189,37,7,1,7,48,16.6,51,17.6,2.38678,0.5494,0.30675,0.08879,"90.5",134,24.867724867724867,4.232804232804233,2.7586206896551726,5.76,-0.97,0.04,2.32,0.362,8,"-0.071276596",0.37,0.319,"0.071276596",-0.007,-0.008000000000000007,0.028,0.004,16.2,,,,,,,
1222,669087,"Huff, Sam",2023,1222,100,0.298,0.25,0.358,0.548,0.402,0.376,0.269,81,272,91.1,8.6,2251,87.4,87.58,180,593,629,0.19999999999998863,6.27,109,149,120,145,298,322,291,"-19.096","19.096",,,319,196,47,17,0,17,78,24.5,42,13.2,2.53181,0.48688,0.11248,-0.02939,"92.4",164,47.42268041237113,13.402061855670103,8.150470219435736,5.74,-0.64,0.09,2.28,0.395,26,"1.562684124",0.373,0.498,"-1.562684124",0.029,0.02200000000000002,0.05,0.026,30.4,,,,,,,
1220,592656,"Ramos, Henry",2023,1223,99.8,0.313,0.227,0.368,0.54,0.405,0.355,0.271,87,278,89.5,12.5,2150,87.7,87.85,160,611,609,0.09999999999999432,6.25,111,147,115,149,290,317,294,"-17.708","17.708",,,323,214,53,18,3,13,65,20.1,40,12.4,2.42107,0.5747,0.41242,-0.41242,"91.4",148,39.906103286384976,7.981220657276995,5.263157894736842,5.92,-0.65,-0.1,2.39,0.406,17,"1.45147541",0.37,0.443,"-1.45147541",0.042,0.03600000000000003,0.097,0.05,26.2,,,,,,,
1217,677008,"Kjerstad, Heston",2023,1217,100,0.298,0.2,0.356,0.498,0.372,0.373,0.298,88,295,89.6,11.9,2180,87.5,87.52,166,626,591,0,6.26,114,146,122,151,294,320,294,"-13.782","13.782",,,336,229,54,19,5,10,69,20.5,26,7.7,2.48136,0.53862,0.2749,-0.14683,"91.7",162,42.857142857142854,9.956709956709958,6.845238095238096,5.78,-0.54,-0.13,2.32,0.369,23,"1.132456861",0.369,0.498,"-1.132456861",0,0,0,-0.001,26.5,,,,,,,
1212,656976,"Smith, Pavin",2023,1212,100,0.318,0.188,0.36,0.506,0.402,0.365,0.276,76,239,88.9,12.1,2206,87.5,87.72,94,497,715,0.20000000000000284,6.26,114,146,121,150,296,329,300,"-21.012","21.012",,,288,195,51,14,2,9,47,16.3,44,15.3,2.53026,0.48075,0.30374,-0.28914,"91.6",156,39.175257731958766,7.216494845360824,4.861111111111112,5.65,-0.74,-0.04,2.29,0.424,14,"1.733663366",0.392,0.425,"-1.733663366",0.042,0.03199999999999997,0.081,0.037,18.9,,,,,,,
1212,682848,"Rodríguez, Endy",2023,1215,99.8,0.263,0.139,0.3,0.402,0.331,0.329,0.245,70,266,87.3,16.6,2148,88,88,121,551,661,0,6.24,114,147,115,149,288,317,288,"-0.237","0.237",,,307,222,46,16,3,5,47,15.3,36,11.7,2.403,0.58204,0.41789,-0.41789,"91.6",166,31.98198198198198,6.306306306306306,4.5602605863192185,5.92,-0.99,-0.12,2.37,0.352,14,"0.019554455",0.34,0.392,"-0.019554455",0.018,0.011999999999999955,0.01,0.002,22,,,,,,,
1210,692944,"Villavicencio, Kevin",2023,1211,99.9,0.234,0.061,0.278,0.295,0.263,0.258,0.228,73,312,84.3,7,2254,87.5,87.46,146,631,579,0,6.23,104,146,115,145,289,307,278,"19.193","-19.193",,,340,257,60,9,2,2,57,16.8,22,6.5,2.31984,0.69981,0.43343,0.16121,"90.0",139,23.046875,0,0,5.74,-0.9,0.26,2.41,0.291,0,"-1.586198347",0.286,0.281,"1.586198347",0.006,0.0050000000000000044,0.014,0.005,23.1,,,,,,,
1210,666906,"Alu, Jake",2023,1217,99.4,0.291,0.133,0.326,0.425,0.339,0.324,0.27,83,285,87.9,11.1,2160,87.9,88.03,93,533,677,0.09999999999999432,6.32,114,145,110,150,284,317,294,"-4.276","4.276",,,321,244,56,21,1,5,46,14.3,29,9,2.35109,0.63432,0.38738,-0.22803,"91.1",163,35.24590163934426,4.098360655737705,3.115264797507788,5.79,-0.89,-0.13,2.33,0.355,10,"0.35338843",0.339,0.399,"-0.35338843",0.021,0.01599999999999996,0.026,0.015,17.4,,,,,,,
1209,670276,"Stevenson, Cal",2023,1216,99.4,0.245,0.16,0.301,0.406,0.363,0.345,0.229,52,212,85.6,10.4,2159,88.2,88.18,89,419,790,0,6.23,113,146,107,149,287,320,297,"-7.344","7.344",,,282,152,36,7,0,9,67,23.8,60,21.3,2.32828,0.65479,0.39074,-0.24885,"90.4",145,31.57894736842105,5.263157894736842,2.8368794326241136,5.92,-1.02,-0.11,2.27,0.408,8,"0.607444169",0.399,0.346,"-0.607444169",0.016,0.008999999999999952,0.06,0.018,21.2,,,,,,,
1205,685313,"Dunham, Elijah",2023,1205,100,0.216,0.124,0.301,0.34,0.303,0.285,0.195,56,259,87.1,13.7,2168,87.7,87.76,156,482,723,0.09999999999999432,6.29,115,145,117,150,291,322,290,"8.655","-8.655",,,303,172,37,12,1,6,87,28.7,39,12.9,2.42345,0.58539,0.43431,-0.25903,"91.2",146,33.13953488372093,5.813953488372093,3.3003300330033,5.79,-0.5,-0.16,2.28,0.33,10,"-0.718257261",0.312,0.308,"0.718257261",0.021,0.018000000000000016,0.032,0.018,32.4,,,,,,,
1205,685712,"Planchart, Geovanny",2023,1205,100,0.226,0.1,0.29,0.326,0.3,0.274,0.208,54,239,86,14.4,2260,87.9,87.71,103,491,714,-0.20000000000000284,6.18,107,147,118,146,286,305,274,"4.452","-4.452",,,281,179,37,13,1,3,62,22.1,38,13.5,2.17876,0.8143,0.44962,0.06321,"90.1",160,26.40449438202247,0.5617977528089888,0.3558718861209964,5.79,-0.67,0.2,2.46,0.335,1,"-0.369460581",0.32,0.263,"0.369460581",0.018,0.015000000000000013,0.063,0.026,21,,,,,,,
1202,681540,"Neuse, Dylan",2023,1204,99.8,0.237,0.124,0.284,0.361,0.317,0.294,0.212,57,241,85.5,15.3,2281,87.5,87.36,145,593,609,-0.09999999999999432,6.23,105,147,115,146,291,307,276,"2.427","-2.427",,,292,193,37,13,4,3,54,18.5,42,14.4,2.31557,0.70523,0.34119,0.04907,"90.2",161,32.12435233160622,3.1088082901554404,2.054794520547945,5.77,-0.74,0.16,2.36,0.349,6,"-0.201913478",0.332,0.304,"0.201913478",0.025,0.01699999999999996,0.057,0.023,24.5,,,,,,,
1201,691016,"Soderstrom, Tyler",2023,1201,100,0.252,0.275,0.28,0.526,0.348,0.326,0.24,77,306,91.6,11,2200,87.8,88.06,156,608,593,0.29999999999999716,6.29,114,146,120,150,292,325,299,"0.729","-0.729",,,333,221,37,17,2,21,88,26.4,23,6.9,2.49015,0.49585,0.27427,-0.17018,"92.7",164,47.05882352941176,12.669683257918551,8.408408408408409,5.69,-0.63,-0.02,2.24,0.303,28,"-0.060699417",0.293,0.475,"0.060699417",0.012,0.010000000000000009,0.051,0.022,25.7,,,,,,,
1200,691905,"Rosario, Ricardo",2023,1212,99,0.234,0.125,0.271,0.359,0.312,0.283,0.209,58,248,85.4,11.7,2291,87.9,87.87,151,540,660,0,6.28,105,146,110,145,291,309,277,"4.525","-4.525",,,293,195,43,6,2,7,57,19.5,35,11.9,2.26492,0.72482,0.34316,0.06843,"90.2",150,25.128205128205128,2.051282051282051,1.3651877133105803,5.8,-0.86,0.18,2.42,0.338,4,"-0.377083333",0.322,0.283,"0.377083333",0.025,0.016000000000000014,0.076,0.029,28,,,,,,,
1199,621311,"Dahl, David",2023,1199,100,0.278,0.189,0.311,0.466,0.353,0.322,0.25,78,281,88.7,13.1,2199,88,88.23,144,635,564,0.20000000000000284,6.29,114,146,122,150,294,323,298,"-1.799","1.799",,,313,231,43,26,0,9,50,16,31,9.9,2.39679,0.57655,0.32269,-0.23673,"91.2",168,40.692640692640694,4.761904761904762,3.5143769968051117,5.69,-0.93,-0.11,2.35,0.351,11,"0.150041701",0.327,0.409,"-0.150041701",0.028,0.023999999999999966,0.057,0.031,22.7,,,,,,,
1199,672640,"Lopez, Otto",2023,1203,99.7,0.26,0.086,0.309,0.346,0.293,0.291,0.257,82,315,86.8,3.5,2185,87.7,87.76,112,575,624,0.09999999999999432,6.24,105,148,109,146,296,313,280,"7.271","-7.271",,,342,261,65,9,6,2,55,16.1,23,6.7,2.3844,0.61696,0.33986,0.05211,"91.0",126,32.95019157088122,1.9157088122605364,1.461988304093567,5.84,-0.71,0.1,2.29,0.316,5,"-0.606422018",0.313,0.337,"0.606422018",0.003,0.0030000000000000027,0.009,0.002,19.5,,,,,,,
1192,656509,"Harrison, Monte",2023,1193,99.9,0.209,0.108,0.362,0.317,0.265,0.262,0.197,56,268,91.7,1.1,2227,88.4,88.51,244,588,604,0.09999999999999432,6.23,106,150,116,146,301,319,290,"20.177","-20.177",,,295,146,38,12,1,5,123,41.7,22,7.5,2.29643,0.65971,0.29498,0.00426,"92.4",148,50,10.95890410958904,5.423728813559322,5.83,-0.81,0.02,2.35,0.278,16,"-1.692701342",0.268,0.317,"1.692701342",0.012,0.010000000000000009,0,0.003,41.5,,,,,,,
1190,657144,"Yurchak, Justin",2023,1191,99.9,0.258,0.133,0.296,0.392,0.34,0.306,0.235,62,240,85.5,8.5,2198,89.1,89.19,94,462,728,0.10000000000000853,6.25,112,144,119,149,291,319,296,"-2.047","2.047",,,286,195,43,12,1,6,47,16.4,42,14.7,2.31374,0.58872,0.40352,-0.22566,"90.4",149,25.64102564102564,1.0256410256410255,0.6993006993006993,5.62,-0.7,-0.13,2.36,0.371,2,"0.172016807",0.352,0.312,"-0.172016807",0.023,0.019000000000000017,0.08,0.034,20.3,,,,,,,
1189,691594,"Sanoja, Javier",2023,1195,99.5,0.303,0.094,0.325,0.397,0.326,0.277,0.258,90,297,85.6,7.9,2300,88.4,88.39,70,596,593,0,6.3,104,145,111,145,290,302,271,"-3.218","3.218",,,321,275,70,13,6,1,24,7.5,22,6.9,2.18944,0.76823,0.39613,0.15486,"90.0",140,24.087591240875913,0,0,5.78,-0.91,0.07,2.41,0.349,0,"0.270647603",0.307,0.31,"-0.270647603",0.045,0.04199999999999998,0.087,0.049,11.7,,,,,,,
1188,687012,"Aguilar, Tayler",2023,1188,100,0.169,0.143,0.244,0.312,0.275,0.291,0.183,40,237,89.3,17.1,2229,87.7,87.6,209,522,666,-0.10000000000000853,6.26,111,144,117,144,282,308,284,"10.8","-10.8",,,281,142,20,13,0,7,97,34.5,36,12.8,2.25025,0.75718,0.51718,-0.38098,"92.3",147,45.07042253521127,12.676056338028168,6.405693950177936,5.74,-0.61,-0.18,2.4,0.292,18,"-0.909090909",0.304,0.343,"0.909090909",-0.014,-0.01200000000000001,-0.031,-0.016,40,,,,,,,
1187,621453,"Duggar, Steven",2023,1187,100,0.242,0.167,0.359,0.41,0.338,0.296,0.197,55,227,86.8,16.8,2165,88.2,88.41,175,493,694,0.20000000000000284,6.28,112,145,115,149,290,322,298,"-1.808","1.808",,,270,137,35,11,0,9,92,34.1,40,14.8,2.38773,0.56203,0.35969,-0.26845,"90.5",164,30.656934306569344,8.02919708029197,4.074074074074074,5.71,-1.02,-0.1,2.33,0.356,11,"0.152316765",0.318,0.332,"-0.152316765",0.045,0.03799999999999998,0.078,0.042,35.5,,,,,,,
1183,683679,"Rodriguez, Jesus",2023,1183,100,0.297,0.129,0.339,0.426,0.351,0.321,0.264,90,303,87.7,14.3,2251,87.2,87.12,148,621,562,-0.10000000000000853,6.27,105,145,117,145,292,310,280,"-8.827","8.827",,,347,254,66,15,3,6,52,15,37,10.7,2.34325,0.70753,0.33197,0.02593,"91.0",154,30.708661417322837,3.543307086614173,2.5936599423631126,5.76,-0.51,0.14,2.4,0.376,9,"0.746153846",0.347,0.375,"-0.746153846",0.033,0.029000000000000026,0.051,0.03,23.8,,,,,,,
1183,668664,"Strumpf, Chase",2023,1183,100,0.212,0.23,0.281,0.442,0.35,0.308,0.187,46,217,86.3,21.9,2209,87.9,88.06,188,503,680,0.19999999999998863,6.29,106,152,117,147,290,311,284,"-6.747","6.747",,,267,128,25,6,1,14,90,33.7,44,16.5,2.41075,0.57873,0.21622,0.07039,"90.3",159,29.6875,8.59375,4.119850187265917,5.92,-1.07,0.14,2.35,0.356,11,"0.57032967",0.336,0.336,"-0.57032967",0.025,0.019999999999999962,0.106,0.042,37.4,,,,,,,
1179,683504,"Nadal, Deivis",2023,1189,99.2,0.2,0.178,0.292,0.378,0.317,0.255,0.157,46,230,83.5,22.4,2247,88.3,88.15,176,507,672,-0.09999999999999432,6.21,109,142,101,143,270,301,282,"3.353","-3.353",,,277,138,23,13,2,8,93,33.6,41,14.8,2.12372,0.83807,0.56404,-0.4561,"89.9",144,23.357664233576642,2.18978102189781,1.083032490974729,5.73,-1.16,-0.17,2.45,0.332,3,"-0.284393554",0.297,0.229,"0.284393554",0.043,0.03500000000000003,0.149,0.062,34.7,,,,,,,
1175,621529,"Hudson, Joe",2023,1175,100,0.233,0.164,0.313,0.397,0.344,0.303,0.193,51,219,86.6,15.7,2200,87.6,87.76,113,444,731,0.20000000000000284,6.31,106,149,118,145,295,316,290,"-3.123","3.123",,,271,143,33,9,0,9,78,28.8,44,16.2,2.37974,0.62301,0.28452,-0.0698,"90.6",158,37.06293706293706,7.6923076923076925,4.059040590405904,5.84,-0.49,0.14,2.35,0.373,11,"0.265787234",0.342,0.309,"-0.265787234",0.04,0.030999999999999972,0.088,0.041,25.5,,,,,,,
1173,676349,"Rothenberg, Mike",2023,1174,99.9,0.229,0.225,0.333,0.453,0.349,0.284,0.174,54,236,88,18.6,2178,88,87.94,206,530,643,-0.09999999999999432,6.26,109,144,118,143,289,314,287,"-2.635","2.635",,,281,138,26,15,1,12,99,35.2,39,13.9,2.22812,0.75352,0.56301,-0.56301,"91.0",163,37.68115942028986,7.971014492753622,3.9145907473309607,5.77,-1.05,-0.03,2.41,0.349,11,"0.224637681",0.304,0.313,"-0.224637681",0.055,0.044999999999999984,0.14,0.065,38.9,,,,,,,
1172,641786,"Lewis, Kyle",2023,1172,100,0.371,0.27,0.426,0.641,0.462,0.414,0.307,92,248,92.4,12.5,2224,88.2,88.66,130,535,637,0.5,6.31,104,149,119,148,304,329,297,"-33.907","33.907",,,293,193,59,16,0,17,58,19.8,39,13.3,2.43116,0.51141,0.31654,0.04846,"92.2",178,47.66839378238342,12.953367875647666,8.532423208191126,5.69,-0.5,0.08,2.33,0.457,25,"2.893088737",0.404,0.574,"-2.893088737",0.064,0.05299999999999999,0.067,0.048,24.3,,,,,,,
1172,687426,"Santiago, Glenn",2023,1173,99.9,0.247,0.113,0.304,0.36,0.319,0.305,0.229,61,247,84.1,5.3,2303,87.8,87.66,162,564,608,-0.09999999999999432,6.22,105,146,117,145,287,306,271,"0.242","-0.242",,,293,189,45,9,2,5,62,21.2,37,12.6,2.26435,0.7398,0.31081,0.06883,"90.1",151,25.925925925925924,4.761904761904762,3.0716723549488054,5.78,-0.86,0.27,2.38,0.352,9,"-0.020648464",0.338,0.33,"0.020648464",0.018,0.013999999999999957,0.03,0.014,28.7,,,,,,,
1171,680869,"Gelof, Zack",2023,1172,99.9,0.304,0.224,0.41,0.529,0.397,0.355,0.248,80,263,89.5,12.1,2213,88.1,88.34,183,524,647,0.20000000000000284,6.28,108,150,117,146,300,326,294,"-18.989","18.989",,,306,178,46,21,1,12,86,28.1,40,13.1,2.41358,0.54612,0.32548,0.06693,"92.0",158,42.69662921348314,12.359550561797752,7.18954248366013,5.65,-0.71,0.09,2.3,0.399,22,"1.621605465",0.351,0.468,"-1.621605465",0.056,0.04800000000000004,0.061,0.042,34.9,,,,,,,
1168,678246,"Vargas, Miguel",2023,1168,100,0.288,0.191,0.341,0.479,0.386,0.342,0.241,68,236,87.7,17.4,2228,88.5,88.74,98,474,694,0.20000000000000284,6.25,107,149,120,145,299,321,289,"-13.948","13.948",,,285,180,43,15,0,10,57,20,46,16.1,2.36647,0.56725,0.32614,0.10394,"90.8",171,34.07821229050279,6.70391061452514,4.2105263157894735,5.63,-0.47,0.13,2.33,0.407,12,"1.194178082",0.37,0.394,"-1.194178082",0.047,0.03699999999999998,0.085,0.044,20.7,,,,,,,
1168,701833,"Viars, Jordan",2023,1170,99.8,0.211,0.135,0.279,0.346,0.295,0.273,0.191,56,266,86.7,12.1,2224,87.7,87.56,170,543,625,-0.10000000000000853,6.25,113,144,116,143,282,312,285,"9.805","-9.805",,,308,185,33,16,1,6,83,26.9,26,8.4,2.262,0.74511,0.49429,-0.42734,"91.4",147,34.78260869565217,5.978260869565218,3.571428571428571,5.81,-1.07,-0.1,2.34,0.312,11,"-0.839469178",0.296,0.3,"0.839469178",0.02,0.016000000000000014,0.046,0.022,31.3,,,,,,,
1168,669137,"Alvarez, Armando",2023,1168,100,0.308,0.273,0.31,0.581,0.402,0.349,0.268,80,260,88.1,15.7,2204,88,88.2,91,500,668,0.20000000000000284,6.29,106,149,117,145,304,324,291,"-19.013","19.013",,,298,218,46,15,1,18,47,15.8,32,10.7,2.40556,0.57013,0.31727,0.03314,"91.3",176,37.15596330275229,8.715596330275229,6.375838926174497,5.7,-0.3,0.15,2.27,0.379,19,"1.627825342",0.345,0.463,"-1.627825342",0.04,0.03400000000000003,0.118,0.053,18.2,,,,,,,
1167,806368,"Houghton, Maddux",2023,1169,99.8,0.218,0.121,0.313,0.339,0.297,0.275,0.186,54,248,84.9,18.1,2268,87.9,87.75,168,544,623,-0.20000000000000284,6.22,104,146,115,145,288,305,274,"8.76","-8.76",,,293,164,35,12,3,4,88,30,39,13.3,2.18526,0.80594,0.43747,0.1396,"90.2",167,26.21951219512195,4.878048780487805,2.7303754266211606,5.8,-0.66,0.1,2.42,0.324,8,"-0.750642674",0.301,0.295,"0.750642674",0.032,0.02300000000000002,0.044,0.022,30.9,,,,,,,
1160,663845,"Rivas III, Alfonso",2023,1161,99.9,0.333,0.251,0.403,0.585,0.445,0.375,0.274,69,207,89.4,12.2,2197,87.9,88.29,111,440,720,0.3999999999999915,6.29,114,146,119,150,293,322,303,"-26.491","26.491",,,258,158,38,19,3,9,50,19.4,48,18.6,2.39781,0.57063,0.32388,-0.31512,"92.1",167,44.303797468354425,6.329113924050633,3.875968992248062,5.62,-1.05,-0.08,2.29,0.461,10,"2.283706897",0.415,0.425,"-2.283706897",0.059,0.04600000000000004,0.16,0.07,25.2,,,,,,,
1153,676198,"Pinder, Chase",2023,1155,99.8,0.265,0.152,0.346,0.417,0.363,0.309,0.204,59,223,84.7,8.5,2214,88.2,88.45,114,421,732,0.20000000000000284,6.33,103,149,115,145,291,317,284,"-10.903","10.903",,,276,159,37,16,0,6,66,23.9,47,17,2.29827,0.66809,0.29699,0.01897,"90.3",152,24.203821656050955,5.095541401273886,2.898550724637681,5.78,-0.64,0.09,2.33,0.399,8,"0.945620121",0.352,0.311,"-0.945620121",0.061,0.04700000000000004,0.106,0.054,27.1,,,,,,,
1153,621433,"Phillips, Brett",2023,1158,99.6,0.232,0.137,0.35,0.37,0.324,0.285,0.197,49,211,87.8,17.1,2206,88.8,89.1,148,499,654,0.29999999999999716,6.25,113,145,112,149,291,324,295,"2.276","-2.276",,,259,129,35,5,3,6,87,33.6,42,16.2,2.30837,0.6156,0.40038,-0.28874,"89.8",172,25.581395348837212,3.10077519379845,1.5444015444015444,5.7,-1.08,-0.08,2.38,0.355,4,"-0.197398092",0.328,0.283,"0.197398092",0.035,0.02699999999999997,0.087,0.039,29.7,,,,,,,
1146,666310,"Naylor, Bo",2023,1146,100,0.253,0.244,0.273,0.498,0.377,0.372,0.261,55,217,90.8,15.4,2221,88.2,88.21,106,459,687,0,6.26,114,144,119,149,287,318,288,"-10.416","10.416",,,264,167,29,12,1,13,52,19.7,43,16.3,2.3964,0.58292,0.29336,-0.2647,"92.0",164,44.91017964071856,10.179640718562874,6.4393939393939394,5.95,-0.65,-0.07,2.36,0.379,17,"0.908900524",0.386,0.467,"-0.908900524",-0.008,-0.007000000000000006,0.031,0.005,23.1,,,,,,,
1145,640459,"Navarreto, Brian",2023,1146,99.9,0.234,0.147,0.278,0.381,0.3,0.283,0.216,62,265,85,12,2198,87,87.13,145,551,594,0.09999999999999432,6.28,106,150,118,144,296,318,290,"7.866","-7.866",,,299,205,39,14,2,7,63,21.1,27,9,2.54367,0.51385,0.22774,0.00559,"90.7",137,30.88235294117647,5.392156862745098,3.678929765886288,5.81,-0.64,0.11,2.25,0.306,11,"-0.6869869",0.295,0.336,"0.6869869",0.018,0.01100000000000001,0.045,0.017,26.3,,,,,,,
1144,682650,"Nuñez, Malcom",2023,1144,100,0.243,0.118,0.299,0.361,0.303,0.314,0.245,62,255,89,11.9,2274,87.5,87.46,156,528,616,0,6.23,106,150,119,146,293,318,286,"10.772","-10.772",,,287,191,46,9,0,7,66,23,21,7.3,2.48931,0.52828,0.14672,0.00563,"91.7",143,37.89473684210527,6.842105263157896,4.529616724738676,5.83,-0.82,0.21,2.22,0.321,13,"-0.941608392",0.324,0.383,"0.941608392",-0.002,-0.0030000000000000027,-0.022,-0.011,29.5,,,,,,,
1141,665154,"Proctor, Ford",2023,1148,99.4,0.222,0.107,0.27,0.329,0.312,0.312,0.208,50,225,87.9,9.6,2164,87.9,87.99,136,489,652,0.09999999999999432,6.32,113,146,109,150,289,321,300,"3.921","-3.921",,,277,169,38,6,0,6,60,21.7,46,16.6,2.37346,0.61892,0.35973,-0.35488,"91.0",147,37.278106508875744,5.9171597633136095,3.6101083032490973,5.72,-1.14,-0.16,2.3,0.354,10,"-0.343645925",0.348,0.322,"0.343645925",0.014,0.006000000000000005,0.007,0,27.8,,,,,,,
1139,687957,"Harris, Dustin",2023,1139,100,0.273,0.182,0.331,0.455,0.364,0.296,0.216,66,242,84,18.5,2213,87.8,88.09,125,524,615,0.29999999999999716,6.31,113,145,112,149,293,322,296,"-14.574","14.574",,,287,181,43,11,3,9,63,22,39,13.6,2.48323,0.50011,0.30477,-0.23662,"90.4",157,22.099447513812155,3.314917127071823,2.0905923344947737,5.71,-0.89,-0.14,2.32,0.38,6,"1.279543459",0.333,0.31,"-1.279543459",0.057,0.046999999999999986,0.145,0.068,23.9,,,,,,,
1136,665019,"Clemens, Kody",2023,1137,99.9,0.253,0.309,0.259,0.562,0.392,0.372,0.247,59,233,91.5,19.3,2143,88.7,88.68,114,484,652,0,6.25,115,146,114,150,287,321,295,"-11.525","11.525",,,277,176,27,10,4,18,58,20.9,42,15.2,2.26952,0.67125,0.4534,-0.25998,"92.0",171,49.43181818181818,14.772727272727273,9.386281588447654,5.95,-1.01,-0.17,2.41,0.368,26,"1.014524648",0.363,0.506,"-1.014524648",0.006,0.0050000000000000044,0.056,0.02,23.6,,,,,,,
1134,672820,"Sosa, Lenyn",2023,1136,99.8,0.268,0.237,0.306,0.505,0.345,0.283,0.226,77,287,89.3,14.7,2197,87.7,87.74,158,555,579,0,6.27,106,150,118,146,294,316,284,"-1.507","1.507",,,306,213,43,17,0,17,75,24.5,18,5.9,2.38633,0.61538,0.29125,0.02279,"91.8",172,43.66197183098591,7.042253521126761,4.901960784313726,5.8,-0.76,0.14,2.27,0.31,15,"0.132892416",0.271,0.385,"-0.132892416",0.042,0.03899999999999998,0.12,0.062,28.5,,,,,,,
1132,672724,"Peraza, Oswald",2023,1132,100,0.268,0.211,0.289,0.479,0.36,0.312,0.238,70,261,85.2,11.3,2187,88.3,88.43,169,580,552,0.10000000000000853,6.29,107,150,117,147,295,326,289,"-9.396","9.396",,,300,208,45,9,2,14,55,18.3,29,9.7,2.31742,0.64197,0.3318,0.07401,"91.3",139,36.05769230769231,6.25,4.333333333333334,5.82,-0.7,0.21,2.29,0.357,13,"0.830035336",0.331,0.367,"-0.830035336",0.03,0.025999999999999968,0.112,0.048,29.1,,,,,,,
1128,689172,"Wisely, Brett",2023,1140,98.9,0.258,0.188,0.336,0.446,0.371,0.34,0.22,55,213,87.5,16.7,2210,88.5,88.65,121,469,659,0.09999999999999432,6.29,112,144,107,149,292,321,297,"-9.434","9.434",,,268,152,28,20,1,6,64,23.9,47,17.5,2.34366,0.60106,0.30583,-0.29682,"90.6",165,32.23684210526316,7.236842105263158,4.104477611940299,5.77,-1.01,-0.07,2.36,0.399,11,"0.836347518",0.373,0.37,"-0.836347518",0.038,0.026000000000000023,0.076,0.031,25.8,,,,,,,
1124,676059,"Westburg, Jordan",2023,1124,100,0.295,0.272,0.328,0.567,0.397,0.362,0.267,79,268,91.5,14.1,2217,87.3,87.37,163,539,585,0.10000000000000853,6.33,107,150,119,145,300,319,286,"-16.813","16.813",,,300,204,44,15,2,18,64,21.3,28,9.3,2.41373,0.62317,0.24639,0.03875,"92.6",166,51.231527093596064,10.83743842364532,7.333333333333333,5.83,-0.89,0.04,2.22,0.37,22,"1.495818505",0.346,0.497,"-1.495818505",0.028,0.02400000000000002,0.07,0.035,30.2,,,,,,,
1116,692371,"Espinoza, Lizandro",2023,1125,99.2,0.185,0.093,0.242,0.278,0.25,0.246,0.185,50,270,84.2,18,2275,88.1,88.02,175,560,556,-0.09999999999999432,6.24,104,144,109,144,287,302,274,"18.62","-18.62",,,308,194,34,11,1,4,80,26,29,9.4,2.17285,0.80043,0.46862,0.12021,"90.0",148,21.875,2.083333333333333,1.2987012987012987,5.74,-0.87,0.22,2.36,0.273,4,"-1.668458781",0.274,0.258,"1.668458781",0,-0.0010000000000000009,0.02,0.004,31.3,,,,,,,
1116,675649,"Miller, Brian",2023,1126,99.1,0.228,0.084,0.29,0.312,0.282,0.288,0.235,60,263,86.6,13.1,2176,87.7,87.92,151,543,573,0.20000000000000284,6.33,113,147,108,150,285,316,289,"10.219","-10.219",,,302,202,45,10,3,2,65,21.5,32,10.6,2.35434,0.6537,0.32539,-0.29079,"90.5",153,28.217821782178216,0.9900990099009901,0.6622516556291391,5.8,-1.07,-0.19,2.39,0.315,2,"-0.915681004",0.323,0.306,"0.915681004",-0.007,-0.008000000000000007,0.006,-0.006,27.8,,,,,,,
1115,691710,"Perozo, Vincent",2023,1115,100,0.239,0.164,0.324,0.403,0.321,0.287,0.208,64,268,86.1,17.8,2177,87.4,87.43,211,611,504,0,6.23,112,145,117,145,284,311,289,"4.697","-4.697",,,307,181,38,16,2,8,89,29,27,8.8,2.29528,0.72869,0.56585,-0.54107,"91.2",156,35.35911602209944,7.734806629834254,4.5602605863192185,5.78,-1.03,-0.3,2.44,0.329,14,"-0.421255605",0.303,0.327,"0.421255605",0.031,0.026000000000000023,0.076,0.034,34.5,,,,,,,
1115,664058,"Fletcher, David",2023,1115,100,0.33,0.098,0.345,0.428,0.354,0.318,0.302,115,348,83.5,7.8,2198,88.7,88.98,55,565,550,0.29999999999999716,6.24,108,149,113,146,299,320,280,"-6.93","6.93",,,379,326,92,16,3,4,24,6.3,26,6.9,2.33656,0.58033,0.38952,0.1837,"90.0",142,17.177914110429448,0,0,5.78,-0.95,0.01,2.33,0.38,0,"0.621524664",0.356,0.354,"-0.621524664",0.028,0.02400000000000002,0.074,0.036,9.7,,,,,,,
1114,665648,"Genovés, Ricardo",2023,1114,100,0.218,0.125,0.291,0.343,0.296,0.276,0.199,54,248,86.2,15.8,2227,87.5,87.65,151,498,616,0.09999999999999432,6.29,106,150,120,146,301,322,292,"7.934","-7.934",,,287,171,35,13,0,6,79,27.5,31,10.8,2.44119,0.57353,0.22477,0.00097,"90.7",149,33.91812865497076,4.678362573099415,2.7874564459930316,5.71,-0.36,0.05,2.38,0.317,8,"-0.712208259",0.301,0.301,"0.712208259",0.019,0.016000000000000014,0.042,0.02,30.3,,,,,,,
1114,669208,"Bliss, Ryan",2023,1116,99.8,0.24,0.203,0.277,0.443,0.339,0.286,0.203,59,246,86.4,9.8,2256,88.7,88.79,138,525,589,0.09999999999999432,6.24,106,150,113,147,296,319,286,"0.985","-0.985",,,286,184,35,9,4,11,64,22.4,34,11.9,2.30146,0.64074,0.31002,0.0805,"90.5",156,29.120879120879124,4.945054945054945,3.146853146853147,5.69,-0.86,0.06,2.29,0.339,9,"-0.088420108",0.308,0.321,"0.088420108",0.037,0.031000000000000028,0.122,0.053,26.3,,,,,,,
1113,676551,"Hicklen, Brewer",2023,1113,100,0.232,0.207,0.288,0.44,0.342,0.355,0.235,56,241,91.1,15.3,2199,88,88.11,147,483,630,0.09999999999999432,6.26,106,150,118,146,296,320,290,"-6.334","6.334",,,284,172,27,17,3,9,70,24.6,35,12.3,2.34116,0.63832,0.2987,0.00722,"92.3",160,47.093023255813954,12.790697674418606,7.746478873239436,5.85,-0.75,0.18,2.37,0.345,22,"0.569092543",0.348,0.47,"-0.569092543",-0.003,-0.0030000000000000027,-0.03,-0.013,30.4,,,,,,,
1112,702544,"Reimer, Jacob",2023,1112,100,0.291,0.104,0.354,0.396,0.369,0.329,0.23,67,230,87.1,8.7,2266,87.3,87.31,77,403,709,0,6.26,105,144,115,145,291,308,279,"-8.826","8.826",,,287,180,53,9,0,5,53,18.5,41,14.3,2.34734,0.68652,0.42256,0.19289,"91.0",145,31.11111111111111,3.3333333333333335,2.0905923344947737,5.76,-0.8,0.13,2.39,0.422,6,"0.793705036",0.375,0.335,"-0.793705036",0.061,0.046999999999999986,0.061,0.04,19.1,,,,,,,
1109,700658,"Rotondo, Chris",2023,1111,99.8,0.244,0.147,0.319,0.391,0.35,0.352,0.236,55,225,88,13.8,2284,87.6,87.57,104,446,663,0,6.26,105,146,116,145,291,307,279,"-4.381","4.381",,,283,166,33,14,5,3,62,21.9,45,15.9,2.28344,0.72805,0.32579,0.06705,"91.2",146,39.1566265060241,6.626506024096386,3.8869257950530036,5.78,-0.95,0.15,2.37,0.389,11,"0.395040577",0.384,0.396,"-0.395040577",0.008,0.0050000000000000044,-0.005,-0.002,23.3,,,,,,,
1109,669065,"Stowers, Kyle",2023,1111,99.8,0.247,0.268,0.282,0.515,0.375,0.364,0.241,57,231,94.3,16.3,2160,87.9,87.93,198,559,550,0,6.25,111,144,117,149,290,316,292,"-10.498","10.498",,,281,159,30,9,1,17,76,27,40,14.2,2.36939,0.62411,0.3991,-0.17782,"92.4",161,57.23270440251572,16.9811320754717,9.608540925266903,5.85,-0.67,-0.09,2.31,0.367,27,"0.946618575",0.362,0.483,"-0.946618575",0.006,0.0050000000000000044,0.032,0.011,35.4,,,,,,,
1107,625510,"Mejia, Erick",2023,1110,99.7,0.224,0.164,0.257,0.388,0.3,0.267,0.202,52,232,85.6,19.2,2138,87.3,87.34,134,537,570,0,6.26,111,146,110,149,285,318,293,"8.749","-8.749",,,264,179,33,8,3,8,57,21.6,27,10.2,2.45695,0.61108,0.418,-0.418,"90.8",148,28.08988764044944,3.932584269662921,2.6515151515151514,5.79,-1.13,-0.08,2.27,0.303,7,"-0.790334237",0.286,0.304,"0.790334237",0.022,0.017000000000000015,0.084,0.033,25,,,,,,,
1107,691723,"Mayo, Coby",2023,1107,100,0.267,0.244,0.315,0.512,0.388,0.347,0.234,58,217,91.7,17.2,2215,87.6,87.61,120,446,661,0,6.25,106,150,120,146,296,319,291,"-13.592","13.592",,,267,158,30,15,1,12,62,23.2,42,15.7,2.44728,0.55755,0.24659,0.07266,"93.4",145,52.53164556962025,10.759493670886076,6.367041198501873,5.79,-0.89,0.12,2.24,0.393,17,"1.227822945",0.367,0.415,"-1.227822945",0.033,0.026000000000000023,0.097,0.041,26.9,,,,,,,
1105,669352,"Thompson, Bubba",2023,1114,99.2,0.265,0.138,0.339,0.404,0.329,0.269,0.21,69,260,84.8,6.5,2227,88.1,88.32,173,559,546,0.20000000000000284,6.26,105,150,105,146,297,320,286,"-2.541","2.541",,,293,192,47,14,2,6,69,23.5,27,9.2,2.36316,0.59857,0.26979,-0.00736,"90.2",127,25.654450261780106,2.6178010471204187,1.7064846416382253,5.83,-0.8,0.1,2.33,0.345,5,"0.229954751",0.296,0.293,"-0.229954751",0.055,0.04899999999999999,0.111,0.06,30.9,,,,,,,
1105,605421,"Pérez, Michael",2023,1109,99.6,0.198,0.15,0.229,0.348,0.29,0.287,0.201,45,227,87.4,15.1,2144,88.1,88.17,135,500,605,0.10000000000000853,6.27,116,145,117,151,286,319,288,"10.395","-10.395",,,265,166,29,7,0,9,64,24.2,33,12.5,2.32337,0.64496,0.44907,-0.37487,"91.7",152,34.13173652694611,4.790419161676647,3.018867924528302,5.82,-1.33,-0.12,2.35,0.302,8,"-0.940723982",0.308,0.313,"0.940723982",-0.003,-0.006000000000000005,0.035,0.003,27,,,,,,,
1104,656024,"Pérez, Carlos",2023,1104,100,0.24,0.167,0.242,0.408,0.303,0.273,0.232,69,287,86.3,17.5,2189,87.5,87.61,80,553,551,0.09999999999999432,6.32,107,151,120,147,291,313,283,"8.5","-8.5",,,311,248,45,12,0,12,41,13.2,18,5.8,2.38402,0.63194,0.29614,0.02157,"90.8",149,29.838709677419356,2.4193548387096775,1.929260450160772,5.8,-0.5,0.25,2.3,0.293,6,"-0.769927536",0.285,0.331,"0.769927536",0.008,0.008000000000000007,0.077,0.03,14.5,,,,,,,
1103,669369,"Johnson, Bryce",2023,1114,99,0.277,0.181,0.357,0.458,0.362,0.323,0.241,69,249,89.6,9.6,2160,88,88.21,110,473,630,0.20000000000000284,6.24,111,148,108,148,296,322,296,"-8.084","8.084",,,287,179,44,13,4,8,70,24.4,34,11.8,2.37424,0.59008,0.37969,-0.37969,"91.3",161,39.325842696629216,6.179775280898876,3.8327526132404177,5.74,-0.59,-0.01,2.34,0.373,11,"0.732910245",0.342,0.385,"-0.732910245",0.036,0.030999999999999972,0.073,0.039,23.3,,,,,,,
1100,640902,"Pereda, Jhonny",2023,1100,100,0.325,0.143,0.394,0.468,0.381,0.343,0.284,75,231,91.2,8.2,2218,88.4,88.48,128,505,595,0.09999999999999432,6.25,108,150,119,147,296,316,286,"-10.517","10.517",,,264,181,54,15,0,6,51,19.3,32,12.1,2.33512,0.64327,0.31419,-0.01756,"91.6",161,46.666666666666664,5,3.4090909090909087,5.94,-0.72,0.09,2.38,0.405,9,"0.956090909",0.371,0.398,"-0.956090909",0.041,0.03400000000000003,0.07,0.038,25.3,,,,,,,
1098,695491,"Baez, Joshua",2023,1098,100,0.21,0.165,0.328,0.375,0.317,0.297,0.171,47,224,88.2,25.5,2277,86.7,86.57,195,511,587,-0.10000000000000853,6.23,104,145,119,145,295,311,282,"5.515","-5.515",,,271,131,24,15,2,6,96,35.4,35,12.9,2.42584,0.6528,0.28477,-0.04808,"91.5",155,38.46153846153847,13.846153846153847,6.642066420664207,5.77,-0.81,0.24,2.41,0.336,18,"-0.502276867",0.305,0.354,"0.502276867",0.039,0.031000000000000028,0.021,0.02,38.2,,,,,,,
1098,641525,"Dixon, Brandon",2023,1098,100,0.268,0.234,0.345,0.502,0.361,0.292,0.211,64,239,89,15.8,2263,88,88.38,183,504,594,0.4000000000000057,6.32,106,150,120,145,302,328,298,"-11.746","11.746",,,272,157,40,7,2,15,85,31.3,27,9.9,2.43956,0.52563,0.1966,0.0157,"92.0",157,42.94871794871795,8.974358974358974,5.147058823529411,5.65,-0.89,0.13,2.35,0.346,14,"1.069763206",0.297,0.367,"-1.069763206",0.057,0.04899999999999999,0.135,0.069,36.3,,,,,,,
1094,686527,"Canzone, Dominic",2023,1095,99.9,0.352,0.281,0.357,0.633,0.441,0.384,0.289,90,256,90.3,9.3,2174,87.6,87.86,103,517,577,0.30000000000001137,6.27,114,145,113,151,292,325,300,"-31.394","31.394",,,302,223,53,18,3,16,40,13.2,38,12.6,2.54521,0.4512,0.33147,-0.23871,"92.3",157,44.39461883408072,9.865470852017937,7.28476821192053,5.69,-0.76,-0.11,2.31,0.427,22,"2.869652651",0.38,0.504,"-2.869652651",0.063,0.046999999999999986,0.129,0.057,19.9,,,,,,,
1093,642451,"Liberato, Luis",2023,1101,99.3,0.25,0.205,0.303,0.455,0.351,0.332,0.244,56,224,91.1,10.2,2194,87.7,88,166,510,583,0.29999999999999716,6.26,114,147,109,150,292,323,304,"-8.145","8.145",,,268,164,30,15,2,9,64,23.9,40,14.9,2.48383,0.51373,0.30249,-0.29617,"91.9",149,47.5609756097561,7.317073170731707,4.477611940298507,5.57,-0.78,-0.02,2.28,0.358,12,"0.745196706",0.355,0.388,"-0.745196706",0.006,0.0030000000000000027,0.067,0.019,32.5,,,,,,,
1093,600474,"Severino, Pedro",2023,1093,100,0.246,0.175,0.278,0.421,0.322,0.296,0.233,59,240,88,17,2242,87.4,87.4,126,525,568,0,6.2,105,150,119,145,296,320,288,"2.665","-2.665",,,266,186,37,12,0,10,54,20.3,25,9.4,2.55873,0.4658,0.19119,-0.0017,"91.8",149,39.45945945945946,4.864864864864865,3.3834586466165413,5.65,-0.73,0.14,2.25,0.32,9,"-0.243824337",0.308,0.36,"0.243824337",0.013,0.01200000000000001,0.061,0.026,24,,,,,,,
1092,690993,"Keith, Colt",2023,1092,100,0.287,0.234,0.32,0.521,0.377,0.338,0.246,75,261,88.7,17.4,2147,87.8,87.98,130,509,583,0.20000000000000284,6.3,113,145,119,151,288,321,292,"-8.466","8.466",,,300,207,41,20,1,13,58,19.3,34,11.3,2.39061,0.62025,0.41937,-0.31201,"91.9",165,40.09661835748793,8.212560386473431,5.666666666666666,6.01,-1.05,-0.16,2.37,0.367,17,"0.775274725",0.334,0.444,"-0.775274725",0.041,0.032999999999999974,0.077,0.039,25.5,,,,,,,
1091,681962,"Capra, Vinny",2023,1091,100,0.289,0.096,0.341,0.385,0.351,0.335,0.271,63,218,84.1,14.8,2199,88.2,88.13,70,360,731,-0.10000000000000853,6.18,106,150,116,146,290,315,282,"-6.566","6.566",,,262,181,47,13,1,2,40,15.3,38,14.5,2.28975,0.67755,0.33001,0.04242,"90.4",146,22.77777777777778,1.1111111111111112,0.7633587786259541,5.86,-0.79,0.07,2.27,0.397,2,"0.601833181",0.384,0.346,"-0.601833181",0.018,0.013000000000000012,0.039,0.016,19.4,,,,,,,
1086,668974,"Handley, Maverick",2023,1089,99.7,0.229,0.093,0.31,0.322,0.32,0.303,0.213,49,214,86.8,14.8,2221,87.8,87.88,128,470,616,0.10000000000000853,6.31,107,149,117,146,293,312,281,"-3.03","3.03",,,261,149,37,8,0,4,65,24.9,38,14.6,2.3734,0.62524,0.23233,0.04065,"90.6",141,34.22818791946309,2.013422818791946,1.1494252873563218,5.79,-0.85,0.08,2.31,0.368,3,"0.279005525",0.355,0.286,"-0.279005525",0.016,0.013000000000000012,0.036,0.017,27.2,,,,,,,
1082,669377,"Gigliotti, Michael",2023,1093,99,0.231,0.118,0.287,0.349,0.328,0.306,0.204,49,212,87.1,11.8,2172,87.8,88.06,95,401,681,0.29999999999999716,6.33,113,145,108,150,290,320,298,"-0.969","0.969",,,266,163,31,14,1,3,53,19.9,45,16.9,2.3997,0.59033,0.34445,-0.31153,"91.3",140,37.03703703703704,3.0864197530864197,1.8796992481203008,5.69,-1.02,-0.09,2.34,0.372,5,"0.089556377",0.356,0.283,"-0.089556377",0.027,0.016000000000000014,0.066,0.022,23.7,,,,,,,
1081,656514,"Haseley, Adam",2023,1086,99.5,0.257,0.123,0.297,0.38,0.313,0.298,0.255,71,276,88.1,6.9,2147,87.5,87.55,138,560,521,0.09999999999999432,6.25,115,146,111,150,285,317,293,"3.385","-3.385",,,305,225,52,10,3,6,51,16.7,26,8.5,2.37154,0.64494,0.36585,-0.30492,"91.4",148,33.482142857142854,1.7857142857142856,1.3114754098360655,5.82,-0.82,-0.14,2.28,0.328,4,"-0.313135985",0.326,0.339,"0.313135985",0.002,0.0020000000000000018,0.041,0.015,24.6,,,,,,,
1079,676679,"Vázquez, Luis",2023,1080,99.9,0.255,0.173,0.297,0.427,0.357,0.314,0.213,56,220,87.4,8.6,2207,88.3,88.34,154,539,540,0,6.2,108,151,117,147,292,314,282,"-6.161","6.161",,,268,167,36,11,0,9,55,20.5,38,14.2,2.36156,0.59436,0.34944,0.11555,"91.0",140,35.92814371257485,5.389221556886228,3.3582089552238807,5.81,-1.17,0.12,2.35,0.381,9,"0.570991659",0.348,0.331,"-0.570991659",0.042,0.03300000000000003,0.096,0.043,28.6,,,,,,,
1072,691701,"Martinez, Yeral",2023,1073,99.9,0.223,0.14,0.308,0.364,0.303,0.28,0.198,54,242,86.1,17.8,2187,87.6,87.48,229,585,487,-0.09999999999999432,6.21,113,146,119,146,288,312,291,"10.012","-10.012",,,277,162,34,12,2,6,81,29.2,26,9.4,2.29735,0.71369,0.58054,-0.52394,"91.6",159,33.33333333333333,7.4074074074074066,4.332129963898916,5.72,-1.06,-0.2,2.43,0.318,12,"-0.933955224",0.296,0.323,"0.933955224",0.025,0.02200000000000002,0.041,0.023,39.1,,,,,,,
1069,694186,"Polanco, Shalin",2023,1074,99.5,0.248,0.207,0.316,0.455,0.336,0.296,0.215,61,246,87.5,11.4,2224,87.3,87.15,200,581,488,-0.20000000000000284,6.24,111,144,109,143,274,305,284,"0.873","-0.873",,,279,167,34,15,0,12,82,29.4,26,9.3,2.36804,0.67546,0.43879,-0.3154,"91.5",135,37.12574850299401,7.784431137724551,4.659498207885305,5.71,-0.97,-0.2,2.39,0.326,13,"-0.081665108",0.3,0.367,"0.081665108",0.033,0.026000000000000023,0.088,0.04,34.4,,,,,,,
1060,668885,"Martin, Austin",2023,1062,99.8,0.256,0.13,0.291,0.386,0.34,0.321,0.239,57,223,85.6,11.1,2209,88.4,88.6,72,412,648,0.19999999999998863,6.32,105,149,115,146,293,314,279,"-0.448","0.448",,,270,181,40,11,0,6,45,16.7,37,13.7,2.25994,0.69131,0.31603,0.09805,"90.6",154,29.83425414364641,3.867403314917127,2.5925925925925926,5.95,-0.9,0.11,2.38,0.374,7,"0.042264151",0.361,0.339,"-0.042264151",0.017,0.013000000000000012,0.047,0.019,17.5,,,,,,,
1060,691645,"De Los Santos, Jefrey",2023,1060,100,0.225,0.162,0.311,0.387,0.333,0.304,0.2,46,204,86.8,13.3,2215,88.1,88.17,160,453,607,0.10000000000000853,6.29,113,145,112,147,281,311,289,"-3.577","3.577",,,249,137,27,10,4,5,68,27.3,39,15.7,2.16406,0.80569,0.59177,-0.43233,"90.7",143,30.14705882352941,7.352941176470589,4.016064257028113,5.7,-0.93,-0.18,2.33,0.359,10,"0.33745283",0.339,0.321,"-0.33745283",0.025,0.019999999999999962,0.066,0.029,35.3,,,,,,,
1059,621545,"Remillard, Zach",2023,1065,99.4,0.227,0.122,0.267,0.349,0.308,0.297,0.226,52,229,85.1,13,2220,88.1,88.13,105,468,591,0,6.28,108,151,112,146,295,315,284,"5.297","-5.297",,,269,181,35,11,1,5,50,18.6,33,12.3,2.31255,0.6622,0.31285,0.03934,"90.6",158,28.176795580110497,2.209944751381215,1.486988847583643,5.86,-0.81,0.26,2.27,0.335,4,"-0.500188857",0.335,0.308,"0.500188857",0.001,0,0.041,0.011,22.4,,,,,,,
1049,595909,"Cave, Jake",2023,1049,100,0.346,0.338,0.395,0.684,0.461,0.417,0.312,82,237,90.6,10.3,2171,87.7,87.65,132,512,537,0,6.23,117,147,115,151,293,325,295,"-29.817","29.817",,,274,183,35,30,1,16,56,20.4,30,10.9,2.42433,0.57844,0.32702,-0.16167,"92.4",170,45.90163934426229,14.207650273224044,9.48905109489051,6.01,-0.79,-0.07,2.33,0.427,26,"2.842421354",0.399,0.58,"-2.842421354",0.034,0.02799999999999997,0.104,0.044,25.8,,,,,,,
1045,644433,"Tromp, Chadwick",2023,1045,100,0.21,0.174,0.23,0.384,0.32,0.315,0.211,47,224,86.7,15,2199,87.4,87.49,112,453,592,0.09999999999999432,6.26,107,150,118,146,299,316,290,"0.455","-0.455",,,268,171,28,9,0,10,54,20.1,43,16,2.44524,0.58718,0.27095,-0.01407,"91.2",148,29.82456140350877,7.602339181286549,4.850746268656716,5.85,-0.48,0.15,2.28,0.336,13,"-0.04354067",0.337,0.363,"0.04354067",-0.001,-0.0010000000000000009,0.021,0.005,24.7,,,,,,,
1041,689355,"Roberts, Brett",2023,1049,99.2,0.245,0.112,0.3,0.357,0.279,0.275,0.229,66,269,87,14.8,2298,87.8,87.84,134,535,506,0,6.29,104,145,112,145,293,306,274,"14.603","-14.603",,,290,211,46,14,2,4,62,21.4,16,5.5,2.2415,0.75476,0.33374,0.11744,"90.8",146,33.175355450236964,4.739336492890995,3.4482758620689653,5.71,-0.91,0.11,2.39,0.286,10,"-1.402785783",0.273,0.353,"1.402785783",0.016,0.012999999999999956,0.004,0.004,25,,,,,,,
1033,699024,"Bernal, Leonardo",2023,1033,100,0.265,0.071,0.321,0.336,0.322,0.333,0.26,60,226,87.5,9,2216,87.6,87.56,101,457,576,0,6.23,110,144,118,145,286,307,285,"-1.365","1.365",,,269,185,47,11,1,1,44,16.4,37,13.8,2.23723,0.77239,0.60306,-0.60226,"90.9",151,31.891891891891895,3.2432432432432434,2.2304832713754648,5.7,-0.91,-0.2,2.38,0.372,6,"0.1321394",0.372,0.358,"-0.1321394",0.005,0,-0.022,-0.011,22.1,,,,,,,
1032,687567,"Ortega, Jorel",2023,1032,100,0.276,0.214,0.351,0.49,0.379,0.332,0.24,58,210,87.6,13,2303,87.9,87.71,105,413,619,-0.20000000000000284,6.21,107,147,117,146,291,308,276,"-11.124","11.124",,,248,154,28,21,3,6,56,22.6,35,14.1,2.25367,0.74372,0.32629,0.12782,"90.7",164,34.21052631578947,7.894736842105263,4.838709677419355,5.84,-0.92,0.04,2.42,0.387,12,"1.077906977",0.358,0.381,"-1.077906977",0.036,0.029000000000000026,0.109,0.047,25.4,,,,,,,
1030,702222,"Crawford, Justin",2023,1040,99,0.344,0.138,0.412,0.482,0.379,0.27,0.232,87,253,87.5,-8.8,2268,88.1,88,129,550,480,-0.09999999999999432,6.26,108,144,98,142,273,306,283,"-13.626","13.626",,,280,207,64,14,6,3,49,17.5,22,7.9,2.24817,0.73288,0.419,-0.29248,"91.5",124,39.32038834951456,1.9417475728155338,1.4285714285714286,5.76,-0.96,-0.07,2.49,0.396,4,"1.322912621",0.297,0.298,"-1.322912621",0.112,0.09900000000000003,0.184,0.109,23.5,,,,,,,
1030,571980,"Naquin, Tyler",2023,1034,99.6,0.253,0.154,0.34,0.407,0.311,0.308,0.245,61,241,88.6,9.8,2178,88.5,88.6,184,571,459,0.09999999999999432,6.31,114,146,115,150,289,319,295,"6.505","-6.505",,,262,162,42,10,0,9,80,30.5,17,6.5,2.24605,0.70227,0.38128,-0.27815,"91.5",159,40.74074074074074,9.25925925925926,5.7251908396946565,5.8,-0.77,-0.09,2.45,0.309,15,"-0.631553398",0.302,0.406,"0.631553398",0.008,0.007000000000000006,0.001,0.003,32.2,,,,,,,
1030,660294,"Tsutsugo, Yoshi",2023,1030,100,0.247,0.18,0.339,0.427,0.363,0.332,0.218,44,178,91,18.2,2181,88.7,89.07,124,407,623,0.3999999999999915,6.32,115,145,120,150,291,322,297,"-4.907","4.907",,,224,118,26,10,2,6,62,27.7,42,18.8,2.36584,0.55395,0.36473,-0.34464,"91.6",188,43.22033898305085,4.23728813559322,2.232142857142857,5.76,-1.04,-0.1,2.38,0.393,5,"0.476407767",0.374,0.334,"-0.476407767",0.029,0.019000000000000017,0.093,0.031,30.5,,,,,,,
1030,660644,"Bruján, Vidal",2023,1030,100,0.272,0.205,0.302,0.477,0.362,0.291,0.221,65,239,86.7,13.9,2164,88.1,88.13,99,490,540,0,6.29,108,148,105,148,282,316,290,"-8.675","8.675",,,276,192,40,11,4,10,49,17.8,31,11.2,2.30934,0.66775,0.40755,-0.40315,"90.8",148,31.25,3.125,2.1739130434782608,5.85,-0.65,-0.07,2.25,0.362,6,"0.84223301",0.318,0.327,"-0.84223301",0.051,0.043999999999999984,0.15,0.071,20.2,,,,,,,
1024,686639,"Dunn, Jack",2023,1030,99.4,0.233,0.085,0.285,0.317,0.321,0.32,0.226,44,189,84.3,10.7,2228,88.1,88.2,95,413,611,0.10000000000000853,6.28,107,150,110,147,295,314,284,"1.434","-1.434",,,233,147,35,5,1,3,43,18.5,39,16.7,2.30476,0.67132,0.30604,0.15603,"89.8",163,21.08843537414966,2.0408163265306123,1.2875536480686696,5.75,-1.45,0.12,2.44,0.373,3,"-0.140039063",0.368,0.321,"0.140039063",0.007,0.0050000000000000044,-0.004,0.001,23,,,,,,,
1024,592660,"Ravelo, Rangel",2023,1024,100,0.31,0.163,0.331,0.473,0.392,0.363,0.267,63,203,86.6,8.7,2234,88.3,88.69,90,439,585,0.4000000000000057,6.33,106,151,120,146,301,325,294,"-17.052","17.052",,,258,174,46,9,0,8,36,14,42,16.3,2.39816,0.54667,0.23985,0.06746,"91.7",155,39.1812865497076,5.847953216374268,3.875968992248062,5.62,-0.92,0.02,2.32,0.428,10,"1.665234375",0.403,0.401,"-1.665234375",0.043,0.024999999999999967,0.072,0.029,20.5,,,,,,,
1022,676391,"Clement, Ernie",2023,1026,99.6,0.346,0.196,0.336,0.542,0.401,0.343,0.304,99,286,86.5,15.3,2184,87.9,87.94,56,511,511,0,6.26,104,149,112,145,293,314,284,"-17.251","17.251",,,316,273,66,21,1,11,16,5.1,26,8.2,2.3351,0.65221,0.36595,0.01231,"90.8",164,29.304029304029307,2.564102564102564,2.2151898734177213,5.81,-0.57,0.13,2.34,0.399,7,"1.687964775",0.362,0.416,"-1.687964775",0.042,0.03700000000000003,0.126,0.058,11,,,,,,,
1020,689141,"Hall, Anthony",2023,1020,100,0.269,0.181,0.327,0.449,0.361,0.319,0.242,61,227,86.9,9.9,2229,88,87.83,141,510,510,-0.20000000000000284,6.21,111,145,116,145,285,312,287,"-13.328","13.328",,,270,168,40,10,2,9,61,22.6,38,14.1,2.20605,0.78025,0.55273,-0.39499,"91.2",148,34.73053892215569,4.191616766467066,2.5925925925925926,5.72,-0.72,-0.12,2.38,0.378,7,"1.306666667",0.356,0.347,"-1.306666667",0.027,0.02200000000000002,0.102,0.042,27.6,,,,,,,
1020,608700,"Plawecki, Kevin",2023,1020,100,0.272,0.117,0.323,0.389,0.327,0.298,0.243,65,239,87.5,10.2,2224,88.5,88.83,106,472,548,0.29999999999999716,6.31,107,150,119,147,298,321,291,"-1.431","1.431",,,269,193,46,14,1,4,47,17.5,26,9.7,2.31491,0.6139,0.28275,0.02955,"91.3",137,33.160621761658035,2.5906735751295336,1.858736059479554,5.65,-0.77,0.18,2.32,0.349,5,"0.140294118",0.325,0.332,"-0.140294118",0.029,0.023999999999999966,0.057,0.029,22.5,,,,,,,
1019,668901,"Vientos, Mark",2023,1019,100,0.304,0.304,0.338,0.609,0.415,0.405,0.289,70,230,94.4,10.5,2219,87.4,87.34,149,485,534,-0.10000000000000853,6.21,107,151,119,145,298,323,286,"-18.227","18.227",,,267,176,33,20,1,16,58,21.7,29,10.9,2.4628,0.56717,0.25239,0.05475,"93.7",162,57.38636363636363,15.909090909090908,10.486891385767791,5.8,-1.03,0.19,2.29,0.386,28,"1.788714426",0.373,0.594,"-1.788714426",0.015,0.013000000000000012,0.015,0.01,30.7,,,,,,,
1019,541650,"Pérez, Hernán",2023,1019,100,0.277,0.195,0.317,0.473,0.354,0.323,0.253,61,220,88.6,7.4,2242,88,88.08,122,459,560,0.09999999999999432,6.32,106,150,118,146,293,314,282,"-6.107","6.107",,,252,171,40,9,2,10,53,21,27,10.7,2.36875,0.6221,0.27083,0.09169,"91.5",144,40.93567251461988,6.432748538011696,4.365079365079365,5.85,-0.87,0.03,2.32,0.353,11,"0.599313052",0.337,0.392,"-0.599313052",0.024,0.01599999999999996,0.081,0.031,26.6,,,,,,,
1016,678554,"Mead, Curtis",2023,1016,100,0.294,0.221,0.328,0.515,0.382,0.344,0.264,69,235,88.5,13.4,2198,87.8,87.88,88,459,557,0.10000000000000853,6.27,106,146,117,144,289,313,283,"-13.171","13.171",,,277,192,37,21,2,9,48,17.3,34,12.3,2.42274,0.57205,0.2508,0.00896,"91.9",159,40.625,6.770833333333333,4.693140794223827,5.84,-0.71,0.14,2.38,0.383,13,"1.296358268",0.36,0.42,"-1.296358268",0.03,0.02300000000000002,0.095,0.038,19.2,,,,,,,
1016,664954,"Sullivan, Brett",2023,1016,100,0.328,0.189,0.336,0.517,0.39,0.342,0.286,78,238,87.5,16.8,2210,88.4,88.95,61,478,538,0.5,6.34,115,146,117,150,295,325,305,"-11.691","11.691",,,278,218,48,22,1,7,27,9.7,31,11.2,2.3745,0.54901,0.30187,-0.18571,"90.9",165,30.275229357798167,4.128440366972478,3.237410071942446,5.65,-0.66,-0.15,2.34,0.399,9,"1.150688976",0.37,0.402,"-1.150688976",0.042,0.029000000000000026,0.115,0.048,12.8,,,,,,,
1013,671218,"Ramos, Heliot",2023,1014,99.9,0.3,0.247,0.368,0.546,0.393,0.343,0.25,68,227,91.3,8,2191,87.9,88.02,161,500,513,0.09999999999999432,6.27,107,149,116,144,306,321,291,"-13.273","13.273",,,262,164,39,14,3,12,66,25.2,27,10.3,2.40603,0.59645,0.30896,0.09013,"92.4",166,43.292682926829265,11.585365853658537,7.251908396946565,5.71,-0.6,0.13,2.3,0.382,19,"1.310266535",0.34,0.45,"-1.310266535",0.05,0.04199999999999998,0.096,0.05,32.2,,,,,,,
1011,542583,"Aguilar, Jesús",2023,1011,100,0.271,0.108,0.329,0.379,0.333,0.312,0.235,55,203,87.9,15.5,2197,88,88.06,93,397,614,0.09999999999999432,6.22,108,151,119,146,300,322,292,"1.266","-1.266",,,239,157,43,7,0,5,49,20.5,32,13.4,2.35102,0.65887,0.32222,-0.07249,"91.3",165,35.6687898089172,4.45859872611465,2.928870292887029,5.84,-0.42,0.11,2.42,0.368,7,"-0.125222552",0.342,0.345,"0.125222552",0.036,0.025999999999999968,0.034,0.021,23.4,,,,,,,
1011,699269,"Cruz, Rafael",2023,1011,100,0.203,0.172,0.285,0.375,0.277,0.25,0.181,47,232,87.3,16.4,2287,86.9,86.75,190,557,454,-0.20000000000000284,6.24,105,147,118,146,291,309,278,"9.173","-9.173",,,254,145,25,12,2,8,89,35,14,5.5,2.43486,0.62935,0.24827,0.00624,"90.4",155,35.86206896551724,7.586206896551724,4.330708661417323,5.78,-0.87,0.31,2.4,0.264,11,"-0.907319486",0.246,0.316,"0.907319486",0.022,0.018000000000000016,0.059,0.027,34.1,,,,,,,
1011,594777,"Calhoun, Kole",2023,1011,100,0.297,0.233,0.337,0.53,0.383,0.356,0.279,69,232,89.1,16.9,2174,87.8,87.92,146,510,501,0.10000000000000853,6.24,115,145,121,151,294,323,296,"-10.373","10.373",,,265,187,38,17,5,9,48,18.1,26,9.8,2.42909,0.57585,0.31418,-0.12248,"91.8",168,40.106951871657756,9.090909090909092,6.415094339622642,5.8,-0.71,-0.13,2.3,0.374,17,"1.026013848",0.36,0.455,"-1.026013848",0.018,0.014000000000000012,0.075,0.027,28.6,,,,,,,
1009,657193,"Alvarez, Eddy",2023,1017,99.2,0.277,0.193,0.343,0.47,0.375,0.347,0.241,56,202,89.5,16.1,2194,88.2,88.17,113,431,578,0,6.26,111,145,110,149,291,318,297,"-9.466","9.466",,,250,150,33,14,2,7,57,22.8,37,14.8,2.32033,0.64927,0.31232,-0.32715,"91.5",169,40,6,3.5999999999999996,5.87,-0.95,-0.18,2.27,0.396,9,"0.938156591",0.374,0.394,"-0.938156591",0.036,0.02200000000000002,0.076,0.028,26.2,,,,,,,
1008,682619,"Martinez, Orelvis",2023,1008,100,0.264,0.245,0.317,0.51,0.356,0.286,0.2,55,208,88,19,2227,86.7,86.88,178,497,511,0.20000000000000284,6.3,106,150,118,145,292,318,289,"-3.031","3.031",,,244,150,27,16,1,11,65,26.6,25,10.2,2.58126,0.49227,0.13492,-0.03314,"92.0",157,34.868421052631575,9.868421052631579,6.147540983606557,5.78,-0.96,0.3,2.2,0.339,15,"0.300694444",0.287,0.355,"-0.300694444",0.064,0.052000000000000046,0.155,0.07,35.8,,,,,,,
1005,695461,"Spohn, Harrison",2023,1008,99.7,0.229,0.117,0.277,0.346,0.297,0.278,0.21,49,214,85.6,18.3,2295,87.4,87.33,100,458,547,-0.10000000000000853,6.24,106,144,115,145,290,306,278,"4.155","-4.155",,,247,164,35,8,1,5,53,21.5,29,11.7,2.36663,0.66121,0.33349,0.07039,"90.5",152,27.439024390243905,4.2682926829268295,2.834008097165992,5.75,-0.97,0.13,2.41,0.32,7,"-0.413432836",0.305,0.305,"0.413432836",0.019,0.015000000000000013,0.041,0.019,21.8,,,,,,,
1004,656577,"Jackson, Alex",2023,1004,100,0.284,0.271,0.324,0.556,0.381,0.361,0.268,64,225,91.8,13.6,2218,87.4,87.5,175,537,467,0.09999999999999432,6.24,106,150,119,145,299,325,291,"-11.353","11.353",,,248,164,36,11,1,16,62,25,18,7.3,2.4506,0.5788,0.20252,-0.03253,"92.7",150,54.601226993865026,14.11042944785276,9.274193548387096,5.89,-0.4,0.16,2.38,0.347,23,"1.130776892",0.334,0.513,"-1.130776892",0.016,0.012999999999999956,0.043,0.02,32.6,,,,,,,
1002,664926,"Dini, Nick",2023,1002,100,0.198,0.173,0.235,0.371,0.328,0.31,0.191,40,202,87.2,18.4,2195,88.2,88.29,141,429,573,0.09999999999999432,6.31,108,149,118,145,288,314,283,"-2.44","2.44",,,257,141,23,8,0,9,64,24.9,44,17.1,2.30523,0.66596,0.30287,-0.01751,"91.1",150,36.42857142857142,5.714285714285714,3.11284046692607,5.84,-0.53,0.17,2.35,0.355,8,"0.243512974",0.353,0.313,"-0.243512974",0.007,0.0020000000000000018,0.058,0.018,32.9,,,,,,,
998,678729,"Medina, Nelson",2023,999,99.9,0.246,0.169,0.349,0.415,0.329,0.298,0.222,51,207,87.8,11.1,2259,86.9,86.89,177,468,530,0,6.27,105,145,116,144,289,311,282,"-0.576","0.576",,,237,135,32,9,4,6,73,30.8,28,11.8,2.44536,0.62161,0.29392,0.05596,"91.5",149,44.44444444444444,5.185185185185185,2.9535864978902953,5.74,-0.78,0.18,2.38,0.338,7,"0.057715431",0.316,0.346,"-0.057715431",0.024,0.02200000000000002,0.069,0.031,37.8,,,,,,,
998,660710,"Durán, Rodolfo",2023,998,100,0.252,0.192,0.299,0.444,0.334,0.321,0.248,54,214,89.2,12.6,2186,87.3,87.33,125,466,532,0,6.27,104,150,118,146,295,322,287,"-2.13","2.13",,,240,162,30,15,1,8,53,22.1,22,9.2,2.45756,0.59255,0.35402,-0.07504,"91.7",140,39.50617283950617,7.4074074074074066,5,5.83,-0.47,0.12,2.27,0.329,12,"0.213426854",0.326,0.404,"-0.213426854",0.004,0.0030000000000000027,0.04,0.013,26.8,,,,,,,
997,682239,"Ritter, Luke",2023,997,100,0.249,0.204,0.316,0.452,0.353,0.361,0.252,55,221,91.6,15.5,2211,88.1,88.37,163,432,565,0.30000000000001137,6.31,105,151,117,147,294,322,288,"-5.501","5.501",,,260,146,36,6,0,13,76,29.2,35,13.5,2.32707,0.64065,0.2693,0.0202,"92.6",174,50.68493150684932,15.068493150684931,8.461538461538462,5.85,-0.81,0.17,2.3,0.358,22,"0.551755266",0.36,0.472,"-0.551755266",-0.003,-0.0020000000000000018,-0.02,-0.008,37.7,,,,,,,
994,675662,"Whatley, Matt",2023,998,99.6,0.201,0.12,0.258,0.321,0.274,0.275,0.203,47,234,86.7,17.6,2205,88.7,89.02,143,509,485,0.29999999999999716,6.31,107,150,118,146,300,320,289,"13.608","-13.608",,,264,165,31,10,0,6,70,26.5,21,8,2.33737,0.58278,0.34047,0.09842,"90.7",165,29.878048780487802,4.878048780487805,3.0303030303030303,5.73,-0.69,0.07,2.35,0.288,8,"-1.369014085",0.292,0.31,"1.369014085",-0.002,-0.0040000000000000036,0.011,-0.001,28.1,,,,,,,
993,665482,"Celestino, Gilberto",2023,994,99.9,0.244,0.142,0.289,0.386,0.347,0.324,0.228,48,197,90.6,1.9,2222,88.5,88.57,129,423,570,0.09999999999999432,6.24,105,149,117,146,296,316,283,"-2.758","2.758",,,244,156,30,12,2,4,42,17.2,42,17.2,2.29833,0.64206,0.28231,0.08585,"92.3",150,45.51282051282051,2.564102564102564,1.639344262295082,5.91,-0.83,0.08,2.35,0.385,4,"0.277744209",0.376,0.321,"-0.277744209",0.016,0.009000000000000008,0.065,0.023,30.5,,,,,,,
993,806005,"McCarty, Ryan",2023,993,100,0.244,0.205,0.299,0.449,0.338,0.281,0.197,50,205,86.4,22.3,2299,87.7,87.61,133,453,540,-0.10000000000000853,6.24,105,145,118,145,286,305,275,"-3.704","3.704",,,243,151,25,15,3,7,59,24.3,28,11.5,2.32109,0.69077,0.27645,0.03564,"90.6",168,32.89473684210527,5.263157894736842,3.292181069958848,5.76,-0.72,0.23,2.35,0.339,8,"0.373011078",0.301,0.318,"-0.373011078",0.047,0.038000000000000034,0.131,0.057,29.4,,,,,,,
990,645305,"Sánchez, Ali",2023,990,100,0.311,0.181,0.335,0.492,0.372,0.339,0.276,74,238,90.2,9.9,2244,88.1,88.38,76,426,564,0.30000000000001137,6.23,107,150,120,147,303,326,295,"-9.283","9.283",,,267,199,53,10,0,11,42,15.7,26,9.7,2.47579,0.48242,0.26295,0.10814,"92.3",175,44.221105527638194,8.040201005025125,5.992509363295881,5.69,-0.98,0.03,2.32,0.375,16,"0.937676768",0.344,0.439,"-0.937676768",0.035,0.031000000000000028,0.053,0.033,17.8,,,,,,,
982,600301,"Motter, Taylor",2023,982,100,0.255,0.183,0.319,0.438,0.339,0.334,0.261,53,208,91,19.8,2212,88.4,88.54,106,425,557,0.09999999999999432,6.31,106,151,119,146,299,323,287,"-3.704","3.704",,,235,149,32,12,1,8,59,25.1,26,11.1,2.31339,0.69153,0.29612,0.00349,"92.0",167,43.624161073825505,7.38255033557047,4.680851063829787,5.9,-0.92,0.11,2.44,0.34,11,"0.377189409",0.345,0.411,"-0.377189409",-0.006,-0.004999999999999949,0.027,0.005,24.9,,,,,,,
982,693409,"Prieto, César",2023,992,99,0.271,0.136,0.291,0.407,0.315,0.291,0.258,70,258,87.8,7,2168,87.2,87.33,108,553,429,0.09999999999999432,6.24,112,145,107,150,284,316,292,"6.278","-6.278",,,281,226,49,13,2,6,35,12.5,15,5.3,2.45757,0.58139,0.29285,-0.24017,"91.2",144,36.72566371681416,1.7699115044247788,1.4234875444839856,5.77,-0.88,-0.1,2.25,0.32,4,"-0.639307536",0.31,0.34,"0.639307536",0.013,0.010000000000000009,0.067,0.024,19.5,,,,,,,
982,621450,"Bolt, Skye",2023,982,100,0.258,0.11,0.34,0.368,0.326,0.29,0.213,54,209,87,12,2123,88,88.13,129,446,536,0.09999999999999432,6.27,114,147,114,150,292,318,294,"1.741","-1.741",,,247,153,39,10,2,3,59,23.9,33,13.4,2.33022,0.64822,0.38809,-0.38054,"90.4",147,29.605263157894733,3.9473684210526314,2.42914979757085,5.91,-0.64,-0.05,2.35,0.36,6,"-0.177291242",0.323,0.307,"0.177291242",0.045,0.03699999999999998,0.061,0.036,28.9,,,,,,,
979,669707,"Triolo, Jared",2023,979,100,0.299,0.154,0.423,0.453,0.381,0.329,0.242,60,201,87.9,15.4,2246,88.6,88.64,119,394,585,0,6.26,106,148,117,144,291,315,280,"-12.658","12.658",,,243,139,36,19,3,2,63,25.9,40,16.5,2.3541,0.58299,0.24258,0.01971,"91.0",171,39.568345323741006,3.597122302158273,2.05761316872428,5.88,-0.95,0.13,2.28,0.416,5,"1.292951992",0.371,0.348,"-1.292951992",0.057,0.044999999999999984,0.105,0.052,30.2,,,,,,,
972,680695,"Davis, Brennen",2023,972,100,0.187,0.091,0.231,0.279,0.266,0.27,0.196,41,219,87,16,2232,87.6,87.72,154,510,462,0.10000000000000853,6.31,106,150,117,145,291,310,282,"12.76","-12.76",,,257,164,29,8,0,4,58,22.6,22,8.6,2.35906,0.64844,0.19116,-0.01663,"91.1",144,35.36585365853659,2.4390243902439024,1.556420233463035,5.89,-0.93,0.11,2.37,0.296,4,"-1.312757202",0.305,0.272,"1.312757202",-0.009,-0.009000000000000008,0.007,-0.004,30.2,,,,,,,
971,663698,"Bart, Joey",2023,971,100,0.248,0.146,0.338,0.393,0.333,0.328,0.235,51,206,87.7,16.5,2203,87.4,87.41,104,395,576,0,6.23,107,150,121,146,302,322,289,"1.85","-1.85",,,244,139,33,12,0,6,69,28.3,30,12.3,2.51547,0.50626,0.26784,0.10992,"91.8",145,40.87591240875913,7.2992700729927,4.098360655737705,5.69,-0.6,0.15,2.33,0.357,10,"-0.190525232",0.35,0.379,"0.190525232",0.013,0.007000000000000006,0.014,0.005,26.3,,,,,,,
970,665782,"De Los Santos, Luis",2023,970,100,0.22,0.164,0.258,0.383,0.32,0.317,0.224,47,214,88.2,3.9,2162,87.5,87.44,137,486,484,-0.09999999999999432,6.2,107,149,117,145,296,314,282,"1.201","-1.201",,,255,162,27,12,1,7,54,21.2,32,12.5,2.43262,0.5888,0.29634,-0.03899,"91.2",139,38.88888888888889,7.4074074074074066,4.705882352941177,5.81,-0.48,0.13,2.32,0.337,12,"-0.123814433",0.341,0.361,"0.123814433",-0.004,-0.0040000000000000036,0.022,0.003,28.2,,,,,,,
967,665120,"Walsh, Jared",2023,967,100,0.217,0.158,0.32,0.375,0.331,0.314,0.203,40,184,90.3,19.6,2177,88.4,88.82,130,380,587,0.3999999999999915,6.29,112,145,122,150,300,331,299,"0.754","-0.754",,,224,106,29,2,0,9,78,34.8,37,16.5,2.41974,0.51358,0.37931,-0.23769,"91.5",174,46.666666666666664,6.666666666666667,3.125,5.68,-0.84,-0.17,2.37,0.357,7,"-0.077973113",0.346,0.342,"0.077973113",0.014,0.01100000000000001,0.033,0.017,34.2,,,,,,,
964,674646,"Bradley, Tucker",2023,975,98.9,0.257,0.173,0.324,0.431,0.346,0.303,0.22,52,202,87.5,8,2209,88.2,88.15,110,426,538,-0.10000000000000853,6.2,114,145,111,150,286,320,293,"-4.417","4.417",,,238,152,28,17,3,4,52,21.8,33,13.9,2.34567,0.63031,0.36142,-0.35752,"90.8",155,34.868421052631575,4.605263157894736,2.941176470588235,5.83,-1.12,-0.14,2.3,0.361,7,"0.458195021",0.331,0.336,"-0.458195021",0.037,0.02999999999999997,0.095,0.043,25.8,,,,,,,
963,665839,"Valdez, Enmanuel",2023,963,100,0.257,0.225,0.288,0.481,0.377,0.35,0.232,48,187,87.6,17.2,2152,87.9,87.94,90,369,594,0,6.35,113,144,111,149,290,320,289,"-6.083","6.083",,,229,142,28,8,2,10,46,20.1,40,17.5,2.34345,0.65267,0.40727,-0.30275,"91.3",168,35.2112676056338,10.56338028169014,6.550218340611353,5.83,-0.98,-0.24,2.29,0.389,15,"0.631671859",0.37,0.415,"-0.631671859",0.025,0.019000000000000017,0.066,0.027,24.4,,,,,,,
963,680722,"Meyer, Nick",2023,967,99.6,0.211,0.092,0.25,0.303,0.276,0.28,0.214,48,228,85.6,13.2,2199,88,88.03,113,435,528,0,6.27,106,151,112,147,292,315,279,"13.722","-13.722",,,260,174,39,3,0,6,55,21.2,28,10.8,2.36557,0.61186,0.32442,0.00838,"90.6",143,25.287356321839084,2.8735632183908044,1.9230769230769231,5.84,-0.76,0.13,2.31,0.304,5,"-1.424922118",0.307,0.305,"1.424922118",-0.003,-0.0030000000000000027,-0.002,-0.004,26,,,,,,,
957,624513,"Nuñez, Dom",2023,960,99.7,0.187,0.124,0.25,0.311,0.294,0.286,0.192,36,193,83.9,18.1,2189,87.9,87.89,101,378,579,0,6.2,114,146,117,151,281,310,286,"5.261","-5.261",,,233,129,22,9,0,5,64,27.5,36,15.5,2.33273,0.68191,0.39559,-0.23032,"90.2",148,19.379844961240313,3.875968992248062,2.1459227467811157,5.86,-0.78,-0.11,2.32,0.326,5,"-0.549738767",0.33,0.276,"0.549738767",-0.005,-0.0040000000000000036,0.035,0.008,26.7,,,,,,,
955,672850,"Caballero, Jorge",2023,955,100,0.351,0.105,0.428,0.455,0.394,0.347,0.288,67,191,86.6,8.6,2294,88.4,88.41,75,415,540,0,6.24,105,144,116,145,290,302,273,"-13.078","13.078",,,220,154,54,8,3,2,37,16.8,26,11.8,2.1341,0.81678,0.38442,0.14362,"90.2",163,33.33333333333333,3.2679738562091507,2.272727272727273,5.83,-0.81,0,2.49,0.436,5,"1.369424084",0.382,0.39,"-1.369424084",0.063,0.05399999999999999,0.065,0.047,18.1,,,,,,,
954,605512,"Tucker, Preston",2023,954,100,0.293,0.272,0.326,0.565,0.424,0.359,0.244,56,191,89.5,12.9,2180,88,88.32,91,388,566,0.29999999999999716,6.33,114,146,123,150,293,323,301,"-21.56","21.56",,,239,149,29,13,3,11,43,18,42,17.6,2.4391,0.53303,0.32887,-0.26303,"92.2",148,39.86486486486486,8.108108108108109,5.02092050209205,5.58,-1.17,-0.09,2.32,0.431,12,"2.259958071",0.393,0.405,"-2.259958071",0.049,0.03799999999999998,0.16,0.065,23.5,,,,,,,
953,679663,"Scott, Stephen",2023,953,100,0.228,0.242,0.235,0.47,0.348,0.332,0.232,49,215,90.4,6.8,2145,87.8,87.93,120,429,524,0.10000000000000853,6.29,112,145,115,150,290,322,293,"-4.147","4.147",,,254,166,24,11,1,13,51,20.1,35,13.8,2.38302,0.60651,0.38337,-0.35383,"92.0",149,45.18072289156627,8.433734939759036,5.511811023622047,5.79,-1,-0.21,2.29,0.339,14,"0.435152151",0.343,0.407,"-0.435152151",-0.004,-0.0040000000000000036,0.063,0.016,28,,,,,,,
949,621466,"Stewart, DJ",2023,949,100,0.229,0.287,0.213,0.516,0.372,0.345,0.226,43,188,89.3,17.8,2135,88.1,88.3,115,441,508,0.20000000000000284,6.28,116,146,122,151,288,315,288,"-10.422","10.422",,,226,143,21,6,0,16,46,20.4,32,14.2,2.29975,0.68532,0.43779,-0.26434,"92.1",157,44.75524475524475,11.888111888111888,7.52212389380531,5.85,-1.33,-0.06,2.33,0.354,17,"1.098208641",0.353,0.426,"-1.098208641",0.003,0.0010000000000000009,0.09,0.027,26.1,,,,,,,
948,805301,"Dissin, Jordan",2023,949,99.9,0.25,0.08,0.378,0.33,0.312,0.272,0.201,50,200,85.9,9,2287,87.6,87.56,112,366,582,0,6.28,106,146,117,145,292,309,276,"2.746","-2.746",,,234,129,39,8,1,2,72,30.8,30,12.8,2.26994,0.7491,0.32293,0.12046,"90.4",160,27.131782945736433,0.7751937984496124,0.4273504273504274,5.82,-0.99,0.23,2.44,0.355,1,"-0.289662447",0.313,0.267,"0.289662447",0.049,0.04199999999999998,0.063,0.04,30.6,,,,,,,
947,624417,"Brigman, Bryson",2023,947,100,0.292,0.11,0.345,0.402,0.351,0.319,0.265,64,219,84.6,5.1,2215,88,88.21,82,453,494,0.20000000000000284,6.23,107,148,115,145,297,317,286,"-8.773","8.773",,,254,180,49,9,3,3,40,15.7,27,10.6,2.41574,0.55198,0.27306,-0.03107,"89.9",139,20.555555555555554,1.1111111111111112,0.7874015748031495,5.71,-0.29,0.07,2.3,0.386,2,"0.926399155",0.363,0.334,"-0.926399155",0.027,0.02300000000000002,0.068,0.032,18.1,,,,,,,
945,642162,"Valaika, Pat",2023,945,100,0.234,0.129,0.277,0.364,0.298,0.298,0.234,49,209,88,16,2202,88,88.21,120,473,472,0.20000000000000284,6.24,106,149,118,145,296,320,287,"9.266","-9.266",,,239,161,35,7,1,6,52,21.8,25,10.5,2.36406,0.60894,0.26184,-0.04383,"90.7",165,30.625000000000004,5,3.3472803347280333,5.74,-0.31,0.01,2.32,0.314,8,"-0.980529101",0.315,0.358,"0.980529101",0,-0.0010000000000000009,0.006,0,25.4,,,,,,,
939,656669,"Luplow, Jordan",2023,939,100,0.243,0.189,0.255,0.432,0.34,0.319,0.225,45,185,88.4,19.1,2176,88.1,88.1,106,416,523,0,6.22,104,149,120,147,297,317,287,"-2.238","2.238",,,221,153,26,11,0,8,36,16.3,27,12.2,2.28651,0.6886,0.36619,0.04107,"91.0",163,40.52287581699346,1.9607843137254901,1.3574660633484164,5.83,-0.53,0.11,2.31,0.348,3,"0.238338658",0.338,0.373,"-0.238338658",0.018,0.009999999999999953,0.059,0.021,25.5,,,,,,,
936,672359,"Ornelas, Tirso",2023,937,99.9,0.282,0.141,0.344,0.423,0.34,0.325,0.273,60,213,89.7,6.8,2225,88.1,88.57,98,443,493,0.5,6.3,117,147,121,152,295,325,303,"-0.156","0.156",,,239,167,40,14,2,4,47,19.7,23,9.6,2.47427,0.47475,0.25817,-0.17304,"91.9",160,41.91616766467065,3.592814371257485,2.510460251046025,5.69,-0.96,-0.14,2.31,0.356,6,"0.016666667",0.348,0.381,"-0.016666667",0.009,0.008000000000000007,0.042,0.015,22.1,,,,,,,
936,668663,"Barrera, Tres",2023,937,99.9,0.215,0.131,0.245,0.346,0.293,0.283,0.211,46,214,84,12.6,2221,88.3,88.46,105,424,512,0.20000000000000284,6.32,105,150,119,147,292,316,285,"10.281","-10.281",,,243,166,32,7,0,7,48,19.8,26,10.7,2.34702,0.6169,0.25461,0.02772,"90.5",145,26.506024096385545,4.216867469879518,2.880658436213992,5.85,-0.73,0.04,2.36,0.309,7,"-1.098397436",0.305,0.319,"1.098397436",0.004,0.0040000000000000036,0.027,0.01,24.8,,,,,,,
934,666197,"Kessinger, Grae",2023,935,99.9,0.283,0.152,0.331,0.435,0.365,0.345,0.251,52,184,88.5,19.7,2229,88.7,89.08,87,407,527,0.3999999999999915,6.37,107,149,117,144,292,316,288,"-6.939","6.939",,,229,145,36,10,0,6,45,19.7,35,15.3,2.29809,0.62479,0.29212,0.05713,"91.2",158,35.172413793103445,5.517241379310345,3.4934497816593884,5.81,-0.98,0.04,2.38,0.397,8,"0.742933619",0.378,0.386,"-0.742933619",0.032,0.019000000000000017,0.049,0.02,21.4,,,,,,,
933,681495,"Fergus, Cade",2023,935,99.8,0.243,0.213,0.367,0.455,0.35,0.307,0.2,49,202,89.4,17.7,2294,86.9,86.73,179,422,511,-0.20000000000000284,6.22,104,144,113,144,289,311,281,"-4.415","4.415",,,241,118,26,12,2,9,87,36.1,28,11.6,2.43015,0.63067,0.22198,-0.00812,"91.5",160,38.46153846153847,10.256410256410255,4.979253112033195,5.8,-0.96,0.13,2.33,0.353,12,"0.473204716",0.32,0.364,"-0.473204716",0.043,0.032999999999999974,0.091,0.043,42.4,,,,,,,
928,595751,"Alfaro, Jorge",2023,928,100,0.291,0.165,0.362,0.457,0.344,0.326,0.265,74,254,91.1,7.8,2228,87.5,87.54,198,581,347,0,6.31,107,149,120,146,301,319,283,"-2.066","2.066",,,278,192,48,17,2,7,65,23.4,14,5,2.37412,0.66371,0.18676,0.00451,"92.6",153,46.875,8.854166666666668,6.115107913669065,5.87,-1.01,0.08,2.37,0.342,17,"0.22262931",0.321,0.424,"-0.22262931",0.026,0.02100000000000002,0.033,0.018,34.1,,,,,,,
926,668952,"Kreidler, Ryan",2023,926,100,0.236,0.221,0.276,0.456,0.352,0.318,0.212,46,195,86,19.1,2220,87.6,87.66,136,413,513,0.10000000000000853,6.25,107,150,118,146,295,319,285,"-3.115","3.115",,,234,135,27,7,0,12,62,26.5,34,14.5,2.40425,0.63577,0.23221,0.01314,"90.6",156,31.11111111111111,10.37037037037037,5.982905982905983,5.92,-1.05,0.07,2.38,0.355,14,"0.336393089",0.336,0.372,"-0.336393089",0.024,0.01899999999999996,0.084,0.034,32.9,,,,,,,
918,658069,"Fuentes, Joshua",2023,918,100,0.227,0.112,0.27,0.339,0.284,0.302,0.237,53,233,84.9,14.5,2197,87.6,87.74,127,499,419,0.10000000000000853,6.27,106,152,118,145,292,311,286,"9.785","-9.785",,,260,183,39,7,2,5,52,20,20,7.7,2.38242,0.62252,0.26784,0.01678,"90.5",159,29.508196721311474,5.46448087431694,3.8461538461538463,5.9,-0.45,0.06,2.27,0.3,10,"-1.065904139",0.312,0.367,"1.065904139",-0.01,-0.01200000000000001,-0.028,-0.018,25.5,,,,,,,
916,688780,"Gold, Luke",2023,916,100,0.273,0.161,0.333,0.434,0.35,0.322,0.234,56,205,85.9,21.1,2303,87.7,87.68,130,446,470,0,6.29,105,144,118,145,290,311,277,"-1.948","1.948",,,240,156,36,13,1,6,52,21.7,24,10,2.3391,0.66748,0.29882,0.14742,"91.0",168,32.903225806451616,7.096774193548387,4.583333333333333,5.76,-1.1,0.28,2.29,0.367,11,"0.212663755",0.335,0.388,"-0.212663755",0.039,0.03199999999999997,0.046,0.028,29.1,,,,,,,
915,687543,"Jenkins, Andrew",2023,915,100,0.304,0.078,0.424,0.382,0.338,0.29,0.244,62,204,87.9,3.2,2310,87.8,87.68,97,401,514,-0.09999999999999432,6.25,104,145,117,145,294,309,277,"-7.411","7.411",,,233,145,51,7,3,1,62,26.6,22,9.4,2.33843,0.66715,0.2892,0.08776,"91.2",143,38.19444444444444,1.3888888888888888,0.8583690987124464,5.78,-0.99,0.14,2.42,0.378,2,"0.809945355",0.326,0.307,"-0.809945355",0.06,0.05199999999999999,0.075,0.048,24.2,,,,,,,
914,663544,"Talley, LJ",2023,914,100,0.219,0.112,0.262,0.332,0.301,0.29,0.215,41,187,83.4,11.1,2120,88.2,88.24,91,365,549,0,6.28,113,144,116,149,288,315,287,"6.263","-6.263",,,220,145,29,7,1,4,43,19.5,32,14.5,2.29263,0.67722,0.4905,-0.3206,"90.4",137,24.82758620689655,2.0689655172413794,1.3636363636363635,5.85,-1.19,-0.1,2.36,0.332,3,"-0.685229759",0.329,0.297,"0.685229759",0.004,0.0030000000000000027,0.035,0.011,24.9,,,,,,,
911,693049,"Colás, Oscar",2023,914,99.7,0.267,0.195,0.315,0.462,0.345,0.316,0.235,56,210,88.4,8.5,2206,86.5,86.61,128,472,439,0.09999999999999432,6.3,117,146,121,151,288,318,296,"-3.025","3.025",,,234,158,33,14,0,9,53,22.6,21,9,2.549,0.54117,0.25947,-0.30218,"91.6",154,38.607594936708864,10.759493670886076,7.264957264957266,5.7,-1,-0.12,2.29,0.338,17,"0.332052689",0.309,0.413,"-0.332052689",0.032,0.029000000000000026,0.049,0.029,27.1,,,,,,,
908,674913,"Castillo, Chad",2023,909,99.9,0.244,0.195,0.279,0.439,0.335,0.334,0.254,54,221,87.6,12,2237,87.2,87.14,172,502,406,-0.10000000000000853,6.28,114,145,116,144,281,313,291,"-2.267","2.267",,,255,165,33,10,0,11,59,23.1,19,7.5,2.37106,0.67627,0.4464,-0.32227,"90.9",157,33.74233128834356,8.588957055214724,5.490196078431373,5.77,-1,-0.22,2.38,0.333,14,"0.249669604",0.342,0.418,"-0.249669604",-0.01,-0.009000000000000008,0.021,0.001,34.3,,,,,,,
907,668721,"Henry, Payton",2023,907,100,0.294,0.16,0.359,0.454,0.344,0.308,0.249,70,238,88.8,5.6,2210,87.5,87.54,143,517,390,0,6.27,107,150,119,146,299,318,288,"-0.471","0.471",,,255,179,50,11,0,9,59,23.1,12,4.7,2.43396,0.57848,0.19834,0.03905,"91.5",144,38.764044943820224,8.426966292134832,5.88235294117647,5.86,-0.97,0.11,2.32,0.341,15,"0.051929438",0.299,0.408,"-0.051929438",0.045,0.04200000000000004,0.046,0.036,27.7,,,,,,,
905,608360,"Okey, Chris",2023,908,99.7,0.284,0.135,0.338,0.418,0.335,0.316,0.253,59,208,84.9,11.9,2227,88.1,88.45,97,405,500,0.4000000000000057,6.29,107,148,119,147,301,326,290,"-0.496","0.496",,,230,163,45,6,2,6,46,20,16,7,2.4209,0.53477,0.30827,0.09197,"91.3",152,34.355828220858896,7.975460122699387,5.6521739130434785,5.68,-1.01,0.18,2.25,0.348,13,"0.05480663",0.321,0.397,"-0.05480663",0.031,0.02699999999999997,0.021,0.019,24,,,,,,,
901,687231,"Hernaiz, Darell",2023,909,99.1,0.298,0.121,0.323,0.419,0.349,0.301,0.242,64,215,89,3.2,2259,87.5,87.75,83,425,476,0.29999999999999716,6.23,106,149,116,146,299,327,290,"-3.655","3.655",,,245,190,47,12,1,4,27,11,24,9.8,2.55443,0.44474,0.23313,-0.00841,"91.8",145,40,2.1052631578947367,1.6326530612244898,5.7,-0.68,0.14,2.3,0.376,4,"0.405660377",0.327,0.342,"-0.405660377",0.056,0.04899999999999999,0.077,0.048,19.5,,,,,,,
900,694336,"Johnson, Dom",2023,900,100,0.279,0.142,0.374,0.421,0.346,0.296,0.22,53,190,87.8,13.5,2308,88.4,88.34,107,425,475,-0.10000000000000853,6.28,104,144,113,144,291,311,279,"-0.295","0.295",,,222,135,37,9,3,4,58,26.1,25,11.3,2.21949,0.7408,0.34911,0.11305,"91.2",150,40.74074074074074,6.666666666666667,4.054054054054054,5.82,-0.91,0.11,2.3,0.369,9,"0.032777778",0.319,0.339,"-0.032777778",0.059,0.04999999999999999,0.082,0.05,25.2,,,,,,,
895,690180,"Windham, Bryce",2023,899,99.6,0.293,0.087,0.363,0.38,0.332,0.309,0.251,54,184,86.4,7.2,2175,89.2,89.16,79,389,506,0,6.2,115,146,114,151,279,308,289,"-2.776","2.776",,,213,147,42,9,2,1,41,19.2,25,11.7,2.21508,0.68279,0.47215,-0.35128,"90.1",165,25.170068027210885,4.081632653061225,2.8169014084507045,5.87,-1.3,0.05,2.39,0.371,6,"0.310167598",0.341,0.33,"-0.310167598",0.042,0.02999999999999997,0.05,0.023,20.3,,,,,,,
891,687833,"Fontana, Shayne",2023,896,99.4,0.278,0.139,0.338,0.417,0.354,0.332,0.257,52,187,90.1,8.3,2168,87.7,87.69,85,394,497,0,6.26,111,146,114,150,285,315,293,"-6.363","6.363",,,222,146,36,10,2,4,43,19.4,26,11.7,2.40228,0.60743,0.39982,-0.31852,"91.4",144,43.15068493150685,5.47945205479452,3.6036036036036037,5.77,-1.06,-0.12,2.35,0.383,8,"0.714141414",0.366,0.366,"-0.714141414",0.021,0.017000000000000015,0.051,0.022,21.6,,,,,,,
883,642165,"VanMeter, Josh",2023,884,99.9,0.2,0.164,0.239,0.364,0.353,0.328,0.18,28,140,89,10.7,2133,88.2,88.31,68,273,610,0.09999999999999432,6.29,114,144,116,150,293,319,296,"-5.019","5.019",,,189,98,18,3,1,6,43,22.8,46,24.3,2.29382,0.67413,0.39627,-0.39161,"91.4",152,34.69387755102041,5.1020408163265305,2.6455026455026456,5.91,-1,-0.21,2.31,0.402,5,"0.568403171",0.39,0.291,"-0.568403171",0.02,0.01200000000000001,0.073,0.025,24.9,,,,,,,
881,668876,"Humphreys, Zach",2023,884,99.7,0.261,0.122,0.338,0.383,0.323,0.256,0.188,49,188,86.8,3.2,2214,88.7,88.98,88,358,523,0.29999999999999716,6.27,107,149,118,146,301,324,289,"2.424","-2.424",,,220,141,31,15,1,2,51,23.2,26,11.8,2.35168,0.56718,0.30794,0.08253,"90.6",134,30.935251798561154,2.877697841726619,1.8181818181818181,5.75,-0.75,0.03,2.32,0.35,4,"-0.275141884",0.291,0.258,"0.275141884",0.073,0.059,0.125,0.067,24.6,,,,,,,
877,680709,"Dunn, Nick",2023,877,100,0.302,0.083,0.341,0.385,0.356,0.324,0.261,58,192,87.5,10.5,2189,88.3,88.52,44,331,546,0.20000000000000284,6.31,113,146,111,149,281,315,293,"-3.12","3.12",,,225,166,46,10,0,2,26,11.6,32,14.2,2.27253,0.67981,0.3359,-0.21227,"91.2",150,36.144578313253014,1.8072289156626504,1.3333333333333335,5.79,-0.72,-0.19,2.3,0.404,3,"0.355758267",0.369,0.339,"-0.355758267",0.041,0.03500000000000003,0.046,0.032,13.3,,,,,,,
872,621008,"De Goti, Alex",2023,873,99.9,0.179,0.096,0.255,0.276,0.286,0.302,0.216,28,156,82.5,10,2213,88.7,88.85,118,379,493,0.09999999999999432,6.33,106,149,115,147,291,314,279,"3.639","-3.639",,,191,104,17,9,0,2,52,27.2,32,16.8,2.23435,0.70536,0.31668,0.10952,"89.4",157,16.346153846153847,0,0,5.87,-0.72,0.02,2.32,0.33,0,"-0.417316514",0.359,0.272,"0.417316514",-0.037,-0.02899999999999997,0.004,-0.016,31.1,,,,,,,
872,657739,"Ritchie, Jamie",2023,872,100,0.233,0.045,0.292,0.278,0.303,0.29,0.213,41,176,85,5.6,2158,88.2,88.3,61,332,540,0.09999999999999432,6.29,106,150,119,147,298,315,278,"5.012","-5.012",,,214,138,36,3,1,1,39,18.2,36,16.8,2.23528,0.74422,0.3759,-0.03284,"90.1",145,23.91304347826087,0,0,5.82,-0.67,0.13,2.37,0.364,0,"-0.574770642",0.348,0.257,"0.574770642",0.02,0.016000000000000014,0.021,0.013,18.4,,,,,,,
871,687282,"Rincones Jr., Gabriel",2023,871,100,0.264,0.18,0.356,0.444,0.365,0.321,0.223,47,178,89.5,11.2,2219,87.2,86.91,115,369,502,-0.29999999999999716,6.17,114,145,116,144,283,311,285,"-5.794","5.794",,,213,123,27,13,2,5,55,25.8,27,12.7,2.36668,0.68096,0.43506,-0.26388,"92.2",134,46.72131147540984,8.19672131147541,4.694835680751173,5.9,-0.82,-0.18,2.39,0.385,10,"0.6652124",0.351,0.351,"-0.6652124",0.041,0.03400000000000003,0.093,0.044,31.2,,,,,,,
868,691456,"Sequera, Manuel",2023,868,100,0.208,0.151,0.257,0.358,0.283,0.264,0.211,44,212,85.6,19,2285,87.1,87.1,166,468,400,0,6.3,104,143,118,144,293,313,283,"7.55","-7.55",,,236,151,26,11,0,7,62,26.3,18,7.6,2.39093,0.65335,0.21834,0.09189,"90.3",132,24.161073825503358,2.013422818791946,1.2711864406779663,5.75,-1,0.18,2.3,0.284,3,"-0.869815668",0.288,0.289,"0.869815668",-0.003,-0.0040000000000000036,0.069,0.019,35.5,,,,,,,
868,694359,"Kavadas, Niko",2023,868,100,0.209,0.216,0.287,0.426,0.348,0.349,0.208,31,148,91.2,19.8,2157,87.9,87.94,113,302,566,0,6.27,116,146,120,151,296,325,295,"-3.314","3.314",,,187,88,15,8,0,8,62,33.2,35,18.7,2.37429,0.6101,0.4071,-0.34821,"92.3",187,51.13636363636363,13.636363636363635,6.417112299465241,5.79,-1.31,-0.3,2.35,0.364,12,"0.381797235",0.363,0.427,"-0.381797235",0.001,0.0010000000000000009,-0.001,-0.001,37.4,,,,,,,
866,667472,"Myers, Dane",2023,867,99.9,0.335,0.178,0.392,0.513,0.399,0.332,0.264,64,191,90.1,6.1,2202,88.5,88.8,81,388,478,0.29999999999999716,6.37,105,149,119,147,303,321,287,"-15.837","15.837",,,222,151,47,8,1,8,43,19.4,23,10.4,2.26009,0.67628,0.30866,0.10046,"91.7",167,45.6953642384106,5.298013245033113,3.6036036036036037,5.89,-0.88,0.05,2.41,0.414,8,"1.828752887",0.356,0.385,"-1.828752887",0.071,0.057999999999999996,0.128,0.067,20.9,,,,,,,
866,694271,"Yeager, R.J.",2023,866,100,0.309,0.157,0.335,0.466,0.382,0.356,0.274,63,204,86.2,12.9,2290,87.3,87.29,77,398,468,0,6.25,103,143,118,144,291,307,280,"-10.871","10.871",,,244,180,42,14,3,4,27,11.1,30,12.3,2.29454,0.73117,0.35299,0.08481,"90.9",138,31.11111111111111,4.444444444444445,3.278688524590164,5.7,-0.91,0.16,2.39,0.41,8,"1.255311778",0.382,0.418,"-1.255311778",0.035,0.02799999999999997,0.048,0.026,19.3,,,,,,,
863,547172,"Wolters, Tony",2023,866,99.7,0.237,0.101,0.303,0.337,0.331,0.294,0.206,40,169,82.6,12.9,2190,88.6,88.59,105,346,517,0,6.24,114,145,113,149,280,312,288,"1.462","-1.462",,,212,125,29,8,0,3,46,21.7,36,17,2.2326,0.71479,0.39152,-0.25207,"89.7",137,19.2,0,0,5.9,-0.83,-0.19,2.3,0.382,0,"-0.169409038",0.358,0.254,"0.169409038",0.031,0.02400000000000002,0.083,0.037,30.3,,,,,,,
859,687144,"Joyce, Corey",2023,859,100,0.268,0.179,0.373,0.446,0.368,0.296,0.197,45,168,88.4,14.7,2214,88.1,87.97,98,337,522,-0.09999999999999432,6.23,108,149,117,146,291,313,281,"-6.969","6.969",,,206,114,26,12,3,4,56,27.2,30,14.6,2.38085,0.60214,0.28455,0.07318,"91.1",146,28.07017543859649,4.385964912280701,2.4271844660194173,5.94,-0.93,0.15,2.32,0.393,5,"0.8112922",0.336,0.295,"-0.8112922",0.071,0.056999999999999995,0.151,0.072,29.1,,,,,,,
859,689931,"Graham, Peyton",2023,859,100,0.225,0.121,0.288,0.346,0.314,0.306,0.218,41,182,85.8,13.5,2306,88,87.94,105,376,483,-0.09999999999999432,6.27,105,145,115,145,296,313,277,"-2.916","2.916",,,217,135,26,11,1,3,48,22.1,28,12.9,2.30234,0.68467,0.32892,0.07624,"90.7",149,31.11111111111111,3.7037037037037033,2.3041474654377883,5.77,-0.83,0.31,2.38,0.346,5,"0.339464494",0.341,0.323,"-0.339464494",0.007,0.004999999999999949,0.023,0.008,27.9,,,,,,,
856,622666,"Camargo, Johan",2023,856,100,0.25,0.179,0.266,0.429,0.331,0.29,0.214,46,184,87,8.4,2172,88.3,88.46,93,369,487,0.20000000000000284,6.28,114,148,118,151,296,324,295,"1.019","-1.019",,,208,148,31,6,0,9,37,17.8,22,10.6,2.32426,0.6317,0.44591,-0.44591,"91.2",149,31.756756756756754,6.081081081081082,4.326923076923077,5.86,-0.79,-0.01,2.36,0.332,9,"-0.119042056",0.301,0.356,"0.119042056",0.036,0.031000000000000028,0.073,0.041,25.2,,,,,,,
855,663967,"Salazar, César",2023,858,99.7,0.193,0.082,0.226,0.275,0.308,0.326,0.219,33,171,86,13.6,2177,88.4,88.7,85,368,487,0.29999999999999716,6.29,114,145,120,150,281,312,287,"0.848","-0.848",,,219,139,23,8,0,2,33,15.1,31,14.2,2.32956,0.60876,0.35652,-0.28238,"90.1",139,21.58273381294964,0.7194244604316548,0.45662100456621,5.78,-0.8,-0.22,2.36,0.365,1,"-0.099181287",0.386,0.298,"0.099181287",-0.026,-0.02100000000000002,-0.023,-0.018,23.1,,,,,,,
853,664029,"Mathias, Mark",2023,853,100,0.289,0.12,0.379,0.41,0.359,0.321,0.239,48,166,87.4,11.9,2249,88.6,88.79,101,355,498,0.20000000000000284,6.31,105,149,116,144,295,319,283,"-5.117","5.117",,,201,120,36,8,0,4,49,24.4,30,14.9,2.25549,0.68107,0.27831,0.05655,"90.5",149,38.333333333333336,1.6666666666666667,0.9950248756218906,5.88,-0.62,0.03,2.42,0.398,2,"0.599882767",0.362,0.332,"-0.599882767",0.05,0.03600000000000003,0.078,0.038,28.5,,,,,,,
852,641924,"Nottingham, Jacob",2023,852,100,0.218,0.203,0.268,0.421,0.316,0.294,0.21,43,197,86,17.2,2246,87.8,87.96,153,442,410,0.20000000000000284,6.25,107,151,120,146,293,320,287,"0.177","-0.177",,,221,133,23,10,0,10,64,29,15,6.8,2.33165,0.67324,0.29072,0.10669,"91.2",169,37.59398496240601,9.022556390977442,5.429864253393665,5.72,-0.92,0.09,2.48,0.303,12,"-0.020774648",0.295,0.367,"0.020774648",0.008,0.008000000000000007,0.054,0.022,34.6,,,,,,,
849,681526,"Lavastida, Bryan",2023,852,99.6,0.229,0.176,0.255,0.404,0.306,0.283,0.211,43,188,86.2,8.5,2188,87.6,87.63,117,385,464,0,6.24,106,149,115,145,294,316,284,"8.516","-8.516",,,214,145,26,9,0,8,47,22,21,9.8,2.48736,0.55954,0.32712,0.01739,"90.9",142,29.655172413793103,5.517241379310345,3.7383177570093453,5.85,-0.86,0.1,2.31,0.304,8,"-1.003062426",0.293,0.342,"1.003062426",0.018,0.01100000000000001,0.062,0.023,30.4,,,,,,,
847,676847,"Matheny, Shane",2023,848,99.9,0.222,0.082,0.347,0.304,0.311,0.316,0.217,38,171,88.5,16.7,2142,88.1,88.08,105,316,531,0,6.27,113,145,109,150,290,320,298,"3.879","-3.879",,,212,104,31,3,1,3,69,32.5,38,17.9,2.34039,0.64302,0.37547,-0.29126,"91.2",152,41.34615384615385,4.807692307692308,2.358490566037736,5.75,-1.02,-0.15,2.38,0.363,5,"-0.457969303",0.36,0.324,"0.457969303",0.005,0.0030000000000000027,-0.02,-0.005,33.2,,,,,,,
845,694201,"Bastidas, Abel",2023,845,100,0.225,0.095,0.295,0.32,0.279,0.272,0.228,45,200,83.1,10.9,2187,87.9,87.8,121,454,391,-0.10000000000000853,6.23,109,144,116,144,279,308,282,"10.591","-10.591",,,225,148,30,13,0,2,54,24,18,8,2.23236,0.75658,0.53269,-0.53269,"90.0",141,23.12925170068027,0.6802721088435374,0.4444444444444444,5.72,-1.09,-0.2,2.29,0.302,1,"-1.253372781",0.307,0.285,"1.253372781",-0.003,-0.0050000000000000044,0.035,0.007,26.7,,,,,,,
844,686452,"Millas, Drew",2023,844,100,0.273,0.134,0.311,0.407,0.34,0.315,0.249,53,194,86.3,6.6,2172,88.5,88.59,72,372,472,0.09999999999999432,6.26,111,146,115,149,282,319,295,"-2.094","2.094",,,227,164,36,11,3,3,33,14.5,26,11.5,2.32746,0.61293,0.45381,-0.45381,"90.5",150,27.439024390243905,2.4390243902439024,1.762114537444934,5.75,-1.3,-0.1,2.34,0.366,4,"0.248104265",0.35,0.34,"-0.248104265",0.024,0.016000000000000014,0.067,0.025,19.4,,,,,,,
840,681909,"Dean, Justin",2023,840,100,0.164,0.107,0.237,0.27,0.27,0.288,0.169,26,159,86.9,6.4,2211,88.2,88.29,120,348,492,0.09999999999999432,6.28,108,149,110,146,295,311,280,"11.492","-11.492",,,199,97,18,3,1,4,67,33.7,32,16.1,2.25074,0.71308,0.35635,-0.02501,"90.5",160,31.958762886597935,9.278350515463918,4.522613065326634,5.86,-0.27,0.13,2.33,0.307,9,"-1.368095238",0.318,0.282,"1.368095238",-0.005,-0.01100000000000001,-0.012,-0.018,34.5,,,,,,,
840,671286,"Rodríguez, Johnathan",2023,840,100,0.28,0.28,0.388,0.56,0.397,0.327,0.227,49,175,91.5,3.9,2216,87.8,87.87,148,397,443,0.10000000000000853,6.24,107,151,122,147,294,317,286,"-14.953","14.953",,,202,109,24,12,2,11,66,32.7,25,12.4,2.42919,0.55924,0.25848,-0.10732,"92.3",154,49.54128440366973,13.761467889908257,7.425742574257425,5.87,-0.68,0.17,2.32,0.376,15,"1.780119048",0.33,0.412,"-1.780119048",0.053,0.045999999999999985,0.148,0.07,37.3,,,,,,,
839,661411,"Cedrola, Lorenzo",2023,843,99.5,0.25,0.16,0.265,0.41,0.349,0.322,0.235,47,188,86.1,13.5,2159,88,88.13,88,413,426,0.09999999999999432,6.32,106,149,109,146,293,311,279,"-4.899","4.899",,,225,161,31,8,2,6,27,12,25,11.1,2.25174,0.72834,0.38524,0.05616,"90.4",147,28.57142857142857,4.3478260869565215,3.111111111111111,5.87,-0.77,0.28,2.28,0.373,7,"0.583909416",0.36,0.339,"-0.583909416",0.015,0.013000000000000012,0.071,0.027,21.3,,,,,,,
839,669722,"Davidson, Logan",2023,841,99.8,0.266,0.111,0.335,0.377,0.314,0.291,0.237,55,207,89.9,9.9,2215,88.2,88.59,114,425,414,0.3999999999999915,6.29,115,147,119,149,298,331,299,"2.489","-2.489",,,230,158,39,12,1,3,50,21.7,21,9.1,2.48277,0.46552,0.28838,-0.28838,"92.0",146,42.038216560509554,5.095541401273886,3.4782608695652173,5.66,-0.68,0.03,2.28,0.335,8,"-0.296662694",0.309,0.343,"0.296662694",0.029,0.026000000000000023,0.034,0.023,26.8,,,,,,,
836,682663,"Ramírez, Agustín",2023,836,100,0.246,0.153,0.271,0.399,0.347,0.351,0.255,45,183,91.8,9,2287,87.3,87.2,90,352,484,-0.09999999999999432,6.26,105,146,117,144,292,311,281,"-7.242","7.242",,,229,147,31,7,0,7,40,17.5,41,17.9,2.42011,0.61754,0.27813,0.07248,"93.2",151,51.02040816326531,8.16326530612245,5.240174672489083,5.78,-0.86,0.15,2.3,0.38,12,"0.866267943",0.389,0.394,"-0.866267943",-0.009,-0.009000000000000008,0.005,-0.004,25.6,,,,,,,
832,691708,"Tilien, Junior",2023,832,100,0.249,0.185,0.287,0.434,0.337,0.298,0.226,47,189,87,15.4,2237,86.8,86.62,95,392,440,-0.20000000000000284,6.2,104,146,117,145,289,308,280,"-2.475","2.475",,,217,149,25,15,1,6,41,18.9,25,11.5,2.44657,0.62698,0.40681,0.11572,"90.8",151,31.08108108108108,5.405405405405405,3.686635944700461,5.8,-0.82,0.24,2.43,0.341,8,"0.297475962",0.323,0.338,"-0.297475962",0.023,0.018000000000000016,0.096,0.039,24.2,,,,,,,
832,645801,"Ford, Mike",2023,832,100,0.302,0.302,0.3,0.605,0.432,0.402,0.277,52,172,88.5,15.3,2161,87.6,87.63,66,342,490,0,6.21,116,145,124,151,291,326,295,"-14.339","14.339",,,209,143,27,11,1,13,30,14.4,32,15.3,2.41195,0.59496,0.41524,-0.37707,"92.6",159,42.95774647887324,11.267605633802818,7.655502392344498,5.69,-1.04,-0.26,2.26,0.421,16,"1.7234375",0.405,0.513,"-1.7234375",0.025,0.01599999999999996,0.092,0.03,19.3,,,,,,,
832,683549,"Mojica, Alexander",2023,832,100,0.223,0.171,0.289,0.394,0.322,0.292,0.21,39,175,85.7,10.7,2310,87.1,86.95,130,361,471,-0.09999999999999432,6.23,106,144,118,143,283,307,281,"-2.309","2.309",,,204,120,21,12,0,6,55,27,25,12.3,2.38096,0.68752,0.28023,0.01264,"91.6",143,36.440677966101696,5.084745762711865,2.941176470588235,5.79,-0.98,0.21,2.46,0.333,6,"0.277524038",0.324,0.312,"-0.277524038",0.013,0.009000000000000008,0.082,0.03,36,,,,,,,
831,608577,"Mazara, Nomar",2023,831,100,0.266,0.145,0.313,0.41,0.336,0.342,0.248,46,173,86.7,6.7,2198,88.2,88.11,87,372,459,-0.10000000000000853,6.22,117,145,125,151,289,321,294,"-3.258","3.258",,,202,136,32,8,1,5,40,19.8,26,12.9,2.35945,0.6127,0.38729,-0.24686,"91.5",150,38.23529411764706,11.029411764705882,7.425742574257425,5.81,-0.84,0.01,2.47,0.356,15,"0.392057762",0.345,0.433,"-0.392057762",0.018,0.01100000000000001,-0.023,-0.006,23.4,,,,,,,
829,642423,"Sierra, Magneuris",2023,832,99.6,0.22,0.079,0.296,0.298,0.266,0.246,0.205,42,191,83.9,2.4,2203,87.3,87.42,111,374,455,0.10000000000000853,6.26,111,146,103,148,282,312,291,"12.177","-12.177",,,212,137,33,5,2,2,55,25.9,20,9.4,2.50164,0.52324,0.30024,-0.22689,"90.1",122,25.547445255474454,1.4598540145985401,0.9433962264150944,5.86,-0.77,-0.08,2.37,0.292,2,"-1.468878166",0.28,0.252,"1.468878166",0.015,0.011999999999999955,0.046,0.02,29.7,,,,,,,
828,641684,"Hermosillo, Michael",2023,829,99.9,0.218,0.214,0.227,0.432,0.314,0.306,0.226,45,206,88.6,20.5,2179,87.9,87.97,139,463,365,0.09999999999999432,6.27,106,150,115,146,295,321,285,"1.954","-1.954",,,233,154,27,5,0,13,55,23.6,15,6.4,2.39826,0.58757,0.34317,0.08849,"91.2",153,35.064935064935064,7.142857142857142,4.721030042918455,5.82,-0.84,0.21,2.32,0.296,11,"-0.235990338",0.306,0.382,"0.235990338",-0.008,-0.010000000000000009,0.05,0.008,30,,,,,,,
824,702292,"Luttrell, Chase",2023,827,99.6,0.251,0.158,0.3,0.41,0.314,0.295,0.24,46,183,86.7,14.1,2213,87.9,87.97,87,397,427,0.09999999999999432,6.29,112,145,111,144,282,307,285,"1.295","-1.295",,,203,144,26,15,1,4,41,20.2,17,8.4,2.22103,0.76478,0.54301,-0.40579,"90.1",168,20.833333333333336,4.861111111111112,3.4482758620689653,5.72,-0.94,-0.04,2.41,0.315,7,"-0.157160194",0.306,0.361,"0.157160194",0.011,0.009000000000000008,0.049,0.019,21.9,,,,,,,
823,621002,"Robertson, Daniel",2023,823,100,0.222,0.097,0.259,0.318,0.301,0.327,0.25,39,176,84.9,6.9,2200,87.7,87.88,76,345,478,0.20000000000000284,6.28,108,149,119,146,297,317,289,"4.718","-4.718",,,210,142,29,6,1,3,36,17.1,24,11.4,2.42394,0.57446,0.26693,0.02873,"90.8",144,29.577464788732392,4.225352112676056,2.857142857142857,5.76,-0.47,0.06,2.34,0.338,6,"-0.57326853",0.365,0.347,"0.57326853",-0.028,-0.02699999999999997,-0.029,-0.026,22,,,,,,,
820,680862,"MacIver, Willie",2023,820,100,0.255,0.143,0.358,0.398,0.35,0.314,0.226,41,161,89.2,7.1,2215,88.3,88.83,131,378,442,0.5,6.33,107,149,118,146,300,323,297,"-2.866","2.866",,,199,109,26,10,2,3,54,27.1,32,16.1,2.40044,0.55726,0.27698,0.03412,"91.1",138,36.11111111111111,0.9259259259259258,0.5025125628140703,5.69,-0.62,0.06,2.3,0.387,1,"0.349512195",0.366,0.305,"-0.349512195",0.029,0.02100000000000002,0.093,0.036,34.7,,,,,,,
820,666134,"Jones, Nolan",2023,820,100,0.356,0.356,0.432,0.711,0.493,0.401,0.27,53,149,91.2,10.8,2154,87.2,87.66,68,278,542,0.5,6.26,115,146,126,151,297,332,310,"-21.139","21.139",,,187,107,26,13,2,12,43,23,33,17.6,2.45044,0.55725,0.36103,-0.25953,"92.8",154,43.925233644859816,15.887850467289718,9.090909090909092,5.65,-0.99,-0.09,2.37,0.481,17,"2.577926829",0.413,0.516,"-2.577926829",0.086,0.068,0.195,0.092,24.5,,,,,,,
819,642201,"White, Eli",2023,819,100,0.256,0.196,0.327,0.452,0.355,0.34,0.249,43,168,89.3,11.9,2191,87.5,87.67,101,355,464,0.20000000000000284,6.31,107,151,115,146,297,313,287,"-2.88","2.88",,,200,113,29,4,1,9,57,28.5,30,15,2.40974,0.60793,0.26766,0.00594,"91.2",151,40.707964601769916,7.964601769911504,4.5,5.88,-0.52,0.15,2.29,0.365,9,"0.351648352",0.359,0.411,"-0.351648352",0.007,0.006000000000000005,0.041,0.015,28.5,,,,,,,
817,692489,"Del Rosario, Angel",2023,824,99.2,0.282,0.158,0.391,0.441,0.349,0.248,0.189,50,177,81.4,10.7,2328,87.5,87.41,126,380,437,-0.09999999999999432,6.24,104,144,110,144,286,303,275,"-3.949","3.949",,,204,120,34,9,2,5,60,29.4,18,8.8,2.29776,0.72133,0.30034,0.10765,"89.6",133,17.647058823529413,0.8403361344537815,0.49019607843137253,5.72,-1.15,0.11,2.4,0.363,1,"0.483353733",0.284,0.244,"-0.483353733",0.093,0.07900000000000001,0.197,0.101,33.2,,,,,,,
815,702253,"Collier, Cam",2023,815,100,0.19,0.065,0.242,0.256,0.269,0.306,0.231,32,168,89.6,7.6,2271,87.9,87.88,92,369,446,0,6.23,111,144,117,144,283,310,291,"8.722","-8.722",,,203,129,23,8,0,1,42,20.7,30,14.8,2.24252,0.74438,0.49541,-0.3579,"91.9",143,42.1875,2.34375,1.477832512315271,5.72,-1.09,-0.16,2.4,0.315,3,"-1.070184049",0.352,0.305,"1.070184049",-0.041,-0.03699999999999998,-0.049,-0.037,24.9,,,,,,,
814,683324,"Deschamps, Nicolas",2023,816,99.8,0.17,0.082,0.247,0.252,0.286,0.299,0.178,27,159,82.9,17,2269,87.9,87.75,130,338,476,-0.10000000000000853,6.2,116,145,117,145,280,305,280,"6.307","-6.307",,,203,100,20,4,0,3,61,30,35,17.2,2.26119,0.73209,0.50048,-0.30729,"89.9",148,18,6,2.955665024630542,5.71,-0.85,-0.13,2.37,0.34,6,"-0.774815725",0.346,0.28,"0.774815725",-0.008,-0.00599999999999995,-0.028,-0.013,38.5,,,,,,,
812,605353,"Machín, Vimael",2023,813,99.9,0.236,0.104,0.267,0.341,0.299,0.315,0.246,43,182,88.3,9.5,2174,88,87.91,57,346,466,-0.09999999999999432,6.28,115,146,113,149,284,317,291,"1.691","-1.691",,,209,150,32,7,0,4,34,16.3,23,11,2.40432,0.59167,0.41812,-0.26442,"91.1",163,39.59731543624161,5.369127516778524,3.827751196172249,5.98,-0.79,-0.12,2.38,0.325,8,"-0.208251232",0.337,0.37,"0.208251232",-0.01,-0.01200000000000001,-0.029,-0.016,16.5,,,,,,,
811,501659,"Almonte, Abraham",2023,811,100,0.205,0.26,0.202,0.466,0.344,0.346,0.228,30,146,88.8,19.1,2134,88.1,88.19,85,334,477,0.10000000000000853,6.19,110,147,120,149,288,319,286,"-0.395","0.395",,,175,101,16,2,0,12,46,26.3,28,16,2.34879,0.6076,0.51278,-0.51278,"91.9",158,32.67326732673268,13.861386138613863,8,5.81,-0.76,-0.12,2.25,0.331,14,"0.048705302",0.351,0.443,"-0.048705302",-0.023,-0.019999999999999962,0.023,-0.002,25.4,,,,,,,
811,678882,"Rafaela, Ceddanne",2023,811,100,0.312,0.307,0.348,0.618,0.414,0.345,0.267,62,199,89,11.9,2192,87.8,87.95,142,447,364,0.20000000000000284,6.32,107,149,113,145,297,323,289,"-15.019","15.019",,,219,152,32,13,3,14,48,21.9,12,5.5,2.39317,0.59849,0.2556,0.09919,"92.0",167,45.6953642384106,12.582781456953644,8.67579908675799,5.74,-1.29,0.19,2.26,0.37,19,"1.851911221",0.331,0.467,"-1.851911221",0.045,0.03899999999999998,0.151,0.069,31.8,,,,,,,
811,572039,"Piscotty, Stephen",2023,811,100,0.233,0.159,0.259,0.392,0.319,0.307,0.225,41,176,86.5,14.9,2224,87.5,87.56,99,386,425,0.09999999999999432,6.21,106,151,119,145,295,316,283,"4.301","-4.301",,,205,141,25,10,0,6,37,18,24,11.7,2.41945,0.61551,0.30151,0.13672,"91.0",149,31.20567375886525,5.673758865248227,3.902439024390244,5.73,-1.03,0.1,2.33,0.332,8,"-0.530332922",0.327,0.359,"0.530332922",0.008,0.0050000000000000044,0.033,0.012,25.6,,,,,,,
810,801740,"Paz, Karell",2023,810,100,0.264,0.135,0.328,0.399,0.342,0.313,0.237,47,178,84.4,14.3,2201,87.1,87.11,117,398,412,0,6.28,112,144,116,145,282,310,290,"-4.927","4.927",,,211,135,32,10,1,4,45,21.3,21,10,2.33006,0.71443,0.56478,-0.48147,"90.5",145,30.37037037037037,3.7037037037037033,2.3696682464454977,5.72,-1.09,-0.14,2.37,0.37,5,"0.608271605",0.347,0.339,"-0.608271605",0.027,0.02300000000000002,0.06,0.029,29.4,,,,,,,
809,656185,"Allen, Greg",2023,813,99.5,0.244,0.122,0.298,0.366,0.34,0.34,0.233,40,164,90,15.4,2167,88.1,88.02,78,361,448,-0.09999999999999432,6.23,111,145,107,149,289,317,286,"-2.29","2.29",,,206,127,27,9,1,3,40,19.4,26,12.6,2.30148,0.67335,0.50068,-0.50068,"91.4",153,44.800000000000004,5.6000000000000005,3.3980582524271843,5.79,-1.04,-0.01,2.36,0.383,7,"0.283065513",0.38,0.358,"-0.283065513",0.011,0.0030000000000000027,0.008,0,21.6,,,,,,,
807,669023,"Downs, Jeter",2023,807,100,0.239,0.145,0.318,0.384,0.333,0.312,0.217,38,159,86.2,18.9,2209,88.2,88.27,89,357,450,0.09999999999999432,6.31,107,149,113,144,292,317,288,"1.182","-1.182",,,191,113,22,12,1,3,47,24.6,27,14.1,2.33417,0.63389,0.36914,0.12999,"90.7",161,34.82142857142857,6.25,3.664921465968586,5.79,-1.29,0.11,2.36,0.361,7,"-0.146468401",0.343,0.343,"0.146468401",0.022,0.01799999999999996,0.041,0.021,24.9,,,,,,,
807,621520,"Coulter, Clint",2023,807,100,0.243,0.16,0.277,0.403,0.324,0.308,0.236,50,206,86.6,13.8,2221,87.1,87.29,107,449,358,0.20000000000000284,6.32,106,150,119,146,299,323,294,"-0.616","0.616",,,235,165,29,15,0,6,42,17.9,19,8.1,2.52095,0.52296,0.22426,0.04339,"91.4",147,27.439024390243905,4.878048780487805,3.404255319148936,5.77,-0.74,0.06,2.32,0.332,8,"0.076332094",0.328,0.355,"-0.076332094",0.007,0.0040000000000000036,0.048,0.016,23.8,,,,,,,
807,657510,"Bechtold, Andrew",2023,807,100,0.258,0.209,0.325,0.467,0.345,0.308,0.223,47,182,90.8,12,2255,88.3,88.19,109,344,463,-0.09999999999999432,6.24,106,150,120,145,295,318,286,"-3.893","3.893",,,205,128,25,14,0,8,55,26.8,22,10.7,2.36794,0.60298,0.30091,0.04167,"92.4",150,43.75,12.5,7.804878048780488,5.83,-0.86,0.06,2.29,0.337,16,"0.482403965",0.31,0.386,"-0.482403965",0.035,0.027000000000000024,0.081,0.037,31.7,,,,,,,
806,669738,"Noll, Jake",2023,806,100,0.247,0.17,0.284,0.418,0.312,0.287,0.23,48,194,85.9,12.6,2214,87.1,87.26,110,431,375,0.20000000000000284,6.31,107,150,118,146,296,320,289,"1.326","-1.326",,,213,154,27,15,0,6,42,19.7,15,7,2.52993,0.55152,0.23372,0.00871,"90.8",163,31.16883116883117,5.844155844155844,4.225352112676056,5.76,-0.99,0.21,2.34,0.305,9,"-0.164516129",0.291,0.359,"0.164516129",0.017,0.014000000000000012,0.059,0.025,25.5,,,,,,,
805,691922,"Rivas, Javier",2023,807,99.8,0.19,0.051,0.313,0.241,0.22,0.234,0.203,37,195,89.8,9,2319,87.2,87.05,192,450,355,-0.10000000000000853,6.2,107,146,117,145,284,302,276,"21.741","-21.741",,,213,114,31,4,0,2,84,39.4,13,6.1,2.41318,0.62979,0.24685,-0.07516,"91.3",145,41.228070175438596,0.8771929824561403,0.4694835680751174,5.82,-0.64,0.18,2.41,0.244,1,"-2.700745342",0.258,0.257,"2.700745342",-0.013,-0.014000000000000012,-0.016,-0.014,42.7,,,,,,,
801,687859,"Johnston, Troy",2023,803,99.8,0.316,0.199,0.372,0.515,0.393,0.355,0.296,62,196,88.5,14.1,2141,87.4,87.67,115,439,362,0.29999999999999716,6.33,112,145,111,151,290,321,292,"-12.777","12.777",,,224,153,40,13,1,8,44,19.6,20,8.9,2.39091,0.6294,0.32897,-0.25941,"90.6",165,35.947712418300654,3.9215686274509802,2.6785714285714284,5.95,-1.04,-0.14,2.39,0.397,6,"1.595131086",0.381,0.412,"-1.595131086",0.02,0.016000000000000014,0.103,0.038,26.2,,,,,,,
801,664770,"Lukes, Nathan",2023,803,99.8,0.36,0.165,0.394,0.525,0.406,0.345,0.304,72,200,89.8,1.4,2169,88.4,88.49,66,405,396,0.09999999999999432,6.25,115,146,111,152,284,315,294,"-12.484","12.484",,,219,175,50,16,1,5,25,11.4,16,7.3,2.30136,0.64088,0.39116,-0.26762,"91.4",154,39.42857142857143,2.857142857142857,2.28310502283105,5.93,-1.26,-0.08,2.41,0.416,5,"1.55855181",0.364,0.417,"-1.55855181",0.056,0.05199999999999999,0.108,0.061,16.3,,,,,,,
797,687394,"Brannigan, Jack",2023,797,100,0.235,0.183,0.312,0.418,0.356,0.335,0.211,36,153,86.7,15.8,2306,87.4,87.12,92,326,471,-0.30000000000001137,6.13,107,148,117,146,285,308,281,"-6.867","6.867",,,189,100,24,3,2,7,53,28,29,15.3,2.34046,0.68934,0.27856,0.01032,"90.8",158,30.303030303030305,9.090909090909092,4.761904761904762,5.76,-0.9,0.11,2.4,0.381,9,"0.861606023",0.362,0.376,"-0.861606023",0.024,0.019000000000000017,0.042,0.021,28.2,,,,,,,
796,691625,"Duran, Gregory",2023,796,100,0.199,0.12,0.278,0.319,0.298,0.277,0.176,33,166,88.6,9.7,2212,87.9,87.85,112,337,459,0,6.22,112,145,118,145,282,308,282,"7.319","-7.319",,,202,111,19,11,0,3,57,28.2,30,14.9,2.24142,0.74494,0.59627,-0.46406,"91.7",149,36.93693693693694,6.306306306306306,3.4653465346534658,5.67,-0.99,-0.22,2.42,0.332,7,"-0.919472362",0.313,0.278,"0.919472362",0.023,0.019000000000000017,0.041,0.021,33.2,,,,,,,
796,642720,"Didder, Ray-Patrick",2023,796,100,0.288,0.202,0.36,0.491,0.401,0.34,0.229,47,163,89.2,14.5,2268,88.3,88.79,88,299,497,0.5,6.29,108,151,113,147,302,329,298,"-13.351","13.351",,,202,118,28,12,0,7,45,22.3,31,15.3,2.4134,0.51863,0.22139,-0.0037,"92.1",144,40.17094017094017,7.6923076923076925,4.455445544554455,5.66,-0.63,0.11,2.23,0.426,9,"1.677261307",0.378,0.365,"-1.677261307",0.059,0.04799999999999999,0.126,0.061,29.4,,,,,,,
794,664059,"Haggerty, Sam",2023,794,100,0.324,0.254,0.361,0.578,0.42,0.368,0.294,60,185,85.7,7.6,2219,87.5,87.59,86,358,436,0.09999999999999432,6.19,112,146,108,148,290,318,293,"-17.825","17.825",,,222,152,33,15,4,8,37,16.7,29,13.1,2.50657,0.50902,0.31504,-0.31504,"91.4",151,31.788079470198678,7.28476821192053,4.954954954954955,5.75,-0.59,-0.05,2.2,0.419,11,"2.244962217",0.399,0.431,"-2.244962217",0.03,0.019999999999999962,0.147,0.052,24,,,,,,,
793,622100,"Jones, Taylor",2023,793,100,0.23,0.213,0.262,0.443,0.338,0.34,0.245,40,174,88.7,12.1,2246,87.9,88.11,98,366,427,0.19999999999998863,6.26,109,150,119,146,307,330,294,"-2.606","2.606",,,203,130,19,13,0,8,46,22.7,26,12.8,2.46296,0.51284,0.23354,0.05684,"91.9",147,43.75,8.59375,5.41871921182266,5.74,-1.04,0.09,2.33,0.335,11,"0.328625473",0.353,0.414,"-0.328625473",-0.015,-0.01799999999999996,0.029,-0.002,26.8,,,,,,,
790,669477,"Schmitt, Casey",2023,790,100,0.302,0.136,0.364,0.437,0.339,0.314,0.267,60,199,87.2,11,2217,87.1,87.26,112,440,350,0.20000000000000284,6.34,104,149,118,145,302,324,294,"0.156","-0.156",,,216,158,42,13,1,4,43,19.9,14,6.5,2.55546,0.48762,0.23877,0.08306,"91.3",158,36.708860759493675,5.063291139240507,3.7037037037037033,5.73,-0.74,0.06,2.26,0.347,8,"-0.019746835",0.317,0.398,"0.019746835",0.035,0.02999999999999997,0.039,0.025,25.5,,,,,,,
786,687942,"Montgomery, Torin",2023,786,100,0.308,0.151,0.396,0.459,0.41,0.402,0.283,45,146,92.4,4,2285,87.9,87.89,89,328,458,0,6.26,106,146,119,147,296,310,282,"-21.676","21.676",,,190,109,30,11,1,3,38,20,35,18.4,2.33128,0.65777,0.3816,0.18124,"92.4",153,51.85185185185185,8.333333333333332,4.736842105263158,5.73,-1.03,0.09,2.41,0.463,9,"2.757760814",0.446,0.452,"-2.757760814",0.025,0.017000000000000015,0.007,0.008,27.1,,,,,,,
784,673983,"Bissonette, Josh",2023,786,99.7,0.222,0.063,0.274,0.285,0.273,0.265,0.216,35,158,84.2,5.6,2201,88.4,88.44,73,300,484,0,6.19,106,150,114,146,295,313,278,"8.021","-8.021",,,180,125,28,5,1,1,34,18.9,21,11.7,2.29314,0.68565,0.36127,0.09019,"89.9",147,24.8,0,0,5.86,-0.98,0.12,2.39,0.311,0,"-1.023086735",0.307,0.262,"1.023086735",0.006,0.0040000000000000036,0.023,0.008,24.3,,,,,,,
784,667428,"Koch, Grant",2023,784,100,0.258,0.137,0.338,0.395,0.313,0.273,0.216,49,190,86.3,11.4,2199,88.2,88.22,102,367,417,0,6.22,105,150,119,146,295,320,287,"6.174","-6.174",,,209,135,34,9,1,5,56,26.8,17,8.1,2.2868,0.68541,0.27311,-0.00254,"90.7",146,33.33333333333333,5.185185185185185,3.349282296650718,5.88,-0.84,0.11,2.4,0.321,7,"-0.7875",0.285,0.322,"0.7875",0.042,0.03600000000000003,0.073,0.04,27.8,,,,,,,
784,656364,"Deichmann, Greg",2023,784,100,0.261,0.223,0.328,0.484,0.341,0.289,0.223,48,184,87.5,13.2,2210,88.6,88.93,118,386,398,0.30000000000001137,6.26,112,145,118,149,294,330,300,"-7.393","7.393",,,201,128,27,10,2,9,57,28.4,14,7,2.4393,0.48776,0.34174,-0.2154,"91.5",161,37.00787401574803,7.874015748031496,4.975124378109453,5.69,-0.68,-0.08,2.32,0.318,10,"0.942984694",0.285,0.374,"-0.942984694",0.038,0.03300000000000003,0.11,0.052,30.6,,,,,,,
780,663604,"Lockridge, Brandon",2023,783,99.6,0.288,0.076,0.397,0.364,0.33,0.28,0.227,53,184,89.5,3.6,2173,87.9,88.16,118,385,395,0.29999999999999716,6.33,107,150,111,147,296,323,286,"0.738","-0.738",,,208,132,42,9,1,1,52,25,22,10.6,2.28363,0.70024,0.29094,0.07205,"91.4",146,43.51145038167939,1.5267175572519083,0.9615384615384616,5.83,-0.91,0.22,2.28,0.37,2,"-0.094615385",0.316,0.291,"0.094615385",0.061,0.05399999999999999,0.073,0.05,30.6,,,,,,,
777,572228,"Voit, Luke",2023,777,100,0.26,0.338,0.295,0.597,0.426,0.427,0.249,40,154,92.9,20.4,2207,88.6,88.87,142,343,434,0.30000000000001137,6.31,106,151,121,145,298,326,292,"-18.196","18.196",,,197,102,17,8,1,14,53,26.9,38,19.3,2.33015,0.60427,0.31424,0.13781,"93.0",179,51.9607843137255,24.509803921568626,12.690355329949238,5.85,-1.08,0.09,2.38,0.416,25,"2.341827542",0.408,0.615,"-2.341827542",0.011,0.008000000000000007,-0.018,-0.001,41.4,,,,,,,
777,663368,"Perkins, Blake",2023,778,99.9,0.303,0.194,0.377,0.497,0.382,0.312,0.232,47,155,91.5,9.9,2178,88.7,88.75,78,319,458,0,6.25,114,145,113,149,289,317,293,"-7.363","7.363",,,181,118,27,14,2,4,39,21.5,24,13.3,2.2097,0.72452,0.43152,-0.43152,"91.6",166,50,5.084745762711865,3.314917127071823,5.9,-0.85,-0.01,2.34,0.392,6,"0.947619048",0.336,0.344,"-0.947619048",0.071,0.055999999999999994,0.153,0.07,24.5,,,,,,,
775,665861,"Rivero, Sebastián ",2023,775,100,0.232,0.129,0.268,0.361,0.276,0.254,0.218,45,194,84.8,17.4,2222,87.9,88.01,106,428,347,0.09999999999999432,6.26,106,151,118,146,294,318,287,"11.826","-11.826",,,213,157,29,11,1,4,42,19.7,9,4.2,2.32525,0.65435,0.24663,0.08093,"90.1",161,25.477707006369428,3.1847133757961785,2.3474178403755865,5.83,-0.9,0.11,2.31,0.277,5,"-1.525935484",0.266,0.307,"1.525935484",0.014,0.01100000000000001,0.054,0.022,24.8,,,,,,,
771,666140,"McIlwain, Brandon",2023,773,99.7,0.215,0.174,0.276,0.389,0.348,0.319,0.201,32,149,87.9,9.3,2217,87.5,87.67,110,366,405,0.20000000000000284,6.28,105,151,116,147,293,315,283,"-4.328","4.328",,,189,103,16,11,0,5,46,24.3,34,18,2.38842,0.6184,0.25314,0.0141,"91.3",148,37.86407766990291,4.854368932038835,2.6455026455026456,5.85,-0.93,0.31,2.24,0.381,5,"0.561348898",0.371,0.303,"-0.561348898",0.014,0.010000000000000009,0.086,0.029,30.1,,,,,,,
771,640492,"Azocar, José",2023,776,99.4,0.27,0.122,0.329,0.393,0.306,0.306,0.27,53,196,88.6,12.8,2246,87.6,88.07,116,412,359,0.5,6.31,107,150,113,147,304,325,295,"6.127","-6.127",,,207,151,39,9,0,5,45,21.7,9,4.3,2.47767,0.50393,0.17713,0.02651,"91.1",165,31.125827814569533,6.622516556291391,4.830917874396135,5.6,-0.8,0.1,2.24,0.309,10,"-0.794682231",0.309,0.392,"0.794682231",0,0,0.001,0,28.2,,,,,,,
770,701398,"Stewart, Sal",2023,770,100,0.283,0.138,0.333,0.421,0.364,0.343,0.261,43,152,88,4.7,2316,88.1,88.03,68,344,426,-0.09999999999999432,6.23,107,144,118,145,293,309,281,"-6.586","6.586",,,181,121,30,9,0,4,31,17.1,28,15.5,2.232,0.74737,0.38583,0.02333,"91.0",160,38.01652892561984,4.132231404958678,2.7624309392265194,5.7,-0.85,0.13,2.42,0.398,5,"0.855324675",0.38,0.381,"-0.855324675",0.022,0.018000000000000016,0.04,0.021,19.8,,,,,,,
769,650339,"Palacios, Jermaine",2023,770,99.9,0.183,0.189,0.212,0.372,0.252,0.257,0.205,33,180,87.6,12.4,2184,87.8,87.72,143,416,353,-0.09999999999999432,6.23,108,151,117,147,293,315,283,"14.398","-14.398",,,196,122,18,5,1,9,63,32.1,11,5.6,2.36447,0.63364,0.33051,-0.01516,"90.6",136,36.0655737704918,5.737704918032787,3.571428571428571,5.97,-0.9,0.13,2.23,0.224,7,"-1.872301691",0.252,0.331,"1.872301691",-0.022,-0.027999999999999997,0.041,-0.005,34.4,,,,,,,
767,605244,"Garcia, Aramis",2023,767,100,0.251,0.272,0.276,0.523,0.343,0.316,0.238,49,195,89,22.1,2241,88.2,88.06,131,398,369,-0.10000000000000853,6.24,105,149,119,146,295,321,289,"-3.864","3.864",,,210,141,24,11,0,14,56,26.7,8,3.8,2.3049,0.67632,0.25037,-0.00197,"92.3",183,41.843971631205676,9.929078014184398,6.666666666666667,6.01,-0.65,0.1,2.39,0.295,14,"0.503780965",0.285,0.451,"-0.503780965",0.013,0.010000000000000009,0.072,0.027,32.9,,,,,,,
766,642134,"Tenerowicz, Robbie",2023,766,100,0.264,0.086,0.312,0.351,0.321,0.327,0.255,46,174,84.5,6.7,2214,88.1,88.17,77,331,435,0.10000000000000853,6.24,105,150,119,146,297,320,287,"-0.493","0.493",,,201,141,37,6,0,3,34,16.9,18,9,2.37217,0.6253,0.30059,0.03983,"90.6",147,27.659574468085108,4.25531914893617,2.9850746268656714,5.7,-0.85,0.17,2.32,0.358,6,"0.064360313",0.35,0.381,"-0.064360313",0.009,0.008000000000000007,-0.03,-0.006,23.3,,,,,,,
765,666397,"Julien, Edouard",2023,765,100,0.293,0.203,0.386,0.496,0.403,0.393,0.258,39,133,90.9,7.9,2230,88.6,88.55,62,280,485,0,6.31,118,147,114,151,284,310,286,"-9.822","9.822",,,169,93,22,12,0,5,42,24.9,31,18.3,2.24714,0.7094,0.42348,-0.26996,"91.5",161,41.935483870967744,13.978494623655912,7.6923076923076925,5.9,-0.87,-0.1,2.29,0.432,13,"1.283921569",0.407,0.498,"-1.283921569",0.035,0.025000000000000022,-0.002,0.01,22.1,,,,,,,
758,664850,"Mazeika, Patrick",2023,758,100,0.214,0.06,0.247,0.275,0.254,0.248,0.206,39,182,84.9,20.7,2209,88.2,88.37,70,385,373,0.20000000000000284,6.25,116,145,119,150,291,321,296,"13.122","-13.122",,,201,155,30,8,0,1,28,13.9,16,8,2.44342,0.51925,0.32062,-0.204,"90.1",150,15.483870967741936,1.2903225806451613,0.9950248756218906,5.69,-0.83,-0.2,2.35,0.284,2,"-1.731134565",0.277,0.265,"1.731134565",0.008,0.006999999999999951,0.01,0.006,18.2,,,,,,,
755,692508,"Robertis, Robert",2023,755,100,0.185,0.048,0.268,0.232,0.241,0.252,0.181,31,168,85.2,10.4,2227,88.3,88.14,131,392,363,-0.20000000000000284,6.21,112,144,114,143,276,304,275,"11.263","-11.263",,,195,113,26,3,1,1,58,29.7,22,11.3,2.19303,0.77005,0.46672,-0.3574,"89.9",152,24.778761061946902,2.6548672566371683,1.5384615384615385,5.84,-0.89,-0.17,2.35,0.282,3,"-1.491788079",0.285,0.234,"1.491788079",0.004,-0.0030000000000000027,-0.002,-0.011,33.4,,,,,,,
753,694025,"Reyes, Felix",2023,753,100,0.276,0.167,0.271,0.443,0.328,0.322,0.28,63,228,88.3,15.1,2276,86.8,86.63,77,423,330,-0.20000000000000284,6.23,106,146,118,145,294,315,281,"-0.889","0.889",,,253,208,44,9,1,9,26,10.3,16,6.3,2.45008,0.62447,0.26675,0.0523,"92.0",160,36.231884057971016,4.830917874396135,3.9525691699604746,5.81,-0.89,0.15,2.43,0.324,10,"0.118061089",0.331,0.403,"-0.118061089",-0.004,-0.007000000000000006,0.04,0.006,18.2,,,,,,,
753,675659,"Jones, Greg",2023,754,99.9,0.274,0.19,0.433,0.464,0.346,0.271,0.196,46,168,91.8,3.7,2149,87.7,87.74,175,383,370,0,6.3,108,146,109,148,284,317,291,"-3.315","3.315",,,188,97,29,9,1,7,73,38.8,15,8,2.40477,0.5991,0.35073,-0.35073,"92.4",125,47.42268041237113,11.34020618556701,5.851063829787234,5.79,-0.74,-0.06,2.24,0.34,11,"0.440239044",0.274,0.332,"-0.440239044",0.078,0.066,0.132,0.075,45.7,,,,,,,
752,666213,"Welker, Colton",2023,752,100,0.237,0.037,0.32,0.274,0.317,0.344,0.233,32,135,87,11.4,2228,88.4,88.46,67,289,463,0.09999999999999432,6.31,107,150,120,147,301,324,292,"1.68","-1.68",,,170,100,27,5,0,0,36,21.2,30,17.6,2.31293,0.64572,0.29138,0.06285,"90.7",161,30.303030303030305,5.05050505050505,2.941176470588235,5.69,-0.82,0.01,2.35,0.388,5,"-0.223404255",0.386,0.366,"0.223404255",0.004,0.0020000000000000018,-0.092,-0.027,23.2,,,,,,,
750,664753,"Costes, Marty",2023,750,100,0.255,0.139,0.31,0.394,0.34,0.343,0.264,42,165,88.3,1.2,2214,88.4,88.68,72,317,433,0.29999999999999716,6.32,107,150,117,146,294,315,282,"-1.379","1.379",,,195,131,27,9,4,2,34,17.4,24,12.3,2.37185,0.56778,0.27625,0.04782,"92.3",140,42.74809160305343,4.580152671755725,3.076923076923077,5.65,-0.7,0.12,2.23,0.369,6,"0.183866667",0.377,0.383,"-0.183866667",-0.009,-0.008000000000000007,0.011,-0.003,22.7,,,,,,,
750,664983,"McCarthy, Jake",2023,750,100,0.36,0.234,0.383,0.594,0.426,0.362,0.303,71,197,86,9.7,2186,88.1,88.6,67,384,366,0.5,6.35,109,145,111,149,293,325,304,"-15.302","15.302",,,221,171,46,13,3,9,29,13.1,17,7.7,2.43467,0.51466,0.31891,-0.26413,"91.2",151,30.994152046783626,8.187134502923977,6.334841628959276,5.79,-0.76,-0.13,2.4,0.416,14,"2.040266667",0.366,0.469,"-2.040266667",0.057,0.04999999999999999,0.125,0.064,17.4,,,,,,,
749,622700,"Chávez, Santiago",2023,749,100,0.164,0.048,0.239,0.212,0.225,0.26,0.202,27,165,86.4,8.4,2217,88.7,88.9,108,347,402,0.20000000000000284,6.34,104,150,119,147,297,316,281,"15.248","-15.248",,,187,110,21,5,0,1,55,29.4,19,10.2,2.20746,0.72654,0.35097,0.02573,"90.2",151,30.18867924528302,0.9433962264150944,0.53475935828877,5.81,-0.6,0.04,2.42,0.262,1,"-2.035781041",0.298,0.259,"2.035781041",-0.038,-0.035999999999999976,-0.047,-0.035,31.1,,,,,,,
749,543308,"Hicks, John",2023,750,99.9,0.211,0.117,0.28,0.328,0.273,0.292,0.225,38,180,89.5,13.2,2183,87.7,87.7,145,414,335,0,6.29,106,149,118,144,295,322,284,"12.284","-12.284",,,205,128,23,12,0,3,56,27.3,19,9.3,2.42664,0.5825,0.31394,-0.09689,"91.8",152,40.625,7.8125,4.878048780487805,5.97,-0.53,0.23,2.29,0.288,10,"-1.640053405",0.3,0.365,"1.640053405",-0.014,-0.01200000000000001,-0.037,-0.019,35,,,,,,,
749,670156,"Mastrobuoni, Miles",2023,749,100,0.295,0.178,0.409,0.473,0.403,0.372,0.267,38,129,88.2,14,2194,88.6,88.5,61,251,498,-0.09999999999999432,6.17,115,146,112,151,278,308,287,"-10.362","10.362",,,164,90,22,11,3,2,39,23.8,35,21.3,2.26409,0.7265,0.43636,-0.23084,"91.2",163,45.55555555555556,5.555555555555555,3.048780487804878,5.86,-0.95,-0.16,2.3,0.445,5,"1.383444593",0.423,0.399,"-1.383444593",0.028,0.02200000000000002,0.074,0.031,24.3,,,,,,,
747,680118,"Blanco, Dairon",2023,755,98.9,0.339,0.109,0.408,0.448,0.395,0.348,0.268,56,165,87.9,5.3,2267,88.4,88.39,94,341,406,0,6.21,102,148,108,145,296,319,285,"-11.621","11.621",,,199,133,45,7,1,3,34,17.1,22,11.1,2.32078,0.63135,0.27137,0.08567,"91.2",139,33.83458646616541,4.511278195488721,3.015075376884422,5.83,-0.95,0.17,2.41,0.442,6,"1.555689424",0.385,0.383,"-1.555689424",0.071,0.056999999999999995,0.065,0.047,27.6,,,,,,,
746,682829,"De La Cruz, Elly",2023,746,100,0.297,0.335,0.361,0.633,0.429,0.382,0.259,47,158,93.4,7.5,2176,87,87.1,104,311,435,0.09999999999999432,6.28,111,146,116,148,293,317,293,"-14.611","14.611",,,186,109,21,11,3,12,50,26.9,26,14,2.56521,0.49399,0.23407,-0.23557,"94.3",157,55.04587155963303,15.59633027522936,9.13978494623656,5.94,-0.64,-0.16,2.37,0.398,17,"1.958579088",0.366,0.53,"-1.958579088",0.038,0.03200000000000003,0.103,0.047,33.4,,,,,,,
745,660650,"Garcia, Dérmis",2023,745,100,0.263,0.269,0.34,0.532,0.379,0.323,0.228,45,171,89.4,15.5,2221,86.7,86.85,152,354,391,0.20000000000000284,6.29,109,151,122,146,300,325,295,"-6.636","6.636",,,198,109,24,8,1,12,63,31.8,22,11.1,2.64289,0.42574,0.20983,-0.05316,"92.5",159,42.592592592592595,10.185185185185185,5.555555555555555,5.67,-0.56,0.22,2.24,0.359,11,"0.890738255",0.329,0.405,"-0.890738255",0.035,0.02999999999999997,0.127,0.056,42.9,,,,,,,
744,606993,"Hager, Jake",2023,748,99.5,0.246,0.171,0.307,0.417,0.309,0.256,0.215,46,187,85,14.5,2227,88.4,88.66,103,370,374,0.29999999999999716,6.24,104,149,115,145,301,325,292,"5.11","-5.11",,,205,143,25,13,5,3,46,22.4,14,6.8,2.38526,0.54868,0.31396,0.09394,"90.4",147,27.972027972027973,4.895104895104895,3.414634146341464,5.72,-0.96,0.08,2.33,0.302,7,"-0.686827957",0.275,0.299,"0.686827957",0.031,0.02699999999999997,0.118,0.053,27.8,,,,,,,
737,672761,"Pérez, Wenceel",2023,737,100,0.28,0.22,0.339,0.5,0.384,0.313,0.221,42,150,88.2,11.7,2164,87.8,87.76,72,308,429,0,6.2,113,147,111,150,284,318,287,"-12.439","12.439",,,182,118,19,16,4,3,34,18.7,28,15.4,2.37315,0.69434,0.4461,-0.4461,"91.3",150,38.13559322033898,4.23728813559322,2.7472527472527473,5.97,-1.01,-0.1,2.4,0.396,5,"1.687788331",0.348,0.334,"-1.687788331",0.059,0.04800000000000004,0.166,0.071,23.4,,,,,,,
735,701177,"Cimillo, Nick",2023,735,100,0.285,0.265,0.34,0.55,0.408,0.348,0.232,43,151,88.9,15.2,2271,87.7,87.53,73,275,460,-0.20000000000000284,6.19,107,147,118,145,288,308,284,"-15.427","15.427",,,184,111,20,14,1,8,41,22.3,28,15.2,2.29473,0.70832,0.35716,0.05056,"92.1",164,37.83783783783784,8.108108108108109,4.891304347826087,5.76,-0.81,0.1,2.41,0.408,9,"2.098911565",0.368,0.411,"-2.098911565",0.053,0.03999999999999998,0.139,0.06,26.5,,,,,,,
733,664104,"Neslony, Tyler",2023,733,100,0.244,0.163,0.297,0.406,0.322,0.311,0.243,39,160,90.6,1.3,2155,88.7,88.87,80,331,402,0.20000000000000284,6.25,115,146,117,151,287,318,292,"4.394","-4.394",,,182,117,25,8,0,6,44,24.2,20,11,2.27962,0.64642,0.44174,-0.30463,"92.3",149,47.863247863247864,5.128205128205128,3.296703296703297,5.8,-1.02,0,2.44,0.33,6,"-0.599454297",0.33,0.366,"0.599454297",0.001,0,0.04,0.011,24.2,,,,,,,
733,666143,"Rizzo, Joe",2023,733,100,0.26,0.179,0.305,0.439,0.33,0.312,0.249,45,173,87.9,16.6,2142,88,88.08,90,371,362,0.09999999999999432,6.27,114,147,120,150,286,317,290,"1.694","-1.694",,,191,134,26,13,0,6,40,20.9,15,7.9,2.32553,0.6606,0.38438,-0.38803,"90.7",171,35.07462686567165,5.970149253731343,4.18848167539267,5.93,-1.33,-0.17,2.39,0.325,8,"-0.231105048",0.315,0.395,"0.231105048",0.011,0.010000000000000009,0.044,0.018,24.3,,,,,,,
730,678604,"Rojas, Ronny",2023,730,100,0.217,0.186,0.29,0.404,0.312,0.255,0.17,35,161,86,18.1,2186,87.9,87.78,149,364,366,-0.10000000000000853,6.26,110,145,116,144,286,309,280,"4.08","-4.08",,,186,101,21,6,0,8,62,33.3,23,12.4,2.1656,0.82716,0.59511,-0.59511,"91.0",150,29.7029702970297,5.9405940594059405,3.225806451612903,5.76,-0.7,-0.14,2.35,0.312,6,"-0.55890411",0.272,0.287,"0.55890411",0.047,0.03999999999999998,0.117,0.057,40.9,,,,,,,
727,665155,"Maton, Nick",2023,728,99.9,0.293,0.164,0.369,0.457,0.381,0.348,0.231,41,140,88.7,21.7,2131,87.3,87.4,90,347,380,0.10000000000000853,6.29,114,145,115,152,289,320,291,"-7.685","7.685",,,174,106,25,12,1,3,37,21.3,27,15.5,2.42131,0.62259,0.33507,-0.27154,"90.7",174,35.84905660377358,9.433962264150944,5.747126436781609,6.01,-0.95,-0.2,2.32,0.414,10,"1.057083906",0.369,0.403,"-1.057083906",0.062,0.044999999999999984,0.054,0.033,25.9,,,,,,,
726,624523,"Unroe, Riley",2023,729,99.6,0.246,0.19,0.3,0.437,0.366,0.339,0.236,35,142,86.7,12.2,2212,88.4,88.45,93,305,421,0.09999999999999432,6.24,113,146,110,149,291,319,291,"-8.239","8.239",,,176,105,20,8,2,5,37,21,34,19.3,2.36189,0.5877,0.39381,-0.39381,"91.0",161,31.428571428571427,2.857142857142857,1.7045454545454544,5.63,-0.97,0.02,2.26,0.392,3,"1.134848485",0.384,0.358,"-1.134848485",0.01,0.008000000000000007,0.079,0.027,30.5,,,,,,,
722,805280,"Iadisernia, Alex",2023,726,99.4,0.251,0.234,0.262,0.485,0.355,0.326,0.239,42,167,88.8,13.8,2208,88,88.14,60,334,388,0.09999999999999432,6.28,114,143,110,145,282,306,287,"-4.192","4.192",,,192,138,21,11,2,8,30,15.6,20,10.4,2.16159,0.81453,0.52267,-0.46506,"91.5",148,36.95652173913043,8.695652173913043,6.25,5.66,-1.13,-0.14,2.33,0.344,12,"0.580609418",0.337,0.395,"-0.580609418",0.012,0.006999999999999951,0.09,0.029,18,,,,,,,
721,685392,"Boone, Trevor",2023,721,100,0.238,0.205,0.405,0.444,0.329,0.281,0.191,36,151,92.2,17.8,2219,87.4,87.8,154,365,356,0.3999999999999915,6.3,107,150,120,147,300,327,296,"0.352","-0.352",,,175,83,19,7,6,4,71,40.6,18,10.3,2.50581,0.49718,0.18606,0.00325,"92.1",173,51.80722891566265,12.048192771084338,5.714285714285714,5.5,-0.6,0.16,2.29,0.326,10,"-0.048821082",0.286,0.348,"0.048821082",0.047,0.040000000000000036,0.096,0.048,42.2,,,,,,,
718,691264,"De Castro, Rikelbin",2023,719,99.9,0.163,0.068,0.23,0.231,0.227,0.217,0.157,24,147,80.3,27.6,2277,87.6,87.58,112,347,371,0,6.28,106,147,116,146,286,307,276,"15.57","-15.57",,,169,101,16,7,0,1,48,28.4,18,10.7,2.27682,0.73385,0.33506,0.05951,"88.9",150,7.920792079207921,0,0,5.78,-0.88,0.26,2.39,0.256,0,"-2.168523677",0.252,0.203,"2.168523677",0.006,0.0040000000000000036,0.028,0.01,32.3,,,,,,,
716,665561,"Marchán, Rafael",2023,716,100,0.307,0.14,0.329,0.447,0.369,0.34,0.284,55,179,84.8,16.9,2097,87.8,87.83,42,317,399,0,6.27,114,148,117,149,288,319,291,"-6.295","6.295",,,211,163,37,13,3,2,19,9,24,11.4,2.36645,0.64571,0.45634,-0.45634,"90.2",166,20.858895705521473,1.8404907975460123,1.4218009478672986,5.93,-0.96,-0.16,2.32,0.398,3,"0.879189944",0.38,0.378,"-0.879189944",0.023,0.018000000000000016,0.069,0.029,13.2,,,,,,,
713,687548,"McLaughlin, J.D.",2023,715,99.7,0.187,0.103,0.252,0.29,0.286,0.288,0.201,29,155,83.6,8,2272,88,87.97,110,326,387,0,6.25,104,145,113,144,289,311,277,"9.193","-9.193",,,186,109,18,8,1,2,46,24.7,26,14,2.25366,0.72831,0.34198,0.1994,"90.5",136,32.11009174311927,1.834862385321101,1.0752688172043012,5.79,-1.14,0.22,2.42,0.323,2,"-1.289340813",0.334,0.273,"1.289340813",-0.014,-0.01100000000000001,0.017,-0.002,33.7,,,,,,,
712,702208,"Tatum, Dillon",2023,713,99.9,0.175,0.092,0.29,0.267,0.299,0.255,0.122,21,120,85.4,13.5,2303,87.8,87.69,105,274,438,-0.09999999999999432,6.17,107,146,118,145,288,307,275,"4.05","-4.05",,,155,70,13,6,1,1,51,32.9,28,18.1,2.29253,0.72663,0.37941,0.15924,"89.9",145,25.71428571428571,4.285714285714286,1.935483870967742,5.82,-0.95,0.12,2.33,0.355,3,"-0.568820225",0.314,0.182,"0.568820225",0.053,0.04099999999999998,0.085,0.044,38.3,,,,,,,
712,655316,"Monasterio, Andruw",2023,712,100,0.271,0.129,0.309,0.4,0.363,0.358,0.247,38,140,89.4,12.3,2201,88.4,88.35,50,269,443,-0.10000000000000853,6.23,106,148,115,144,298,317,285,"-7.254","7.254",,,178,114,28,6,0,4,29,16.3,32,18,2.28897,0.66249,0.30851,0.0798,"91.3",156,45.13274336283185,6.1946902654867255,3.932584269662921,5.88,-0.75,0.09,2.3,0.41,7,"1.018820225",0.396,0.397,"-1.018820225",0.024,0.013999999999999957,0.003,0.005,18.6,,,,,,,
709,614177,"Reyes, Franmil",2023,709,100,0.217,0.175,0.26,0.392,0.311,0.326,0.219,31,143,90.2,9.9,2190,87.9,88.04,99,317,392,0.09999999999999432,6.31,108,150,121,146,300,329,291,"5.345","-5.345",,,167,102,19,5,1,6,43,25.7,21,12.6,2.40879,0.57796,0.36227,0.08718,"92.7",141,44.11764705882353,9.803921568627452,5.9880239520958085,5.77,-0.69,0.08,2.44,0.317,10,"-0.753878702",0.325,0.394,"0.753878702",-0.002,-0.008000000000000007,-0.002,-0.015,31.2,,,,,,,
708,621458,"Ríos, Edwin",2023,708,100,0.263,0.191,0.37,0.454,0.357,0.309,0.209,40,152,89.3,12,2183,87.6,87.77,111,342,366,0.20000000000000284,6.28,114,147,122,152,286,314,291,"-4.205","4.205",,,176,98,23,11,0,6,54,30.7,20,11.4,2.50321,0.49943,0.30674,-0.31962,"91.5",152,47.95918367346938,11.224489795918368,6.25,5.89,-1,-0.12,2.32,0.364,11,"0.593926554",0.317,0.379,"-0.593926554",0.054,0.046999999999999986,0.075,0.048,32.5,,,,,,,
704,681326,"Moore, Cole",2023,704,100,0.247,0.13,0.344,0.377,0.32,0.293,0.205,36,146,86.8,19.2,2224,87.5,87.31,89,331,373,-0.20000000000000284,6.19,114,144,117,143,281,313,286,"-0.107","0.107",,,173,99,24,8,1,3,50,28.9,24,13.9,2.3144,0.70412,0.51583,-0.4292,"90.6",157,35.35353535353536,4.040404040404041,2.312138728323699,5.78,-1.08,-0.19,2.51,0.347,4,"0.015198864",0.315,0.324,"-0.015198864",0.042,0.03199999999999997,0.053,0.027,26.9,,,,,,,
702,672012,"Black, Tyler",2023,702,100,0.31,0.204,0.345,0.514,0.406,0.336,0.25,44,142,86.3,9.3,2183,88,88.3,60,300,402,0.29999999999999716,6.37,113,145,113,149,290,317,300,"-13.672","13.672",,,173,120,27,9,4,4,23,13.3,27,15.6,2.3741,0.60677,0.35516,-0.35136,"90.9",155,32.5,2.5,1.7341040462427744,5.74,-0.89,-0.1,2.37,0.428,3,"1.947578348",0.379,0.356,"-1.947578348",0.06,0.04899999999999999,0.158,0.07,20,,,,,,,
701,519303,"Soto, Elliot",2023,704,99.6,0.213,0.085,0.324,0.299,0.26,0.237,0.192,35,164,85.9,11.4,2231,88.7,88.7,102,304,397,0,6.25,103,149,111,145,295,312,278,"8.782","-8.782",,,181,106,25,7,2,1,59,32.6,14,7.7,2.25537,0.68529,0.29848,0.08552,"90.7",148,29.245283018867923,0.9433962264150944,0.5524861878453038,5.89,-1.18,0.01,2.29,0.282,1,"-1.25278174",0.263,0.257,"1.25278174",0.021,0.01899999999999996,0.042,0.023,33.6,,,,,,,
700,806314,"Brewer, Beau",2023,700,100,0.259,0.014,0.273,0.272,0.306,0.316,0.254,38,147,83.9,7.3,2275,87.5,87.39,35,237,463,-0.09999999999999432,6.24,107,147,117,145,290,308,278,"3.262","-3.262",,,178,139,36,2,0,0,10,5.6,28,15.7,2.28947,0.73413,0.31984,0.06944,"90.2",123,17.391304347826086,0,0,5.74,-0.9,0.01,2.46,0.376,0,"-0.466",0.376,0.3,"0.466",0.005,0,-0.028,-0.01,14.8,,,,,,,
700,686217,"Frelick, Sal",2023,701,99.9,0.242,0.096,0.261,0.338,0.3,0.305,0.247,38,157,85.2,8.4,2145,88.2,88.18,34,285,415,0,6.24,114,147,106,151,285,318,296,"2.086","-2.086",,,182,140,28,7,1,2,18,9.9,19,10.4,2.25294,0.71398,0.37176,-0.29774,"90.6",140,27.972027972027973,2.097902097902098,1.6483516483516485,5.93,-0.49,-0.14,2.32,0.33,3,"-0.298",0.336,0.334,"0.298",-0.005,-0.006000000000000005,0.004,-0.005,11.9,,,,,,,
695,676356,"DeLuca, Jonny",2023,697,99.7,0.303,0.245,0.331,0.548,0.399,0.312,0.231,47,155,86.6,11.7,2213,88.1,88.18,64,345,350,0.10000000000000853,6.23,106,149,117,146,297,321,293,"-9.891","9.891",,,181,128,25,13,2,7,29,16,20,11,2.39381,0.57775,0.27504,0.07154,"91.2",143,30.708661417322837,7.086614173228346,4.972375690607735,5.78,-0.46,0.09,2.32,0.392,9,"1.423165468",0.331,0.369,"-1.423165468",0.072,0.061,0.179,0.087,18.6,,,,,,,
693,675656,"Smith, Kevin",2023,693,100,0.324,0.329,0.371,0.653,0.429,0.342,0.255,55,170,91.3,12.3,2226,87.8,88.28,115,356,337,0.5,6.36,107,150,117,145,301,327,295,"-15.366","15.366",,,183,121,31,8,0,16,49,26.8,13,7.1,2.46115,0.51488,0.26417,0.09975,"91.9",160,38.84297520661157,13.223140495867769,8.743169398907105,5.63,-0.7,0.13,2.29,0.372,16,"2.217316017",0.308,0.494,"-2.217316017",0.069,0.064,0.159,0.087,32.3,,,,,,,
692,703151,"Bergolla, William",2023,696,99.4,0.255,0.037,0.273,0.292,0.297,0.309,0.264,41,161,83.3,14.9,2255,88.4,88.28,14,272,420,-0.10000000000000853,6.2,112,145,105,143,268,306,283,"3.217","-3.217",,,190,150,37,2,2,0,14,7.4,26,13.7,2.11809,0.83785,0.62029,-0.43719,"89.2",153,13.333333333333334,0,0,5.77,-1.08,-0.12,2.42,0.353,0,"-0.464884393",0.361,0.31,"0.464884393",-0.009,-0.008000000000000007,-0.018,-0.012,5.1,,,,,,,
689,666703,"Rosario, Eguy",2023,690,99.9,0.267,0.158,0.322,0.424,0.335,0.302,0.242,44,165,87.7,11.1,2254,87.4,87.94,99,364,325,0.5,6.3,106,152,117,146,304,330,296,"1.334","-1.334",,,184,126,29,9,1,5,39,21.2,18,9.8,2.5243,0.46426,0.19652,0.01491,"91.4",145,36.507936507936506,4.761904761904762,3.260869565217391,5.62,-0.68,0.21,2.2,0.342,6,"-0.193613933",0.321,0.356,"0.193613933",0.025,0.02100000000000002,0.068,0.033,27.2,,,,,,,
689,696281,"Young, Wyatt",2023,689,100,0.24,0.099,0.275,0.339,0.283,0.294,0.254,41,171,84.2,14.3,2156,88.4,88.56,60,320,369,0.19999999999998863,6.3,110,146,102,149,265,303,286,"8.361","-8.361",,,192,141,30,8,0,3,34,17.7,16,8.3,2.22042,0.72428,0.41086,-0.22086,"89.7",155,19.148936170212767,2.8368794326241136,2.083333333333333,5.89,-1.08,-0.09,2.31,0.302,4,"-1.213497823",0.32,0.333,"1.213497823",-0.014,-0.018000000000000016,0.006,-0.011,18.8,,,,,,,
688,623168,"Heineman, Tyler",2023,694,99.1,0.22,0.091,0.281,0.311,0.302,0.275,0.195,29,132,84.2,16.2,2137,88.2,88.24,66,308,380,0,6.24,111,146,111,148,290,316,288,"2.406","-2.406",,,159,98,22,4,1,2,35,22,25,15.7,2.28616,0.67153,0.46224,-0.46224,"89.7",152,15.306122448979592,0,0,5.86,-0.79,-0.14,2.35,0.346,0,"-0.349709302",0.325,0.256,"0.349709302",0.025,0.020999999999999963,0.055,0.027,21.4,,,,,,,
685,514917,"Hernández, César",2023,688,99.6,0.26,0.065,0.356,0.325,0.353,0.356,0.257,32,123,86.1,11.7,2166,88.8,88.84,67,290,395,0,6.24,110,147,110,148,281,316,287,"-2.8","2.8",,,161,90,24,8,0,0,34,21.1,37,23,2.14217,0.78134,0.47231,-0.47231,"90.2",147,28.40909090909091,4.545454545454546,2.484472049689441,5.75,-0.78,-0.12,2.36,0.429,4,"0.408759124",0.428,0.331,"-0.408759124",0.003,0.0010000000000000009,-0.006,-0.003,23.1,,,,,,,
683,680574,"McLain, Matt",2023,684,99.9,0.338,0.338,0.379,0.676,0.472,0.409,0.278,47,139,90.6,19.1,2228,88,88.04,73,262,421,0,6.26,104,150,116,146,291,314,282,"-23.334","23.334",,,172,106,23,12,1,11,34,19.8,27,15.7,2.33293,0.64784,0.26674,-0.01877,"92.0",182,44.339622641509436,14.150943396226415,8.720930232558139,5.92,-0.77,0.01,2.34,0.459,15,"3.416398243",0.415,0.531,"-3.416398243",0.06,0.04400000000000004,0.145,0.063,27.9,,,,,,,
683,596451,"Quinn, Roman",2023,693,98.6,0.185,0.119,0.315,0.304,0.297,0.294,0.186,25,135,84.9,8.6,2182,88.6,88.67,116,299,384,0.10000000000000853,6.21,106,146,102,145,288,320,294,"6.62","-6.62",,,167,75,14,8,1,2,61,36.5,26,15.6,2.31384,0.62092,0.39193,-0.38523,"90.8",131,36,5.333333333333334,2.3952095808383236,5.77,-0.83,-0.14,2.36,0.335,4,"-0.969253294",0.339,0.279,"0.969253294",-0.001,-0.0040000000000000036,0.025,0.003,38.8,,,,,,,
683,680963,"Wilson, Cody",2023,695,98.3,0.212,0.083,0.326,0.295,0.266,0.236,0.186,33,156,84.3,6.5,2250,88.4,88.43,126,338,345,0,6.23,104,148,107,146,293,315,283,"9.444","-9.444",,,175,97,24,7,0,2,60,34.3,13,7.4,2.28753,0.65855,0.32169,0.07734,"90.0",126,25.773195876288657,2.0618556701030926,1.1428571428571428,5.74,-1,0.1,2.34,0.291,2,"-1.38272328",0.271,0.228,"1.38272328",0.026,0.019999999999999962,0.067,0.03,37.3,,,,,,,
681,669304,"Miranda, Jose",2023,681,100,0.255,0.106,0.29,0.36,0.302,0.308,0.248,41,161,89.3,6.7,2230,87.7,87.72,71,330,351,0,6.27,106,150,120,145,294,318,285,"3.356","-3.356",,,180,134,31,6,1,3,29,16.1,14,7.8,2.45153,0.55567,0.24143,0.07928,"92.0",137,38.059701492537314,5.970149253731343,4.444444444444445,5.94,-0.78,0.1,2.32,0.322,8,"-0.492804699",0.321,0.37,"0.492804699",0.007,0.0010000000000000009,-0.01,-0.006,21.5,,,,,,,
681,680728,"Del Castillo, Adrian",2023,681,100,0.248,0.102,0.352,0.35,0.308,0.278,0.205,34,137,88,14.7,2237,87.4,87.78,86,295,386,0.3999999999999915,6.34,112,146,118,150,297,330,301,"1.501","-1.501",,,159,93,25,6,1,2,46,28.9,20,12.6,2.52023,0.51577,0.24106,-0.16482,"91.0",160,37.634408602150536,3.225806451612903,1.8867924528301887,5.65,-0.48,-0.1,2.32,0.34,3,"-0.22041116",0.305,0.305,"0.22041116",0.043,0.03500000000000003,0.045,0.03,29.2,,,,,,,
675,607461,"Beaty, Matt",2023,676,99.9,0.279,0.175,0.311,0.455,0.37,0.322,0.246,43,154,86.4,14.6,2182,88,88.13,56,298,377,0.09999999999999432,6.35,111,146,117,150,292,323,299,"-8.265","8.265",,,183,125,28,9,0,6,30,16.4,17,9.3,2.30219,0.68183,0.4151,-0.32055,"91.1",152,32,4,2.73224043715847,5.77,-0.88,-0.11,2.36,0.388,5,"1.224444444",0.36,0.345,"-1.224444444",0.033,0.028000000000000025,0.11,0.048,18.8,,,,,,,
674,699115,"Jorge, Carlos",2023,676,99.7,0.226,0.124,0.295,0.35,0.316,0.289,0.206,31,137,83.8,18.1,2261,88.2,88.21,100,337,337,0,6.25,111,145,108,145,280,310,290,"1.711","-1.711",,,167,98,22,4,2,3,41,24.6,23,13.8,2.2454,0.72018,0.50739,-0.34036,"90.1",131,21.21212121212121,2.0202020202020203,1.1976047904191618,5.69,-1.08,-0.05,2.32,0.349,2,"-0.253857567",0.334,0.279,"0.253857567",0.02,0.014999999999999958,0.071,0.027,29.7,,,,,,,
672,805268,"Williams, Peyton",2023,672,100,0.274,0.201,0.322,0.476,0.365,0.349,0.26,45,164,90,8.4,2233,87.7,87.41,94,331,341,-0.29999999999999716,6.14,116,145,122,144,286,310,279,"-9.805","9.805",,,192,125,27,10,1,7,41,21.4,21,10.9,2.37871,0.62868,0.42075,-0.37458,"92.3",144,45.6,8,5.208333333333334,5.8,-1.02,-0.02,2.33,0.37,10,"1.459077381",0.36,0.43,"-1.459077381",0.014,0.010000000000000009,0.046,0.016,28.4,,,,,,,
670,642221,"Wong, Kean",2023,674,99.4,0.264,0.139,0.311,0.403,0.348,0.318,0.236,38,144,86.3,8.8,2202,88.1,88.19,72,304,366,0.10000000000000853,6.23,114,144,112,150,282,319,291,"-0.109","0.109",,,170,111,28,5,0,5,33,19.4,24,14.1,2.42069,0.56287,0.32475,-0.29593,"90.3",138,26.126126126126124,3.6036036036036037,2.3529411764705883,5.78,-1.12,-0.11,2.26,0.376,4,"0.016268657",0.353,0.346,"-0.016268657",0.028,0.02300000000000002,0.057,0.03,23.7,,,,,,,
667,679350,"Negueis, Felix",2023,667,100,0.104,0.067,0.145,0.172,0.233,0.259,0.139,14,134,86.7,1.6,2281,87.8,87.73,88,277,390,-0.09999999999999432,6.26,107,145,116,143,292,308,274,"12.12","-12.12",,,167,85,9,3,0,2,49,29.3,26,15.6,2.23931,0.76502,0.34114,0.0748,"90.9",128,38.82352941176471,2.3529411764705883,1.1976047904191618,5.72,-0.91,0.16,2.35,0.281,2,"-1.817091454",0.309,0.211,"1.817091454",-0.035,-0.02799999999999997,-0.039,-0.026,31.8,,,,,,,
667,682725,"Rodriguez, Cristhian",2023,668,99.9,0.226,0.116,0.337,0.342,0.285,0.279,0.205,35,155,86.8,7.4,2258,88.1,88.03,123,335,332,-0.09999999999999432,6.25,112,146,114,147,285,307,288,"7.955","-7.955",,,173,102,23,7,4,1,54,31.2,12,6.9,2.19108,0.78366,0.45673,-0.31889,"90.9",152,34.31372549019608,6.862745098039216,4.046242774566474,5.77,-0.85,-0.11,2.45,0.301,7,"-1.192653673",0.285,0.326,"1.192653673",0.021,0.016000000000000014,0.016,0.006,36.7,,,,,,,
666,678690,"Aguiar, Carlos",2023,666,100,0.206,0.206,0.25,0.412,0.293,0.242,0.167,33,160,87.1,22.6,2243,87.7,87.44,141,380,286,-0.29999999999999716,6.13,114,145,116,145,289,308,284,"9.019","-9.019",,,179,108,19,3,3,8,55,30.7,14,7.8,2.27778,0.72335,0.47258,-0.36655,"91.2",158,41.1214953271028,7.476635514018691,4.4692737430167595,5.85,-0.84,-0.3,2.43,0.274,8,"-1.354204204",0.242,0.295,"1.354204204",0.039,0.03200000000000003,0.117,0.051,37.1,,,,,,,
664,694200,"Almonte, Ariel",2023,664,100,0.187,0.101,0.287,0.288,0.27,0.287,0.194,26,139,88.3,10.1,2240,87.3,87.33,92,300,364,0,6.27,112,145,118,145,285,312,292,"8.599","-8.599",,,161,83,18,5,0,3,56,34.8,18,11.2,2.36845,0.66535,0.46354,-0.37348,"91.3",140,36.144578313253014,6.024096385542169,3.1055900621118013,5.69,-1.12,-0.19,2.37,0.298,5,"-1.29503012",0.305,0.325,"1.29503012",-0.007,-0.007000000000000006,-0.037,-0.017,30.7,,,,,,,
663,686797,"Lee, Brooks",2023,663,100,0.237,0.191,0.258,0.428,0.314,0.367,0.303,36,152,90.6,8.8,2140,87.6,87.7,79,333,330,0.10000000000000853,6.31,114,147,119,151,286,315,289,"2.75","-2.75",,,168,125,20,8,3,5,28,16.7,15,8.9,2.42722,0.58191,0.39933,-0.39933,"91.8",154,48,6.4,4.761904761904762,5.93,-1.06,-0.04,2.36,0.304,8,"-0.414781297",0.364,0.484,"0.414781297",-0.066,-0.06,-0.056,-0.053,23.7,,,,,,,
662,666198,"Kieboom, Carter",2023,662,100,0.266,0.165,0.317,0.432,0.349,0.333,0.245,37,139,88.2,12.8,2197,88.2,88.18,56,248,414,0,6.23,107,148,117,145,298,319,283,"-6.328","6.328",,,160,106,25,6,1,5,33,20.6,19,11.9,2.34089,0.62237,0.41795,0.13429,"92.1",161,39.62264150943396,8.49056603773585,5.625,5.74,-1.06,0.15,2.27,0.362,9,"0.955891239",0.344,0.409,"-0.955891239",0.021,0.018000000000000016,0.023,0.016,22.6,,,,,,,
657,692657,"Alfonzo, Omar",2023,657,100,0.279,0.163,0.368,0.442,0.36,0.316,0.225,36,129,89.8,6.2,2276,88.2,88.01,70,239,418,-0.20000000000000284,6.16,110,144,114,144,274,307,291,"-4.787","4.787",,,154,91,24,7,1,4,40,26,23,14.9,2.14858,0.82395,0.55204,-0.38588,"91.8",146,42.857142857142854,6.593406593406594,3.896103896103896,5.75,-0.98,-0.14,2.38,0.383,6,"0.728614916",0.343,0.351,"-0.728614916",0.054,0.03999999999999998,0.091,0.044,29.3,,,,,,,
651,542963,"Brantly, Rob",2023,652,99.8,0.266,0.091,0.298,0.357,0.338,0.353,0.271,38,143,84.8,16,2127,88.1,87.96,52,305,346,-0.09999999999999432,6.2,113,145,117,150,283,313,283,"-1.407","1.407",,,176,125,27,10,0,1,21,11.9,18,10.2,2.32143,0.65914,0.43499,-0.33118,"90.4",147,29.838709677419356,4.032258064516129,2.840909090909091,5.85,-1.14,-0.18,2.31,0.386,5,"0.216129032",0.395,0.385,"-0.216129032",-0.005,-0.009000000000000008,-0.028,-0.015,17,,,,,,,
651,668882,"Perez, Mikey",2023,652,99.8,0.211,0.163,0.263,0.374,0.311,0.297,0.206,31,147,88.5,25.1,2309,87.6,87.49,74,286,365,-0.09999999999999432,6.23,107,146,117,145,290,311,282,"0.155","-0.155",,,173,101,19,6,0,6,47,27.2,21,12.1,2.28293,0.73498,0.33317,0.10732,"92.0",175,37.62376237623762,4.9504950495049505,2.8901734104046244,5.81,-0.76,0.14,2.35,0.324,5,"-0.023809524",0.32,0.335,"0.023809524",0.005,0.0040000000000000036,0.039,0.014,25.9,,,,,,,
651,669224,"Wells, Austin",2023,651,100,0.245,0.196,0.287,0.441,0.341,0.313,0.224,35,143,88.6,20.6,2117,88.1,88.01,78,318,333,-0.09999999999999432,6.15,114,145,121,149,289,322,297,"-0.028","0.028",,,166,107,19,10,0,6,37,22.3,19,11.4,2.34273,0.62772,0.52638,-0.39985,"91.0",179,34.57943925233645,7.476635514018691,4.819277108433735,5.77,-1.05,-0.17,2.29,0.343,8,"0.004301075",0.329,0.365,"-0.004301075",0.021,0.014000000000000012,0.076,0.028,24.5,,,,,,,
649,684543,"Cope, Daniel",2023,649,100,0.319,0.156,0.432,0.475,0.378,0.332,0.25,45,141,87.7,12.3,2219,88.2,88.79,120,303,346,0.5999999999999943,6.32,107,149,119,146,301,326,296,"-6.538","6.538",,,167,99,31,10,0,4,46,27.5,20,12,2.45943,0.48399,0.26235,0.12605,"91.5",161,40.4040404040404,10.1010101010101,5.9880239520958085,5.67,-1.03,0.07,2.26,0.401,10,"1.007395994",0.351,0.376,"-1.007395994",0.069,0.050000000000000044,0.099,0.046,39.6,,,,,,,
648,677592,"Pereira, Everson",2023,648,100,0.312,0.239,0.398,0.551,0.398,0.326,0.228,43,138,92.8,11.3,2145,87.9,88.15,118,324,324,0.19999999999998863,6.32,106,149,117,145,297,328,295,"-10.269","10.269",,,158,96,27,7,1,8,44,27.8,13,8.2,2.39577,0.58185,0.27667,0.13493,"92.4",149,45.83333333333333,11.458333333333332,6.962025316455696,5.68,-0.84,0.15,2.17,0.386,11,"1.584722222",0.314,0.438,"-1.584722222",0.084,0.07200000000000001,0.113,0.072,36.4,,,,,,,
647,692603,"Valero, Moises",2023,647,100,0.221,0.117,0.352,0.338,0.273,0.23,0.177,34,154,87.2,8.3,2311,87.5,87.45,130,336,311,0,6.26,104,145,118,146,292,313,278,"9.92","-9.92",,,167,93,23,6,3,2,61,36.5,11,6.6,2.34926,0.67243,0.21542,0.07217,"91.0",151,37.634408602150536,5.376344086021505,2.9940119760479043,5.8,-0.99,0.26,2.42,0.281,5,"-1.533230294",0.241,0.27,"1.533230294",0.044,0.040000000000000036,0.068,0.043,38.7,,,,,,,
646,693307,"Dingler, Dillon",2023,646,100,0.261,0.239,0.319,0.5,0.361,0.347,0.237,37,142,90.7,12.8,2234,88.1,88.06,88,295,351,0,6.21,105,149,118,146,293,320,285,"-7.657","7.657",,,162,101,18,11,1,7,42,25.9,15,9.3,2.3552,0.66483,0.34437,0.10866,"92.1",161,49.504950495049506,14.85148514851485,9.25925925925926,5.92,-0.91,0.1,2.4,0.346,15,"1.185294118",0.325,0.484,"-1.185294118",0.024,0.020999999999999963,0.016,0.014,29.8,,,,,,,
643,650528,"Rivera, Laz",2023,646,99.5,0.233,0.082,0.327,0.315,0.274,0.234,0.18,34,146,84.5,11.8,2198,88.2,88.28,89,325,318,0.09999999999999432,6.28,105,150,113,147,293,315,283,"9.867","-9.867",,,161,104,24,8,2,0,43,26.7,11,6.8,2.34653,0.65409,0.37868,0.03413,"90.0",148,27.884615384615387,2.8846153846153846,1.8633540372670807,5.79,-0.55,0.14,2.29,0.298,3,"-1.534525661",0.253,0.252,"1.534525661",0.053,0.044999999999999984,0.063,0.04,27.4,,,,,,,
643,641945,"Palmeiro, Preston",2023,643,100,0.184,0.118,0.225,0.301,0.273,0.271,0.185,25,136,86.7,16.2,2213,88.5,88.8,107,324,319,0.29999999999999716,6.23,114,146,116,152,294,329,300,"6.502","-6.502",,,161,104,14,8,1,2,34,21.1,22,13.7,2.37033,0.55659,0.30727,-0.26031,"90.3",136,30.76923076923077,1.9230769230769231,1.2422360248447204,5.83,-1.2,-0.1,2.32,0.298,2,"-1.011197512",0.303,0.282,"1.011197512",-0.001,-0.0050000000000000044,0.019,0.002,33,,,,,,,
642,663478,"Davis, Brendon",2023,642,100,0.178,0.185,0.229,0.363,0.289,0.267,0.178,24,135,87,20.4,2247,87.5,87.4,96,283,359,-0.09999999999999432,6.26,109,150,117,146,292,314,284,"5.484","-5.484",,,156,88,9,10,0,5,47,30.1,18,11.5,2.38268,0.64002,0.15025,-0.10709,"90.7",152,31.818181818181817,5.681818181818182,3.205128205128205,5.99,-0.88,0.12,2.31,0.288,5,"-0.854205607",0.289,0.291,"0.854205607",0,-0.0010000000000000009,0.072,0.022,33.9,,,,,,,
640,660707,"Montero, Elehuris",2023,640,100,0.359,0.359,0.346,0.718,0.461,0.362,0.28,51,142,90.1,19.8,2245,86.8,87.26,76,288,352,0.5,6.33,106,150,119,146,304,330,303,"-22.599","22.599",,,163,119,30,6,0,15,28,17.2,14,8.6,2.55436,0.49182,0.14333,-0.02387,"92.9",172,41.17647058823529,10.084033613445378,7.361963190184049,5.61,-1.01,0.17,2.28,0.411,12,"3.53109375",0.348,0.495,"-3.53109375",0.079,0.063,0.223,0.099,26.4,,,,,,,
640,643348,"Hamilton, Caleb",2023,640,100,0.167,0.138,0.237,0.304,0.26,0.227,0.142,23,138,87.9,18.6,2183,87.7,87.63,96,285,355,-0.10000000000000853,6.26,109,150,119,147,297,317,283,"12.244","-12.244",,,159,84,12,7,0,4,55,34.6,19,11.9,2.35475,0.65705,0.3518,0.0607,"90.9",160,32.142857142857146,3.571428571428571,1.8867924528301887,5.83,-0.87,0.16,2.32,0.27,3,"-1.913125",0.249,0.235,"1.913125",0.025,0.02100000000000002,0.069,0.033,33.7,,,,,,,
639,699302,"Rodríguez, Héctor",2023,639,100,0.241,0.236,0.268,0.477,0.321,0.32,0.266,42,174,86.6,14.5,2288,87.7,87.7,116,414,225,0,6.25,113,146,111,146,284,311,292,"0.632","-0.632",,,184,135,22,7,5,8,39,21.2,8,4.3,2.32274,0.67791,0.42538,-0.33387,"91.0",158,37.03703703703704,8.148148148148149,5.978260869565218,5.69,-1.12,-0.21,2.32,0.283,11,"-0.098904538",0.306,0.436,"0.098904538",-0.025,-0.02300000000000002,0.041,0.001,28,,,,,,,
637,694193,"Acosta, Victor",2023,641,99.4,0.259,0.115,0.337,0.374,0.345,0.297,0.208,36,139,83.1,10.2,2255,88.2,88.13,72,314,323,-0.10000000000000853,6.21,107,145,111,144,279,308,287,"-3.55","3.55",,,168,105,25,7,3,1,34,20.2,17,10.1,2.23217,0.73107,0.57475,-0.57475,"89.9",146,20,2.857142857142857,1.7857142857142856,5.7,-0.9,-0.1,2.41,0.387,3,"0.557299843",0.345,0.28,"-0.557299843",0.051,0.04200000000000004,0.094,0.048,22.9,,,,,,,
632,678760,"Leonard, Eddys",2023,632,100,0.304,0.23,0.346,0.534,0.386,0.359,0.284,45,148,90.4,9.5,2227,88,88.07,96,331,301,0.09999999999999432,6.27,105,150,117,146,293,318,286,"-8.021","8.021",,,170,115,27,10,0,8,36,21.2,17,10,2.35332,0.63471,0.20859,0.02954,"91.9",149,39.130434782608695,5.217391304347826,3.5294117647058822,6.02,-0.98,0.25,2.31,0.376,6,"1.26914557",0.363,0.455,"-1.26914557",0.02,0.013000000000000012,0.079,0.027,29,,,,,,,
630,684872,"Hernandez, Jose",2023,630,100,0.203,0.186,0.273,0.39,0.331,0.291,0.187,24,118,84.8,12.2,2286,87.4,87.52,93,265,365,0.09999999999999432,6.31,106,146,116,145,291,311,280,"-2.475","2.475",,,146,72,15,2,1,6,47,32.2,22,15.1,2.30656,0.71338,0.39723,0.1668,"90.5",144,30.555555555555557,5.555555555555555,2.73972602739726,5.77,-0.93,0.2,2.34,0.349,4,"0.392857143",0.336,0.275,"-0.392857143",0.016,0.012999999999999956,0.115,0.04,35.1,,,,,,,
628,672744,"Canario, Alexander",2023,628,100,0.276,0.248,0.344,0.524,0.367,0.305,0.214,40,145,87.4,14.3,2210,88.6,88.64,97,300,328,0,6.26,106,150,120,147,295,317,288,"-5.36","5.36",,,161,101,20,12,0,8,45,28,15,9.3,2.35804,0.5819,0.34591,0.11693,"92.3",156,39.603960396039604,11.881188118811881,7.453416149068323,5.85,-1.07,0.1,2.43,0.342,12,"0.853503185",0.286,0.419,"-0.853503185",0.062,0.05600000000000005,0.105,0.062,32.3,,,,,,,
627,502517,"Murphy, Daniel",2023,627,100,0.295,0.067,0.331,0.362,0.334,0.29,0.242,44,149,86.1,11.1,2226,88.1,88.43,41,288,339,0.30000000000001137,6.24,113,147,120,149,290,325,296,"0.616","-0.616",,,169,131,36,7,0,1,18,10.7,20,11.8,2.43649,0.52678,0.31774,-0.14265,"90.7",153,26.153846153846157,0.7692307692307693,0.591715976331361,5.71,-0.69,-0.01,2.33,0.379,1,"-0.098245614",0.332,0.304,"0.098245614",0.053,0.046999999999999986,0.058,0.044,14.2,,,,,,,
626,670870,"Severino, Yunior",2023,626,100,0.235,0.28,0.294,0.515,0.353,0.31,0.199,31,132,89.4,10.5,2180,87.5,87.69,120,293,333,0.20000000000000284,6.29,115,146,120,150,287,317,290,"-0.894","0.894",,,152,79,17,2,1,11,55,36.2,15,9.9,2.49692,0.51491,0.31304,-0.31304,"91.7",154,36.708860759493675,15.18987341772152,7.894736842105263,5.93,-1.3,-0.08,2.35,0.322,12,"0.142811502",0.292,0.422,"-0.142811502",0.036,0.030000000000000027,0.093,0.043,41,,,,,,,
626,642736,"Leyba, Domingo",2023,628,99.7,0.252,0.154,0.287,0.406,0.326,0.293,0.238,36,143,81.3,17.3,2130,87.2,87.23,64,293,333,0,6.17,114,147,116,150,291,322,289,"-1.969","1.969",,,165,113,25,5,1,5,32,19.4,19,11.5,2.44518,0.63237,0.38212,-0.38212,"90.4",155,24.778761061946902,2.6548672566371683,1.8181818181818181,5.75,-0.79,-0.01,2.37,0.339,3,"0.314536741",0.329,0.312,"-0.314536741",0.014,0.010000000000000009,0.094,0.033,21.8,,,,,,,
626,698984,"Pelegrin, Carlos",2023,629,99.5,0.217,0.133,0.31,0.35,0.292,0.289,0.216,31,143,88.1,10.4,2291,86.7,86.65,131,345,281,0,6.24,106,144,118,145,291,311,276,"5.068","-5.068",,,161,91,21,5,1,4,52,32.3,15,9.3,2.46823,0.60565,0.24891,0.09289,"91.0",128,41.75824175824176,7.6923076923076925,4.3478260869565215,5.74,-0.97,0.16,2.37,0.304,7,"-0.809584665",0.304,0.338,"0.809584665",0.001,0,0.012,0.003,38,,,,,,,
624,683847,"Hernandez, Brandon",2023,627,99.5,0.231,0.038,0.319,0.269,0.281,0.262,0.205,30,130,85,-5.4,2240,88,87.96,81,290,334,0,6.24,112,144,110,146,279,301,283,"7.419","-7.419",,,150,94,25,5,0,0,36,24,20,13.3,2.16606,0.81549,0.50986,-0.46818,"90.0",132,25.53191489361702,0,0,5.73,-1,-0.2,2.34,0.333,0,"-1.188942308",0.311,0.241,"1.188942308",0.026,0.02200000000000002,0.028,0.019,27.9,,,,,,,
620,669945,"Young, Chavez",2023,624,99.4,0.191,0.173,0.225,0.364,0.316,0.309,0.208,21,110,88.1,8,2152,88.6,88.79,54,264,356,0.20000000000000284,6.33,108,144,103,148,282,312,288,"2.219","-2.219",,,138,83,10,6,2,3,29,21,23,16.7,2.30663,0.64041,0.41005,-0.41005,"90.5",139,34.146341463414636,4.878048780487805,2.898550724637681,5.93,-1.3,-0.02,2.38,0.341,4,"-0.357903226",0.357,0.301,"0.357903226",-0.017,-0.01599999999999996,0.063,0.007,20.5,,,,,,,
619,641856,"McKinney, Billy",2023,619,100,0.274,0.237,0.298,0.511,0.386,0.389,0.279,37,135,89.9,19.6,2121,87.8,87.81,70,284,335,0,6.31,112,144,118,150,289,322,287,"-8.348","8.348",,,159,103,23,5,0,9,32,20.1,21,13.2,2.36294,0.65423,0.45374,-0.31769,"91.9",167,39.80582524271845,12.62135922330097,8.176100628930817,5.85,-0.68,-0.02,2.28,0.384,13,"1.348626817",0.388,0.513,"-1.348626817",-0.005,-0.0040000000000000036,-0.002,-0.003,24.6,,,,,,,
613,660857,"Rodriguez, Yorman",2023,614,99.8,0.276,0.135,0.302,0.411,0.317,0.279,0.247,45,163,84.1,8.6,2184,87.4,87.72,62,319,294,0.29999999999999716,6.28,108,151,121,147,293,316,286,"2.093","-2.093",,,177,142,31,9,2,3,23,13,11,6.2,2.47135,0.53684,0.24858,0.06819,"91.2",141,28.169014084507044,2.8169014084507045,2.2598870056497176,5.66,-1,0.08,2.34,0.322,4,"-0.341435563",0.298,0.325,"0.341435563",0.029,0.02400000000000002,0.086,0.038,19.4,,,,,,,
613,683318,"Leitch, Ryan",2023,613,100,0.264,0.193,0.361,0.457,0.348,0.302,0.233,37,140,88.8,13,2288,87.4,87.33,120,321,292,-0.10000000000000853,6.26,105,146,115,145,291,309,277,"-0.721","0.721",,,159,90,24,6,0,7,51,32.1,12,7.5,2.36,0.6659,0.36845,0.07535,"91.3",172,38.20224719101123,7.865168539325842,4.40251572327044,5.72,-0.87,0.17,2.44,0.346,7,"0.117618271",0.319,0.352,"-0.117618271",0.031,0.02699999999999997,0.105,0.046,37.4,,,,,,,
612,691718,"Crow-Armstrong, Pete",2023,616,99.4,0.263,0.212,0.357,0.474,0.353,0.304,0.217,36,137,88.9,17.5,2157,89,89.05,110,327,285,0,6.23,115,146,109,152,290,317,287,"-0.215","0.215",,,154,90,21,7,2,6,47,30.5,15,9.7,2.23716,0.669,0.4461,-0.19023,"91.1",164,42.22222222222222,10,5.844155844155844,5.8,-1.03,-0.1,2.45,0.344,9,"0.035130719",0.303,0.384,"-0.035130719",0.046,0.04099999999999998,0.09,0.049,33.6,,,,,,,
612,656289,"Cantu, Michael",2023,613,99.8,0.187,0.089,0.3,0.276,0.265,0.247,0.166,23,123,88.7,1.7,2260,88.5,89.16,110,295,317,0.7000000000000028,6.39,109,150,119,147,298,321,290,"7.015","-7.015",,,142,72,16,5,0,2,51,35.9,18,12.7,2.31205,0.60965,0.19813,0.04951,"91.1",145,41.66666666666667,6.944444444444445,3.5211267605633805,5.7,-0.79,0.21,2.37,0.296,5,"-1.14624183",0.278,0.249,"1.14624183",0.021,0.01799999999999996,0.027,0.018,37.3,,,,,,,
610,641512,"DeLuzio, Ben",2023,612,99.7,0.189,0.101,0.272,0.291,0.258,0.247,0.184,28,148,85.3,9.7,2191,87.9,88.04,100,304,306,0.09999999999999432,6.25,105,148,109,144,300,323,291,"12.133","-12.133",,,169,95,20,4,1,3,55,32.5,16,9.5,2.40434,0.58181,0.37693,-0.017,"90.6",144,27.368421052631582,2.1052631578947367,1.183431952662722,5.76,-0.51,0.09,2.38,0.278,2,"-1.989016393",0.275,0.252,"1.989016393",0.005,0.0030000000000000027,0.039,0.011,32.9,,,,,,,
610,686619,"Schmidt, Kyle",2023,610,100,0.216,0.096,0.255,0.312,0.305,0.315,0.228,27,125,84.2,22.9,2244,87.1,86.96,42,238,372,-0.09999999999999432,6.19,105,145,119,146,287,306,274,"1.249","-1.249",,,150,100,20,4,1,2,25,16.7,19,12.7,2.3163,0.72576,0.41748,0.03518,"90.2",163,17,2,1.3333333333333335,5.8,-0.67,0.16,2.45,0.347,2,"-0.204754098",0.357,0.319,"0.204754098",-0.012,-0.010000000000000009,-0.007,-0.01,17.6,,,,,,,
609,642021,"Robinson, Errol",2023,609,100,0.224,0.064,0.322,0.288,0.292,0.28,0.211,28,125,84.1,3.9,2218,88.2,88.31,61,233,376,0.09999999999999432,6.28,107,150,114,146,295,313,278,"4.334","-4.334",,,147,87,21,6,1,0,38,25.9,21,14.3,2.39626,0.63041,0.34621,0.11827,"90.0",132,20.689655172413794,0,0,5.86,-0.8,0.29,2.35,0.34,0,"-0.711658456",0.329,0.263,"0.711658456",0.013,0.01100000000000001,0.025,0.012,26.2,,,,,,,
608,696145,"White Jr., Lonnie",2023,608,100,0.276,0.276,0.355,0.553,0.407,0.347,0.209,34,123,86.6,19.1,2260,86.4,86.26,87,256,352,-0.10000000000000853,6.17,101,145,119,145,284,312,287,"-11.399","11.399",,,151,83,15,11,1,7,41,27.2,22,14.6,2.44786,0.64677,0.30433,0.00598,"91.9",147,38.55421686746988,15.66265060240964,8.609271523178808,5.69,-1.06,0.2,2.34,0.404,13,"1.874835526",0.35,0.439,"-1.874835526",0.067,0.05400000000000005,0.114,0.06,34,,,,,,,
608,666164,"Rutherford, Blake",2023,608,100,0.329,0.208,0.376,0.537,0.395,0.345,0.285,49,149,89,10.5,2158,87.5,87.44,124,365,243,-0.09999999999999432,6.24,113,146,118,149,287,319,296,"-9.315","9.315",,,170,122,30,12,2,5,30,17.6,15,8.8,2.39908,0.6196,0.35111,-0.30379,"91.5",153,40.98360655737705,4.098360655737705,2.941176470588235,5.84,-0.95,-0.11,2.42,0.394,5,"1.532072368",0.359,0.428,"-1.532072368",0.044,0.03500000000000003,0.109,0.05,34,,,,,,,
607,666181,"Benson, Will",2023,607,100,0.206,0.196,0.279,0.402,0.363,0.342,0.202,20,97,92.6,14.9,2196,87.9,87.96,71,227,380,0.09999999999999432,6.24,116,146,116,151,286,314,290,"-3.357","3.357",,,133,64,9,6,2,3,35,26.3,32,24.1,2.31916,0.67448,0.37219,-0.15262,"92.6",164,40.625,10.9375,5.263157894736842,6,-0.87,-0.17,2.44,0.406,7,"0.553047776",0.403,0.325,"-0.553047776",0.004,0.0030000000000000027,0.077,0.021,31.3,,,,,,,
602,669397,"Allen, Nick",2023,607,99.2,0.333,0.185,0.359,0.519,0.404,0.342,0.292,45,135,87.3,12.2,2281,88.5,88.83,29,259,343,0.29999999999999716,6.31,107,150,115,147,298,323,288,"-12.596","12.596",,,157,120,27,14,1,3,16,10.2,20,12.7,2.30201,0.62855,0.26631,0.04571,"90.6",158,30.833333333333336,0,0,5.71,-0.83,0.12,2.37,0.42,0,"2.092358804",0.387,0.369,"-2.092358804",0.041,0.032999999999999974,0.15,0.062,11.2,,,,,,,
601,672478,"Diaz, Jordan",2023,601,100,0.31,0.2,0.347,0.51,0.366,0.316,0.284,48,155,90.5,5.6,2236,88,88.29,79,324,277,0.29999999999999716,6.29,106,150,119,146,300,324,295,"-6.443","6.443",,,167,127,29,13,0,6,29,17.4,9,5.4,2.45336,0.51375,0.27751,0.088,"92.3",142,44.881889763779526,4.724409448818897,3.592814371257485,5.68,-0.8,0.13,2.23,0.349,6,"1.072046589",0.326,0.399,"-1.072046589",0.026,0.022999999999999965,0.111,0.05,24.4,,,,,,,
600,656967,"Skoug, Evan",2023,600,100,0.171,0.154,0.224,0.325,0.28,0.305,0.209,21,123,87.5,14,2212,88.2,88.3,104,270,330,0.09999999999999432,6.31,115,144,121,150,287,316,293,"7.153","-7.153",,,146,80,10,7,0,4,44,30.1,19,13,2.27782,0.69037,0.3648,-0.24067,"91.5",143,36.25,10,5.47945205479452,5.92,-0.74,-0.1,2.34,0.295,8,"-1.192166667",0.331,0.334,"1.192166667",-0.038,-0.03600000000000003,-0.009,-0.025,38.5,,,,,,,
600,679545,"Suozzi, Joe",2023,600,100,0.27,0.127,0.337,0.397,0.342,0.315,0.245,34,126,85,4.1,2190,88.3,88.48,80,281,319,0.20000000000000284,6.29,107,149,118,147,293,313,281,"-3.14","3.14",,,146,93,27,2,1,4,33,22.6,15,10.3,2.27693,0.67679,0.39678,0.13698,"90.7",143,35.483870967741936,3.225806451612903,2.054794520547945,5.86,-1.04,0.07,2.37,0.37,3,"0.523333333",0.349,0.344,"-0.523333333",0.025,0.02100000000000002,0.053,0.027,28.5,,,,,,,
598,682655,"Villalobos, Fernando",2023,598,100,0.119,0.055,0.214,0.174,0.248,0.247,0.126,13,109,83.9,14.1,2188,88.3,88.21,102,228,370,-0.09999999999999432,6.22,111,145,114,146,280,306,285,"11.181","-11.181",,,142,57,9,3,0,1,54,38,30,21.1,2.14829,0.81552,0.67791,-0.4436,"89.8",151,19.298245614035086,0,0,5.72,-0.7,-0.09,2.38,0.31,0,"-1.869732441",0.316,0.154,"1.869732441",-0.007,-0.006000000000000005,0.02,0.001,44.7,,,,,,,
598,623205,"Velazquez, Andrew",2023,606,98.7,0.194,0.124,0.278,0.318,0.278,0.31,0.229,25,129,86.4,8.5,2149,88.7,88.88,120,307,291,0.20000000000000284,6.26,111,147,103,148,294,320,291,"5.137","-5.137",,,148,82,16,5,1,3,47,31.8,19,12.8,2.22177,0.69891,0.51663,-0.39556,"90.5",164,37.80487804878049,4.878048780487805,2.7027027027027026,5.74,-1.06,0.08,2.34,0.297,4,"-0.8590301",0.328,0.364,"0.8590301",-0.035,-0.031000000000000028,-0.046,-0.032,39.1,,,,,,,
597,678636,"Martinez, Orlando",2023,601,99.3,0.236,0.132,0.274,0.368,0.289,0.285,0.239,34,144,86,12.7,2199,88.1,88.54,75,293,304,0.4000000000000057,6.3,115,146,112,151,296,329,294,"6.462","-6.462",,,159,116,21,10,0,3,30,18.9,13,8.2,2.44213,0.51404,0.30443,-0.21201,"91.0",165,33.62068965517241,3.4482758620689653,2.515723270440252,5.78,-1,-0.08,2.3,0.296,4,"-1.08241206",0.299,0.344,"1.08241206",-0.003,-0.0030000000000000027,0.024,0.004,25.6,,,,,,,
596,682622,"Marte, Noelvi",2023,596,100,0.28,0.175,0.33,0.455,0.353,0.335,0.272,40,143,88.4,8.9,2186,87.9,88.19,73,267,329,0.29999999999999716,6.32,105,151,119,146,297,317,290,"-5.696","5.696",,,167,115,24,10,3,3,31,18.6,20,12,2.40242,0.575,0.34113,-0.00042,"92.7",134,41.228070175438596,4.385964912280701,2.9940119760479043,5.82,-0.74,0.2,2.33,0.365,5,"0.955704698",0.361,0.391,"-0.955704698",0.008,0.0040000000000000036,0.064,0.018,27.3,,,,,,,
596,650907,"Pinto, René",2023,596,100,0.253,0.267,0.301,0.521,0.347,0.311,0.228,37,146,92.5,20.4,2229,87.5,87.58,105,315,281,0.09999999999999432,6.29,107,150,120,147,291,315,286,"-2.484","2.484",,,160,102,16,12,0,9,46,28.7,10,6.3,2.34324,0.67606,0.19425,-0.02325,"92.6",166,48.03921568627451,13.725490196078432,8.75,5.83,-0.65,0.11,2.36,0.306,14,"0.416778523",0.284,0.447,"-0.416778523",0.025,0.02200000000000002,0.074,0.036,33.3,,,,,,,
594,680577,"Keirsey Jr., DaShawn",2023,595,99.8,0.258,0.102,0.326,0.359,0.328,0.305,0.231,33,128,87,6.1,2145,88.5,88.69,85,294,300,0.20000000000000284,6.3,113,147,113,152,283,314,292,"1.557","-1.557",,,150,97,27,1,3,2,31,20.7,18,12,2.29423,0.65125,0.40633,-0.27246,"90.5",150,32.98969072164948,4.123711340206185,2.666666666666667,5.94,-1.15,-0.17,2.47,0.367,4,"-0.262121212",0.344,0.317,"0.262121212",0.027,0.02300000000000002,0.042,0.023,28.9,,,,,,,
594,592567,"Moran, Colin",2023,594,100,0.257,0.14,0.306,0.397,0.335,0.366,0.297,35,136,87.7,9.6,2215,88.3,88.29,77,303,291,0,6.21,113,145,123,151,286,320,294,"-2.955","2.955",,,157,103,26,4,0,5,33,21,18,11.5,2.37113,0.59876,0.31858,-0.30681,"91.3",165,36.89320388349515,5.825242718446602,3.821656050955414,5.65,-1.28,-0.11,2.38,0.357,6,"0.497474747",0.391,0.441,"-0.497474747",-0.04,-0.03400000000000003,-0.044,-0.031,25.4,,,,,,,
593,602074,"Daza, Yonathan",2023,595,99.7,0.301,0.11,0.336,0.411,0.329,0.292,0.257,49,163,87.4,12.7,2247,87.4,87.79,52,324,269,0.3999999999999915,6.29,108,151,119,147,305,329,296,"2.365","-2.365",,,179,142,36,10,1,2,24,13.4,9,5,2.49816,0.50754,0.21662,0.04375,"90.6",171,30.28169014084507,1.4084507042253522,1.1173184357541899,5.57,-0.58,0.05,2.32,0.346,2,"-0.398819562",0.309,0.352,"0.398819562",0.044,0.03699999999999998,0.059,0.037,16,,,,,,,
590,804710,"Orf, Brennan",2023,590,100,0.221,0.084,0.356,0.305,0.35,0.324,0.188,21,95,84.3,10.4,2290,88.4,88.22,51,203,387,-0.20000000000000284,6.18,115,145,116,145,280,305,286,"-1.987","1.987",,,129,59,14,6,1,0,36,27.9,31,24,2.18788,0.76659,0.53022,-0.41488,"89.7",138,30.508474576271187,3.389830508474576,1.550387596899225,5.68,-1.31,-0.18,2.37,0.426,2,"0.336779661",0.402,0.253,"-0.336779661",0.033,0.023999999999999966,0.052,0.026,25.1,,,,,,,
589,682695,"Martinez, Yohander",2023,589,100,0.245,0.091,0.313,0.336,0.334,0.31,0.22,27,110,87.4,5.6,2232,87.3,87.25,54,233,356,-0.09999999999999432,6.21,106,150,116,146,284,303,271,"-4.048","4.048",,,139,82,21,4,0,2,30,21.6,23,16.5,2.32452,0.70633,0.43223,0.08304,"90.1",137,25.609756097560975,1.2195121951219512,0.7194244604316548,5.74,-0.53,0.15,2.41,0.388,1,"0.687266553",0.371,0.278,"-0.687266553",0.025,0.017000000000000015,0.058,0.024,23.2,,,,,,,
587,649966,"Urías, Luis",2023,587,100,0.233,0.147,0.287,0.379,0.322,0.323,0.214,27,116,88,17.5,2160,88.8,88.9,71,273,314,0.10000000000000853,6.26,105,150,118,145,299,316,287,"1.812","-1.812",,,139,84,18,5,0,4,34,24.5,19,13.7,2.22491,0.69509,0.33256,0.04805,"90.7",162,28.57142857142857,9.523809523809524,5.755395683453238,5.99,-0.52,0.15,2.3,0.345,8,"-0.308688245",0.334,0.395,"0.308688245",0.019,0.010999999999999954,-0.016,-0.001,26,,,,,,,
583,661531,"Serven, Brian",2023,583,100,0.199,0.132,0.258,0.331,0.248,0.212,0.178,30,151,87.1,16.7,2261,87.3,87.77,113,336,247,0.5,6.3,107,151,120,147,302,328,299,"12.21","-12.21",,,162,102,20,5,0,5,51,31.5,8,4.9,2.52743,0.47565,0.17552,0.03573,"91.0",148,32.35294117647059,4.901960784313726,3.0864197530864197,5.64,-0.7,0.09,2.27,0.241,5,"-2.094339623",0.222,0.254,"2.094339623",0.021,0.01899999999999999,0.077,0.036,33.6,,,,,,,
580,672656,"Ramirez, Abiezel",2023,584,99.3,0.222,0.151,0.316,0.373,0.323,0.326,0.222,28,126,89.8,9.2,2236,88.2,87.88,89,251,329,-0.29999999999999716,6.16,111,145,113,145,285,308,281,"1.619","-1.619",,,150,82,17,6,2,3,44,29.3,22,14.7,2.25502,0.71381,0.59116,-0.59116,"91.9",141,42.68292682926829,9.75609756097561,5.333333333333334,5.75,-1.08,-0.01,2.39,0.347,8,"-0.279137931",0.347,0.377,"0.279137931",0,0,-0.004,-0.003,35.5,,,,,,,
579,682657,"Martínez, Angel",2023,581,99.7,0.264,0.136,0.333,0.4,0.311,0.264,0.227,37,140,85.5,17,2103,88,88.09,71,287,292,0.09999999999999432,6.25,116,150,111,153,288,315,284,"3.277","-3.277",,,150,105,25,8,1,3,35,23.3,9,6,2.40036,0.57434,0.46472,-0.46472,"90.8",157,32.69230769230769,3.8461538461538463,2.666666666666667,5.8,-0.98,-0.06,2.39,0.313,4,"-0.56597582",0.279,0.312,"0.56597582",0.037,0.033999999999999975,0.088,0.047,24.7,,,,,,,
578,683330,"Masson, J.C.",2023,578,100,0.203,0.059,0.377,0.263,0.278,0.262,0.17,24,118,88.5,11.3,2239,87.9,87.7,128,246,332,-0.20000000000000284,6.15,118,147,120,146,283,307,278,"4.921","-4.921",,,143,62,19,4,0,1,58,40.6,22,15.4,2.25637,0.7304,0.56151,-0.37696,"91.1",148,35.483870967741936,3.225806451612903,1.3986013986013985,5.77,-1.02,-0.13,2.33,0.329,2,"-0.851384083",0.307,0.238,"0.851384083",0.033,0.02200000000000002,0.025,0.016,52,,,,,,,
571,684081,"Brito, Erick",2023,575,99.3,0.277,0.085,0.325,0.362,0.317,0.254,0.207,39,141,83.4,6.9,2305,87.7,87.53,54,277,294,-0.20000000000000284,6.21,104,144,108,144,289,305,274,"1.022","-1.022",,,160,116,33,2,2,2,27,16.9,15,9.4,2.34042,0.669,0.25283,0.06917,"89.5",135,14.655172413793101,0,0,5.87,-0.98,0.27,2.39,0.35,0,"-0.178984238",0.29,0.255,"0.178984238",0.07,0.06,0.107,0.063,19.5,,,,,,,
569,545350,"Marisnick, Jake",2023,570,99.8,0.269,0.16,0.353,0.429,0.361,0.34,0.254,32,119,87.1,13.3,2203,87.6,87.5,72,277,292,-0.09999999999999432,6.19,110,150,118,146,299,318,287,"-5.296","5.296",,,144,87,19,9,2,2,33,22.9,19,13.2,2.35664,0.65314,0.27484,0.04607,"91.0",155,38.372093023255815,3.488372093023256,2.083333333333333,5.96,-0.66,0.2,2.29,0.389,3,"0.930755712",0.377,0.374,"-0.930755712",0.015,0.01200000000000001,0.055,0.021,26,,,,,,,
569,680710,"Witherspoon, Grant",2023,569,100,0.205,0.128,0.292,0.333,0.306,0.306,0.198,24,117,91.2,11.5,2151,88.3,88.31,85,249,320,0,6.23,112,145,119,152,287,315,293,"3.607","-3.607",,,140,75,15,6,0,3,42,30,21,15,2.28847,0.67373,0.43183,-0.30764,"91.9",170,50.66666666666667,9.333333333333334,5,6,-0.8,-0.08,2.49,0.336,7,"-0.633919156",0.33,0.343,"0.633919156",0.007,0.006000000000000005,-0.01,0,34.1,,,,,,,
567,682192,"McIntosh, Paul",2023,567,100,0.212,0.136,0.282,0.347,0.3,0.303,0.209,25,118,90.7,5.7,2206,86.6,86.81,83,242,325,0.20000000000000284,6.31,107,149,120,146,306,322,286,"3.875","-3.875",,,138,76,19,1,0,5,43,31.2,16,11.6,2.52845,0.54968,0.23009,0.10705,"91.9",132,43.42105263157895,9.210526315789473,5.072463768115942,5.77,-0.66,0.09,2.24,0.319,7,"-0.683421517",0.318,0.357,"0.683421517",0.003,0.0010000000000000009,-0.01,-0.003,34.3,,,,,,,
565,677620,"Cruz, Adanson",2023,565,100,0.23,0.063,0.305,0.294,0.282,0.287,0.235,29,126,85,0,2274,87.3,87.29,78,280,285,0,6.22,104,145,115,144,290,305,276,"2.172","-2.172",,,146,95,21,8,0,0,33,22.6,14,9.6,2.31462,0.71933,0.36771,0.1342,"90.3",123,27.659574468085108,1.0638297872340425,0.684931506849315,5.75,-0.92,0.18,2.46,0.322,1,"-0.384424779",0.328,0.291,"0.384424779",-0.005,-0.006000000000000005,0.003,-0.005,27.9,,,,,,,
564,668472,"Pratto, Nick",2023,564,100,0.18,0.162,0.222,0.342,0.272,0.284,0.207,20,111,86.8,20,2202,88.1,88.06,60,242,322,0,6.21,116,146,121,151,289,322,295,"7.565","-7.565",,,128,76,11,4,1,4,37,28.9,13,10.2,2.30851,0.66779,0.39553,-0.21922,"90.4",179,27.631578947368425,5.263157894736842,3.125,5.82,-0.8,-0.16,2.26,0.273,4,"-1.341312057",0.298,0.343,"1.341312057",-0.027,-0.024999999999999967,-0.001,-0.012,24.8,,,,,,,
562,683364,"Dominguez, Carlos",2023,562,100,0.206,0.16,0.295,0.366,0.295,0.251,0.17,27,131,83,20.5,2251,86.9,87.06,97,271,291,0.19999999999998863,6.34,105,146,116,145,292,314,288,"4.959","-4.959",,,152,82,16,5,2,4,51,33.6,15,9.9,2.4542,0.60011,0.37929,0.12699,"90.8",136,26.82926829268293,4.878048780487805,2.631578947368421,5.76,-0.76,0.1,2.34,0.303,4,"-0.882384342",0.275,0.249,"0.882384342",0.036,0.02799999999999997,0.117,0.044,35.8,,,,,,,
559,606299,"Peraza, José",2023,560,99.8,0.266,0.105,0.316,0.371,0.305,0.277,0.236,38,143,85.2,22,2218,87.9,87.95,57,288,271,0.09999999999999432,6.25,106,149,116,145,291,318,283,"0.591","-0.591",,,156,116,28,7,1,2,28,17.9,5,3.2,2.30884,0.67407,0.37535,0.01247,"90.7",163,27.586206896551722,0.8620689655172413,0.641025641025641,5.9,-0.63,0.05,2.33,0.321,1,"-0.105724508",0.295,0.323,"0.105724508",0.03,0.026000000000000023,0.048,0.028,19.8,,,,,,,
557,641505,"Davis, Jonathan",2023,558,99.8,0.26,0.26,0.31,0.52,0.362,0.337,0.254,32,123,88.9,14,2205,88.4,88.37,59,220,337,0,6.28,106,150,112,146,294,315,284,"-4.352","4.352",,,140,92,14,9,4,5,32,22.9,14,10,2.21276,0.74321,0.29129,0.06268,"91.5",156,40.86021505376344,9.67741935483871,6.428571428571428,5.91,-0.88,0.09,2.35,0.338,9,"0.781328546",0.337,0.431,"-0.781328546",0.006,0.0010000000000000009,0.089,0.025,26.8,,,,,,,
556,695391,"Harris, Brett",2023,561,99.1,0.268,0.15,0.313,0.417,0.335,0.313,0.255,34,127,87.2,1.1,2211,87.8,88.19,51,252,304,0.4000000000000057,6.27,108,149,114,146,302,327,292,"0.103","-0.103",,,142,100,23,7,0,4,27,19,10,7,2.44624,0.53275,0.32499,0.04405,"91.6",139,40,4,2.8169014084507045,5.68,-0.31,0.17,2.35,0.345,4,"-0.01852518",0.334,0.363,"0.01852518",0.013,0.010999999999999954,0.054,0.022,20.2,,,,,,,
550,621532,"Bemboom, Anthony",2023,551,99.8,0.282,0.13,0.34,0.412,0.34,0.329,0.276,37,131,89.6,9.8,2156,88.3,88.39,52,240,310,0.10000000000000853,6.34,113,146,118,150,284,315,291,"1.606","-1.606",,,147,103,28,4,2,3,28,19,15,10.2,2.23365,0.73175,0.44601,-0.33781,"91.5",148,40.77669902912621,5.825242718446602,4.081632653061225,5.82,-0.94,-0.05,2.3,0.361,6,"-0.292",0.355,0.383,"0.292",0.006,0.006000000000000005,0.029,0.011,21.7,,,,,,,
549,677223,"Larsen, Jack",2023,550,99.8,0.27,0.03,0.397,0.3,0.345,0.315,0.224,27,100,87.7,4.6,2203,88.6,88.73,56,199,350,0.10000000000000853,6.26,113,144,111,149,284,320,294,"-0.28","0.28",,,127,68,24,3,0,0,32,25.2,25,19.7,2.33854,0.59214,0.4045,-0.36296,"90.5",118,30.88235294117647,0,0,5.67,-1.03,-0.11,2.32,0.425,0,"0.051001821",0.389,0.259,"-0.051001821",0.046,0.035999999999999976,0.041,0.03,28.1,,,,,,,
545,641569,"Fernández, Xavier",2023,545,100,0.331,0.218,0.367,0.548,0.401,0.322,0.257,41,124,85.6,13.5,2166,88.2,88.3,61,269,276,0.09999999999999432,6.26,106,150,119,146,294,314,282,"-7.283","7.283",,,141,103,24,12,0,5,23,16.3,15,10.6,2.34763,0.61374,0.35373,0.00752,"90.8",157,34.95145631067961,6.796116504854369,4.964539007092199,5.82,-0.29,0.03,2.4,0.397,7,"1.336330275",0.335,0.393,"-1.336330275",0.074,0.062,0.155,0.079,22.7,,,,,,,
544,694388,"Loperfido, Joey",2023,545,99.8,0.229,0.169,0.319,0.398,0.32,0.303,0.209,27,118,87.5,5.5,2224,87.9,88.13,85,258,286,0.19999999999998863,6.32,115,146,117,151,280,308,286,"2.876","-2.876",,,137,74,17,5,0,5,45,32.8,16,11.7,2.43721,0.54108,0.28889,-0.16948,"91.0",148,41.891891891891895,6.756756756756757,3.64963503649635,5.85,-0.64,-0.05,2.35,0.328,5,"-0.528676471",0.312,0.368,"0.528676471",0.02,0.016000000000000014,0.03,0.017,32.9,,,,,,,
538,656371,"Díaz, Isan",2023,539,99.8,0.239,0.256,0.284,0.496,0.348,0.348,0.243,28,117,91.1,14.9,2153,87,87.19,94,257,281,0.20000000000000284,6.31,115,147,113,150,295,322,295,"-0.238","0.238",,,131,76,16,3,0,9,41,31.3,14,10.7,2.59006,0.48882,0.28591,-0.26762,"92.6",161,51.31578947368421,14.473684210526317,8.396946564885496,5.8,-0.82,-0.05,2.29,0.321,11,"0.044237918",0.323,0.489,"-0.044237918",-0.004,-0.0020000000000000018,0.007,0,36.6,,,,,,,
538,674441,"Hurtubise, Jacob",2023,542,99.3,0.371,0.072,0.417,0.443,0.437,0.417,0.334,36,97,82,10.1,2140,89,89.14,33,207,331,0.09999999999999432,6.26,113,146,102,149,276,308,290,"-13.808","13.808",,,133,85,31,4,0,1,14,10.5,29,21.8,2.22864,0.69511,0.44448,-0.14314,"89.7",141,12.941176470588237,1.1764705882352942,0.7518796992481203,5.95,-0.79,-0.19,2.47,0.526,1,"2.566542751",0.501,0.407,"-2.566542751",0.037,0.025000000000000022,0.036,0.02,15.9,,,,,,,
534,682927,"Simon, Ronny",2023,538,99.3,0.27,0.153,0.325,0.423,0.351,0.304,0.216,30,111,87.2,12.9,2121,86.6,86.69,50,230,304,0.10000000000000853,6.24,106,146,106,147,286,316,289,"-1.983","1.983",,,131,86,19,8,0,3,26,19.8,18,13.7,2.45423,0.63062,0.38508,-0.38508,"91.2",146,31.3953488372093,5.813953488372093,3.816793893129771,5.76,-0.67,-0.13,2.36,0.374,5,"0.371348315",0.335,0.326,"-0.371348315",0.054,0.03899999999999998,0.097,0.047,21.7,,,,,,,
534,691023,"Walker, Jordan",2023,534,100,0.239,0.159,0.291,0.398,0.33,0.341,0.237,27,113,92.4,10.6,2185,87.3,87.26,62,236,298,0,6.26,110,151,119,146,301,321,291,"2.221","-2.221",,,135,83,17,6,0,4,32,23.7,16,11.9,2.43418,0.59178,0.28418,-0.01278,"92.4",136,49.39759036144578,9.63855421686747,5.9259259259259265,5.88,-0.89,0.17,2.26,0.348,8,"-0.415917603",0.354,0.395,"0.415917603",0.002,-0.006000000000000005,0.003,-0.011,26.3,,,,,,,
532,606132,"Tapia, Raimel",2023,533,99.8,0.262,0.146,0.315,0.408,0.341,0.338,0.26,27,103,88.4,5,2146,88.4,88.58,61,238,294,0.19999999999998863,6.29,114,146,109,152,278,313,290,"0.47","-0.47",,,123,77,20,3,0,4,28,22.8,18,14.6,2.25378,0.71548,0.44024,-0.35126,"90.8",152,39.473684210526315,6.578947368421052,4.0650406504065035,5.8,-1.07,-0.13,2.42,0.366,5,"-0.088345865",0.365,0.4,"0.088345865",0.002,0.0010000000000000009,0.008,0.003,25.6,,,,,,,
530,680810,"Hamilton, Quincy",2023,530,100,0.223,0.214,0.212,0.438,0.336,0.306,0.218,25,112,88.7,11,2168,87.6,87.87,41,244,286,0.30000000000001137,6.19,117,146,116,149,286,314,290,"-3.051","3.051",,,132,92,15,3,0,7,21,15.9,16,12.1,2.4453,0.56616,0.33154,-0.2104,"91.6",151,37.362637362637365,3.296703296703297,2.272727272727273,5.9,-0.58,-0.03,2.35,0.333,3,"0.575660377",0.333,0.338,"-0.575660377",0.005,0,0.1,0.03,16.8,,,,,,,
528,675961,"Williams, Alika",2023,530,99.6,0.294,0.222,0.306,0.516,0.381,0.341,0.271,37,126,86.7,11.3,2227,88.4,88.57,44,230,298,0.19999999999998863,6.29,106,149,116,146,291,315,277,"-5.973","5.973",,,144,105,23,7,0,7,22,15.3,15,10.4,2.30956,0.63569,0.21801,0.03203,"91.4",160,37.5,5.769230769230769,4.166666666666666,5.92,-0.82,0.22,2.36,0.375,6,"1.13125",0.361,0.4,"-1.13125",0.023,0.014000000000000012,0.116,0.04,19.1,,,,,,,
527,642002,"Reed, Michael",2023,530,99.4,0.189,0.171,0.262,0.36,0.295,0.296,0.219,21,111,86.9,13.5,2226,89,88.95,88,259,268,0,6.18,114,146,113,150,291,320,296,"4.982","-4.982",,,129,69,10,7,0,4,42,32.6,17,13.2,2.16973,0.75586,0.33994,-0.33994,"90.9",165,37.68115942028986,5.797101449275362,3.10077519379845,5.85,-0.94,-0.07,2.45,0.302,4,"-0.945351044",0.328,0.318,"0.945351044",-0.03,-0.026000000000000023,0.042,-0.001,34,,,,,,,
524,643603,"White, Tyler",2023,524,100,0.257,0.099,0.316,0.356,0.329,0.328,0.239,26,101,88.4,18.5,2210,88.5,88.43,53,220,304,-0.09999999999999432,6.24,107,148,118,144,293,317,283,"0.558","-0.558",,,119,78,20,4,0,2,23,19.3,17,14.3,2.25374,0.69519,0.33371,-0.03145,"91.4",163,37.17948717948718,6.41025641025641,4.201680672268908,5.97,-0.76,0.15,2.37,0.37,5,"-0.10648855",0.354,0.377,"0.10648855",0.018,0.016000000000000014,-0.021,0.001,24.1,,,,,,,
523,667452,"Julks, Corey",2023,523,100,0.243,0.223,0.282,0.466,0.374,0.34,0.227,25,103,87.8,12.3,2215,88.2,88.48,43,189,334,0.29999999999999716,6.3,108,150,119,146,290,313,284,"-8.115","8.115",,,128,81,9,12,1,3,22,17.2,24,18.8,2.48,0.56328,0.37006,0.00468,"91.7",152,38.2716049382716,2.4691358024691357,1.5625,5.82,-0.79,0.13,2.3,0.391,2,"1.551625239",0.378,0.365,"-1.551625239",0.016,0.013000000000000012,0.101,0.034,22.8,,,,,,,
522,608422,"Godoy, José",2023,522,100,0.267,0.129,0.3,0.397,0.331,0.295,0.235,31,116,87.8,9.3,2169,87.8,87.84,47,223,299,0,6.28,112,145,118,150,288,315,291,"-1.078","1.078",,,131,94,24,3,0,4,22,16.8,14,10.7,2.36902,0.63283,0.39695,-0.27477,"91.9",131,36.17021276595745,3.1914893617021276,2.2900763358778624,5.85,-0.94,-0.12,2.36,0.351,3,"0.20651341",0.323,0.332,"-0.20651341",0.032,0.02799999999999997,0.065,0.036,21.1,,,,,,,
521,666163,"Rortvedt, Ben",2023,521,100,0.289,0.219,0.355,0.509,0.393,0.32,0.231,33,114,88.9,6,2144,88.4,88.6,65,227,294,0.19999999999998863,6.31,113,145,117,151,289,323,292,"-5.136","5.136",,,135,82,20,7,0,6,32,23.7,17,12.6,2.31956,0.63609,0.44315,-0.3533,"91.4",142,39.02439024390244,6.097560975609756,3.7037037037037033,5.85,-1.02,-0.03,2.29,0.4,5,"0.985796545",0.351,0.357,"-0.985796545",0.058,0.049000000000000044,0.152,0.073,28.6,,,,,,,
521,666624,"Morel, Christopher",2023,521,100,0.33,0.4,0.429,0.73,0.476,0.389,0.246,38,115,92.5,14.7,2230,87.2,87.11,93,255,266,-0.10000000000000853,6.22,106,151,116,146,291,311,284,"-15.739","15.739",,,134,74,16,9,2,11,41,30.6,17,12.7,2.40816,0.68643,0.20217,-0.01729,"93.6",157,54.054054054054056,20.27027027027027,11.194029850746269,5.88,-0.84,0.12,2.24,0.425,15,"3.020921305",0.353,0.566,"-3.020921305",0.084,0.07200000000000001,0.164,0.087,36.5,,,,,,,
517,683146,"Baty, Brett",2023,517,100,0.298,0.327,0.318,0.625,0.42,0.407,0.3,31,104,96.1,14.2,2140,87.7,87.93,75,233,284,0.20000000000000284,6.33,116,147,120,152,288,316,290,"-3.276","3.276",,,120,76,17,4,0,10,29,24.2,15,12.5,2.3995,0.59961,0.35579,-0.18254,"93.7",155,57.89473684210527,14.473684210526317,9.166666666666666,5.82,-0.8,-0.04,2.44,0.383,11,"0.633655706",0.385,0.579,"-0.633655706",-0.002,-0.0020000000000000018,0.046,0.013,32.2,,,,,,,
516,680672,"Waddell, Luke",2023,517,99.8,0.214,0.058,0.239,0.272,0.286,0.342,0.279,22,103,86.4,9.5,2169,88.1,88.21,33,212,304,0.10000000000000853,6.28,108,146,110,149,287,315,287,"3.821","-3.821",,,130,92,18,2,2,0,15,11.5,20,15.4,2.25494,0.70969,0.45268,-0.19315,"90.0",163,22.58064516129032,0,0,5.81,-0.43,-0.15,2.4,0.341,0,"-0.740503876",0.398,0.34,"0.740503876",-0.065,-0.056999999999999995,-0.068,-0.056,15.6,,,,,,,
515,665560,"Ortiz, Jhailyn",2023,515,100,0.269,0.212,0.319,0.481,0.369,0.342,0.233,28,104,91.2,12.3,2163,87.8,87.65,78,243,272,-0.09999999999999432,6.23,106,150,120,146,298,323,285,"-4.765","4.765",,,125,77,17,5,1,5,29,23.2,18,14.4,2.33658,0.67607,0.42363,-0.13435,"92.6",153,51.94805194805194,11.688311688311687,7.199999999999999,5.96,-0.2,0.08,2.52,0.376,9,"0.925242718",0.348,0.432,"-0.925242718",0.036,0.028000000000000025,0.049,0.027,32.1,,,,,,,
512,666160,"Moniak, Mickey",2023,513,99.8,0.302,0.279,0.356,0.581,0.39,0.348,0.268,39,129,89.9,22.7,2103,88,88.39,87,304,208,0.4000000000000057,6.29,116,146,110,150,297,327,301,"-5.852","5.852",,,140,95,24,2,5,8,35,25,7,5,2.40865,0.55043,0.44893,-0.44205,"91.8",171,44.21052631578947,9.473684210526317,6.428571428571428,5.67,-1.49,-0.01,2.34,0.35,9,"1.14296875",0.319,0.496,"-1.14296875",0.034,0.030999999999999972,0.085,0.042,28.6,,,,,,,
510,588751,"Hechavarría, Adeiny",2023,510,100,0.22,0.205,0.244,0.425,0.305,0.274,0.216,28,127,85.3,12.6,2230,88.7,88.84,82,268,242,0.09999999999999432,6.25,106,150,117,145,299,323,287,"5.815","-5.815",,,140,96,14,8,0,6,32,22.9,11,7.9,2.26943,0.65829,0.27739,0.12583,"90.4",160,30.208333333333332,5.208333333333334,3.571428571428571,5.92,-0.99,0.02,2.33,0.286,5,"-1.140196078",0.282,0.339,"1.140196078",0.004,0.0040000000000000036,0.086,0.031,30.6,,,,,,,
510,660563,"Rosa, Joseph",2023,510,100,0.276,0.086,0.372,0.362,0.325,0.301,0.242,29,105,86,10.8,2154,88,88.09,49,193,317,0.09999999999999432,6.27,111,147,114,148,292,317,294,"0.517","-0.517",,,121,78,20,9,0,0,28,23.1,13,10.7,2.30414,0.66998,0.39854,-0.39854,"91.3",139,35.8974358974359,2.564102564102564,1.6528925619834711,5.82,-0.59,-0.08,2.3,0.364,2,"-0.101372549",0.337,0.319,"0.101372549",0.034,0.02699999999999997,0.043,0.024,25.4,,,,,,,
509,578428,"Iglesias, Jose",2023,509,100,0.317,0.22,0.35,0.537,0.374,0.322,0.275,39,123,84.6,13.5,2257,88,88.24,54,263,246,0.20000000000000284,6.26,106,151,119,146,301,323,294,"-3.638","3.638",,,135,104,21,13,1,4,22,16.3,9,6.7,2.42825,0.56002,0.28053,0.12692,"91.4",149,30.76923076923077,4.807692307692308,3.7037037037037033,5.66,-0.93,0.16,2.25,0.356,5,"0.714734774",0.323,0.419,"-0.714734774",0.042,0.032999999999999974,0.118,0.052,20.5,,,,,,,
506,621512,"Nido, Tomás",2023,506,100,0.27,0.122,0.31,0.392,0.312,0.303,0.266,40,148,86.5,6.4,2178,87.5,87.63,92,311,195,0.09999999999999432,6.27,107,150,118,147,297,319,283,"3.703","-3.703",,,159,118,32,3,0,5,30,18.9,11,6.9,2.37775,0.63621,0.30156,0.01283,"90.6",151,30.508474576271187,5.084745762711865,3.7735849056603774,5.9,-0.84,0.15,2.29,0.321,6,"-0.731818182",0.317,0.372,"0.731818182",0.004,0.0040000000000000036,0.02,0.009,29.6,,,,,,,
504,668709,"Bleday, JJ",2023,504,100,0.333,0.333,0.333,0.667,0.459,0.419,0.294,36,108,90.7,14.1,2194,87,87.19,50,197,307,0.20000000000000284,6.24,113,144,115,148,293,332,299,"-17.376","17.376",,,133,92,18,8,2,8,18,13.5,23,17.3,2.49306,0.54147,0.31415,-0.33871,"93.2",168,50.54945054945055,13.186813186813188,9.022556390977442,5.71,-0.59,-0.08,2.36,0.444,12,"3.447619048",0.419,0.541,"-3.447619048",0.039,0.025000000000000022,0.126,0.04,25.4,,,,,,,
502,684922,"Shuffield, Dalton",2023,502,100,0.247,0.144,0.355,0.392,0.349,0.327,0.221,24,97,87.6,2.5,2261,88.3,88.06,60,206,296,-0.20000000000000284,6.16,104,147,114,145,295,311,274,"-5.917","5.917",,,119,64,16,4,2,2,33,27.7,22,18.5,2.18928,0.77794,0.46142,0.21994,"90.5",143,32.8125,7.8125,4.201680672268908,5.88,-0.91,0.02,2.42,0.387,5,"1.178685259",0.365,0.348,"-1.178685259",0.026,0.02200000000000002,0.044,0.022,29.1,,,,,,,
501,621011,"Schrock, Max",2023,501,100,0.289,0.164,0.309,0.453,0.348,0.306,0.264,37,128,85.2,19.2,2250,88.2,88.6,30,248,253,0.3999999999999915,6.29,117,146,115,150,294,326,304,"-1.704","1.704",,,142,113,23,10,1,3,16,11.3,11,7.7,2.41134,0.5372,0.24006,-0.2393,"90.7",170,27.43362831858407,2.6548672566371683,2.112676056338028,5.65,-0.74,0,2.27,0.352,3,"0.34011976",0.33,0.36,"-0.34011976",0.025,0.021999999999999964,0.093,0.042,12.1,,,,,,,
499,687192,"Hunter, Cade",2023,499,100,0.267,0.171,0.354,0.438,0.369,0.329,0.23,28,105,91.1,7.5,2277,87.9,87.8,66,211,288,-0.10000000000000853,6.24,113,144,118,143,282,308,291,"-6.923","6.923",,,127,70,20,3,0,5,35,27.6,16,12.6,2.30234,0.69107,0.41647,-0.26365,"92.2",142,51.42857142857142,7.142857142857142,3.937007874015748,5.68,-0.92,-0.15,2.27,0.394,5,"1.387374749",0.363,0.357,"-1.387374749",0.037,0.031000000000000028,0.081,0.04,31.3,,,,,,,
496,684495,"Campos, Dyron",2023,503,98.6,0.191,0.176,0.23,0.366,0.263,0.227,0.174,25,131,84.2,14.8,2274,86.9,86.87,96,297,199,0,6.23,105,147,115,145,290,309,285,"6.894","-6.894",,,140,92,14,4,2,5,39,27.9,5,3.6,2.44635,0.61947,0.34425,-0.00421,"90.4",125,31.521739130434785,6.521739130434782,4.285714285714286,5.73,-0.47,0.19,2.33,0.243,6,"-1.389919355",0.227,0.281,"1.389919355",0.017,0.015999999999999986,0.085,0.036,32.3,,,,,,,
493,680737,"Helman, Michael",2023,493,100,0.315,0.252,0.333,0.567,0.406,0.325,0.243,40,127,87.3,21.2,2240,87.6,87.48,56,252,241,-0.09999999999999432,6.17,104,149,118,146,289,314,284,"-6.617","6.617",,,142,108,22,10,2,6,19,13.4,10,7,2.38513,0.63552,0.25807,0.12383,"91.3",173,31.48148148148148,9.25925925925926,7.042253521126761,5.9,-0.88,0.15,2.36,0.387,10,"1.342190669",0.323,0.42,"-1.342190669",0.072,0.064,0.147,0.081,22.2,,,,,,,
492,571679,"Freitas, David",2023,492,100,0.295,0.196,0.326,0.491,0.365,0.364,0.262,33,112,89.6,14.5,2166,87.9,88.17,49,217,275,0.29999999999999716,6.23,108,149,121,146,302,322,289,"-3.344","3.344",,,129,91,21,7,0,5,24,18.6,12,9.3,2.34817,0.61882,0.37276,-0.11508,"91.8",204,45.05494505494506,10.989010989010989,7.751937984496124,5.74,0.27,-0.03,2.41,0.364,10,"0.679674797",0.337,0.533,"-0.679674797",0.033,0.02699999999999997,-0.042,0.001,22.6,,,,,,,
492,682641,"Matos, Luis",2023,493,99.8,0.353,0.273,0.336,0.626,0.435,0.344,0.289,49,139,89.2,14.1,2231,87.9,87.82,33,248,244,-0.10000000000000853,6.25,106,149,118,147,296,318,288,"-14.272","14.272",,,151,128,31,7,2,9,11,7.3,11,7.3,2.39102,0.60041,0.31049,0.13305,"92.2",160,39.0625,6.25,5.298013245033113,5.72,-0.83,0.12,2.29,0.404,8,"2.900813008",0.345,0.448,"-2.900813008",0.064,0.05900000000000005,0.178,0.091,13.3,,,,,,,
492,622569,"Reyes, Pablo",2023,493,99.8,0.255,0.133,0.31,0.388,0.33,0.307,0.227,25,98,89.4,9.8,2198,88.2,88.39,47,188,304,0.20000000000000284,6.28,104,150,113,147,296,315,290,"0.875","-0.875",,,115,74,19,2,1,3,25,21.7,16,13.9,2.30919,0.64551,0.29248,0.09346,"91.5",154,40.54054054054054,4.054054054054054,2.608695652173913,5.75,-0.85,0.12,2.39,0.357,3,"-0.177845528",0.333,0.348,"0.177845528",0.028,0.023999999999999966,0.04,0.023,25,,,,,,,
492,672580,"Garcia, Maikel",2023,492,100,0.242,0.105,0.301,0.347,0.313,0.309,0.247,23,95,90.3,1.9,2231,88,88.07,37,182,310,0.09999999999999432,6.22,103,148,114,146,295,314,281,"-0.411","0.411",,,112,74,15,7,0,1,22,19.6,16,14.3,2.31996,0.65159,0.33728,0.11356,"91.3",155,45.83333333333333,1.3888888888888888,0.8928571428571428,5.83,-0.76,-0.01,2.34,0.348,1,"0.083536585",0.356,0.317,"-0.083536585",-0.005,-0.008000000000000007,0.03,0.004,20.3,,,,,,,
485,669288,"Johnson, Daniel",2023,485,100,0.296,0.287,0.317,0.583,0.405,0.354,0.264,32,108,88.2,12.5,2231,88.3,88.67,57,241,244,0.4000000000000057,6.24,116,148,113,152,291,321,296,"-6.746","6.746",,,124,88,14,11,1,6,21,16.9,12,9.7,2.42693,0.51042,0.26267,-0.22441,"92.2",153,42.04545454545455,7.954545454545454,5.64516129032258,5.69,-1.14,-0.01,2.28,0.379,7,"1.390927835",0.351,0.463,"-1.390927835",0.032,0.028000000000000025,0.12,0.051,23.7,,,,,,,
485,691437,"Pinto, Adrian",2023,489,99.2,0.263,0.04,0.351,0.303,0.338,0.3,0.198,26,99,86.2,-3.5,2304,88.7,88.45,47,182,303,-0.20000000000000284,6.13,103,145,107,144,281,302,265,"-3.099","3.099",,,124,74,22,4,0,0,25,20.2,22,17.7,2.09153,0.84215,0.37965,0.16114,"90.8",126,28.37837837837838,1.3513513513513513,0.8064516129032258,5.86,-0.84,0.1,2.45,0.411,1,"0.638969072",0.36,0.262,"-0.638969072",0.065,0.05099999999999999,0.041,0.038,25.8,,,,,,,
485,689235,"Pino, Yassel",2023,485,100,0.238,0.169,0.27,0.408,0.317,0.309,0.234,31,130,86,17.5,2310,87.1,87.03,71,256,229,-0.09999999999999432,6.23,105,147,117,146,289,309,277,"0.43","-0.43",,,147,104,18,8,1,4,27,18.4,13,8.8,2.40148,0.64074,0.32934,-0.04992,"90.7",170,30.76923076923077,6.730769230769231,4.761904761904762,5.69,-0.85,0.34,2.25,0.32,7,"-0.088659794",0.316,0.384,"0.088659794",0.004,0.0040000000000000036,0.024,0.008,27.7,,,,,,,
483,677950,"Thomas, Alek",2023,485,99.6,0.342,0.171,0.389,0.514,0.391,0.363,0.311,38,111,92.7,5.5,2201,88.9,89.41,39,213,270,0.5,6.37,113,146,110,151,291,322,306,"-10.81","10.81",,,125,93,27,6,2,3,20,16,11,8.8,2.34027,0.55963,0.37539,-0.2727,"92.8",157,49.46236559139785,7.526881720430108,5.6000000000000005,5.65,-0.73,-0.14,2.27,0.4,7,"2.238095238",0.376,0.459,"-2.238095238",0.031,0.02400000000000002,0.055,0.028,18.3,,,,,,,
480,683091,"Tanner, Logan",2023,480,100,0.16,0.07,0.222,0.23,0.228,0.266,0.19,16,100,85.5,21.9,2320,87,86.99,55,207,273,0,6.25,105,146,118,145,291,311,284,"10.396","-10.396",,,117,72,9,7,0,0,30,25.6,14,12,2.42754,0.62075,0.283,-0.07233,"90.9",163,30.136986301369863,4.10958904109589,2.564102564102564,5.69,-0.51,0.14,2.39,0.259,3,"-2.165833333",0.287,0.291,"2.165833333",-0.03,-0.02799999999999997,-0.061,-0.038,26.6,,,,,,,
478,674671,"Glendinning, Robbie",2023,478,100,0.248,0.229,0.345,0.476,0.347,0.305,0.224,26,105,89.4,8.4,2169,86.7,86.68,82,218,260,0,6.26,109,152,121,148,306,321,290,"-2.545","2.545",,,118,64,14,6,0,6,41,34.7,12,10.2,2.55119,0.53059,0.29679,-0.02397,"91.5",145,45.3125,9.375,5.084745762711865,5.82,-0.15,0.1,2.23,0.331,6,"0.532426778",0.309,0.381,"-0.532426778",0.024,0.02200000000000002,0.095,0.042,37.6,,,,,,,
477,596142,"Sánchez, Gary",2023,477,100,0.21,0.074,0.308,0.284,0.317,0.325,0.189,17,81,85.3,22,2223,87.8,87.97,46,169,308,0.20000000000000284,6.31,104,150,120,145,300,325,297,"2.686","-2.686",,,105,53,13,3,0,1,29,27.6,19,18.1,2.43059,0.56272,0.31954,0.13589,"92.3",140,35.84905660377358,3.7735849056603774,1.9047619047619049,5.82,-0.9,0.03,2.36,0.381,2,"-0.563102725",0.374,0.277,"0.563102725",0.021,0.007000000000000006,0.007,-0.008,27.2,,,,,,,
476,685337,"Tapia, Sergio",2023,477,99.8,0.191,0.117,0.216,0.309,0.291,0.32,0.237,18,94,82.7,16.9,2313,88,87.95,54,193,283,0,6.24,107,145,118,146,291,311,275,"0.425","-0.425",,,112,76,11,5,0,2,18,16.1,14,12.5,2.27813,0.70458,0.37236,0.10384,"90.5",148,26.666666666666668,4,2.6785714285714284,5.73,-0.94,0.05,2.3,0.321,3,"-0.089285714",0.361,0.33,"0.089285714",-0.046,-0.03999999999999998,-0.021,-0.029,28,,,,,,,
474,686960,"Baez, Nate",2023,475,99.8,0.276,0.145,0.442,0.421,0.393,0.34,0.195,21,76,87,15.5,2231,87.6,87.61,59,190,284,0,6.33,105,144,115,142,281,307,274,"-5.653","5.653",,,102,45,14,5,0,2,32,31.4,23,22.5,2.21319,0.86439,0.42008,0.16429,"90.5",163,42.22222222222222,8.88888888888889,3.9215686274509802,5.85,-0.5,0.15,2.45,0.451,4,"1.192616034",0.393,0.331,"-1.192616034",0.081,0.057999999999999996,0.09,0.053,31.1,,,,,,,
474,680753,"Hackenberg, Adam",2023,474,100,0.259,0.134,0.325,0.393,0.316,0.302,0.253,29,112,86,12,2150,87.9,88.13,67,238,236,0.19999999999998863,6.32,105,150,120,147,295,317,279,"1.855","-1.855",,,125,83,20,6,0,3,30,24,11,8.8,2.37122,0.60854,0.37258,-0.01369,"90.1",152,30.120481927710845,4.819277108433735,3.2,5.72,-0.44,0.14,2.35,0.328,4,"-0.391350211",0.324,0.354,"0.391350211",0.006,0.0040000000000000036,0.039,0.014,28.2,,,,,,,
474,681807,"Fry, David",2023,474,100,0.317,0.228,0.364,0.545,0.404,0.361,0.272,32,101,90.5,17,2214,88,87.81,51,222,252,-0.20000000000000284,6.18,104,151,117,145,292,316,281,"-10.85","10.85",,,117,81,18,9,1,4,21,17.9,11,9.4,2.40643,0.57498,0.32513,-0.03212,"92.1",156,51.85185185185185,7.4074074074074066,5.128205128205128,5.86,-0.3,0.06,2.39,0.402,6,"2.289029536",0.364,0.464,"-2.289029536",0.045,0.038000000000000034,0.081,0.043,23,,,,,,,
472,694292,"Wehler, Jeffrey",2023,473,99.8,0.352,0.286,0.467,0.637,0.45,0.294,0.206,32,91,86.1,14.4,2309,88.1,87.96,71,215,257,-0.09999999999999432,6.21,107,145,118,145,292,310,277,"-11.34","11.34",,,107,64,17,8,3,4,28,26.2,14,13.1,2.23576,0.74025,0.35255,0.12783,"90.0",173,31.25,4.6875,2.803738317757009,5.73,-0.91,0.1,2.4,0.439,3,"2.402542373",0.315,0.336,"-2.402542373",0.146,0.124,0.301,0.156,33,,,,,,,
471,656896,"Rivera, Emmanuel",2023,471,100,0.33,0.268,0.348,0.598,0.412,0.358,0.283,37,112,90.2,13.8,2239,87.6,87.93,48,217,254,0.30000000000001137,6.26,104,149,118,146,301,327,295,"-8.078","8.078",,,128,97,20,9,3,5,18,14.1,11,8.6,2.42822,0.56654,0.2206,-0.06438,"92.1",167,46.391752577319586,8.24742268041237,6.25,5.65,-0.62,0.16,2.43,0.391,8,"1.71507431",0.352,0.48,"-1.71507431",0.047,0.039000000000000035,0.118,0.054,22.1,,,,,,,
469,803679,"Hernandez, Sammy",2023,469,100,0.202,0.109,0.25,0.311,0.263,0.249,0.195,24,119,84.8,18.1,2322,87.3,87.16,76,246,223,-0.09999999999999432,6.27,103,144,116,145,286,305,273,"3.011","-3.011",,,133,90,17,3,2,2,30,22.6,11,8.3,2.38482,0.6572,0.25728,0.1082,"90.1",151,23.333333333333332,2.2222222222222223,1.5037593984962405,5.8,-1.19,0.16,2.37,0.278,2,"-0.642004264",0.273,0.271,"0.642004264",0.007,0.0050000000000000044,0.04,0.014,30.9,,,,,,,
468,670281,"Berman, Stevie",2023,469,99.8,0.242,0.084,0.309,0.326,0.317,0.31,0.224,23,95,85.9,3.8,2235,89.3,89.39,43,189,279,0.10000000000000853,6.21,108,148,119,147,292,314,284,"1.567","-1.567",,,115,70,19,2,0,2,26,22.6,19,16.5,2.17752,0.71672,0.42111,0.13435,"90.4",154,31.428571428571427,2.857142857142857,1.7391304347826086,5.83,-0.89,0.1,2.34,0.365,2,"-0.33482906",0.352,0.319,"0.33482906",0.018,0.013000000000000012,0.007,0.007,22.8,,,,,,,
463,665173,"McKenna, Alex",2023,463,100,0.221,0.116,0.321,0.337,0.293,0.275,0.195,21,95,87.8,4.8,2203,88.6,89.12,63,191,272,0.5,6.38,106,149,118,145,293,320,284,"1.682","-1.682",,,108,59,17,0,1,3,36,33.3,12,11.1,2.2268,0.68421,0.29295,0.03161,"91.2",137,36.206896551724135,6.896551724137931,3.7037037037037033,5.82,-0.61,0.07,2.41,0.315,4,"-0.363282937",0.293,0.316,"0.363282937",0.026,0.02200000000000002,0.021,0.018,33,,,,,,,
461,703154,"De Los Santos, Yordany",2023,466,98.9,0.19,0.107,0.333,0.298,0.31,0.285,0.172,16,84,83.6,10.1,2301,87.3,87.2,78,181,280,-0.09999999999999432,6.22,103,146,114,145,287,311,281,"3.219","-3.219",,,108,46,10,4,1,1,39,36.1,20,18.5,2.28343,0.7482,0.45742,-0.00774,"90.0",134,23.91304347826087,0,0,5.65,-0.53,0.25,2.4,0.361,0,"-0.698264642",0.351,0.206,"0.698264642",0.018,0.010000000000000009,0.092,0.025,43.1,,,,,,,
460,643565,"Tauchman, Mike",2023,460,100,0.278,0.165,0.333,0.443,0.384,0.359,0.242,22,79,88.6,7.3,2191,87.8,87.81,48,189,271,0,6.17,115,143,114,148,279,307,291,"-3.862","3.862",,,103,60,15,4,0,3,21,20.4,21,20.4,2.26457,0.7123,0.37555,-0.19611,"91.2",167,43.333333333333336,6.666666666666667,3.8834951456310676,5.9,-0.71,-0.01,2.47,0.427,4,"0.839565217",0.404,0.387,"-0.839565217",0.036,0.022999999999999965,0.056,0.025,25.4,,,,,,,
460,689041,"Thomas, Rhylan",2023,463,99.4,0.292,0.133,0.315,0.425,0.341,0.277,0.231,35,120,85.4,11.7,2268,89.1,88.83,30,232,228,-0.29999999999999716,6.17,110,146,102,145,275,299,283,"0.773","-0.773",,,136,109,23,9,2,1,13,9.6,14,10.3,2.056,0.86285,0.61641,-0.42711,"89.4",161,12.844036697247708,0.9174311926605505,0.7352941176470588,5.78,-0.9,-0.06,2.51,0.36,1,"-0.168043478",0.311,0.297,"0.168043478",0.061,0.04899999999999999,0.128,0.064,12.9,,,,,,,
457,645444,"Herrera, Jose",2023,458,99.8,0.257,0.119,0.304,0.376,0.332,0.284,0.218,26,101,84.3,0.9,2149,87.9,88.26,44,193,264,0.3999999999999915,6.29,112,146,117,147,298,329,301,"-2.272","2.272",,,118,81,19,4,1,2,20,16.9,15,12.7,2.50379,0.52547,0.43674,-0.43674,"90.1",111,27.160493827160494,2.4691358024691357,1.694915254237288,5.64,-0.51,-0.03,2.25,0.364,2,"0.497155361",0.331,0.279,"-0.497155361",0.039,0.032999999999999974,0.097,0.048,22.8,,,,,,,
456,670097,"Short, Zack",2023,456,100,0.195,0.232,0.244,0.427,0.337,0.339,0.203,16,82,91.7,25.3,2224,88.5,88.49,53,163,293,0,6.31,108,151,117,146,291,318,287,"-1.751","1.751",,,100,50,7,4,0,5,32,32,18,18,2.15086,0.80546,0.28611,0.02563,"92.0",182,48,14.000000000000002,7.000000000000001,5.97,-0.9,0.2,2.4,0.34,7,"0.383991228",0.347,0.421,"-0.383991228",-0.008,-0.006999999999999951,0.006,-0.002,32.5,,,,,,,
456,686941,"Barrera, Brett",2023,456,100,0.151,0.038,0.178,0.189,0.196,0.274,0.238,16,106,87.9,9.4,2265,87.3,87.36,42,211,245,0.10000000000000853,6.35,105,147,118,145,295,313,280,"11.939","-11.939",,,119,90,13,2,1,0,18,15.1,7,5.9,2.38814,0.64548,0.28552,0.11611,"90.8",158,25.842696629213485,0,0,5.73,-1.1,0.04,2.39,0.227,0,"-2.618201754",0.306,0.296,"2.618201754",-0.087,-0.07899999999999999,-0.107,-0.078,19.9,,,,,,,
456,687285,"Schreffler Jr., Troy",2023,456,100,0.313,0.229,0.348,0.542,0.405,0.347,0.26,30,96,90,5,2304,87.7,87.53,53,200,256,-0.20000000000000284,6.25,104,146,111,145,292,310,279,"-7.763","7.763",,,118,75,22,0,2,6,24,20.3,18,15.3,2.3177,0.68647,0.32681,0.11771,"91.9",135,44,4,2.5423728813559325,5.76,-1.09,0.05,2.41,0.415,3,"1.702412281",0.381,0.389,"-1.702412281",0.053,0.033999999999999975,0.153,0.058,26.5,,,,,,,
452,675448,"Hunt, Blake",2023,452,100,0.265,0.257,0.276,0.522,0.354,0.332,0.261,30,113,87.6,20.4,2197,87.7,87.77,56,242,210,0.09999999999999432,6.22,107,150,120,147,290,320,290,"-1.829","1.829",,,125,93,13,11,0,6,22,17.6,8,6.4,2.48655,0.52095,0.27927,-0.02778,"91.7",156,34.40860215053764,9.67741935483871,7.199999999999999,5.76,-0.64,0.13,2.34,0.32,9,"0.404646018",0.321,0.434,"-0.404646018",0.004,-0.0010000000000000009,0.088,0.022,23.1,,,,,,,
447,458015,"Votto, Joey",2023,447,100,0.19,0.165,0.261,0.354,0.309,0.305,0.176,15,79,91.5,11.4,2177,88.3,88.27,62,169,278,0,6.2,115,144,121,150,287,316,291,"0.372","-0.372",,,99,49,8,4,0,3,32,32.3,17,17.2,2.31609,0.64204,0.38157,-0.16623,"91.5",162,48.97959183673469,6.122448979591836,3.0303030303030303,5.86,-0.43,-0.3,2.38,0.333,3,"-0.083221477",0.328,0.334,"0.083221477",0.014,0.0050000000000000044,0.02,0.004,36.7,,,,,,,
447,681355,"Cossetti, Andrew",2023,447,100,0.344,0.289,0.362,0.633,0.461,0.416,0.293,31,90,89.4,16.2,2233,86.8,86.5,60,192,255,-0.29999999999999716,6.12,107,147,119,145,290,308,272,"-14.212","14.212",,,115,75,18,6,1,6,17,14.8,19,16.5,2.45327,0.62254,0.31154,0.0348,"92.3",162,45.94594594594595,9.45945945945946,6.086956521739131,5.92,-0.61,0.09,2.32,0.47,7,"3.179418345",0.437,0.518,"-3.179418345",0.051,0.032999999999999974,0.115,0.045,31.3,,,,,,,
441,680911,"Miller, Owen",2023,441,100,0.286,0.19,0.306,0.476,0.35,0.3,0.241,30,105,84.7,9.6,2178,87.5,87.78,39,211,230,0.29999999999999716,6.38,107,150,119,145,300,316,291,"-0.234","0.234",,,115,89,18,8,0,4,17,14.8,6,5.2,2.39512,0.62783,0.29452,0.13734,"90.2",158,22.47191011235955,5.617977528089887,4.3478260869565215,5.81,-0.51,0.14,2.26,0.339,5,"0.053061224",0.298,0.389,"-0.053061224",0.045,0.041000000000000036,0.087,0.05,18.5,,,,,,,
440,699305,"Mosquera, Diego",2023,440,100,0.247,0.056,0.355,0.303,0.32,0.268,0.184,22,89,82.7,4.4,2273,87.6,87.76,46,173,267,0.20000000000000284,6.33,106,146,114,144,290,308,276,"1.442","-1.442",,,108,62,18,3,1,0,27,25,15,13.9,2.26343,0.74224,0.43318,0.19027,"89.8",115,24.59016393442623,0,0,5.66,-0.86,0.12,2.44,0.38,0,"-0.327727273",0.329,0.212,"0.327727273",0.063,0.05099999999999999,0.091,0.052,26.6,,,,,,,
440,694991,"Jebb, Mitch",2023,445,98.9,0.292,0.104,0.303,0.396,0.344,0.311,0.251,28,96,82.1,4.2,2262,88.2,88.02,17,164,276,-0.20000000000000284,6.18,107,144,102,143,271,300,289,"0.155","-0.155",,,117,90,21,5,1,1,10,8.5,15,12.8,2.14123,0.83332,0.57936,-0.38636,"89.6",141,18.88888888888889,1.1111111111111112,0.8547008547008548,5.82,-0.9,0.08,2.38,0.385,1,"-0.035227273",0.359,0.31,"0.035227273",0.041,0.026000000000000023,0.086,0.033,10.4,,,,,,,
437,671289,"Freeman, Tyler",2023,438,99.8,0.322,0.144,0.37,0.467,0.411,0.389,0.306,29,90,85.6,10.2,2218,88.8,88.77,28,179,258,0,6.31,107,149,113,145,291,316,276,"-8.45","8.45",,,115,75,21,5,1,2,16,13.9,15,13,2.25805,0.67312,0.41686,0.02561,"91.6",154,38.666666666666664,1.3333333333333335,0.8695652173913043,5.87,-0.5,0.1,2.33,0.461,1,"1.933638444",0.449,0.404,"-1.933638444",0.016,0.01200000000000001,0.063,0.022,15.6,,,,,,,
434,656666,"Lugbauer, Drew",2023,434,100,0.225,0.124,0.386,0.348,0.272,0.27,0.201,20,89,88.9,17.6,2193,88.6,88.68,101,219,215,0.10000000000000853,6.26,114,144,124,150,296,324,301,"5.407","-5.407",,,98,47,15,2,0,3,44,44.9,6,6.1,2.28514,0.64764,0.34555,-0.25804,"91.7",153,44.680851063829785,10.638297872340425,5.1020408163265305,5.76,-0.79,-0.13,2.48,0.276,5,"-1.245852535",0.259,0.355,"1.245852535",0.024,0.017000000000000015,-0.007,0.002,46.1,,,,,,,
432,687557,"McIntosh, Blaine",2023,435,99.3,0.158,0.053,0.254,0.211,0.236,0.247,0.177,15,95,83.2,2.9,2207,88.2,88.08,69,193,239,-0.10000000000000853,6.21,108,144,106,142,276,300,283,"8.524","-8.524",,,111,59,11,3,1,0,36,32.4,15,13.5,2.1416,0.82903,0.66582,-0.44633,"89.5",141,21.052631578947366,0,0,5.76,-0.81,-0.17,2.39,0.279,0,"-1.973148148",0.298,0.209,"1.973148148",-0.019,-0.01899999999999996,0.002,-0.011,35.8,,,,,,,
431,656413,"Fairchild, Stuart",2023,433,99.5,0.277,0.17,0.344,0.447,0.365,0.349,0.252,26,94,86.1,17.1,2192,87.5,87.71,55,191,240,0.20000000000000284,6.28,107,150,114,147,293,317,289,"-1.609","1.609",,,112,68,19,2,1,4,27,24.1,11,9.8,2.36573,0.64009,0.34436,-0.03174,"91.4",149,35.82089552238806,10.44776119402985,6.25,5.93,-0.52,0.11,2.41,0.384,7,"0.373317865",0.367,0.42,"-0.373317865",0.025,0.017000000000000015,0.027,0.016,28.8,,,,,,,
429,593993,"Briceño, José",2023,430,99.8,0.216,0.252,0.203,0.468,0.319,0.254,0.194,24,111,85.7,9.2,2230,88.5,88.71,72,220,209,0.20000000000000284,6.38,108,151,118,147,292,323,284,"-3.551","3.551",,,121,83,14,1,0,9,28,23.1,8,6.6,2.22776,0.72743,0.25037,0.04911,"91.9",132,37.34939759036144,3.614457831325301,2.479338842975207,5.94,-0.88,0.24,2.43,0.281,3,"0.827738928",0.261,0.306,"-0.827738928",0.022,0.020000000000000018,0.162,0.065,32.7,,,,,,,
428,670768,"González, Luis",2023,429,99.8,0.258,0.108,0.315,0.366,0.32,0.3,0.238,24,93,87.8,11.8,2170,88.3,88.52,46,185,243,0.20000000000000284,6.29,113,146,110,147,298,332,305,"1.708","-1.708",,,108,74,17,5,1,1,20,18.5,12,11.1,2.35304,0.60157,0.40692,-0.35619,"91.4",148,40.54054054054054,1.3513513513513513,0.9259259259259258,5.68,-0.65,-0.03,2.22,0.352,1,"-0.399065421",0.335,0.323,"0.399065421",0.02,0.01699999999999996,0.043,0.02,24.9,,,,,,,
426,671217,"Praytor, Sam",2023,427,99.8,0.156,0.177,0.172,0.333,0.259,0.291,0.19,15,96,88.4,12.1,2308,88.2,88.12,57,191,235,-0.10000000000000853,6.21,105,145,116,146,295,308,273,"5.193","-5.193",,,108,68,6,5,0,4,28,25.9,10,9.3,2.13455,0.82387,0.44677,0.20417,"91.4",148,40.298507462686565,11.940298507462686,7.4074074074074066,5.71,-1.03,0.17,2.42,0.25,8,"-1.219014085",0.281,0.382,"1.219014085",-0.034,-0.031000000000000028,-0.049,-0.032,29.8,,,,,,,
424,676812,"McCusker, Carson",2023,424,100,0.286,0.235,0.396,0.52,0.373,0.351,0.251,28,98,91.7,12.5,2270,87.3,87.13,63,187,237,-0.20000000000000284,6.18,105,143,123,144,297,312,280,"-0.85","0.85",,,108,60,19,2,0,7,38,35.2,10,9.3,2.33493,0.70177,0.34762,0.05955,"92.3",168,50,16.666666666666664,9.25925925925926,5.75,-0.63,0.11,2.57,0.352,10,"0.200471698",0.32,0.501,"-0.200471698",0.035,0.03199999999999997,0.019,0.022,33.7,,,,,,,
422,678391,"Vivas, Jorbit",2023,422,100,0.225,0.069,0.265,0.294,0.293,0.308,0.235,23,102,84.4,11.5,2201,88.5,88.8,39,197,225,0.29999999999999716,6.25,114,144,118,150,293,318,297,"5.286","-5.286",,,121,84,19,2,1,1,19,15.7,15,12.4,2.35521,0.57829,0.3632,-0.36244,"90.9",145,26.506024096385545,2.4096385542168677,1.6528925619834711,5.61,-0.86,-0.02,2.35,0.339,2,"-1.252606635",0.349,0.319,"1.252606635",-0.01,-0.009999999999999953,-0.025,-0.015,19.8,,,,,,,
422,544369,"Gregorius, Didi",2023,422,100,0.192,0.144,0.198,0.337,0.276,0.309,0.236,20,104,86.5,15.9,2181,86.3,86.44,64,233,189,0.10000000000000853,6.28,115,144,120,150,287,323,299,"4.587","-4.587",,,117,89,12,4,1,3,15,12.8,9,7.7,2.67424,0.43481,0.23383,-0.11545,"90.7",147,26.96629213483146,5.617977528089887,4.273504273504273,5.67,-0.04,-0.24,2.18,0.282,5,"-1.086966825",0.321,0.373,"1.086966825",-0.044,-0.039000000000000035,-0.036,-0.033,27.5,,,,,,,
419,656462,"Gilliam, Isiah",2023,419,100,0.253,0.157,0.327,0.41,0.356,0.345,0.246,21,83,89.9,11.6,2165,88,88.05,50,190,229,0.09999999999999432,6.26,114,145,121,150,293,326,293,"0.09","-0.09",,,101,58,14,4,0,3,25,24.8,15,14.9,2.46733,0.51611,0.38196,-0.38196,"92.2",144,43.103448275862064,8.620689655172415,4.9504950495049505,5.6,-1.13,-0.09,2.29,0.386,5,"-0.021479714",0.381,0.38,"0.021479714",0.007,0.0050000000000000044,0.03,0.011,26.3,,,,,,,
417,571740,"Hamilton, Billy",2023,425,98.1,0.157,0.09,0.241,0.247,0.245,0.208,0.131,14,89,80.6,24,2150,89.3,89.34,62,200,217,0,6.26,107,147,98,147,282,309,287,"9.624","-9.624",,,105,55,9,3,1,1,35,33.3,14,13.3,2.05835,0.8305,0.53847,-0.53847,"88.9",143,9.090909090909092,0,0,5.91,-0.37,-0.1,2.45,0.276,0,"-2.307913669",0.255,0.164,"2.307913669",0.026,0.02100000000000002,0.083,0.037,31,,,,,,,
414,620439,"Barreto, Franklin",2023,415,99.8,0.206,0.258,0.206,0.464,0.321,0.315,0.224,20,97,88.7,16.1,2234,87.9,87.7,61,185,229,-0.20000000000000284,6.16,107,150,113,146,293,315,281,"0.198","-0.198",,,108,70,9,4,0,7,27,25,9,8.3,2.37271,0.6199,0.33954,-0.03273,"92.0",164,42.028985507246375,10.144927536231885,6.481481481481481,5.77,-0.7,0.01,2.28,0.287,7,"-0.047826087",0.304,0.42,"0.047826087",-0.018,-0.017000000000000015,0.044,0.006,33,,,,,,,
409,685133,"Meckler, Wade",2023,410,99.8,0.354,0.146,0.443,0.5,0.421,0.357,0.275,29,82,84.7,11.1,2203,88.6,88.68,37,155,254,0.10000000000000853,6.29,115,146,106,148,296,323,298,"-9.066","9.066",,,101,63,22,4,1,2,20,19.8,18,17.8,2.36572,0.57926,0.26251,-0.32882,"90.2",144,20.634920634920633,4.761904761904762,2.9702970297029703,5.73,-0.93,-0.09,2.26,0.465,3,"2.216625917",0.402,0.39,"-2.216625917",0.079,0.063,0.11,0.064,23.9,,,,,,,
408,534606,"LaMarre, Ryan",2023,408,100,0.204,0.161,0.281,0.366,0.304,0.285,0.192,19,93,87.4,10.1,2275,88.8,88.99,62,192,216,0.20000000000000284,6.39,105,148,119,145,291,313,281,"-0.066","0.066",,,108,60,10,6,0,3,33,30.6,12,11.1,2.29819,0.63108,0.27383,0.08007,"92.0",155,41.66666666666667,6.666666666666667,3.7037037037037033,5.86,-1.14,0.06,2.22,0.315,4,"0.016176471",0.304,0.324,"-0.016176471",0.012,0.01100000000000001,0.042,0.019,32.3,,,,,,,
408,701800,"Linarez, Carlos",2023,408,100,0.213,0.09,0.3,0.303,0.278,0.261,0.188,19,89,84.5,7.1,2258,87.9,87.91,74,211,197,0,6.21,105,146,118,146,292,303,276,"6.277","-6.277",,,104,61,13,5,0,1,30,28.8,9,8.7,2.17385,0.80561,0.38334,0.11907,"89.9",144,29.508196721311474,4.918032786885246,2.8846153846153846,5.84,-0.79,0.26,2.55,0.308,3,"-1.538480392",0.294,0.245,"1.538480392",0.025,0.014000000000000012,0.058,0.017,35.1,,,,,,,
406,687340,"Romero, Kiko",2023,406,100,0.226,0.167,0.302,0.393,0.32,0.264,0.175,19,84,87.5,10.9,2272,88.5,88.32,63,193,213,-0.20000000000000284,6.19,113,146,120,146,271,306,288,"-1.133","1.133",,,97,56,11,5,0,3,28,28.9,12,12.4,2.17411,0.773,0.58444,-0.39091,"90.7",132,32.142857142857146,7.142857142857142,4.123711340206185,5.64,-0.95,-0.14,2.43,0.33,4,"0.279064039",0.285,0.287,"-0.279064039",0.051,0.04500000000000004,0.106,0.056,32.6,,,,,,,
405,608385,"Winker, Jesse",2023,405,100,0.286,0.214,0.302,0.5,0.422,0.381,0.236,20,70,91.4,16,2132,86.8,86.91,40,167,238,0.10000000000000853,6.32,114,146,126,152,296,323,304,"-8.425","8.425",,,93,57,13,3,0,4,13,14,23,24.7,2.4257,0.64704,0.35079,-0.29124,"91.3",148,42.10526315789473,7.017543859649122,4.301075268817205,5.83,-0.36,-0.18,2.3,0.462,4,"2.080246914",0.425,0.427,"-2.080246914",0.05,0.03700000000000003,0.073,0.041,24,,,,,,,
404,683766,"Koss, Christian",2023,405,99.8,0.237,0.114,0.295,0.351,0.278,0.246,0.212,27,114,86.1,5.3,2189,87.7,87.75,62,230,174,0,6.3,107,149,110,146,302,317,282,"4.53","-4.53",,,123,89,17,8,1,1,26,21.1,5,4.1,2.30611,0.70146,0.31975,0.0599,"90.9",136,30.337078651685395,2.247191011235955,1.6260162601626018,5.88,-0.92,0.01,2.4,0.285,2,"-1.121287129",0.262,0.289,"1.121287129",0.025,0.022999999999999965,0.062,0.032,27,,,,,,,
404,676733,"Martin, Mason",2023,404,100,0.22,0.132,0.31,0.352,0.283,0.293,0.22,20,91,87.7,17.3,2090,86.5,86.53,75,178,226,0,6.21,116,146,121,150,293,325,294,"4.991","-4.991",,,100,60,13,4,1,2,31,31,9,9,2.53453,0.55525,0.40491,-0.25454,"92.7",160,35,10,6,5.73,-0.69,0,2.18,0.29,6,"-1.23539604",0.29,0.377,"1.23539604",0,0,-0.025,-0.01,42.1,,,,,,,
404,682632,"Reyes, Adinso",2023,404,100,0.213,0.17,0.321,0.383,0.289,0.25,0.187,20,94,85.9,3.4,2312,87.9,87.77,104,244,160,-0.10000000000000853,6.27,105,145,120,146,294,315,280,"3.066","-3.066",,,103,56,11,5,1,3,38,36.9,9,8.7,2.28894,0.71191,0.23975,0.0401,"91.3",141,36.36363636363637,9.090909090909092,4.854368932038835,5.8,-0.96,0.25,2.39,0.282,5,"-0.758910891",0.259,0.295,"0.758910891",0.026,0.022999999999999965,0.088,0.039,42.6,,,,,,,
403,641343,"Bauers, Jake",2023,403,100,0.359,0.538,0.333,0.897,0.551,0.504,0.33,28,78,93.8,18,2159,88,87.93,41,167,236,-0.09999999999999432,6.27,112,147,122,152,292,323,288,"-18.38","18.38",,,97,62,9,7,1,11,16,16.5,19,19.6,2.31623,0.66716,0.54772,-0.37625,"93.9",188,53.2258064516129,24.193548387096776,15.463917525773196,5.85,-0.91,-0.07,2.28,0.485,15,"4.560794045",0.461,0.774,"-4.560794045",0.029,0.023999999999999966,0.123,0.047,24.6,,,,,,,
402,695596,"Raposo, Nick",2023,402,100,0.232,0.137,0.25,0.368,0.308,0.309,0.25,22,95,88.5,11.3,2213,88.4,88.53,31,157,245,0.09999999999999432,6.24,107,150,119,145,290,318,285,"1.501","-1.501",,,108,79,15,4,0,3,16,14.8,12,11.1,2.26251,0.68347,0.29896,-0.05214,"91.0",155,32.91139240506329,2.5316455696202533,1.8518518518518516,5.82,-0.75,0.1,2.34,0.324,2,"-0.373383085",0.341,0.34,"0.373383085",-0.018,-0.017000000000000015,0.028,-0.001,19.7,,,,,,,
392,622268,"Walton, Donovan",2023,393,99.7,0.208,0.146,0.205,0.354,0.276,0.232,0.187,20,96,82.5,10.9,2188,87.7,88,40,208,184,0.29999999999999716,6.31,113,146,111,149,297,323,299,"6.618","-6.618",,,108,82,14,2,0,4,16,14.8,10,9.3,2.47334,0.51688,0.27874,-0.33521,"90.0",144,18.29268292682927,2.4390243902439024,1.8518518518518516,5.65,-0.81,-0.01,2.21,0.278,2,"-1.688265306",0.259,0.252,"1.688265306",0.021,0.019000000000000017,0.102,0.044,19.2,,,,,,,
390,641658,"Hampson, Garrett",2023,393,99.2,0.356,0.089,0.427,0.444,0.381,0.374,0.337,32,90,83.9,9.6,2221,88.1,88.48,34,162,228,0.4000000000000057,6.43,108,149,109,147,299,311,274,"-3.104","3.104",,,100,75,25,6,1,0,15,15,9,9,2.30056,0.67427,0.29738,0.17292,"90.5",159,29.333333333333332,1.3333333333333335,1,5.83,-1.12,0.07,2.26,0.42,1,"0.795897436",0.403,0.442,"-0.795897436",0.019,0.01699999999999996,0.002,0.007,21,,,,,,,
386,669716,"Willman, Kamron",2023,386,100,0.197,0.066,0.313,0.263,0.275,0.263,0.189,15,76,84.5,12.2,2271,88.1,87.97,47,163,223,-0.09999999999999432,6.2,105,144,113,144,285,302,268,"5.778","-5.778",,,90,48,11,3,1,0,28,31.1,14,15.6,2.23756,0.73658,0.42732,0.16239,"89.6",134,29.166666666666668,2.083333333333333,1.1111111111111112,5.74,-0.96,0.02,2.51,0.322,1,"-1.496891192",0.315,0.233,"1.496891192",0.008,0.007000000000000006,0.03,0.012,28.8,,,,,,,
385,801194,"Anderson, Max",2023,385,100,0.298,0.163,0.345,0.462,0.343,0.292,0.256,31,104,86.8,10.1,2258,87.9,87.88,69,230,155,0,6.24,104,146,118,146,284,305,277,"-3.371","3.371",,,116,86,19,9,1,2,21,18.1,8,6.9,2.27805,0.71233,0.31779,0.16023,"90.7",172,30.23255813953488,3.488372093023256,2.586206896551724,5.75,-0.97,0.14,2.36,0.345,3,"0.875584416",0.312,0.347,"-0.875584416",0.042,0.032999999999999974,0.115,0.051,30,,,,,,,
381,682844,"Benitez, Lazaro",2023,381,100,0.33,0.097,0.355,0.427,0.344,0.302,0.259,34,103,90.3,11.8,2292,88.3,88.35,42,201,180,0,6.32,105,143,116,143,295,311,282,"-4.83","4.83",,,116,94,26,7,0,1,13,11.2,8,6.9,2.22832,0.73571,0.36565,0.16264,"92.2",135,41.48936170212766,1.0638297872340425,0.8620689655172413,5.75,-0.99,0.21,2.36,0.371,1,"1.267716535",0.318,0.352,"-1.267716535",0.071,0.05299999999999999,0.075,0.042,20.9,,,,,,,
381,695266,"Palmer, Jake",2023,381,100,0.234,0.065,0.254,0.299,0.345,0.353,0.245,18,77,82.9,2.6,2168,88.1,88.02,13,129,252,-0.09999999999999432,6.28,111,145,117,144,272,310,278,"-0.661","0.661",,,102,71,14,3,1,0,6,5.9,19,18.6,2.1311,0.85237,0.55319,-0.42211,"89.3",137,14.084507042253522,0,0,5.87,-0.9,-0.19,2.48,0.422,0,"0.173490814",0.43,0.305,"-0.173490814",-0.011,-0.008000000000000007,-0.006,-0.008,10.1,,,,,,,
380,686236,"Tredaway, Tanner",2023,380,100,0.145,0,0.193,0.145,0.22,0.255,0.175,11,76,79.8,13.8,2282,88.4,88.32,26,139,241,-0.10000000000000853,6.25,105,147,116,146,288,309,281,"7.006","-7.006",,,93,57,11,0,0,0,20,21.5,13,14,2.13542,0.82153,0.45189,0.18842,"89.4",135,10.526315789473683,0,0,5.8,-1.05,0.21,2.44,0.283,0,"-1.843684211",0.309,0.208,"1.843684211",-0.03,-0.026000000000000023,-0.063,-0.035,18.7,,,,,,,
378,601714,"Procyshen, Jordan",2023,381,99.2,0.229,0.114,0.306,0.343,0.317,0.312,0.219,16,70,84.2,18.1,2194,88.5,88.8,56,178,200,0.29999999999999716,6.28,115,146,118,150,291,320,299,"-0.686","0.686",,,87,50,10,5,0,1,22,25.3,13,14.9,2.39439,0.53519,0.39111,-0.25656,"90.3",149,28.000000000000004,4,2.2988505747126435,5.71,-1.07,-0.04,2.34,0.356,2,"0.181481481",0.353,0.324,"-0.181481481",0.01,0.0030000000000000027,0.019,0.005,31.5,,,,,,,
377,805347,"Jarvis, Jim",2023,379,99.5,0.279,0.116,0.324,0.395,0.336,0.264,0.2,24,86,84.8,8.2,2205,89.2,89.11,27,166,211,-0.10000000000000853,6.21,111,143,106,143,270,304,287,"-1.164","1.164",,,101,72,16,7,0,1,16,15.8,10,9.9,2.09271,0.80532,0.58764,-0.45268,"90.3",136,21.428571428571427,0,0,5.64,-1.3,-0.16,2.22,0.366,0,"0.308753316",0.301,0.262,"-0.308753316",0.079,0.065,0.133,0.072,16.3,,,,,,,
375,666386,"Brookman, Archer",2023,375,100,0.203,0.109,0.273,0.313,0.342,0.379,0.237,13,64,88.7,10.7,2302,88.1,87.99,46,132,243,-0.09999999999999432,6.2,105,145,119,146,292,311,279,"-2.448","2.448",,,88,45,9,2,1,1,20,22.7,21,23.9,2.23187,0.74344,0.30619,0.09035,"91.1",173,37.77777777777778,6.666666666666667,3.4090909090909087,5.82,-1.04,0.17,2.3,0.409,3,"0.6528",0.434,0.397,"-0.6528",-0.034,-0.025000000000000022,-0.084,-0.037,34.8,,,,,,,
373,671732,"Butler, Lawrence",2023,373,100,0.28,0.232,0.29,0.512,0.358,0.294,0.216,23,82,90,16.7,2245,86.5,87.1,45,174,199,0.5999999999999943,6.4,110,145,114,149,301,329,304,"-5.482","5.482",,,94,67,15,2,1,5,18,19.1,8,8.5,2.60405,0.46759,0.09527,-0.15382,"91.8",168,41.7910447761194,5.970149253731343,4.25531914893617,5.54,0,0.04,2.31,0.34,4,"1.469705094",0.287,0.383,"-1.469705094",0.064,0.05300000000000005,0.129,0.064,25.9,,,,,,,
373,641884,"Miroglio, Dominic",2023,373,100,0.263,0.163,0.292,0.425,0.356,0.273,0.191,21,80,81.1,18.4,2185,88.6,88.96,32,153,220,0.4000000000000057,6.28,107,151,120,147,300,322,293,"-2.9","2.9",,,97,67,12,7,0,2,14,14.4,14,14.4,2.31147,0.60786,0.44432,0.20673,"90.1",136,24.242424242424242,1.5151515151515151,1.0309278350515463,5.79,-0.98,0.06,2.35,0.381,1,"0.777479893",0.324,0.245,"-0.777479893",0.072,0.056999999999999995,0.18,0.083,20.9,,,,,,,
369,683532,"Familia, Christopher",2023,369,100,0.398,0.53,0.4,0.928,0.565,0.463,0.33,33,83,93,16.8,2252,87.8,87.56,36,187,182,-0.20000000000000284,6.18,111,145,118,145,285,310,284,"-19.64","19.64",,,94,66,13,7,2,11,17,18.1,7,7.4,2.31799,0.6909,0.44193,-0.34758,"93.1",164,54.54545454545454,21.21212121212121,14.893617021276595,5.69,-0.9,-0.26,2.33,0.468,14,"5.322493225",0.408,0.7,"-5.322493225",0.068,0.06000000000000005,0.228,0.102,19.3,,,,,,,
368,665052,"Conine, Griffin",2023,368,100,0.225,0.125,0.356,0.35,0.284,0.349,0.255,18,80,91,10.7,2141,87.5,87.79,69,187,181,0.29999999999999716,6.36,113,147,116,150,291,317,291,"2.718","-2.718",,,91,47,13,2,1,2,35,38.5,9,9.9,2.37356,0.64316,0.35016,-0.33397,"91.6",159,46.808510638297875,17.02127659574468,8.791208791208792,5.99,-1.34,-0.08,2.45,0.297,8,"-0.738586957",0.335,0.43,"0.738586957",-0.03,-0.038000000000000034,-0.08,-0.065,36.9,,,,,,,
367,642336,"Mejía, Francisco",2023,367,100,0.326,0.267,0.367,0.593,0.399,0.26,0.212,28,86,87.8,15.1,2123,87.3,87.45,37,191,176,0.10000000000000853,6.23,108,146,119,150,287,323,290,"-2.063","2.063",,,92,66,18,3,1,6,21,22.8,4,4.3,2.4049,0.63406,0.40324,-0.40324,"90.6",156,30.303030303030305,4.545454545454546,3.260869565217391,5.81,-0.64,-0.11,2.37,0.359,3,"0.562125341",0.259,0.328,"-0.562125341",0.114,0.09999999999999998,0.265,0.139,19.4,,,,,,,
364,681370,"Haskin, Hudson",2023,365,99.7,0.263,0.2,0.409,0.463,0.362,0.289,0.193,21,80,88.1,18.9,2278,87.7,87.74,60,180,184,0,6.31,109,150,115,144,294,317,282,"-3.252","3.252",,,93,47,12,5,1,3,33,35.5,6,6.5,2.435,0.57113,0.21863,0.01264,"91.0",152,36.17021276595745,8.51063829787234,4.301075268817205,5.73,-1.07,0.07,2.13,0.366,4,"0.893406593",0.306,0.324,"-0.893406593",0.07,0.06,0.139,0.073,33.3,,,,,,,
364,702476,"Williamson, Noah",2023,364,100,0.118,0.145,0.261,0.263,0.191,0.153,0.099,9,76,84.3,26.4,2264,87.2,86.96,99,191,173,-0.20000000000000284,6.18,105,145,118,146,292,305,274,"10.149","-10.149",,,81,26,4,2,0,3,50,61.7,5,6.2,2.34865,0.70464,0.36837,0.00211,"90.1",138,24,8,2.4691358024691357,5.75,-0.63,0.29,2.38,0.173,2,"-2.788186813",0.155,0.177,"2.788186813",0.019,0.017999999999999988,0.086,0.038,51.8,,,,,,,
364,641943,"Palacios, Joshua",2023,364,100,0.41,0.385,0.407,0.795,0.53,0.437,0.316,32,78,91,11.2,2180,88.6,88.62,33,165,199,0,6.27,113,145,115,150,289,322,296,"-16.682","16.682",,,90,67,19,4,1,8,11,12.2,11,12.2,2.3031,0.63914,0.39925,-0.22975,"92.4",172,45.45454545454545,12.121212121212121,8.88888888888889,5.92,-0.81,-0.1,2.33,0.489,8,"4.582967033",0.409,0.628,"-4.582967033",0.094,0.08000000000000002,0.167,0.093,20,,,,,,,
363,692484,"Arnaez, Jean",2023,363,100,0.266,0.032,0.316,0.298,0.268,0.251,0.236,25,94,81.6,5,2300,88.4,88.11,35,182,181,-0.30000000000001137,6.18,104,146,118,145,286,303,274,"3.687","-3.687",,,102,79,22,3,0,0,17,16.7,4,3.9,2.17713,0.78229,0.44127,0.16354,"89.3",137,12.658227848101266,0,0,5.78,-1,0.11,2.42,0.304,0,"-1.015702479",0.279,0.274,"1.015702479",0.03,0.024999999999999967,0.024,0.017,19.2,,,,,,,
363,671913,"Palmegiani, Damiano",2023,363,100,0.284,0.27,0.386,0.554,0.416,0.353,0.227,21,74,94.2,18.9,2258,86.7,86.82,47,144,219,0.09999999999999432,6.25,105,150,118,146,294,315,289,"-5.876","5.876",,,96,48,9,8,0,4,28,29.2,15,15.6,2.5462,0.51803,0.12072,-0.12848,"94.5",180,56.25,10.416666666666668,5.208333333333334,5.76,-0.99,0.19,2.14,0.427,5,"1.618732782",0.385,0.399,"-1.618732782",0.057,0.04199999999999998,0.155,0.063,32.6,,,,,,,
362,671277,"García Jr., Luis",2023,362,100,0.268,0.113,0.291,0.381,0.301,0.255,0.223,26,97,86.8,10.4,2123,88,88.07,35,198,164,0.09999999999999432,6.29,118,146,114,148,282,315,300,"2.378","-2.378",,,108,87,17,8,0,1,13,12,8,7.4,2.44594,0.52922,0.47762,-0.39878,"90.8",163,27.586206896551722,0,0,5.65,-1.41,-0.21,2.2,0.315,0,"-0.656906077",0.278,0.292,"0.656906077",0.045,0.03699999999999998,0.089,0.046,17.7,,,,,,,
361,699293,"Cuevas, Yohairo",2023,361,100,0.215,0.139,0.278,0.354,0.294,0.312,0.245,17,79,90.3,11.4,2228,86.9,86.99,57,156,205,0.09999999999999432,6.29,113,144,117,145,287,312,289,"1.563","-1.563",,,91,56,11,3,1,2,24,26.4,9,9.9,2.37742,0.68033,0.47017,-0.48378,"92.0",137,41.07142857142857,5.357142857142857,3.296703296703297,5.68,-0.96,-0.33,2.46,0.308,3,"-0.432963989",0.335,0.366,"0.432963989",-0.03,-0.027000000000000024,-0.012,-0.018,36.5,,,,,,,
361,807727,"McAdoo, Charles",2023,361,100,0.3,0.237,0.333,0.537,0.407,0.373,0.266,24,80,87.9,14.9,2246,86.6,86.54,32,137,224,-0.09999999999999432,6.2,106,146,115,144,283,307,286,"-5.98","5.98",,,95,62,16,2,1,5,18,18.9,14,14.7,2.3738,0.70075,0.40415,-0.05128,"91.8",168,40.32258064516129,9.67741935483871,6.315789473684211,5.72,-0.57,0.29,2.31,0.411,6,"1.656509695",0.382,0.473,"-1.656509695",0.034,0.02899999999999997,0.064,0.034,23.4,,,,,,,
360,683301,"Arnold, Bryce",2023,360,100,0.231,0.154,0.276,0.385,0.339,0.328,0.231,18,78,87.4,20.6,2330,88.3,88.07,35,140,220,-0.20000000000000284,6.15,105,145,113,144,287,299,274,"-1.227","1.227",,,95,60,10,6,0,2,18,18.9,15,15.8,2.19639,0.76234,0.39217,0.22228,"91.0",160,36.666666666666664,1.6666666666666667,1.0526315789473684,5.79,-1.52,0.14,2.37,0.368,1,"0.340833333",0.369,0.343,"-0.340833333",0,-0.0010000000000000009,0.042,0.011,25,,,,,,,
360,518586,"Culberson, Charlie",2023,360,100,0.204,0.051,0.288,0.255,0.215,0.189,0.16,20,98,84,8.9,2176,87,86.99,71,206,154,0,6.21,105,151,115,146,290,307,281,"10.632","-10.632",,,107,67,17,2,0,1,35,32.7,5,4.7,2.51303,0.54132,0.29067,-0.02927,"90.5",144,25.757575757575758,1.5151515151515151,0.9345794392523363,5.85,-0.47,0.08,2.24,0.234,1,"-2.953333333",0.2,0.217,"2.953333333",0.044,0.034,0.038,0.026,34.5,,,,,,,
359,691392,"Ascanio, Johnny",2023,361,99.4,0.212,0.075,0.293,0.287,0.278,0.256,0.19,17,80,83,11.9,2256,88.2,88.22,60,193,166,0,6.25,112,145,112,144,276,302,285,"4.585","-4.585",,,92,58,11,6,0,0,22,23.9,11,12,2.16833,0.79341,0.54235,-0.54235,"89.5",146,13.793103448275861,0,0,5.74,-1.47,-0.24,2.33,0.315,0,"-1.277158774",0.296,0.247,"1.277158774",0.022,0.019000000000000017,0.04,0.022,31.1,,,,,,,
357,666135,"Kirilloff, Alex",2023,357,100,0.351,0.286,0.382,0.636,0.451,0.431,0.322,27,77,91.6,16.8,2198,88,88.08,38,163,194,0.09999999999999432,6.26,113,146,122,150,287,314,292,"-10.793","10.793",,,88,61,17,4,0,6,16,18.2,9,10.2,2.15597,0.82132,0.42623,-0.19197,"92.2",180,49.18032786885246,16.39344262295082,11.363636363636363,5.96,-0.73,-0.13,2.44,0.432,10,"3.0232493",0.407,0.612,"-3.0232493",0.029,0.025000000000000022,0.024,0.02,23.3,,,,,,,
356,700824,"Minyety, Freylin",2023,358,99.4,0.302,0.047,0.333,0.349,0.32,0.288,0.252,26,86,84.5,3.3,2269,87.5,87.46,24,152,204,0,6.3,106,146,112,145,289,308,273,"-0.549","0.549",,,99,78,22,4,0,0,10,10.1,9,9.1,2.29677,0.73158,0.30079,0.08899,"90.3",111,24.050632911392405,0,0,5.91,-1.05,0.17,2.42,0.367,0,"0.154213483",0.328,0.301,"-0.154213483",0.05,0.03899999999999998,0.048,0.032,15.8,,,,,,,
355,683459,"Perez, Dayro",2023,355,100,0.153,0.094,0.267,0.247,0.209,0.215,0.165,13,85,86.2,5.7,2260,88,87.83,82,166,189,-0.20000000000000284,6.23,107,147,117,144,288,305,274,"8.389","-8.389",,,92,46,8,3,1,1,39,42.4,6,6.5,2.27589,0.71814,0.34534,0.11726,"91.2",139,37.77777777777778,4.444444444444445,2.1739130434782608,5.75,-0.85,0.19,2.33,0.217,2,"-2.363098592",0.229,0.242,"2.363098592",-0.012,-0.01200000000000001,0.005,-0.006,49.4,,,,,,,
354,686251,"Lindsly, Brady",2023,355,99.7,0.243,0.186,0.317,0.429,0.314,0.234,0.175,17,70,85.8,15,2191,87.6,87.72,43,163,191,0.10000000000000853,6.31,109,143,108,146,280,311,292,"1.315","-1.315",,,81,45,12,1,0,4,28,34.6,7,8.6,2.50429,0.50459,0.29667,-0.26282,"89.6",153,22.22222222222222,4.444444444444445,2.4691358024691357,5.77,-1.73,-0.21,2.28,0.309,2,"-0.371468927",0.253,0.265,"0.371468927",0.068,0.055999999999999994,0.164,0.08,26.4,,,,,,,
353,672653,"Infante, Diego",2023,353,100,0.187,0.066,0.286,0.253,0.209,0.214,0.19,17,91,83.8,2.5,2209,87,87.07,76,202,151,0.09999999999999432,6.25,108,150,120,148,292,316,283,"10.236","-10.236",,,96,57,13,3,0,1,35,36.5,3,3.1,2.44476,0.60929,0.2941,-0.12875,"90.7",138,35.08771929824561,5.263157894736842,3.125,5.73,-0.35,0.07,2.33,0.219,3,"-2.899716714",0.222,0.262,"2.899716714",-0.003,-0.0030000000000000027,-0.009,-0.005,37.6,,,,,,,
353,800959,"Goodwin, Nick",2023,353,100,0.234,0.13,0.267,0.364,0.333,0.318,0.227,18,77,82.8,18.8,2317,87.4,87.24,46,169,184,-0.20000000000000284,6.22,106,149,115,145,288,306,281,"-3.357","3.357",,,95,62,13,2,1,2,16,16.8,9,9.5,2.31153,0.71565,0.31353,0.14459,"89.9",146,25.806451612903224,3.225806451612903,2.1052631578947367,5.73,-1.28,0.15,2.38,0.368,2,"0.950991501",0.364,0.319,"-0.950991501",0.007,0.0040000000000000036,0.045,0.015,27.2,,,,,,,
352,620443,"Torrens, Luis",2023,352,100,0.244,0.198,0.288,0.442,0.309,0.316,0.255,21,86,90.2,3.4,2198,87.6,87.67,46,166,186,0.10000000000000853,6.25,105,150,119,145,300,323,279,"1.604","-1.604",,,94,63,12,5,0,4,25,26.6,6,6.4,2.49847,0.50627,0.32892,0.08193,"92.1",143,46.03174603174603,7.936507936507936,5.319148936170213,5.71,-0.66,0.09,2.25,0.287,5,"-0.455681818",0.299,0.436,"0.455681818",-0.011,-0.01200000000000001,0.006,-0.007,27.7,,,,,,,
351,640461,"Pinder, Chad",2023,352,99.7,0.247,0.141,0.295,0.388,0.307,0.324,0.248,21,85,88.6,10.6,2221,87.3,87.3,48,182,169,0,6.22,107,150,118,146,299,315,285,"3.94","-3.94",,,93,64,15,3,0,3,21,22.6,8,8.6,2.44883,0.57563,0.3402,0.05756,"91.4",148,37.5,10.9375,7.526881720430108,5.94,-0.6,0.08,2.46,0.312,7,"-1.122507123",0.313,0.438,"1.122507123",-0.001,-0.0010000000000000009,-0.05,-0.017,26.4,,,,,,,
350,691398,"Confidan, Yerlin",2023,350,100,0.198,0.104,0.263,0.302,0.246,0.259,0.209,21,106,89.3,4.8,2229,87.2,87.21,59,191,159,0,6.22,109,145,116,143,284,307,289,"9.584","-9.584",,,114,80,11,9,1,0,26,22.8,7,6.1,2.36706,0.66736,0.53769,-0.46265,"92.5",129,45,5,3.508771929824561,5.69,-1.3,-0.28,2.35,0.254,4,"-2.738285714",0.264,0.318,"2.738285714",-0.011,-0.010000000000000009,-0.016,-0.013,30.9,,,,,,,
349,681080,"Ricketts, Caleb",2023,349,100,0.368,0.179,0.415,0.547,0.395,0.321,0.296,35,95,89.4,14.4,2253,87.8,87.59,27,166,183,-0.20000000000000284,6.21,117,145,114,144,282,307,283,"-7.178","7.178",,,99,83,22,10,2,1,13,13.1,2,2,2.25456,0.75223,0.45744,-0.27032,"91.8",171,36.144578313253014,3.614457831325301,3.0303030303030303,5.9,-0.65,-0.25,2.46,0.384,3,"2.056733524",0.317,0.423,"-2.056733524",0.072,0.067,0.124,0.074,16.3,,,,,,,
346,700681,"Lorusso, Nick",2023,346,100,0.2,0.12,0.278,0.32,0.268,0.283,0.21,15,75,91.4,14.7,2275,87.2,87.32,54,164,182,0.09999999999999432,6.34,107,145,118,145,292,312,278,"2.097","-2.097",,,85,54,7,7,1,0,22,25.9,8,9.4,2.33546,0.70174,0.42049,0.20396,"91.3",174,44.44444444444444,3.7037037037037033,2.3529411764705883,5.68,-0.93,0.1,2.41,0.282,2,"-0.606069364",0.296,0.333,"0.606069364",-0.01,-0.014000000000000012,-0.013,-0.015,32.9,,,,,,,
343,656627,"Kolozsvary, Mark",2023,343,100,0.171,0.134,0.229,0.305,0.251,0.29,0.189,14,82,86.7,20.9,2216,87.8,87.8,72,180,163,0,6.24,103,150,117,143,299,324,290,"9.06","-9.06",,,91,51,9,2,0,3,31,34.1,6,6.6,2.36233,0.63132,0.26833,-0.04599,"91.0",176,37.254901960784316,11.76470588235294,6.593406593406594,5.86,-0.76,0.08,2.22,0.253,6,"-2.641399417",0.269,0.399,"2.641399417",-0.018,-0.016000000000000014,-0.094,-0.039,40,,,,,,,
337,676762,"Tostado, Frankie",2023,337,100,0.254,0.155,0.271,0.408,0.318,0.298,0.236,18,71,90.4,7.7,2184,88.2,88.41,39,166,171,0.20000000000000284,6.3,114,146,113,149,283,315,295,"-0.61","0.61",,,80,61,12,3,1,2,11,13.8,8,10,2.29507,0.66182,0.36128,-0.2795,"91.1",164,44.26229508196721,4.918032786885246,3.75,5.88,-1.59,-0.16,2.58,0.325,3,"0.181008902",0.309,0.369,"-0.181008902",0.018,0.016000000000000014,0.039,0.02,23.5,,,,,,,
336,703492,"Morabito, Nick",2023,336,100,0.273,0.078,0.368,0.351,0.351,0.296,0.199,21,77,87.2,7.9,2277,87.5,87.66,43,150,186,0.20000000000000284,6.31,104,144,115,143,291,307,277,"-1.599","1.599",,,98,57,16,4,1,0,21,21.4,13,13.3,2.27973,0.73332,0.35048,0.20928,"90.3",144,27.586206896551722,1.7241379310344827,1.0204081632653061,5.75,-1.04,0.1,2.41,0.412,1,"0.475892857",0.354,0.259,"-0.475892857",0.074,0.057999999999999996,0.092,0.055,28.7,,,,,,,
333,702616,"Holliday, Jackson",2023,333,100,0.267,0.133,0.321,0.4,0.353,0.38,0.298,20,75,90.6,3.8,2243,88.2,88.2,35,145,188,0,6.28,113,146,115,150,280,310,297,"-0.88","0.88",,,90,58,14,4,0,2,17,18.9,15,16.7,2.39402,0.58103,0.35628,-0.23087,"91.4",148,43.103448275862064,5.172413793103448,3.3333333333333335,5.72,-1.06,-0.24,2.44,0.389,3,"0.264264264",0.415,0.437,"-0.264264264",-0.031,-0.025999999999999968,-0.037,-0.027,24.1,,,,,,,
332,683569,"Colmenares, Jose",2023,332,100,0.21,0.274,0.222,0.484,0.363,0.373,0.223,13,62,93.3,27.3,2294,87.2,87.27,39,139,193,0.09999999999999432,6.34,106,147,118,144,289,309,269,"-3.055","3.055",,,76,41,6,2,0,5,21,27.6,13,17.1,2.35527,0.6819,0.26596,0.02976,"92.6",171,58.536585365853654,14.634146341463413,7.894736842105263,5.72,-0.8,0.22,2.35,0.355,6,"0.920180723",0.366,0.501,"-0.920180723",-0.013,-0.01100000000000001,-0.017,-0.01,28.1,,,,,,,
329,668929,"Campbell, Noah",2023,329,100,0.217,0.084,0.271,0.301,0.26,0.227,0.181,18,83,85.8,9.5,2147,88.3,88.42,43,153,176,0.10000000000000853,6.25,113,147,113,149,288,312,293,"6.541","-6.541",,,90,61,15,1,0,2,22,24.4,6,6.7,2.29754,0.6561,0.4679,-0.38255,"90.6",135,19.672131147540984,3.278688524590164,2.2222222222222223,5.77,-0.73,-0.16,2.35,0.278,2,"-1.988145897",0.245,0.255,"1.988145897",0.036,0.03300000000000003,0.046,0.033,28.1,,,,,,,
329,691403,"Triana, Michel",2023,329,100,0.137,0.055,0.189,0.192,0.199,0.229,0.155,10,73,84.2,14.1,2234,88.6,88.57,52,179,150,0,6.25,109,144,119,145,288,315,292,"9.368","-9.368",,,83,53,6,4,0,0,21,25.3,9,10.8,2.17568,0.76982,0.50988,-0.41043,"90.6",133,30.18867924528302,3.7735849056603774,2.4096385542168677,5.68,-1.24,-0.1,2.36,0.229,2,"-2.847416413",0.25,0.234,"2.847416413",-0.018,-0.02099999999999999,-0.042,-0.03,29.1,,,,,,,
329,687206,"Gonzalez, Tres",2023,330,99.7,0.288,0.106,0.333,0.394,0.368,0.357,0.284,19,66,84.9,6.3,2181,88.8,88.73,14,106,223,-0.09999999999999432,6.3,110,145,107,141,269,299,281,"-4.109","4.109",,,81,55,14,4,0,1,11,13.6,15,18.5,2.02587,0.90061,0.60997,-0.32966,"90.3",153,30.909090909090907,1.8181818181818181,1.2345679012345678,5.78,-0.49,-0.19,2.42,0.42,1,"1.24893617",0.417,0.36,"-1.24893617",0.004,0.0030000000000000027,0.034,0.011,13.2,,,,,,,
324,681941,"Palmer, Jaylen",2023,325,99.7,0.25,0.344,0.333,0.594,0.406,0.371,0.216,16,64,93.1,15.5,2221,87.4,87.28,50,119,205,-0.10000000000000853,6.22,106,151,118,145,293,318,286,"-8.298","8.298",,,79,36,6,4,0,6,29,36.7,13,16.5,2.44509,0.58531,0.20624,-0.10835,"93.4",163,61.111111111111114,19.444444444444446,8.860759493670885,5.83,-0.94,0.18,2.19,0.38,7,"2.561111111",0.361,0.47,"-2.561111111",0.034,0.019000000000000017,0.124,0.035,42,,,,,,,
323,680642,"Moquete, Darlin",2023,324,99.7,0.25,0.162,0.263,0.412,0.334,0.312,0.247,17,68,87.8,2.3,2251,87,86.97,32,139,184,0,6.23,105,146,111,144,289,309,279,"-1.01","1.01",,,80,59,11,3,1,2,10,12.5,10,12.5,2.33068,0.72377,0.31413,-0.10078,"91.3",137,37.28813559322034,1.694915254237288,1.25,5.8,-0.43,0.14,2.37,0.35,1,"0.312693498",0.348,0.34,"-0.312693498",0.003,0.0020000000000000018,0.072,0.022,23,,,,,,,
322,677870,"Jiménez, Leo",2023,322,100,0.19,0.048,0.25,0.238,0.28,0.278,0.184,12,63,87.3,7.4,2205,87.9,87.86,27,136,186,0,6.2,106,147,114,143,295,313,282,"1.958","-1.958",,,77,48,9,3,0,0,15,19.5,9,11.7,2.38422,0.61717,0.28168,0.00748,"90.3",138,34.04255319148936,0,0,5.77,-0.72,0.19,2.25,0.338,0,"-0.608074534",0.334,0.23,"0.608074534",0.006,0.0040000000000000036,0.008,0.002,19.9,,,,,,,
319,506702,"León, Sandy",2023,319,100,0.23,0.148,0.267,0.377,0.344,0.279,0.179,14,61,82.8,19.8,2126,89,88.83,26,122,197,-0.20000000000000284,6.15,115,147,123,150,278,312,284,"0.157","-0.157",,,76,47,9,3,0,2,14,18.4,14,18.4,2.2026,0.70381,0.49897,-0.49897,"89.3",135,12.76595744680851,0,0,5.99,-0.55,-0.03,2.41,0.382,0,"-0.049216301",0.341,0.228,"0.049216301",0.051,0.04099999999999998,0.149,0.065,21.3,,,,,,,
317,677572,"Gonzalez, Alvaro",2023,318,99.7,0.148,0.098,0.2,0.246,0.269,0.305,0.188,9,61,84.7,11.5,2196,87.8,87.67,45,147,170,-0.09999999999999432,6.22,114,145,112,145,284,314,279,"5.208","-5.208",,,77,37,7,0,0,2,25,32.5,13,16.9,2.26808,0.72927,0.56322,-0.56322,"90.3",135,37.83783783783784,5.405405405405405,2.5974025974025974,5.83,-1.18,0.01,2.4,0.312,2,"-1.642902208",0.344,0.307,"1.642902208",-0.04,-0.03199999999999997,-0.061,-0.036,30.6,,,,,,,
316,694742,"Moylan, Josh",2023,316,100,0.242,0.091,0.35,0.333,0.322,0.317,0.224,16,66,89.5,2.4,2287,88,87.84,32,118,198,-0.20000000000000284,6.19,116,145,119,145,276,303,289,"-1.187","1.187",,,79,42,14,0,0,2,24,30.4,12,15.2,2.23206,0.74981,0.45365,-0.31886,"91.1",136,35.714285714285715,7.142857142857142,3.79746835443038,5.73,-0.77,-0.16,2.38,0.367,3,"0.375632911",0.352,0.341,"-0.375632911",0.018,0.015000000000000013,-0.008,0.005,27.1,,,,,,,
316,682617,"Luciano, Marco",2023,316,100,0.212,0.212,0.286,0.424,0.328,0.35,0.248,14,66,92.9,3.9,2204,87.4,87.54,54,137,179,0.09999999999999432,6.33,109,150,119,145,302,320,290,"-0.033","0.033",,,77,39,8,2,0,4,27,35.1,10,13,2.46361,0.55304,0.10241,-0.06025,"93.3",141,50,15.789473684210526,7.792207792207792,5.66,-0.63,0.14,2.32,0.325,6,"0.010443038",0.357,0.437,"-0.010443038",-0.036,-0.03199999999999997,-0.013,-0.022,39.4,,,,,,,
314,666137,"Lee, Khalil",2023,315,99.7,0.172,0.141,0.213,0.313,0.272,0.269,0.176,11,64,91.7,1.5,2094,88.5,88.69,48,150,164,0.20000000000000284,6.41,114,145,116,150,291,320,289,"4.886","-4.886",,,76,48,4,6,0,1,17,22.4,10,13.2,2.22545,0.72446,0.56891,-0.33186,"92.5",146,45.83333333333333,6.25,3.9473684210526314,5.86,-1.1,-0.02,2.36,0.289,3,"-1.556050955",0.293,0.295,"1.556050955",-0.004,-0.0040000000000000036,0.018,0.003,32,,,,,,,
311,628451,"Ibáñez, Andy",2023,311,100,0.302,0.317,0.304,0.619,0.435,0.359,0.256,19,63,89.2,13.8,2191,87.6,87.59,30,137,174,0,6.26,109,152,118,147,296,315,283,"-6.323","6.323",,,78,51,9,5,0,5,13,16.7,13,16.7,2.29,0.72344,0.27994,0.11691,"91.8",173,43.13725490196079,7.8431372549019605,5.128205128205128,5.88,-1.21,0.16,2.14,0.423,4,"2.033118971",0.389,0.412,"-2.033118971",0.046,0.033999999999999975,0.207,0.076,21.9,,,,,,,
310,700939,"Lee, Bennett",2023,311,99.7,0.191,0,0.231,0.191,0.345,0.423,0.291,9,47,84.8,11.5,2285,88.4,88.32,16,90,220,-0.10000000000000853,6.22,104,146,119,146,283,301,275,"-1.236","1.236",,,72,39,9,0,0,0,9,12.5,18,25,2.12158,0.83506,0.50042,0.33712,"89.9",150,23.076923076923077,0,0,5.74,-1.09,0.21,2.35,0.458,0,"0.398709677",0.528,0.354,"-0.398709677",-0.1,-0.07,-0.163,-0.078,17.8,,,,,,,
310,680552,"Swaggerty, Travis",2023,311,99.7,0.171,0.129,0.244,0.3,0.26,0.262,0.191,12,70,83.3,3.4,2155,87.6,87.67,53,143,167,0.10000000000000853,6.23,114,153,107,149,284,317,296,"6.225","-6.225",,,80,46,6,4,1,1,24,30,9,11.3,2.31132,0.69906,0.42168,-0.26091,"90.5",128,27.27272727272727,2.272727272727273,1.25,5.82,-0.7,-0.07,2.41,0.275,1,"-2.008064516",0.295,0.269,"2.008064516",-0.02,-0.019999999999999962,0.031,-0.002,37.1,,,,,,,
308,657129,"Wilson, Marcus",2023,308,100,0.153,0.102,0.308,0.254,0.241,0.274,0.173,9,59,85.7,12.6,2239,88.4,88.17,51,116,192,-0.20000000000000284,6.15,110,150,117,147,292,315,277,"5.985","-5.985",,,68,27,5,3,0,1,32,47.1,9,13.2,2.41792,0.53679,0.28526,0.08942,"91.1",149,37.03703703703704,14.814814814814813,5.88235294117647,5.79,-1.16,0.26,2.22,0.265,4,"-1.943181818",0.283,0.324,"1.943181818",-0.02,-0.01799999999999996,-0.07,-0.033,44,,,,,,,
307,682119,"Jordan, Levi",2023,309,99.4,0.167,0.182,0.2,0.348,0.282,0.273,0.184,11,66,89.1,5,2193,88.9,89.09,37,145,162,0.19999999999998863,6.29,106,151,117,147,293,311,280,"2.649","-2.649",,,77,47,5,2,2,2,19,24.7,10,13,2.26886,0.63782,0.36245,0.16265,"91.5",150,34.78260869565217,4.3478260869565215,2.5974025974025974,5.93,-1.05,0.16,2.3,0.286,2,"-0.86286645",0.302,0.289,"0.86286645",-0.017,-0.016000000000000014,0.059,0.009,25.5,,,,,,,
306,681508,"Gasper, Mickey",2023,306,100,0.191,0.074,0.235,0.265,0.261,0.276,0.21,13,68,90.6,14.5,2134,88.4,88.23,22,107,199,-0.20000000000000284,6.32,114,148,117,149,289,311,277,"6.969","-6.969",,,78,52,10,2,0,1,16,20.5,8,10.3,2.26699,0.70513,0.53614,-0.53614,"92.5",148,44.230769230769226,0,0,5.87,-0.73,0.03,2.3,0.295,0,"-2.27745098",0.312,0.285,"2.27745098",-0.019,-0.017000000000000015,-0.02,-0.015,20.6,,,,,,,
306,656248,"Bouchard, Sean",2023,306,100,0.222,0.093,0.282,0.315,0.342,0.373,0.242,12,54,89.1,16.6,2289,89,89.4,18,85,221,0.4000000000000057,6.3,106,150,118,146,303,323,297,"-1.117","1.117",,,71,40,9,2,0,1,14,19.7,17,23.9,2.25235,0.63,0.24711,0.03151,"91.8",160,37.5,7.5,4.225352112676056,5.8,-0.96,0.14,2.39,0.408,3,"0.36503268",0.424,0.399,"-0.36503268",-0.02,-0.016000000000000014,-0.084,-0.031,21.2,,,,,,,
303,670712,"Brosseau, Mike",2023,303,100,0.164,0.164,0.163,0.329,0.229,0.254,0.202,12,73,85.3,18,2214,88.1,88.06,57,155,148,0,6.21,109,152,119,148,307,326,289,"7.178","-7.178",,,78,53,8,0,0,4,21,26.9,3,3.8,2.3205,0.66215,0.26434,0.21811,"90.7",152,26.41509433962264,5.660377358490567,3.8461538461538463,5.84,-0.39,0.05,2.36,0.205,3,"-2.368976898",0.241,0.345,"2.368976898",-0.038,-0.036000000000000004,-0.016,-0.025,36.8,,,,,,,
302,804241,"Levenson, Zach",2023,302,100,0.29,0.232,0.314,0.522,0.369,0.32,0.243,20,69,87.7,13.6,2293,87.8,87.75,35,143,159,-0.09999999999999432,6.23,106,145,118,146,295,312,284,"-4.528","4.528",,,79,55,12,4,0,4,16,20.3,7,8.9,2.26649,0.7312,0.35608,0.07389,"92.1",175,40.74074074074074,9.25925925925926,6.329113924050633,5.75,-0.88,0.17,2.44,0.354,5,"1.499337748",0.319,0.41,"-1.499337748",0.047,0.034999999999999976,0.112,0.049,24.5,,,,,,,
302,803385,"Harry, Jay",2023,302,100,0.282,0.128,0.296,0.41,0.354,0.337,0.278,22,78,84.8,12.6,2183,88.2,88.11,21,137,165,-0.10000000000000853,6.25,114,146,114,146,275,306,279,"-0.304","0.304",,,91,72,15,5,1,1,6,6.6,9,9.9,2.11596,0.85432,0.63788,-0.46311,"90.3",158,23.61111111111111,0,0,5.73,-1.01,-0.21,2.56,0.385,0,"0.100662252",0.381,0.359,"-0.100662252",0.004,0.0040000000000000036,0.051,0.017,15.3,,,,,,,
300,809327,"Fernandez, Andrew",2023,300,100,0.171,0.013,0.228,0.184,0.2,0.247,0.198,13,76,84.5,14.3,2318,88,88.08,43,148,152,0.09999999999999432,6.3,104,144,115,144,295,305,275,"10.125","-10.125",,,87,57,12,1,0,0,22,25.3,7,8,2.30417,0.67523,0.2899,0.08916,"89.8",144,21.052631578947366,1.7543859649122806,1.1494252873563218,5.66,-1.1,0.11,2.32,0.241,1,"-3.375",0.273,0.256,"3.375",-0.027,-0.03200000000000003,-0.072,-0.047,29.1,,,,,,,
300,665877,"Fermín, José",2023,301,99.7,0.231,0.262,0.193,0.492,0.366,0.335,0.257,15,65,87.6,3.2,2184,88.1,88.24,12,125,175,0.10000000000000853,6.31,105,151,113,148,294,317,281,"-2.432","2.432",,,80,61,7,3,1,4,5,6.3,12,15,2.3502,0.63809,0.2686,0.01093,"91.1",140,36.666666666666664,1.6666666666666667,1.25,5.72,-0.58,0.17,2.39,0.362,1,"0.810666667",0.386,0.341,"-0.810666667",-0.026,-0.02400000000000002,0.151,0.031,9.6,,,,,,,
299,606988,"Greiner, Grayson",2023,300,99.7,0.186,0.1,0.324,0.286,0.252,0.227,0.159,13,70,87.2,16.8,2179,87.7,88.36,72,150,149,0.7000000000000028,6.4,105,151,118,146,296,325,294,"3.147","-3.147",,,78,38,8,4,0,1,32,41,6,7.7,2.38916,0.57896,0.18779,0.06666,"91.3",175,28.947368421052634,2.631578947368421,1.282051282051282,5.69,-1.21,0.05,2.45,0.269,1,"-1.052508361",0.245,0.246,"1.052508361",0.027,0.02400000000000002,0.04,0.025,48,,,,,,,
296,679563,"Rodríguez, José",2023,297,99.7,0.244,0.128,0.257,0.372,0.273,0.26,0.25,21,86,86.8,11.7,2154,86.9,87,45,174,122,0.09999999999999432,6.24,104,150,112,148,288,313,278,"2.928","-2.928",,,88,73,16,2,0,3,13,14.8,2,2.3,2.51584,0.54628,0.44909,-0.07821,"91.1",145,30.136986301369863,2.73972602739726,2.272727272727273,5.64,-0.19,0.17,2.25,0.261,2,"-0.989189189",0.267,0.33,"0.989189189",-0.006,-0.006000000000000005,0.042,0.013,25.9,,,,,,,
294,683013,"Mejia, Alan",2023,294,100,0.175,0.095,0.393,0.27,0.225,0.197,0.159,11,63,87.5,8.3,2223,87,86.94,73,140,154,-0.09999999999999432,6.3,104,147,117,144,292,303,267,"6.407","-6.407",,,68,28,6,4,1,0,35,51.5,5,7.4,2.32694,0.73857,0.29993,-0.06796,"90.0",145,28.57142857142857,0,0,5.79,-0.58,-0.02,2.47,0.235,0,"-2.179251701",0.221,0.202,"2.179251701",0.016,0.013999999999999985,0.068,0.028,52.1,,,,,,,
294,656734,"Mendoza, Evan",2023,294,100,0.231,0.046,0.25,0.277,0.257,0.279,0.245,15,65,83.4,3.8,2274,89,89.44,26,145,149,0.4000000000000057,6.31,113,150,118,149,290,311,284,"4.431","-4.431",,,72,57,14,0,0,1,9,12.5,6,8.3,2.36554,0.52563,0.2359,0.06949,"89.7",153,17.543859649122805,1.7543859649122806,1.3888888888888888,5.68,-1.04,0.02,2.46,0.292,1,"-1.507142857",0.307,0.305,"1.507142857",-0.014,-0.015000000000000013,-0.028,-0.022,17.9,,,,,,,
294,691783,"Lawlar, Jordan",2023,295,99.7,0.348,0.258,0.353,0.606,0.434,0.377,0.296,23,66,87.2,13.2,2249,87.7,88.14,32,135,159,0.3999999999999915,6.36,107,149,115,146,303,328,300,"-6.924","6.924",,,79,56,17,0,1,5,12,15.2,9,11.4,2.46636,0.51792,0.17692,-0.00425,"91.0",143,33.92857142857143,8.928571428571429,6.329113924050633,5.82,-0.57,0.16,2.33,0.43,5,"2.355102041",0.388,0.483,"-2.355102041",0.052,0.04199999999999998,0.123,0.057,23.7,,,,,,,
291,690914,"Moore, Brody",2023,291,100,0.2,0.033,0.333,0.233,0.254,0.243,0.176,12,60,84.1,8.3,2233,88.1,88.15,36,130,161,0,6.3,108,142,112,142,290,308,281,"5.655","-5.655",,,69,36,11,0,1,0,24,34.8,9,13,2.12883,0.84538,0.45097,0.06509,"89.7",156,25,0,0,5.81,-0.6,0.2,2.36,0.304,0,"-1.943298969",0.284,0.227,"1.943298969",0.024,0.020000000000000018,0.006,0.011,27.7,,,,,,,
291,698927,"Duran, Edward",2023,291,100,0.306,0.097,0.344,0.403,0.349,0.299,0.252,22,72,80.1,9.4,2288,87.8,87.74,23,120,171,-0.09999999999999432,6.27,108,150,117,146,289,305,276,"-2.306","2.306",,,85,62,17,4,0,1,12,14.1,10,11.8,2.2222,0.76763,0.30042,0.13322,"89.2",142,13.114754098360656,0,0,5.8,-1.38,0.24,2.36,0.388,0,"0.792439863",0.348,0.298,"-0.792439863",0.054,0.040000000000000036,0.105,0.05,19.2,,,,,,,
291,690971,"Davis, Chase",2023,291,100,0.222,0.048,0.304,0.27,0.301,0.286,0.187,14,63,84.9,17,2279,87.4,87.4,27,128,163,0,6.21,113,145,121,143,287,314,291,"1.792","-1.792",,,77,46,11,3,0,0,17,22.1,14,18.2,2.36134,0.65997,0.39993,-0.23738,"90.6",149,32.608695652173914,0,0,5.76,-1.16,-0.14,2.4,0.364,0,"-0.61580756",0.335,0.265,"0.61580756",0.035,0.02899999999999997,0.005,0.015,21.1,,,,,,,
289,663714,"Kroon, Matt",2023,290,99.7,0.381,0.317,0.457,0.698,0.481,0.358,0.254,24,63,88.3,7.4,2169,87.7,87.58,33,117,172,-0.10000000000000853,6.19,104,148,116,145,293,314,288,"-8.652","8.652",,,75,49,12,7,2,3,15,20,11,14.7,2.43927,0.56835,0.23372,-0.03003,"92.3",158,36.734693877551024,12.244897959183673,8,5.89,-0.87,0.43,2.3,0.467,6,"2.993771626",0.361,0.466,"-2.993771626",0.127,0.10600000000000004,0.232,0.123,28.2,,,,,,,
289,801430,"Jobert, Brayden",2023,289,100,0.135,0.115,0.214,0.25,0.248,0.264,0.167,7,52,87,4.8,2262,87.1,87.17,49,124,165,0.10000000000000853,6.3,119,147,122,146,287,311,290,"4.397","-4.397",,,65,29,4,1,1,1,25,38.5,6,9.2,2.39066,0.65436,0.34087,-0.18225,"90.1",145,32.142857142857146,3.571428571428571,1.5384615384615385,5.67,-0.83,-0.11,2.24,0.277,1,"-1.521453287",0.31,0.231,"1.521453287",-0.032,-0.032999999999999974,0.019,-0.016,39.5,,,,,,,
287,681898,"Mount, Drew",2023,287,100,0.306,0.226,0.421,0.532,0.384,0.357,0.286,19,62,89.2,10.4,2147,88.1,88.11,35,130,157,0,6.15,115,144,119,152,285,317,292,"-5.489","5.489",,,72,41,11,5,0,3,23,31.9,4,5.6,2.3877,0.56843,0.43456,-0.20516,"90.9",151,34.146341463414636,7.317073170731707,4.166666666666666,5.82,-0.88,-0.18,2.36,0.375,3,"1.912543554",0.36,0.464,"-1.912543554",0.02,0.015000000000000013,0.068,0.027,26.9,,,,,,,
285,600902,"Garcia, Wilson",2023,285,100,0.256,0.163,0.288,0.419,0.296,0.278,0.25,22,86,87.9,7.1,2149,87.9,87.83,52,186,99,-0.10000000000000853,6.27,109,147,121,150,291,318,288,"2.672","-2.672",,,88,69,14,5,0,3,17,19.3,1,1.1,2.35232,0.63863,0.61663,-0.61663,"91.7",140,36.231884057971016,8.695652173913043,6.8181818181818175,5.85,-0.94,-0.1,2.36,0.273,6,"-0.93754386",0.267,0.377,"0.93754386",0.006,0.006000000000000005,0.042,0.018,28,,,,,,,
285,678825,"Salazar, Eduardo",2023,285,100,0.236,0.097,0.314,0.333,0.28,0.273,0.229,17,72,88.9,0.7,2219,87.7,87.74,37,137,148,0,6.27,110,146,117,144,290,301,279,"4.411","-4.411",,,78,52,12,4,0,1,20,25.6,4,5.1,2.23614,0.76394,0.5427,0.1187,"91.8",131,42.30769230769231,3.8461538461538463,2.564102564102564,5.71,-0.78,0.08,2.53,0.295,2,"-1.547719298",0.289,0.319,"1.547719298",0.007,0.006000000000000005,0.014,0.007,27,,,,,,,
284,665506,"Pache, Cristian",2023,284,100,0.242,0.081,0.318,0.323,0.322,0.319,0.245,15,62,90.5,3,2215,87.7,87.68,40,121,163,0,6.24,105,150,113,146,296,322,295,"-0.182","0.182",,,75,45,12,2,0,1,17,22.7,12,16,2.32623,0.67951,0.34749,0.05675,"92.0",131,36.36363636363637,0,0,6.08,-0.57,0.1,2.27,0.373,0,"0.064084507",0.378,0.309,"-0.064084507",-0.003,-0.0050000000000000044,0.014,0.003,33.1,,,,,,,
283,666179,"Beer, Seth",2023,284,99.6,0.206,0.118,0.261,0.324,0.263,0.308,0.248,14,68,89.3,13.7,2231,87.4,87.45,44,151,132,0.09999999999999432,6.14,116,146,125,151,292,328,304,"6.302","-6.302",,,77,48,10,2,0,2,22,28.6,6,7.8,2.47247,0.54079,0.24741,-0.31968,"91.2",165,43.75,6.25,3.896103896103896,5.62,-0.91,-0.09,2.42,0.273,3,"-2.226855124",0.314,0.388,"2.226855124",-0.042,-0.04099999999999998,-0.064,-0.045,29.1,,,,,,,
283,663611,"Madrigal, Nick",2023,283,100,0.424,0.254,0.471,0.678,0.502,0.351,0.3,25,59,85.3,7.3,2194,89.2,89.56,10,105,178,0.3999999999999915,6.41,105,151,115,148,289,303,278,"-10.165","10.165",,,70,52,15,6,3,1,7,10,8,11.4,2.18385,0.70766,0.36601,0.13342,"90.5",132,26.923076923076923,0,0,5.87,-0.84,0.13,2.21,0.514,0,"3.591872792",0.41,0.353,"-3.591872792",0.124,0.10400000000000004,0.325,0.151,9.5,,,,,,,
282,703766,"Harris, Dakota",2023,283,99.6,0.219,0.125,0.271,0.344,0.28,0.272,0.214,14,64,83.5,5.3,2290,87.9,87.88,42,150,132,0,6.21,101,146,116,147,295,312,282,"1.464","-1.464",,,72,49,8,5,0,1,16,22.2,6,8.3,2.20287,0.78195,0.45068,-0.23675,"90.2",149,28.57142857142857,2.0408163265306123,1.3888888888888888,5.75,-1.08,0.2,2.49,0.292,1,"-0.519148936",0.296,0.295,"0.519148936",0.005,-0.0040000000000000036,0.049,0.008,28,,,,,,,
281,680244,"Adolph, Ross",2023,282,99.6,0.23,0.197,0.393,0.426,0.342,0.342,0.225,14,61,97.8,0.4,2186,88.5,88.77,56,123,158,0.29999999999999716,6.34,114,147,118,152,287,314,291,"-1.184","1.184",,,72,31,8,3,0,3,30,41.7,6,8.3,2.28537,0.651,0.41971,-0.3135,"94.6",151,70.96774193548387,16.129032258064516,6.944444444444445,5.93,-1.12,-0.09,2.32,0.347,5,"0.421352313",0.343,0.432,"-0.421352313",0.005,0.003999999999999948,-0.006,0,45.5,,,,,,,
280,686482,"Driscoll, Logan",2023,280,100,0.265,0.147,0.348,0.412,0.331,0.283,0.217,18,68,82.9,19,2140,86,85.99,46,133,147,0,6.26,112,145,119,148,280,319,287,"0.6","-0.6",,,76,48,12,4,0,2,20,26.3,7,9.2,2.59068,0.55119,0.32611,-0.26146,"90.3",157,22.916666666666664,6.25,3.9473684210526314,5.76,-0.54,-0.19,2.25,0.342,3,"-0.214285714",0.299,0.33,"0.214285714",0.048,0.04300000000000004,0.082,0.048,34.6,,,,,,,
280,677319,"Barstad, Cameron",2023,280,100,0.164,0.098,0.265,0.262,0.244,0.199,0.124,10,61,85.2,6.6,2210,87.8,87.5,53,126,154,-0.29999999999999716,6.11,112,146,118,145,280,296,282,"6.034","-6.034",,,71,35,6,3,0,1,27,38,8,11.3,2.20789,0.78593,0.55878,-0.34703,"91.2",145,25.71428571428571,2.857142857142857,1.4084507042253522,5.82,-0.95,-0.27,2.47,0.268,1,"-2.155",0.234,0.167,"2.155",0.04,0.034,0.095,0.045,42.1,,,,,,,
279,688963,"Sullivan, William",2023,279,100,0.313,0.134,0.4,0.448,0.356,0.333,0.278,21,67,90.6,-1.3,2224,88.3,88.39,30,131,148,0.10000000000000853,6.24,117,147,125,143,289,314,294,"0.237","-0.237",,,73,51,15,4,1,1,16,21.9,6,8.2,2.15559,0.78853,0.58068,-0.44529,"92.4",140,39.21568627450981,5.88235294117647,4.10958904109589,5.69,-1.14,-0.02,2.35,0.37,3,"-0.084946237",0.338,0.419,"0.084946237",0.035,0.03199999999999997,0.029,0.023,22.9,,,,,,,
278,681357,"Morissette, Cody",2023,278,100,0.118,0.059,0.122,0.176,0.204,0.305,0.209,6,51,84.6,13.7,2236,87.3,86.96,18,116,162,-0.29999999999999716,6.08,111,146,118,143,282,295,280,"6.663","-6.663",,,59,42,5,0,0,1,9,15.3,6,10.2,2.34295,0.68978,0.47711,-0.32931,"90.5",142,26.190476190476193,7.142857142857142,5.084745762711865,5.8,-0.6,-0.21,2.36,0.237,3,"-2.39676259",0.316,0.364,"2.39676259",-0.091,-0.07900000000000001,-0.188,-0.101,15.5,,,,,,,
277,641796,"Locastro, Tim",2023,278,99.6,0.175,0.127,0.205,0.302,0.265,0.265,0.179,11,63,84.8,19.4,2196,87.2,87.16,41,148,129,0,6.21,104,149,107,146,290,311,269,"2.849","-2.849",,,73,46,8,0,1,2,17,23.3,3,4.1,2.3617,0.67047,0.42394,0.01079,"90.3",151,29.78723404255319,2.127659574468085,1.36986301369863,5.74,-0.78,0.12,2.41,0.278,1,"-1.028519856",0.282,0.292,"1.028519856",-0.004,-0.003999999999999948,0.01,0,27.7,,,,,,,
276,689984,"Arnold, Zach",2023,276,100,0.3,0.1,0.362,0.4,0.357,0.337,0.279,18,60,87.8,8.9,2322,87.6,87.49,33,124,152,-0.09999999999999432,6.26,109,148,117,146,291,310,278,"-2.489","2.489",,,71,48,15,1,1,1,12,16.9,10,14.1,2.3229,0.68732,0.40511,0.05431,"91.0",164,35.41666666666667,2.083333333333333,1.4084507042253522,5.66,-0.73,0.21,2.44,0.4,1,"0.901811594",0.382,0.363,"-0.901811594",0.021,0.018000000000000016,0.037,0.02,26.6,,,,,,,
275,676761,"Lopez, Irving",2023,276,99.6,0.302,0.226,0.359,0.528,0.426,0.358,0.244,16,53,86.9,13,2157,89,89.07,19,95,180,0.09999999999999432,6.29,115,146,107,151,282,314,287,"-7.382","7.382",,,68,41,8,6,0,2,12,17.6,14,20.6,2.19309,0.72493,0.48669,-0.30749,"90.6",162,26.82926829268293,4.878048780487805,2.941176470588235,5.83,-0.99,-0.21,2.2,0.456,2,"2.684363636",0.411,0.364,"-2.684363636",0.058,0.04500000000000004,0.164,0.068,20,,,,,,,
272,688327,"Torrealba, Yorvis",2023,273,99.6,0.246,0.088,0.302,0.333,0.293,0.289,0.247,14,57,89.3,7.5,2237,88.2,88.88,40,149,123,0.7000000000000028,6.38,106,149,116,146,303,325,292,"0.377","-0.377",,,63,44,11,2,0,1,13,20.6,4,6.3,2.42996,0.51029,0.20518,-0.00886,"91.4",144,45.45454545454545,2.272727272727273,1.5873015873015872,5.45,-0.75,0.23,2.27,0.317,1,"-0.138602941",0.319,0.32,"0.138602941",-0.001,-0.0020000000000000018,0.013,0.004,26.8,,,,,,,
272,641645,"Guillorme, Luis",2023,272,100,0.241,0.111,0.255,0.352,0.34,0.345,0.258,13,54,85.3,6.1,2078,89.4,89.77,13,107,165,0.3999999999999915,6.31,114,145,110,149,284,311,298,"-0.809","0.809",,,67,48,9,3,0,1,6,9,12,17.9,2.01306,0.84823,0.54145,-0.27632,"90.1",153,25,2.083333333333333,1.4925373134328357,5.96,-0.88,-0.02,2.35,0.388,1,"0.297426471",0.402,0.342,"-0.297426471",-0.017,-0.014000000000000012,0.01,-0.005,12.1,,,,,,,
269,488726,"Brantley, Michael",2023,269,100,0.298,0.149,0.277,0.447,0.396,0.392,0.29,14,47,87.7,18.2,2178,88.9,89.26,8,84,185,0.3999999999999915,6.26,115,146,124,151,283,319,294,"-4.614","4.614",,,64,48,9,4,0,1,1,1.6,15,23.4,2.29398,0.6028,0.42513,-0.22551,"91.3",180,25,2.083333333333333,1.5625,5.92,-0.69,-0.32,2.4,0.453,1,"1.715241636",0.451,0.419,"-1.715241636",0.008,0.0020000000000000018,0.028,0.004,9.5,,,,,,,
268,677588,"Tena, José",2023,268,100,0.35,0.317,0.425,0.667,0.44,0.385,0.289,21,60,91.6,13,2137,89.1,89.33,39,124,144,0.20000000000000284,6.29,119,147,105,150,283,314,293,"-11.3","11.3",,,66,44,11,5,1,4,17,25.8,4,6.1,2.19407,0.69664,0.54037,-0.39299,"92.3",175,43.18181818181818,15.909090909090908,10.606060606060606,5.88,-0.97,-0.16,2.25,0.394,7,"4.21641791",0.352,0.503,"-4.21641791",0.061,0.04200000000000004,0.164,0.055,31.5,,,,,,,
266,669222,"Senzel, Nick",2023,266,100,0.232,0.143,0.293,0.375,0.318,0.299,0.235,13,56,85.7,12.1,2216,88.6,88.61,31,108,158,0,6.21,105,151,116,146,293,318,286,"-0.459","0.459",,,66,42,8,3,1,1,14,21.2,8,12.1,2.3091,0.62442,0.33396,0.07464,"90.8",149,30.952380952380953,0,0,5.95,-0.8,0.01,2.36,0.338,0,"0.172556391",0.341,0.31,"-0.172556391",-0.003,-0.0030000000000000027,0.065,0.019,28.7,,,,,,,
264,624414,"Arroyo, Christian",2023,264,100,0.138,0.031,0.17,0.169,0.181,0.268,0.226,9,65,86.4,12,2234,87.3,87.39,42,155,109,0.10000000000000853,6.29,106,149,120,147,300,320,288,"7.795","-7.795",,,71,53,7,2,0,0,12,16.9,6,8.5,2.47087,0.56015,0.13492,-0.03924,"91.2",137,32.075471698113205,3.7735849056603774,2.8169014084507045,5.82,-1.04,0.14,2.28,0.211,2,"-2.952651515",0.292,0.306,"2.952651515",-0.088,-0.08099999999999999,-0.137,-0.087,27.1,,,,,,,
262,807712,"Keaschall, Luke",2023,262,100,0.302,0.151,0.4,0.453,0.389,0.369,0.276,16,53,89.1,13.8,2236,87.2,87.15,24,110,152,-0.10000000000000853,6.23,101,140,115,141,289,312,277,"-4.358","4.358",,,69,40,9,6,1,0,15,21.7,11,15.9,2.23286,0.80598,0.42511,0.26504,"90.7",157,41.02564102564102,5.128205128205128,2.898550724637681,5.85,-0.83,0.21,2.51,0.435,2,"1.663358779",0.422,0.385,"-1.663358779",0.026,0.013000000000000012,0.068,0.02,21.8,,,,,,,
261,573131,"Ruf, Darin",2023,261,100,0.156,0.111,0.207,0.267,0.26,0.262,0.148,7,45,86.9,18.6,2195,88.2,88.12,20,89,172,-0.10000000000000853,6.31,108,148,119,145,296,315,287,"3.539","-3.539",,,55,30,4,2,0,1,16,29.1,9,16.4,2.29835,0.68908,0.36134,0.17736,"90.9",162,33.33333333333333,6.666666666666667,3.6363636363636362,5.97,-0.92,-0.07,2.44,0.291,2,"-1.355938697",0.295,0.241,"1.355938697",0.008,-0.0040000000000000036,0.026,-0.002,22.5,,,,,,,
260,656943,"Schwarz, JJ",2023,260,100,0.217,0.043,0.294,0.261,0.272,0.32,0.244,10,46,87.8,8.4,2227,88.5,88.71,29,107,153,0.20000000000000284,6.22,108,151,121,148,297,327,285,"1.887","-1.887",,,53,34,8,2,0,0,12,22.6,7,13.2,2.38081,0.55394,0.35719,-0.01488,"91.1",165,38.23529411764706,2.941176470588235,1.8867924528301887,5.73,-0.32,-0.03,2.43,0.321,1,"-0.725769231",0.344,0.369,"0.725769231",-0.027,-0.022999999999999965,-0.108,-0.048,27.1,,,,,,,
255,686801,"Fletcher, Tre",2023,255,100,0.194,0.097,0.375,0.29,0.248,0.228,0.164,12,62,87.3,17.4,2261,86.9,86.93,73,135,120,0,6.26,108,145,115,144,292,308,277,"4.546","-4.546",,,69,32,8,2,2,0,30,43.5,5,7.2,2.37518,0.68551,0.33114,-0.00374,"91.4",158,30.303030303030305,6.0606060606060606,2.898550724637681,5.73,-0.84,0.1,2.34,0.265,2,"-1.782745098",0.238,0.264,"1.782745098",0.03,0.027000000000000024,0.026,0.02,54.1,,,,,,,
254,593871,"Polanco, Jorge",2023,254,100,0.28,0.1,0.382,0.38,0.342,0.359,0.273,14,50,89.4,15.9,2185,87.6,87.39,30,97,157,-0.19999999999998863,6.14,106,147,120,146,280,314,282,"-0.704","0.704",,,60,35,11,2,0,1,16,26.7,8,13.3,2.40705,0.60769,0.42516,-0.42516,"91.4",154,40,8.571428571428571,5,5.88,-0.22,-0.06,2.25,0.383,3,"0.277165354",0.391,0.402,"-0.277165354",0.007,-0.008000000000000007,-0.022,-0.017,30.9,,,,,,,
253,663382,"Washer, Jake",2023,253,100,0.167,0.139,0.212,0.306,0.217,0.238,0.201,12,72,88.2,11.9,2276,87.8,87.78,37,140,113,0,6.18,107,151,118,147,291,312,279,"7.94","-7.94",,,75,53,5,5,1,1,19,25.3,3,4,2.4583,0.52771,0.12597,0.08526,"91.8",135,44.230769230769226,1.9230769230769231,1.3333333333333335,5.87,-1.05,0.07,2.29,0.2,1,"-3.138339921",0.234,0.311,"3.138339921",-0.034,-0.034,-0.005,-0.021,26.4,,,,,,,
252,689134,"Hendrie, Wyatt",2023,252,100,0.2,0.091,0.233,0.291,0.288,0.286,0.207,11,55,86.1,7.2,2335,88.2,88.09,21,93,159,-0.10000000000000853,6.32,107,147,115,146,283,301,277,"2.254","-2.254",,,67,44,8,2,0,1,12,17.9,8,11.9,2.2731,0.71944,0.2304,0.11873,"90.8",140,29.545454545454547,0,0,5.77,-1.16,0.19,2.39,0.328,0,"-0.894444444",0.339,0.256,"0.894444444",-0.007,-0.01100000000000001,0.035,0.002,22.6,,,,,,,
250,679631,"Vavra, Terrin",2023,250,100,0.333,0.19,0.396,0.524,0.389,0.364,0.318,21,63,86.9,3.9,2194,87.5,87.72,40,140,110,0.20000000000000284,6.34,117,145,112,151,284,322,291,"-2.533","2.533",,,68,50,14,4,1,2,13,19.1,3,4.4,2.35924,0.66096,0.26136,-0.26328,"90.5",148,32,8,5.88235294117647,5.93,-0.72,-0.04,2.34,0.382,4,"1.0132",0.368,0.47,"-1.0132",0.015,0.014000000000000012,0.054,0.025,28.6,,,,,,,
250,680779,"Davis, Henry",2023,251,99.6,0.375,0.229,0.485,0.604,0.475,0.402,0.28,18,48,88.3,11,2202,87.7,87.66,28,101,149,0.10000000000000853,6.24,110,151,120,148,285,318,285,"-7.252","7.252",,,61,35,12,3,1,2,13,21.3,12,19.7,2.49092,0.51887,0.2862,-0.07612,"92.1",130,42.857142857142854,14.285714285714285,8.19672131147541,5.92,-0.65,0.09,2.12,0.508,5,"2.9008",0.434,0.48,"-2.9008",0.095,0.07400000000000001,0.124,0.073,27.7,,,,,,,
248,695336,"Saggese, Thomas",2023,248,100,0.207,0.138,0.256,0.345,0.271,0.278,0.237,12,58,87.4,11.5,2218,87.1,87.25,25,131,117,0.20000000000000284,6.34,108,148,112,144,292,314,284,"4.389","-4.389",,,63,44,6,5,0,1,14,22.2,3,4.8,2.43931,0.61878,0.22556,-0.1154,"90.2",131,34.090909090909086,2.272727272727273,1.5873015873015872,5.97,-0.6,0.24,2.3,0.27,1,"-1.769758065",0.298,0.321,"1.769758065",-0.03,-0.02799999999999997,0.024,-0.007,19.1,,,,,,,
247,680683,"Hannah, Jameson",2023,248,99.6,0.267,0.017,0.32,0.283,0.291,0.339,0.285,16,60,87.1,-3.2,2183,88.2,88.72,19,116,131,0.5,6.36,110,144,108,147,293,325,305,"2.051","-2.051",,,69,50,15,1,0,0,11,15.9,8,11.6,2.46502,0.4783,0.35684,-0.33352,"91.5",136,34,2,1.4492753623188406,5.58,-0.92,-0.13,2.31,0.348,1,"-0.830364372",0.376,0.365,"0.830364372",-0.018,-0.028000000000000025,-0.082,-0.048,16.4,,,,,,,
247,682656,"Campana, Sergio",2023,248,99.6,0.205,0.045,0.409,0.25,0.305,0.278,0.16,9,44,83.9,11,2264,86.9,86.54,32,79,168,-0.4000000000000057,6.09,105,149,115,145,279,305,272,"1.403","-1.403",,,56,22,7,2,0,0,22,39.3,10,17.9,2.33429,0.72663,0.40996,0.07992,"90.9",133,36.36363636363637,4.545454545454546,1.7857142857142856,5.83,-0.98,0.16,2.27,0.375,1,"-0.568016194",0.34,0.218,"0.568016194",0.045,0.034999999999999976,0.032,0.027,40.5,,,,,,,
247,666712,"Alvarez, Roberto",2023,247,100,0.254,0.048,0.341,0.302,0.256,0.193,0.182,16,63,81.9,2.9,2226,87.8,87.78,45,130,117,0,6.28,109,151,121,148,294,316,284,"4.044","-4.044",,,65,45,15,0,0,1,18,27.7,1,1.5,2.42441,0.57624,0.27278,0.00976,"89.9",119,28.888888888888886,0,0,5.93,-0.67,0.12,2.32,0.277,0,"-1.637246964",0.207,0.222,"1.637246964",0.072,0.07000000000000003,0.08,0.063,34.6,,,,,,,
247,694310,"Ware, Bryson",2023,247,100,0.111,0.148,0.118,0.259,0.208,0.26,0.199,6,54,84.2,20.5,2320,87.5,87.53,34,126,121,0,6.3,110,148,115,145,287,308,279,"6.361","-6.361",,,60,36,2,2,0,2,18,30,5,8.3,2.2836,0.73988,0.33247,0.12364,"90.2",146,30.555555555555557,5.555555555555555,3.3333333333333335,5.68,-0.97,0.12,2.43,0.2,2,"-2.575303644",0.279,0.295,"2.575303644",-0.088,-0.07900000000000001,-0.036,-0.052,27,,,,,,,
247,685301,"Gorski, Matt",2023,247,100,0.19,0.224,0.195,0.414,0.288,0.265,0.187,11,58,85.7,13.5,2151,85.7,85.6,40,123,124,-0.10000000000000853,6.1,105,149,119,145,291,320,288,"1.733","-1.733",,,65,44,4,4,0,3,15,23.1,6,9.2,2.6098,0.56263,0.18243,-0.16235,"91.7",165,27.27272727272727,11.363636363636363,7.6923076923076925,5.85,-0.41,0.2,2.26,0.262,5,"-0.701619433",0.26,0.344,"0.701619433",0.003,0.0020000000000000018,0.07,0.023,32.5,,,,,,,
247,679734,"Carreras, Julio",2023,247,100,0.255,0.118,0.324,0.373,0.333,0.321,0.234,13,51,85.3,0.8,2196,89.2,89.95,26,111,136,0.7999999999999972,6.36,105,146,115,144,300,330,298,"-1.105","1.105",,,62,38,9,3,0,1,14,22.6,10,16.1,2.33644,0.52634,0.36276,0.04878,"90.8",149,31.57894736842105,5.263157894736842,3.225806451612903,5.68,-0.66,-0.07,2.39,0.371,2,"0.447368421",0.358,0.346,"-0.447368421",0.021,0.013000000000000012,0.027,0.012,23.4,,,,,,,
246,676882,"Seagle, Chandler",2023,247,99.6,0.233,0.133,0.353,0.367,0.276,0.232,0.19,14,60,83,6,2279,88.4,88.82,49,133,113,0.3999999999999915,6.32,108,152,117,146,293,318,292,"3.18","-3.18",,,63,36,10,2,0,2,24,38.1,3,4.8,2.40159,0.52972,0.16264,-0.01496,"89.8",134,19.444444444444446,5.555555555555555,3.1746031746031744,5.65,-0.9,0.17,2.24,0.27,2,"-1.292682927",0.228,0.297,"1.292682927",0.043,0.04200000000000001,0.07,0.044,36.8,,,,,,,
246,668930,"Turang, Brice",2023,246,100,0.298,0.263,0.318,0.561,0.392,0.377,0.276,17,57,87.8,15.7,2163,86.6,86.69,21,105,141,0.10000000000000853,6.28,111,144,109,148,298,323,298,"-2.468","2.468",,,63,47,8,6,0,3,10,15.9,6,9.5,2.55268,0.53996,0.18333,-0.39301,"91.2",207,42.5531914893617,19.148936170212767,14.285714285714285,5.74,-0.33,-0.29,2.29,0.365,9,"1.003252033",0.345,0.544,"-1.003252033",0.022,0.020000000000000018,0.017,0.015,20,,,,,,,
245,802135,"Barry, Braden",2023,245,100,0.196,0.043,0.36,0.239,0.28,0.283,0.196,9,46,84.3,15.1,2308,88.4,88.29,34,96,149,-0.10000000000000853,6.29,110,148,114,145,291,301,278,"2.641","-2.641",,,56,25,7,2,0,0,21,37.5,8,14.3,2.13298,0.81939,0.43057,0.31596,"89.6",150,20,0,0,5.76,-1.63,0.27,2.46,0.339,0,"-1.077959184",0.34,0.244,"1.077959184",0,-0.0010000000000000009,-0.005,-0.003,35.4,,,,,,,
245,666801,"Castro, Rodolfo",2023,245,100,0.192,0.154,0.267,0.346,0.256,0.245,0.204,10,52,85.1,19.3,2160,88.2,88.36,45,123,122,0.20000000000000284,6.28,109,145,115,147,287,321,288,"3.169","-3.169",,,57,32,6,2,0,2,21,36.8,3,5.3,2.41216,0.54918,0.29053,-0.29725,"90.6",127,40.625,6.25,3.508771929824561,5.98,-1.12,0.06,2.25,0.246,2,"-1.293469388",0.257,0.294,"1.293469388",-0.012,-0.01100000000000001,0.052,0.011,36.6,,,,,,,
245,693832,"Richardson, Tre",2023,246,99.6,0.265,0.082,0.351,0.347,0.324,0.274,0.2,13,49,88.7,0.7,2263,87.6,87.76,22,106,139,0.20000000000000284,6.36,106,145,112,144,290,309,279,"0.868","-0.868",,,57,37,10,2,1,0,12,21.1,8,14,2.26922,0.73221,0.28436,0.02387,"90.4",161,33.33333333333333,0,0,5.74,-0.86,0.07,2.46,0.368,0,"-0.354285714",0.314,0.271,"0.354285714",0.065,0.05399999999999999,0.076,0.05,20.8,,,,,,,
245,676286,"Mercado, Jan",2023,245,100,0.229,0.208,0.417,0.438,0.344,0.326,0.196,11,48,94.2,28.6,2263,87.7,87.55,53,106,139,-0.20000000000000284,6.22,106,143,117,144,290,302,273,"1.701","-1.701",,,57,25,4,5,1,1,23,40.4,8,14,2.24988,0.7522,0.31122,0.04927,"92.8",192,52,12,5.263157894736842,5.79,-0.71,0.29,2.34,0.351,3,"-0.694285714",0.323,0.418,"0.694285714",0.033,0.02799999999999997,0.02,0.018,50,,,,,,,
243,665804,"Amaya, Miguel",2023,243,100,0.313,0.167,0.424,0.479,0.404,0.383,0.275,15,48,86.6,12.6,2202,86.8,87.17,29,98,145,0.4000000000000057,6.44,109,151,119,147,295,311,288,"-2.963","2.963",,,59,34,9,5,0,1,14,23.7,10,16.9,2.55128,0.51876,0.19432,0.04181,"91.4",159,35.294117647058826,8.823529411764707,5.084745762711865,5.71,-0.59,0.03,2.25,0.441,3,"1.219341564",0.411,0.455,"-1.219341564",0.038,0.030000000000000027,0.024,0.021,29.6,,,,,,,
241,696100,"Goodman, Hunter",2023,241,100,0.371,0.532,0.389,0.903,0.538,0.39,0.292,23,62,91.7,9,2192,87.6,88.2,40,118,123,0.6000000000000085,6.31,110,150,117,144,302,327,298,"-10.397","10.397",,,67,45,8,6,0,9,17,25.4,4,6,2.51224,0.45921,0.20338,-0.05412,"93.1",175,42.22222222222222,20,13.432835820895523,5.85,-0.36,0.12,2.33,0.418,9,"4.314107884",0.345,0.574,"-4.314107884",0.079,0.07300000000000001,0.329,0.148,33.9,,,,,,,
241,683563,"Jerez, Juan",2023,241,100,0.2,0.04,0.294,0.24,0.277,0.287,0.202,10,50,88.2,17.2,2265,87.6,87.45,34,99,142,-0.09999999999999432,6.13,107,146,118,147,289,313,287,"3.221","-3.221",,,62,34,8,2,0,0,17,27.4,11,17.7,2.21415,0.78925,0.43825,0.08592,"91.3",166,35.294117647058826,2.941176470588235,1.6129032258064515,5.72,-1.09,0.23,2.46,0.339,1,"-1.336514523",0.342,0.261,"1.336514523",-0.002,-0.0030000000000000027,-0.021,-0.01,34.3,,,,,,,
240,664697,"Fletcher-Vance, Cobie",2023,240,100,0.214,0.107,0.268,0.321,0.3,0.315,0.243,12,56,86.2,3.4,2188,88.2,88.24,39,123,117,0,6.24,104,149,113,147,296,311,275,"1.042","-1.042",,,66,42,8,3,0,1,14,21.2,9,13.6,2.34133,0.61649,0.33987,-0.12604,"90.6",153,30.952380952380953,2.380952380952381,1.5151515151515151,5.79,-0.53,0.08,2.33,0.333,1,"-0.434166667",0.357,0.326,"0.434166667",-0.029,-0.023999999999999966,-0.005,-0.015,31.7,,,,,,,
240,672357,"Barley, Jordy",2023,243,98.8,0.294,0.118,0.5,0.412,0.345,0.251,0.18,15,51,85.1,4.3,2233,88.9,88.98,49,120,120,0.09999999999999432,6.28,108,150,108,146,296,315,280,"0.477","-0.477",,,57,28,13,0,0,2,23,40.4,6,10.5,2.29117,0.62732,0.28603,0.23063,"90.7",127,46.42857142857143,3.571428571428571,1.7543859649122806,5.83,-1.66,0.15,2.36,0.368,1,"-0.19875",0.266,0.285,"0.19875",0.114,0.10199999999999998,0.127,0.094,40.8,,,,,,,
235,687066,"Yang, Eric",2023,235,100,0.279,0.066,0.386,0.344,0.296,0.309,0.27,17,61,86.9,15.7,2185,87.6,87.75,33,123,112,0.10000000000000853,6.29,107,152,119,147,295,308,282,"1.99","-1.99",,,65,44,13,4,0,0,17,26.2,4,6.2,2.4394,0.5688,0.24342,-0.11838,"90.5",160,38.63636363636363,4.545454545454546,3.076923076923077,5.84,-0.45,0.01,2.33,0.323,2,"-0.846808511",0.315,0.391,"0.846808511",0.009,0.008000000000000007,-0.047,-0.013,26.8,,,,,,,
234,644374,"Chang, Yu",2023,234,100,0.323,0.177,0.37,0.5,0.372,0.307,0.257,20,62,84.7,14,2200,88.5,88.58,30,124,110,0.09999999999999432,6.36,106,148,118,146,299,320,291,"-2.327","2.327",,,66,49,15,2,0,3,13,19.7,4,6.1,2.24675,0.70833,0.28521,-0.0641,"91.1",151,30.612244897959183,6.122448979591836,4.545454545454546,5.84,-0.93,0.21,2.31,0.364,3,"0.994444444",0.302,0.402,"-0.994444444",0.066,0.062,0.098,0.065,24.2,,,,,,,
233,692386,"Bolivar, Javier",2023,234,99.6,0.143,0.082,0.286,0.224,0.241,0.242,0.138,7,49,87.1,20.3,2316,88.8,88.83,49,96,137,0,6.23,103,144,115,144,290,303,274,"2.201","-2.201",,,58,22,5,1,0,1,27,46.6,8,13.8,2.09416,0.82961,0.38483,0.19776,"91.0",141,40.909090909090914,4.545454545454546,1.7241379310344827,5.75,-1.32,0.12,2.5,0.276,1,"-0.944635193",0.272,0.233,"0.944635193",0.005,0.0040000000000000036,-0.009,-0.001,51,,,,,,,
232,806636,"Johnson, Tyler",2023,232,100,0.163,0.041,0.258,0.204,0.234,0.221,0.147,8,49,78,11.5,2183,87.5,87.38,46,121,111,-0.09999999999999432,6.23,109,145,120,146,285,315,285,"4.422","-4.422",,,57,31,6,2,0,0,18,31.6,8,14,2.2719,0.74593,0.57793,-0.46526,"89.2",156,12.903225806451612,0,0,5.79,-1.13,-0.03,2.47,0.281,0,"-1.906034483",0.266,0.185,"1.906034483",0.016,0.015000000000000013,0.019,0.013,38,,,,,,,
231,596847,"Choi, Ji Man",2023,231,100,0.25,0.25,0.281,0.5,0.367,0.379,0.242,12,48,91.1,6.3,2142,88.8,89.12,28,107,124,0.29999999999999716,6.28,118,143,123,150,301,328,304,"-1.886","1.886",,,58,35,7,1,1,3,14,24.1,9,15.5,2.3381,0.57264,0.45788,-0.39216,"91.9",160,40,14.285714285714285,8.620689655172415,5.7,-1.09,-0.1,2.41,0.362,5,"0.816450216",0.365,0.488,"-0.816450216",0.008,-0.0030000000000000027,0.012,-0.012,26.2,,,,,,,
231,808818,"Smith, David",2023,231,100,0.15,0,0.207,0.15,0.259,0.288,0.17,6,40,88.4,-0.2,2213,89,88.98,18,97,134,0,6.25,104,144,111,144,271,303,284,"3.486","-3.486",,,53,29,6,0,0,0,12,22.6,10,18.9,1.99316,0.91476,0.57787,-0.57787,"90.4",134,44.827586206896555,0,0,5.69,-1.09,-0.08,2.41,0.34,0,"-1.509090909",0.363,0.191,"1.509090909",-0.02,-0.022999999999999965,-0.041,-0.029,18.6,,,,,,,
231,681974,"Vega, Onix",2023,231,100,0.204,0.019,0.25,0.222,0.241,0.28,0.222,11,54,82.8,22.3,2227,88.4,88.54,22,103,128,0.09999999999999432,6.25,104,148,116,145,295,310,285,"4.746","-4.746",,,62,44,10,1,0,0,11,17.7,6,9.7,2.23619,0.70817,0.41352,0.05474,"89.6",149,23.25581395348837,2.3255813953488373,1.6129032258064515,5.85,-0.92,0.13,2.43,0.29,1,"-2.054545455",0.314,0.277,"2.054545455",-0.018,-0.02400000000000002,-0.055,-0.039,21.4,,,,,,,
231,672733,"Gonzalez, Marcos",2023,232,99.6,0.143,0.041,0.2,0.184,0.2,0.216,0.156,7,49,86.8,6.3,2242,88.9,89.12,37,106,125,0.19999999999998863,6.36,106,150,119,147,296,315,277,"6.446","-6.446",,,56,35,5,2,0,0,15,26.8,2,3.6,2.2758,0.64357,0.25287,-0.0307,"90.7",115,40,0,0,5.86,-1.1,0.12,2.28,0.232,0,"-2.79047619",0.247,0.203,"2.79047619",-0.013,-0.014999999999999986,-0.019,-0.016,34.9,,,,,,,
227,694216,"Valdez, Malvin",2023,228,99.6,0.208,0.113,0.314,0.321,0.271,0.25,0.197,11,53,85,9.8,2272,87.3,87.38,48,121,106,0.10000000000000853,6.3,102,144,114,145,291,308,277,"3.744","-3.744",,,59,35,6,4,1,0,18,30.5,6,10.2,2.34744,0.68317,0.39473,-0.18934,"90.8",140,34.285714285714285,2.857142857142857,1.694915254237288,5.62,0.05,0.15,2.54,0.288,1,"-1.649339207",0.278,0.266,"1.649339207",0.011,0.009999999999999953,0.055,0.021,39.7,,,,,,,
227,686668,"Doyle, Brenton",2023,228,99.6,0.313,0.333,0.417,0.646,0.442,0.429,0.277,15,48,89.2,8.3,2157,87.6,88.28,44,111,116,0.7000000000000028,6.38,107,151,116,145,294,328,299,"-8.734","8.734",,,56,29,9,1,0,5,19,33.9,8,14.3,2.42304,0.55062,0.27885,0.06441,"93.0",133,57.14285714285714,25,12.5,5.82,-0.89,0.1,2.17,0.411,7,"3.847577093",0.382,0.642,"-3.847577093",0.036,0.02899999999999997,0.004,0.013,39.6,,,,,,,
226,682003,"Martin, Garrett",2023,226,100,0.224,0.102,0.344,0.327,0.301,0.311,0.214,11,49,85.7,14.8,2337,88,87.97,33,104,122,0,6.29,105,148,116,143,285,305,278,"0.68","-0.68",,,57,32,6,5,0,0,17,29.8,5,8.8,2.30774,0.6704,0.30955,-0.00429,"91.4",167,34.375,3.125,1.7543859649122806,5.63,-0.91,0.15,2.25,0.333,1,"-0.300884956",0.325,0.368,"0.300884956",0.01,0.008000000000000007,-0.041,-0.01,31.7,,,,,,,
226,663630,"McKenna, Ryan",2023,226,100,0.182,0.236,0.226,0.418,0.291,0.266,0.187,10,55,83,2.1,2236,88.2,88.2,34,100,126,0,6.23,102,152,115,147,305,326,292,"4.965","-4.965",,,61,34,4,2,1,3,21,34.4,6,9.8,2.3504,0.61323,0.22849,0.03116,"91.2",136,41.17647058823529,5.88235294117647,3.278688524590164,5.75,-0.9,0.26,2.26,0.262,2,"-2.196902655",0.267,0.33,"2.196902655",-0.005,-0.0050000000000000044,0.088,0.025,34,,,,,,,
223,666023,"Fermin, Freddy",2023,223,100,0.304,0.37,0.281,0.674,0.467,0.41,0.259,14,46,92.3,11.2,2248,88.3,88.26,23,92,131,0,6.16,109,151,119,148,293,315,281,"-7.996","7.996",,,58,37,7,2,0,5,9,15.5,11,19,2.27919,0.68452,0.3486,0.121,"92.7",147,43.24324324324324,16.216216216216218,10.344827586206897,5.79,-0.81,0.18,2.2,0.448,6,"3.585650224",0.412,0.54,"-3.585650224",0.045,0.03600000000000003,0.134,0.057,25,,,,,,,
222,660162,"Moncada, Yoán",2023,222,100,0.409,0.227,0.552,0.636,0.475,0.33,0.269,18,44,89.8,12.7,2119,88.6,88.95,26,90,132,0.4000000000000057,6.38,112,144,123,149,295,329,295,"-5.702","5.702",,,50,31,12,4,0,2,13,26,6,12,2.15685,0.77216,0.46836,-0.46836,"91.0",162,35.483870967741936,3.225806451612903,2,5.98,-1.05,0,2.37,0.48,1,"2.568468468",0.357,0.381,"-2.568468468",0.14,0.123,0.255,0.145,28.9,,,,,,,
221,680906,"Sightler, Josiah",2023,221,100,0.489,0.4,0.486,0.889,0.579,0.517,0.401,22,45,93.2,18.2,2188,87.1,86.98,30,102,119,-0.09999999999999432,6.16,109,144,114,141,274,311,288,"-13.6","13.6",,,56,40,14,3,0,5,7,12.5,7,12.5,2.29882,0.74676,0.53014,-0.45548,"93.9",169,57.49999999999999,17.5,12.5,5.66,-1.01,-0.08,2.34,0.554,7,"6.153846154",0.502,0.734,"-6.153846154",0.088,0.052000000000000046,0.155,0.062,29.4,,,,,,,
221,672275,"Bailey, Patrick",2023,222,99.5,0.2,0.14,0.235,0.34,0.289,0.27,0.161,10,50,85.9,12.8,2104,88.3,88.15,31,114,107,-0.20000000000000284,6.3,111,146,113,149,297,320,299,"-2.286","2.286",,,59,36,7,1,0,2,15,25.4,7,11.9,2.27493,0.69715,0.51217,-0.51217,"90.9",156,33.33333333333333,5.555555555555555,3.389830508474576,5.85,-1.52,-0.17,2.32,0.305,2,"1.03438914",0.274,0.329,"-1.03438914",0.039,0.030999999999999972,0.011,0.019,27.2,,,,,,,
219,671221,"Waters, Drew",2023,219,100,0.327,0.308,0.405,0.635,0.43,0.372,0.301,17,52,87,7.6,2137,87.1,87.07,22,109,110,0,6.19,104,139,107,148,281,310,281,"-4.01","4.01",,,58,39,7,6,2,2,13,22.4,6,10.3,2.45658,0.57564,0.38399,-0.38399,"91.4",136,33.33333333333333,10.256410256410255,6.896551724137931,5.77,-1.59,-0.15,2.39,0.397,4,"1.831050228",0.374,0.487,"-1.831050228",0.026,0.02300000000000002,0.148,0.058,20.2,,,,,,,
219,621438,"Taylor, Tyrone",2023,219,100,0.245,0.327,0.242,0.571,0.383,0.371,0.255,12,49,89,14.8,2130,87.3,87.28,27,123,96,0,6.28,102,151,118,146,296,324,292,"-2.302","2.302",,,56,37,5,2,1,4,12,21.4,4,7.1,2.32941,0.71208,0.3089,0.00972,"90.6",157,40.54054054054054,16.216216216216218,10.714285714285714,5.91,-0.52,0.02,2.38,0.339,6,"1.051141553",0.348,0.516,"-1.051141553",-0.01,-0.008999999999999952,0.055,0.012,22,,,,,,,
218,690957,"Bohrofen, Jace",2023,218,100,0.341,0.409,0.333,0.75,0.505,0.442,0.289,15,44,88.4,22.6,2280,87.5,87.41,22,84,134,-0.09999999999999432,6.27,115,146,120,144,281,305,287,"-6.449","6.449",,,56,35,7,3,0,5,9,16.1,12,21.4,2.34858,0.66977,0.47775,-0.42216,"92.0",177,45.714285714285715,20,12.5,5.67,-1.71,-0.19,2.4,0.482,7,"2.958256881",0.442,0.605,"-2.958256881",0.052,0.03999999999999998,0.145,0.063,26.2,,,,,,,
218,805862,"Alifano, Matt",2023,220,99.1,0.159,0.023,0.269,0.182,0.224,0.257,0.195,7,44,85.8,7.8,2253,87.9,87.98,26,90,128,0.09999999999999432,6.31,98,143,115,141,294,313,284,"3.751","-3.751",,,51,26,6,1,0,0,18,35.3,6,11.8,2.30716,0.67509,0.31668,0.13935,"89.7",150,23.076923076923077,0,0,5.69,-1.24,0.11,2.5,0.275,0,"-1.720642202",0.306,0.232,"1.720642202",-0.036,-0.030999999999999972,-0.05,-0.033,28.9,,,,,,,
217,699712,"Heredia, Raylin",2023,217,100,0.184,0.02,0.31,0.204,0.214,0.238,0.191,9,49,87.4,17.4,2358,86.6,86.68,44,112,105,0.10000000000000853,6.33,104,148,117,146,287,308,277,"6.054","-6.054",,,55,29,8,1,0,0,21,38.2,5,9.1,2.42253,0.66042,0.27255,0.00477,"90.2",131,37.93103448275862,3.4482758620689653,1.8181818181818181,5.72,-0.82,0.39,2.44,0.255,1,"-2.789861751",0.263,0.26,"2.789861751",-0.007,-0.008000000000000007,-0.056,-0.024,39.3,,,,,,,
215,691988,"De La Rosa, Marcos",2023,216,99.5,0.128,0.043,0.24,0.17,0.182,0.208,0.161,6,47,81.6,8.1,2186,89,88.97,38,103,112,0,6.25,101,145,107,143,282,302,266,"5.844","-5.844",,,52,25,5,0,1,0,22,42.3,5,9.6,2.1254,0.77805,0.58836,-0.5664,"90.5",137,28.000000000000004,0,0,5.83,-0.57,-0.07,2.48,0.212,0,"-2.718139535",0.241,0.195,"2.718139535",-0.033,-0.028999999999999998,-0.025,-0.026,36.9,,,,,,,
212,681976,"Valente, John",2023,213,99.5,0.222,0.148,0.244,0.37,0.301,0.261,0.206,12,54,83.6,-0.7,2246,88.5,88.58,28,113,99,0.09999999999999432,6.34,107,149,114,146,293,309,279,"0.301","-0.301",,,61,46,8,1,2,1,8,13.1,6,9.8,2.20844,0.74024,0.33014,0.2292,"90.5",119,21.73913043478261,2.1739130434782608,1.639344262295082,5.93,-1.31,0.08,2.33,0.311,1,"-0.141981132",0.297,0.266,"0.141981132",0.016,0.014000000000000012,0.104,0.04,24.8,,,,,,,
212,678807,"Santiago, Carlos",2023,213,99.5,0.184,0.143,0.242,0.327,0.296,0.268,0.159,9,49,88.7,18.1,2272,87.7,87.8,40,109,103,0.09999999999999432,6.34,111,144,119,141,287,310,289,"1.43","-1.43",,,59,34,5,2,1,1,15,25.4,9,15.3,2.19358,0.80915,0.49245,-0.49245,"91.2",170,35.294117647058826,2.941176470588235,1.694915254237288,5.64,-1.21,-0.02,2.31,0.322,1,"-0.674528302",0.302,0.264,"0.674528302",0.025,0.020000000000000018,0.063,0.028,36.7,,,,,,,
211,656811,"O'Hearn, Ryan",2023,211,100,0.362,0.383,0.448,0.745,0.479,0.411,0.304,17,47,92.2,7.8,2231,88.2,88.2,29,89,122,0,6.3,119,146,122,151,289,321,299,"-6.356","6.356",,,51,33,8,4,1,4,14,27.5,4,7.8,2.38749,0.57681,0.49043,-0.42474,"93.2",157,54.54545454545454,21.21212121212121,13.725490196078432,5.76,-1.51,-0.13,2.11,0.412,7,"3.012322275",0.359,0.624,"-3.012322275",0.058,0.05299999999999999,0.121,0.068,32.6,,,,,,,
211,657557,"DeJong, Paul",2023,211,100,0.302,0.209,0.423,0.512,0.388,0.291,0.219,13,43,89.1,22.6,2255,88.3,88.34,30,98,113,0,6.25,108,148,118,142,285,316,281,"-1.887","1.887",,,49,28,8,3,0,2,15,30.6,5,10.2,2.38706,0.57517,0.40431,0.25904,"90.9",167,35.714285714285715,3.571428571428571,2.0408163265306123,5.8,-0.86,0.13,2.26,0.388,1,"0.894312796",0.314,0.328,"-0.894312796",0.083,0.07400000000000001,0.184,0.097,30.6,,,,,,,
210,680776,"Duran, Jarren",2023,211,99.5,0.2,0.25,0.222,0.45,0.353,0.35,0.236,8,40,91.6,4.9,2154,87.3,87.03,30,93,117,-0.29999999999999716,6.24,117,146,105,151,285,316,293,"-2.83","2.83",,,50,29,3,2,1,2,11,22,10,20,2.30914,0.7829,0.28505,-0.2521,"92.7",159,62.06896551724138,13.793103448275861,8,5.81,-0.11,-0.35,2.37,0.36,4,"1.347619048",0.389,0.39,"-1.347619048",-0.036,-0.029000000000000026,0.06,0.003,32.3,,,,,,,
210,663624,"Mountcastle, Ryan",2023,210,100,0.222,0.074,0.306,0.296,0.256,0.307,0.24,12,54,91.1,17.3,2200,87.1,87.38,39,127,83,0.30000000000001137,6.31,106,149,121,146,298,321,290,"4.715","-4.715",,,58,37,10,1,0,1,17,29.3,4,6.9,2.49995,0.54332,0.17648,0.05581,"91.9",169,55.55555555555556,8.333333333333332,5.172413793103448,5.7,-0.7,0.1,2.31,0.276,3,"-2.245238095",0.294,0.413,"2.245238095",-0.018,-0.01799999999999996,-0.117,-0.051,30.7,,,,,,,
210,679295,"Ota, Scott",2023,210,100,0.28,0.14,0.302,0.42,0.341,0.274,0.209,14,50,87.4,17,2187,88.7,88.73,17,102,108,0,6.24,115,146,113,145,278,307,288,"-0.612","0.612",,,56,44,10,2,1,1,6,10.7,5,8.9,2.0409,0.87895,0.61324,-0.62533,"90.8",154,20.454545454545457,2.272727272727273,1.7857142857142856,5.83,-1,-0.17,2.46,0.357,1,"0.291428571",0.294,0.308,"-0.291428571",0.071,0.063,0.112,0.067,16.7,,,,,,,
209,811210,"Kretzschmar, Kade",2023,209,100,0.333,0.111,0.412,0.444,0.418,0.355,0.235,15,45,87.9,-1.3,2212,88,87.93,23,91,118,-0.09999999999999432,6.18,112,145,125,143,286,312,291,"-5.79","5.79",,,58,35,12,2,0,1,10,17.2,10,17.2,2.21062,0.76263,0.54343,-0.38585,"90.3",127,29.411764705882355,5.88235294117647,3.4482758620689653,5.55,-1.06,-0.23,2.36,0.483,2,"2.770334928",0.409,0.355,"-2.770334928",0.098,0.07400000000000001,0.089,0.063,25.3,,,,,,,
209,672642,"Berroa, Steward",2023,212,98.6,0.14,0.07,0.2,0.209,0.235,0.236,0.159,6,43,85.2,15.2,2233,88,88.14,19,82,127,0.09999999999999432,6.29,107,147,104,147,286,311,289,"4.074","-4.074",,,51,30,3,3,0,0,13,25.5,7,13.7,2.28679,0.68426,0.32344,-0.32344,"89.8",115,10,0,0,5.79,-0.38,-0.03,2.32,0.275,0,"-1.949282297",0.291,0.186,"1.949282297",-0.019,-0.01599999999999996,0.023,-0.001,23.2,,,,,,,
208,592714,"Sale, Josh",2023,208,100,0.19,0.143,0.3,0.333,0.313,0.347,0.224,8,42,96.4,13.2,2158,89.8,90.27,40,96,112,0.5,6.34,117,145,121,150,293,325,301,"0.225","-0.225",,,52,22,6,0,0,2,20,38.5,9,17.3,2.20202,0.62856,0.43346,-0.40087,"92.1",145,54.54545454545454,13.636363636363635,5.769230769230769,5.77,-1.57,-0.19,2.34,0.346,3,"-0.108173077",0.373,0.401,"0.108173077",-0.034,-0.027000000000000024,-0.068,-0.034,41.7,,,,,,,
207,676701,"Trejo, Alan",2023,207,100,0.37,0.196,0.485,0.565,0.442,0.366,0.279,17,46,88.2,15.6,2184,88.7,89.1,22,89,118,0.3999999999999915,6.3,107,149,122,146,304,327,297,"-7.457","7.457",,,54,34,11,4,1,1,12,22.2,7,13,2.36184,0.54353,0.24131,0.01422,"91.3",176,41.17647058823529,5.88235294117647,3.7037037037037033,5.74,-0.26,0.03,2.27,0.463,2,"3.602415459",0.386,0.442,"-3.602415459",0.091,0.07700000000000001,0.123,0.076,24.7,,,,,,,
207,683642,"Romero, Rayber",2023,210,98.6,0.086,0.057,0.15,0.143,0.241,0.262,0.129,3,35,75.6,-6.9,2203,88.5,88.23,20,67,140,-0.29999999999999716,6.17,105,141,102,141,270,292,275,"3.255","-3.255",,,46,20,2,0,1,0,15,32.6,8,17.4,2.13425,0.81758,0.62498,-0.62498,"89.0",110,10.526315789473683,0,0,5.74,-0.91,-0.06,2.32,0.304,0,"-1.572463768",0.342,0.141,"1.572463768",-0.043,-0.038000000000000034,0.002,-0.021,29.9,,,,,,,
207,692503,"Mesia, Victor",2023,207,100,0.216,0.098,0.323,0.314,0.29,0.248,0.171,11,51,87.2,8.7,2269,87.9,87.7,38,104,103,-0.20000000000000284,6.21,103,143,114,141,285,300,273,"2.699","-2.699",,,59,32,9,0,1,1,19,32.2,7,11.9,2.24092,0.74831,0.38592,0.02272,"91.0",139,31.25,3.125,1.694915254237288,5.73,-1.13,0.15,2.33,0.322,1,"-1.303864734",0.283,0.241,"1.303864734",0.045,0.039000000000000035,0.073,0.042,36.5,,,,,,,
205,665912,"Hernandez, Miguel",2023,205,100,0.283,0.075,0.4,0.358,0.294,0.258,0.246,15,53,88.1,-3.4,2254,88.8,88.83,38,117,88,0,6.21,103,150,115,147,297,311,288,"1.474","-1.474",,,55,36,13,1,0,1,17,30.9,1,1.8,2.27317,0.70025,0.25561,-0.03171,"90.7",134,40,2.857142857142857,1.8181818181818181,5.96,-1.07,0.09,2.47,0.309,1,"-0.71902439",0.274,0.303,"0.71902439",0.037,0.034999999999999976,0.055,0.036,32.5,,,,,,,
205,694425,"Bigbie, Justice",2023,205,100,0.275,0.118,0.361,0.392,0.324,0.299,0.231,14,51,91,8,2237,88.1,88.16,33,114,91,0.10000000000000853,6.29,106,150,117,146,293,316,282,"1.044","-1.044",,,58,37,10,3,0,1,15,25.9,5,8.6,2.40834,0.56655,0.11431,0.02225,"92.6",176,48.64864864864865,10.81081081081081,6.896551724137931,6,-1.03,0.23,2.35,0.345,4,"-0.509268293",0.311,0.357,"0.509268293",0.044,0.033999999999999975,0.035,0.025,28.9,,,,,,,
205,673893,"Schwecke, Trevor",2023,205,100,0.265,0.102,0.429,0.367,0.312,0.235,0.176,13,49,77.1,1.3,2158,86.9,86.9,38,119,86,0,6.21,106,151,122,147,290,311,280,"0.89","-0.89",,,55,29,10,2,0,1,20,36.4,4,7.3,2.45098,0.59556,0.38683,-0.04439,"89.5",120,20,6.666666666666667,3.6363636363636362,5.92,0.26,0.07,2.43,0.333,2,"-0.434146341",0.252,0.26,"0.434146341",0.089,0.08100000000000002,0.107,0.077,31.9,,,,,,,
204,802544,"Vradenburg, Brock",2023,204,100,0.35,0.1,0.448,0.45,0.405,0.306,0.225,14,40,81.6,-3.7,2239,87.2,87.06,25,75,129,-0.10000000000000853,6.22,113,145,125,139,287,311,292,"-3.61","3.61",,,48,30,12,1,0,1,10,20.8,7,14.6,2.30358,0.73931,0.5068,-0.39675,"91.0",149,30,3.3333333333333335,2.083333333333333,5.63,-0.96,-0.09,2.36,0.458,1,"1.769607843",0.354,0.299,"-1.769607843",0.125,0.10400000000000004,0.151,0.099,33.3,,,,,,,
203,668731,"Baddoo, Akil",2023,203,100,0.275,0.2,0.333,0.475,0.371,0.308,0.192,11,40,89.5,6,2124,86.9,86.77,15,82,121,-0.10000000000000853,6.25,114,145,111,153,278,319,288,"-1.068","1.068",,,49,31,6,3,1,1,10,20.4,8,16.3,2.50192,0.55547,0.41453,-0.3564,"91.5",149,22.58064516129032,6.451612903225806,4.081632653061225,5.86,-1.28,-0.1,2.34,0.388,2,"0.526108374",0.336,0.277,"-0.526108374",0.083,0.05199999999999999,0.198,0.063,18.3,,,,,,,
202,685127,"McGarry, Alex",2023,202,100,0.17,0.191,0.231,0.362,0.249,0.279,0.186,8,47,91.3,16.3,2215,87.9,87.89,46,108,94,0,6.22,111,144,116,150,280,310,288,"2.696","-2.696",,,50,28,3,3,0,2,19,38,3,6,2.2751,0.71705,0.2753,-0.28955,"92.0",142,42.857142857142854,14.285714285714285,8,6.01,-0.85,-0.19,2.47,0.22,4,"-1.334653465",0.235,0.418,"1.334653465",-0.016,-0.014999999999999986,-0.056,-0.03,42.6,,,,,,,
201,690969,"Clark, Kellum",2023,201,100,0.231,0.128,0.32,0.359,0.328,0.319,0.224,9,39,82.7,7.2,2203,86.5,86.41,25,95,106,-0.09999999999999432,6.25,113,142,121,140,281,311,284,"-1.351","1.351",,,49,26,6,2,0,1,14,28.6,8,16.3,2.36478,0.72542,0.4588,-0.4107,"90.3",150,30.76923076923077,3.8461538461538463,2.0408163265306123,5.63,-1.17,-0.14,2.37,0.367,1,"0.672139303",0.367,0.316,"-0.672139303",0.007,0,0.043,0.009,26.3,,,,,,,
201,814408,"Hornung, Jackson",2023,201,100,0.14,0.1,0.176,0.24,0.206,0.278,0.198,7,50,85.8,10.5,2352,87.6,87.34,32,95,106,-0.29999999999999716,6.13,105,143,114,143,288,304,280,"3.548","-3.548",,,56,35,4,2,0,1,16,28.6,3,5.4,2.33741,0.6736,0.36955,-0.05266,"91.1",133,31.428571428571427,5.714285714285714,3.571428571428571,5.63,-0.99,0.11,2.35,0.214,2,"-1.765174129",0.274,0.342,"1.765174129",-0.058,-0.060000000000000026,-0.102,-0.072,33.7,,,,,,,
200,622168,"Muñoz, Yairo",2023,200,100,0.304,0.087,0.389,0.391,0.346,0.249,0.188,14,46,86.2,3.5,2225,87.9,88.38,30,97,103,0.5,6.36,104,150,118,146,303,323,296,"-0.245","0.245",,,54,36,10,4,0,0,11,20.4,6,11.1,2.5669,0.40246,0.15845,0.04775,"90.3",126,27.77777777777778,0,0,5.65,-0.78,0.14,2.29,0.389,0,"0.1225",0.29,0.238,"-0.1225",0.116,0.09900000000000003,0.153,0.097,30.9,,,,,,,
198,668904,"Lewis, Royce",2023,198,100,0.356,0.422,0.37,0.778,0.484,0.382,0.284,16,45,93.2,13.5,2212,88.6,88.75,29,87,111,0.20000000000000284,6.41,106,151,124,144,301,319,279,"-8.66","8.66",,,51,33,9,1,0,6,13,25.5,5,9.8,2.25838,0.69832,0.29035,-0.03702,"93.7",151,48.484848484848484,15.151515151515152,9.803921568627452,5.95,-0.61,0.18,2.17,0.412,5,"4.373737374",0.349,0.567,"-4.373737374",0.072,0.063,0.211,0.102,33.3,,,,,,,
197,805805,"Jenkins, Walker",2023,197,100,0.392,0.216,0.432,0.608,0.448,0.339,0.301,20,51,84.6,8.2,2261,87,86.84,17,94,103,-0.20000000000000284,6.19,113,146,118,146,276,302,276,"-5.235","5.235",,,56,45,14,2,3,1,6,10.7,4,7.1,2.33289,0.72296,0.4868,-0.5003,"91.3",142,28.888888888888886,2.2222222222222223,1.7857142857142856,5.9,-0.82,-0.26,2.41,0.446,1,"2.657360406",0.363,0.402,"-2.657360406",0.091,0.08300000000000002,0.206,0.109,18.1,,,,,,,
197,677627,"Zapata, Jose",2023,197,100,0.208,0.021,0.4,0.229,0.213,0.212,0.187,10,48,86.1,13,2321,87.1,87.13,48,106,91,0,6.32,104,145,117,144,289,307,279,"5.134","-5.134",,,53,25,9,1,0,0,25,47.2,3,5.7,2.34188,0.71393,0.29716,0.22335,"91.4",149,32,0,0,5.72,-1.23,0.18,2.33,0.245,0,"-2.606091371",0.229,0.241,"2.606091371",0.021,0.015999999999999986,-0.012,0.001,45.3,,,,,,,
196,672696,"Acuna, Francisco",2023,198,99,0.182,0.023,0.222,0.205,0.246,0.255,0.173,8,44,81.7,9.8,2276,87.4,87.23,16,87,109,-0.20000000000000284,6.21,104,147,107,144,283,309,281,"3.651","-3.651",,,53,36,7,1,0,0,9,17,7,13.2,2.235,0.79454,0.36323,-0.07718,"89.4",162,13.88888888888889,0,0,5.79,-0.6,0.25,2.44,0.302,0,"-1.862755102",0.3,0.215,"1.862755102",0.009,0.0020000000000000018,-0.01,-0.009,18.4,,,,,,,
195,687347,"Friscia, Vito",2023,195,100,0.263,0.237,0.292,0.5,0.378,0.289,0.17,10,38,88.7,20.5,2210,88.5,88.34,25,81,114,-0.20000000000000284,6.21,109,150,119,145,295,323,284,"-0.659","0.659",,,47,27,7,0,0,3,12,25.5,7,14.9,2.17303,0.78451,0.29505,-0.12206,"90.7",185,37.03703703703704,7.4074074074074066,4.25531914893617,5.89,-0.27,0.21,2.45,0.383,2,"0.337948718",0.313,0.293,"-0.337948718",0.093,0.07,0.207,0.089,30.9,,,,,,,
195,672692,"Peroza, Jose",2023,195,100,0.275,0.225,0.333,0.5,0.406,0.355,0.227,11,40,83.1,10.1,2186,86.8,86.69,26,90,105,-0.09999999999999432,6.2,110,151,118,146,295,315,282,"-6.116","6.116",,,51,29,7,1,1,2,11,21.6,9,17.6,2.42441,0.64361,0.352,-0.168,"89.7",142,20.689655172413794,6.896551724137931,3.9215686274509802,5.69,-0.21,0.09,2.23,0.431,2,"3.136410256",0.394,0.378,"-3.136410256",0.048,0.03699999999999998,0.122,0.051,28.9,,,,,,,
192,658668,"Olivares, Edward",2023,192,100,0.365,0.269,0.41,0.635,0.444,0.267,0.205,19,52,86.1,12.6,2235,89,89.04,25,92,100,0,6.22,105,148,111,142,295,321,282,"-6.167","6.167",,,59,42,11,5,0,3,11,18.6,3,5.1,2.22969,0.67628,0.34639,0.02827,"91.2",144,33.33333333333333,4.761904761904762,3.389830508474576,5.86,-1.12,0.15,2.31,0.424,2,"3.211979167",0.283,0.312,"-3.211979167",0.16,0.14100000000000001,0.323,0.177,27.2,,,,,,,
192,807751,"O'Donnell, Ethan",2023,192,100,0.439,0.341,0.469,0.78,0.537,0.429,0.341,18,41,91.8,16.1,2251,87.6,87.57,22,102,90,0,6.21,102,143,112,136,287,309,288,"-9.59","9.59",,,47,35,11,3,1,3,6,12.8,4,8.5,2.22406,0.78372,0.52795,-0.47742,"90.9",163,51.42857142857142,8.571428571428571,6.382978723404255,5.8,-1.38,-0.07,2.43,0.511,3,"4.994791667",0.425,0.576,"-4.994791667",0.098,0.08600000000000002,0.204,0.108,21.6,,,,,,,
189,685382,"Navigato, Andrew",2023,189,100,0.174,0.13,0.211,0.304,0.244,0.284,0.208,8,46,87.4,19.4,2270,88.3,88.28,17,79,110,0,6.28,105,142,117,144,300,315,279,"4.497","-4.497",,,52,38,3,4,1,0,9,17.3,4,7.7,2.24778,0.70979,0.47138,0.1464,"91.4",172,34.21052631578947,5.263157894736842,3.8461538461538463,5.77,-0.88,0.07,2.47,0.25,2,"-2.379365079",0.29,0.316,"2.379365079",-0.034,-0.03999999999999998,-0.012,-0.04,21.5,,,,,,,
188,691939,"DeLeo, Jake",2023,188,100,0.14,0.093,0.25,0.233,0.222,0.264,0.199,6,43,87.2,2.7,2343,86.8,86.77,30,77,111,0,6.26,101,143,115,143,295,308,280,"5.435","-5.435",,,49,24,3,2,1,0,19,38.8,6,12.2,2.33473,0.73479,0.31436,0.13957,"90.3",140,29.166666666666668,4.166666666666666,2.0408163265306123,5.64,-0.98,0.3,2.25,0.245,1,"-2.890957447",0.297,0.272,"2.890957447",-0.059,-0.05199999999999999,-0.039,-0.042,39,,,,,,,
188,695013,"Harrison, Kalae",2023,188,100,0.265,0.088,0.32,0.353,0.349,0.297,0.193,9,34,80.3,-1.8,2278,87.5,86.98,14,68,120,-0.5,6,111,145,104,143,263,296,291,"-1.691","1.691",,,44,26,8,0,0,1,9,20.5,8,18.2,2.34606,0.66984,0.58209,-0.32262,"89.3",122,15.384615384615385,7.6923076923076925,4.545454545454546,5.75,-0.72,-0.15,2.31,0.409,2,"0.899468085",0.356,0.257,"-0.899468085",0.072,0.05299999999999999,0.096,0.052,20.6,,,,,,,
187,688226,"Mulrine, Anthony",2023,187,100,0.149,0.043,0.206,0.191,0.236,0.267,0.191,7,47,82,12.4,2304,88.6,88.88,25,95,92,0.30000000000001137,6.22,105,147,116,148,302,329,291,"4.757","-4.757",,,56,34,5,2,0,0,13,23.2,7,12.5,2.32759,0.58824,0.34257,0.15316,"89.6",145,17.647058823529413,0,0,5.77,-1.27,0.07,2.19,0.286,0,"-2.543850267",0.321,0.23,"2.543850267",-0.042,-0.03500000000000003,-0.039,-0.031,26.3,,,,,,,
187,814431,"Castillo, Jackson",2023,187,100,0.184,0.079,0.286,0.263,0.251,0.264,0.188,7,38,85.7,9.8,2308,89.1,88.87,28,81,106,-0.19999999999998863,6.15,116,144,122,145,275,304,287,"2.433","-2.433",,,43,22,6,0,0,1,16,37.2,5,11.6,2.10283,0.80602,0.55289,-0.17802,"89.9",143,18.181818181818183,13.636363636363635,6.976744186046512,5.81,-1.04,-0.09,2.35,0.279,3,"-1.301069519",0.283,0.297,"1.301069519",-0.004,-0.003999999999999948,-0.034,-0.013,34.6,,,,,,,
186,689577,"Antonini, Aaron",2023,186,100,0.206,0.176,0.286,0.382,0.351,0.336,0.178,7,34,82.8,23.3,2153,87.3,87.1,25,96,90,-0.20000000000000284,6.06,117,144,118,150,288,316,289,"0.256","-0.256",,,46,22,4,1,1,1,13,28.3,6,13,2.55737,0.71269,0.44319,-0.18222,"90.0",167,22.727272727272727,4.545454545454546,2.1739130434782608,5.83,-1.21,-0.05,2.37,0.391,1,"-0.137634409",0.39,0.287,"0.137634409",0.028,0.0010000000000000009,0.095,0.015,26,,,,,,,
185,665828,"Cabrera, Oswaldo",2023,185,100,0.225,0.175,0.241,0.4,0.321,0.302,0.216,9,40,87.5,14.3,2159,88.3,88.52,20,81,104,0.20000000000000284,6.27,117,146,112,150,283,310,292,"-0.387","0.387",,,46,31,6,1,0,2,9,19.6,5,10.9,2.38573,0.56527,0.48913,-0.48913,"90.6",158,25.806451612903224,6.451612903225806,4.3478260869565215,5.81,-1.63,-0.14,2.33,0.326,2,"0.209189189",0.318,0.356,"-0.209189189",0.009,0.008000000000000007,0.044,0.019,24.7,,,,,,,
184,677600,"Hernandez, Adrian",2023,184,100,0.146,0.122,0.217,0.268,0.23,0.222,0.169,6,41,82.4,14.5,2275,87.9,87.59,34,82,102,-0.20000000000000284,6.17,109,145,118,144,286,303,279,"0.88","-0.88",,,46,24,4,0,1,1,17,37,5,10.9,2.24989,0.75055,0.38429,0.01005,"89.7",150,16.666666666666664,0,0,5.8,-0.78,0.27,2.45,0.239,0,"-0.47826087",0.259,0.21,"0.47826087",-0.023,-0.020000000000000018,0.058,0.008,41.5,,,,,,,
184,682860,"Custodio, Jauri",2023,184,100,0.227,0.091,0.29,0.318,0.3,0.358,0.263,10,44,85.2,12.5,2272,88.8,88.73,31,94,90,-0.09999999999999432,6.28,106,147,113,145,283,303,273,"1.702","-1.702",,,53,32,8,1,0,1,13,24.5,7,13.2,2.13522,0.80328,0.34891,0.18377,"90.9",155,31.25,12.5,7.547169811320755,5.87,-0.77,0.05,2.47,0.34,4,"-0.925",0.376,0.421,"0.925",-0.036,-0.035999999999999976,-0.103,-0.058,33,,,,,,,
184,668942,"Rojas, Josh",2023,184,100,0.255,0.118,0.282,0.373,0.3,0.26,0.216,13,51,85.1,13.9,2207,88.7,88.93,17,89,95,0.20000000000000284,6.29,110,144,116,148,289,325,300,"1.41","-1.41",,,55,41,11,0,0,2,10,18.2,4,7.3,2.33478,0.58043,0.42489,-0.1763,"90.3",166,24.390243902439025,4.878048780487805,3.6363636363636362,5.8,-0.24,-0.04,2.33,0.309,2,"-0.766304348",0.273,0.31,"0.766304348",0.039,0.035999999999999976,0.063,0.04,19.1,,,,,,,
183,605196,"Cron, Kevin",2023,183,100,0.133,0.022,0.222,0.156,0.138,0.168,0.146,6,45,84.9,10.9,2298,85.9,86,35,100,83,0.09999999999999432,6.14,111,150,119,145,293,323,291,"7.992","-7.992",,,46,27,5,1,0,0,18,39.1,1,2.2,2.63284,0.47044,0.02831,-0.16481,"91.7",132,33.33333333333333,3.7037037037037033,2.1739130434782608,5.83,-0.28,0.17,2.43,0.152,1,"-4.367213115",0.164,0.217,"4.367213115",-0.013,-0.01200000000000001,-0.061,-0.03,35,,,,,,,
181,806146,"Lombard Jr., George",2023,181,100,0.273,0.03,0.391,0.303,0.329,0.298,0.225,9,33,84.2,0.9,2320,88.7,88.42,19,70,111,-0.29999999999999716,6.16,105,146,117,142,288,305,274,"-0.826","0.826",,,40,23,8,1,0,0,10,25,7,17.5,2.16409,0.78017,0.42597,-0.06188,"89.8",126,21.73913043478261,0,0,5.7,-0.79,0.16,2.41,0.4,0,"0.456353591",0.36,0.266,"-0.456353591",0.048,0.040000000000000036,0.037,0.031,27.1,,,,,,,
181,669327,"Allen, Tanner",2023,181,100,0.296,0.093,0.364,0.389,0.315,0.274,0.256,16,54,86,0.8,2196,86.8,86.19,28,101,80,-0.5999999999999943,5.96,114,144,109,143,281,298,276,"1.318","-1.318",,,57,44,13,1,2,0,10,17.5,2,3.5,2.40901,0.67044,0.45744,-0.38856,"91.4",135,36.36363636363637,0,0,5.84,-0.69,-0.2,2.26,0.333,0,"-0.728176796",0.296,0.318,"0.728176796",0.04,0.03700000000000003,0.071,0.041,27.7,,,,,,,
180,670232,"Rodríguez, Ramón",2023,181,99.4,0.282,0.051,0.297,0.333,0.326,0.399,0.334,11,39,89,6.6,2224,88,87.97,10,85,95,0,6.23,104,149,115,145,295,314,284,"0.876","-0.876",,,47,37,9,2,0,0,3,6.4,7,14.9,2.34672,0.62872,0.32178,-0.02333,"91.8",133,43.24324324324324,5.405405405405405,4.25531914893617,5.68,-0.52,0.12,2.19,0.383,2,"-0.486666667",0.426,0.492,"0.486666667",-0.052,-0.04299999999999998,-0.159,-0.073,11.8,,,,,,,
179,813852,"Paige, Trey",2023,179,100,0.133,0,0.16,0.133,0.223,0.344,0.266,4,30,85.3,13.5,2252,88.9,88.96,23,81,98,0.09999999999999432,6.25,118,146,128,143,291,311,294,"1.163","-1.163",,,41,25,4,0,0,0,8,19.5,6,14.6,2.0638,0.84436,0.54469,-0.50927,"89.7",163,28.000000000000004,0,0,5.77,-1.18,-0.12,2.51,0.293,0,"-0.64972067",0.398,0.345,"0.64972067",-0.133,-0.10500000000000004,-0.212,-0.121,28.4,,,,,,,
178,678637,"Baez, Luis",2023,178,100,0.167,0.024,0.25,0.19,0.234,0.22,0.144,7,42,84.3,23,2265,87.4,87.05,33,86,92,-0.30000000000001137,6.11,103,144,108,143,282,301,272,"4.774","-4.774",,,49,28,6,1,0,0,14,28.6,5,10.2,2.3027,0.72652,0.43983,0.20916,"89.5",157,21.428571428571427,0,0,5.88,-0.98,0.17,2.48,0.286,0,"-2.682022472",0.266,0.18,"2.682022472",0.023,0.019999999999999962,0.01,0.014,38.4,,,,,,,
178,680890,"Biggers, Jax",2023,179,99.4,0.308,0.051,0.429,0.359,0.344,0.263,0.198,12,39,84.5,12.8,2151,88.9,89.18,23,75,103,0.29999999999999716,6.24,105,146,103,147,296,322,297,"0.326","-0.326",,,45,28,10,2,0,0,11,24.4,6,13.3,2.32809,0.57347,0.44836,-0.27627,"89.9",137,10.714285714285714,0,0,5.7,-0.74,-0.18,2.25,0.4,0,"-0.183146067",0.305,0.253,"0.183146067",0.11,0.09500000000000003,0.106,0.081,30.7,,,,,,,
176,592261,"DeShields, Delino",2023,179,98.3,0.167,0,0.206,0.167,0.205,0.28,0.227,7,42,81.1,3.1,2229,87.8,88.17,20,77,99,0.4000000000000057,6.46,102,150,109,145,296,313,283,"4.011","-4.011",,,47,34,7,0,0,0,8,17,5,10.6,2.28892,0.69903,0.33852,0.05875,"90.5",146,29.411764705882355,0,0,5.74,-0.53,0.19,2.38,0.255,0,"-2.278977273",0.309,0.309,"2.278977273",-0.06,-0.05399999999999999,-0.142,-0.075,26,,,,,,,
176,691792,"Riggio, Roc",2023,176,100,0.189,0.054,0.241,0.243,0.268,0.286,0.174,7,37,82.4,9.2,2355,88.4,88.11,21,72,104,-0.30000000000001137,6.16,106,143,115,138,274,304,282,"2.255","-2.255",,,44,29,5,2,0,0,8,18.2,7,15.9,2.08125,0.88432,0.50829,-0.41903,"91.3",148,27.586206896551722,10.344827586206897,6.8181818181818175,5.65,-1.49,-0.15,2.35,0.318,3,"-1.28125",0.305,0.32,"1.28125",0.015,0.013000000000000012,-0.077,-0.018,29.2,,,,,,,
175,669743,"Call, Alex",2023,177,98.9,0.256,0.154,0.257,0.41,0.339,0.294,0.199,10,39,85.9,20.1,2178,89.1,89.47,14,81,94,0.4000000000000057,6.44,102,149,106,145,294,326,283,"0.906","-0.906",,,47,36,6,3,0,1,4,8.5,6,12.8,2.18863,0.71769,0.28029,0.03822,"90.3",160,16.666666666666664,2.7777777777777777,2.127659574468085,6.05,-0.82,0.13,2.42,0.362,1,"-0.517714286",0.315,0.342,"0.517714286",0.057,0.046999999999999986,0.068,0.045,17.3,,,,,,,
175,657212,"Edwards, Evan",2023,175,100,0.273,0.152,0.381,0.424,0.365,0.366,0.278,9,33,87.5,11.8,2119,87.5,87.37,26,71,104,-0.09999999999999432,6.19,112,145,120,146,288,329,296,"-1.537","1.537",,,42,22,7,0,1,1,12,28.6,8,19,2.42903,0.58571,0.4096,-0.33714,"90.6",132,31.818181818181817,4.545454545454546,2.380952380952381,5.67,-0.71,-0.12,2.23,0.405,1,"0.878285714",0.413,0.398,"-0.878285714",-0.005,-0.007999999999999952,0.026,-0.001,36.6,,,,,,,
175,815089,"Morales, Coby",2023,175,100,0.25,0.25,0.381,0.5,0.382,0.377,0.228,9,36,91.1,18.5,2234,87.5,87.22,22,68,107,-0.29999999999999716,6.19,113,145,113,148,278,315,298,"-2.101","2.101",,,44,22,2,6,0,1,14,31.8,8,18.2,2.28406,0.73229,0.51609,-0.40448,"92.4",197,54.54545454545454,22.727272727272727,11.363636363636363,5.67,-0.93,-0.14,2.53,0.386,5,"1.200571429",0.368,0.511,"-1.200571429",0.022,0.018000000000000016,-0.011,0.005,32.4,,,,,,,
174,695426,"Bramwell, Spencer",2023,174,100,0.171,0.073,0.318,0.244,0.253,0.2,0.122,7,41,79.8,13.8,2318,87.6,87.73,37,83,91,0.10000000000000853,6.31,107,147,116,147,296,301,268,"3.246","-3.246",,,48,22,4,3,0,0,19,39.6,6,12.5,2.31241,0.70115,0.34368,0.18322,"90.2",131,22.727272727272727,0,0,5.79,-1.22,0.17,2.34,0.292,0,"-1.865517241",0.25,0.143,"1.865517241",0.049,0.04199999999999998,0.101,0.053,44.6,,,,,,,
174,694689,"Pitelli, Dominic",2023,175,99.4,0.184,0.079,0.269,0.263,0.238,0.24,0.197,7,38,86.3,10,2227,86.9,86.9,21,75,99,0,6.24,111,146,119,141,287,308,288,"2.515","-2.515",,,42,26,5,1,1,0,12,28.6,4,9.5,2.30287,0.75822,0.47621,-0.39023,"90.2",162,23.076923076923077,0,0,5.8,-1.41,-0.1,2.19,0.262,0,"-1.445402299",0.274,0.244,"1.445402299",-0.013,-0.01200000000000001,0.019,-0.002,28,,,,,,,
174,672284,"Kelenic, Jarred",2023,174,100,0.306,0.167,0.4,0.472,0.374,0.421,0.306,11,36,93.6,7.6,2139,86.2,86.23,25,77,97,0,6.14,116,149,119,148,296,323,300,"-0.329","0.329",,,43,26,7,3,0,1,11,25.6,6,14,2.74328,0.3618,0.30751,-0.33202,"93.0",161,57.692307692307686,15.384615384615385,9.30232558139535,5.74,-1.45,-0.31,2.32,0.395,4,"0.18908046",0.415,0.531,"-0.18908046",0,-0.019999999999999962,-0.059,-0.047,32.5,,,,,,,
173,672517,"Lopez, Johan",2023,174,99.4,0.222,0,0.333,0.222,0.322,0.313,0.179,6,27,81.5,17.1,2213,88.1,88.29,27,70,103,0.20000000000000284,6.42,105,151,115,143,295,319,288,"-0.039","0.039",,,38,18,6,0,0,0,10,26.3,10,26.3,2.22636,0.75269,0.2963,-0.01202,"89.5",155,27.77777777777778,0,0,5.7,-0.21,0.11,2.18,0.421,0,"0.022543353",0.391,0.242,"-0.022543353",0.043,0.02999999999999997,-0.02,0.009,38.6,,,,,,,
173,698933,"Hernandez, Ronald",2023,173,100,0.179,0.071,0.278,0.25,0.283,0.283,0.182,5,28,84.6,13.9,2307,87.9,87.87,26,71,102,0,6.28,107,141,117,141,281,308,282,"-0.834","0.834",,,38,18,3,2,0,0,12,31.6,6,15.8,2.20295,0.79637,0.39651,-0.39651,"89.9",174,33.33333333333333,0,0,5.7,-1.14,-0.25,2.48,0.342,0,"0.482080925",0.346,0.239,"-0.482080925",-0.003,-0.003999999999999948,0.011,0,36.6,,,,,,,
172,680711,"Roederer, Cole",2023,172,100,0.29,0.097,0.409,0.387,0.337,0.327,0.248,9,31,86.6,0.9,2036,86.5,86.14,27,80,92,-0.4000000000000057,5.98,110,146,107,155,283,314,288,"-0.446","0.446",,,37,22,7,1,1,0,10,27,5,13.5,2.55808,0.52855,0.56965,-0.48349,"90.6",149,36.36363636363637,4.545454545454546,2.7027027027027026,5.83,-1.69,-0.33,2.41,0.378,1,"0.259302326",0.359,0.313,"-0.259302326",0.042,0.019000000000000017,0.074,0.01,33.8,,,,,,,
171,628450,"Hernandez, Yadiel",2023,171,100,0.205,0.051,0.333,0.256,0.212,0.184,0.154,8,39,86.3,7.5,2232,87.5,87.35,33,82,89,-0.20000000000000284,6.18,115,144,125,151,281,313,296,"4.773","-4.773",,,40,24,6,2,0,0,15,37.5,1,2.5,2.43135,0.58747,0.50871,-0.46318,"90.5",181,37.5,4.166666666666666,2.5,5.78,-0.99,-0.06,2.33,0.225,1,"-2.79122807",0.175,0.252,"2.79122807",0.051,0.05000000000000002,0.004,0.028,40.2,,,,,,,
171,682109,"Toerner, Justin",2023,171,100,0.156,0.313,0.118,0.469,0.304,0.309,0.165,5,32,90.7,28.8,2261,88,87.91,17,69,102,-0.09999999999999432,6.25,119,147,111,148,289,321,294,"0.524","-0.524",,,36,20,1,1,0,3,12,33.3,3,8.3,2.27105,0.70731,0.30643,-0.33614,"90.9",196,50,20,11.11111111111111,5.79,-1.19,-0.11,2.34,0.25,4,"-0.306432749",0.258,0.47,"0.306432749",-0.009,-0.008000000000000007,-0.001,-0.005,24.6,,,,,,,
168,696501,"Coley II, Mark",2023,169,99.4,0.235,0.147,0.318,0.382,0.338,0.299,0.19,8,34,87.1,19.3,2310,86.9,86.77,27,82,86,-0.10000000000000853,6.25,102,145,115,144,296,309,281,"-0.054","0.054",,,41,23,5,2,0,1,11,26.8,4,9.8,2.3353,0.73524,0.21952,-0.01512,"91.2",134,52.17391304347826,4.3478260869565215,2.4390243902439024,5.56,-1.34,0.19,2.39,0.366,1,"0.032142857",0.329,0.317,"-0.032142857",0.045,0.03699999999999998,0.065,0.039,32.9,,,,,,,
166,815104,"Tarlow, Graysen",2023,166,100,0.143,0.071,0.19,0.214,0.297,0.32,0.18,4,28,84.8,17.1,2283,87.8,87.84,14,60,106,0,6.25,105,147,118,146,297,312,283,"-0.681","0.681",,,38,21,2,2,0,0,7,18.4,8,21.1,2.15711,0.82548,0.33922,0.16645,"89.5",165,25,0,0,5.78,-1.12,0.3,2.32,0.368,0,"0.410240964",0.402,0.233,"-0.410240964",-0.037,-0.03400000000000003,-0.019,-0.023,23.3,,,,,,,
165,695312,"Palensky, Aaron",2023,165,100,0.167,0.233,0.2,0.4,0.342,0.291,0.155,5,30,80.3,14.9,2189,87.7,88.04,24,78,87,0.29999999999999716,6.42,109,152,122,147,285,320,291,"-1.265","1.265",,,39,17,2,1,0,2,13,33.3,7,17.9,2.28206,0.71854,0.45188,0.21867,"89.4",151,23.52941176470588,5.88235294117647,2.564102564102564,5.62,-1.66,0.23,2.44,0.359,1,"0.766666667",0.35,0.235,"-0.766666667",0.012,0.009000000000000008,0.165,0.051,30.8,,,,,,,
164,681481,"Carpenter, Kerry",2023,164,100,0.171,0.114,0.227,0.286,0.256,0.317,0.224,6,35,90.3,5.3,2209,86.7,86.53,18,72,92,-0.20000000000000284,6.14,112,146,122,150,290,314,293,"2.261","-2.261",,,40,23,4,1,0,1,12,30,5,12.5,2.60909,0.47374,0.25055,-0.18528,"91.3",174,34.78260869565217,4.3478260869565215,2.5,5.82,-0.15,-0.18,2.32,0.275,1,"-1.378658537",0.321,0.403,"1.378658537",-0.053,-0.045999999999999985,-0.117,-0.061,25,,,,,,,
164,688403,"Sandle, Michael",2023,165,99.4,0.194,0.306,0.174,0.5,0.338,0.349,0.23,7,36,89.3,10.8,2258,88.8,89.01,15,69,95,0.20000000000000284,6.27,106,150,117,146,291,321,288,"-1.482","1.482",,,45,26,2,2,0,3,11,24.4,4,8.9,2.31646,0.58699,0.33555,0.22287,"93.2",153,53.84615384615385,11.538461538461538,6.666666666666667,5.7,-1.77,-0.11,2.4,0.311,3,"0.903658537",0.345,0.453,"-0.903658537",-0.036,-0.033999999999999975,0.047,-0.011,21.7,,,,,,,
163,518626,"Donaldson, Josh",2023,163,100,0.231,0.385,0.176,0.615,0.437,0.411,0.218,6,26,92.4,17.5,2196,88.9,89.2,17,62,101,0.29999999999999716,6.37,112,149,114,145,305,331,301,"-5.097","5.097",,,35,20,2,1,0,3,6,17.1,9,25.7,2.26472,0.64012,0.43252,-0.15791,"91.5",152,45,15,8.571428571428571,5.66,-0.19,0.21,2.34,0.429,3,"3.126993865",0.419,0.543,"-3.126993865",0.013,0.010000000000000009,0.072,0.026,27.4,,,,,,,
162,700250,"Rice, Ben",2023,162,100,0.286,0.257,0.348,0.543,0.407,0.295,0.2,10,35,90.4,24.2,2278,88.3,88.6,15,71,91,0.29999999999999716,6.44,114,143,124,142,291,319,288,"-2.477","2.477",,,42,25,5,3,0,2,10,23.8,5,11.9,2.0834,0.88191,0.54025,-0.42951,"91.4",159,40,4,2.380952380952381,5.74,-1.24,-0.14,2.42,0.405,1,"1.529012346",0.333,0.301,"-1.529012346",0.086,0.07200000000000001,0.242,0.112,21.1,,,,,,,
162,621028,"Newman, Kevin",2023,162,100,0.211,0,0.267,0.211,0.256,0.287,0.231,8,38,84.8,14.1,2170,89,89.21,20,68,94,0.20000000000000284,6.34,101,149,117,145,285,308,285,"2.362","-2.362",,,44,30,8,0,0,0,8,18.2,5,11.4,2.17321,0.7221,0.41093,0.1134,"90.2",171,23.333333333333332,0,0,5.9,-0.84,0.23,2.29,0.318,0,"-1.458024691",0.336,0.284,"1.458024691",-0.02,-0.018000000000000016,-0.073,-0.031,29.4,,,,,,,
161,672779,"Marcano, Tucupita",2023,162,99.4,0.415,0.244,0.5,0.659,0.471,0.338,0.3,17,41,89.2,17.7,2184,88.2,88.19,17,68,93,0,6.26,112,152,97,149,286,315,295,"-4.289","4.289",,,44,33,9,7,0,1,8,18.2,3,6.8,2.29175,0.67667,0.33944,-0.26156,"91.1",184,31.25,0,0,5.77,-1.42,0.02,2.3,0.455,0,"2.663975155",0.349,0.422,"-2.663975155",0.115,0.10600000000000004,0.237,0.133,25,,,,,,,
161,656568,"Hurst, Scott",2023,161,100,0.133,0,0.222,0.133,0.215,0.234,0.145,4,30,83.1,5.3,2214,88.3,88.36,23,62,99,0.10000000000000853,6.28,110,143,109,149,273,305,288,"3.638","-3.638",,,36,18,4,0,0,0,12,33.3,5,13.9,2.30478,0.66503,0.20937,-0.14094,"89.2",145,16.666666666666664,0,0,5.81,-0.78,-0.05,2.49,0.278,0,"-2.259627329",0.287,0.175,"2.259627329",-0.012,-0.008999999999999952,-0.042,-0.019,37.1,,,,,,,
160,664728,"Isbel, Kyle",2023,160,100,0.29,0.258,0.304,0.548,0.408,0.388,0.282,9,31,90.4,11.2,2044,88.5,88.6,13,66,94,0.09999999999999432,6.33,112,146,111,150,293,320,296,"-1.656","1.656",,,37,25,5,2,0,2,6,16.2,6,16.2,2.16331,0.79342,0.45794,-0.21981,"91.2",153,40,12,8.108108108108109,5.89,-1.05,-0.16,2.3,0.405,3,"1.035",0.399,0.494,"-1.035",0.008,0.006000000000000005,0.054,0.02,19.7,,,,,,,
160,677007,"Breaux, Josh",2023,160,100,0.214,0.31,0.167,0.524,0.362,0.331,0.233,9,42,91.3,12.9,2245,87,87.27,28,87,73,0.29999999999999716,6.37,106,152,116,146,290,322,284,"0.385","-0.385",,,49,34,4,1,0,4,8,16.3,5,10.2,2.4275,0.6262,0.13844,0.12319,"93.1",138,50,11.76470588235294,8.16326530612245,5.83,-1.6,0.13,2.31,0.327,4,"-0.240625",0.342,0.403,"0.240625",-0.019,-0.015000000000000013,0.121,0.031,32.2,,,,,,,
156,676609,"Caballero, José",2023,156,100,0.333,0.259,0.333,0.593,0.491,0.431,0.268,9,27,89.9,24.3,2226,88.7,88.85,8,54,102,0.09999999999999432,6.47,104,149,111,146,289,315,281,"-5.53","5.53",,,40,23,6,1,0,2,4,10,12,30,2.16744,0.78312,0.33628,0.06423,"91.2",178,26.08695652173913,8.695652173913043,5,5.73,-0.55,0.25,2.24,0.55,2,"3.544871795",0.506,0.444,"-3.544871795",0.065,0.04400000000000004,0.149,0.06,14.8,,,,,,,
156,649955,"Clementina, Hendrik",2023,156,100,0.317,0.146,0.414,0.463,0.334,0.245,0.216,13,41,89.1,10.6,2173,88.9,89.01,25,87,69,0.09999999999999432,6.26,102,147,126,145,306,319,302,"1.609","-1.609",,,43,30,9,3,0,1,12,27.9,1,2.3,2.35968,0.55161,0.36231,0.0909,"91.6",145,40,6.666666666666667,4.651162790697675,5.69,-0.7,-0.02,2.5,0.326,2,"-1.031410256",0.232,0.334,"1.031410256",0.101,0.094,0.129,0.089,28.7,,,,,,,
155,596115,"Story, Trevor",2023,155,100,0.313,0.406,0.333,0.719,0.469,0.385,0.253,10,32,90.1,20.1,2184,89.8,90.04,23,76,79,0.20000000000000284,6.37,109,147,122,146,300,326,296,"-4.176","4.176",,,38,24,3,4,0,3,8,21.1,5,13.2,2.06632,0.79084,0.406,0.37168,"91.9",172,50,12.5,7.894736842105263,5.92,-1.8,0.19,2.37,0.421,3,"2.694193548",0.371,0.528,"-2.694193548",0.06,0.04999999999999999,0.191,0.084,30.3,,,,,,,
155,688005,"Urbaez, Francisco",2023,155,100,0.265,0.088,0.333,0.353,0.31,0.29,0.228,9,34,89.7,14.1,2235,88.2,88.36,15,68,87,0.20000000000000284,6.28,115,152,115,147,293,310,287,"1.089","-1.089",,,38,27,7,1,1,0,7,18.4,4,10.5,2.33065,0.63209,0.26813,-0.15316,"91.8",152,37.03703703703704,0,0,5.96,-0.15,0.06,2.42,0.342,0,"-0.702580645",0.309,0.332,"0.702580645",0.037,0.03300000000000003,0.021,0.02,22.1,,,,,,,
154,694829,"Burns, Connor",2023,154,100,0.12,0.12,0.286,0.24,0.256,0.218,0.077,3,25,89.2,16.1,2327,86.7,86.48,33,68,86,-0.20000000000000284,6.08,112,147,118,142,290,303,273,"2.249","-2.249",,,31,8,2,0,0,1,17,54.8,6,19.4,2.33435,0.73071,0.33773,0.15799,"89.6",156,25,12.5,3.225806451612903,5.68,-1.27,0.13,2.23,0.29,1,"-1.46038961",0.255,0.17,"1.46038961",0.043,0.034999999999999976,0.07,0.038,48.5,,,,,,,
153,595453,"Wallach, Chad",2023,153,100,0.361,0.194,0.393,0.556,0.424,0.382,0.295,13,36,91.6,18.4,2252,87.8,87.99,22,70,83,0.20000000000000284,6.15,109,147,118,144,300,324,291,"-3.444","3.444",,,43,30,10,1,0,2,7,16.3,6,14,2.47471,0.50124,0.29863,0.07706,"93.1",172,50,10,6.976744186046512,5.63,-1.5,0.05,2.52,0.442,3,"2.250980392",0.397,0.473,"-2.250980392",0.066,0.044999999999999984,0.083,0.042,31.4,,,,,,,
152,683619,"Castillo, Luis",2023,152,100,0.125,0.094,0.214,0.219,0.193,0.18,0.103,4,32,81.5,33.7,2131,87.2,87.36,30,72,80,0.20000000000000284,6.27,114,146,117,147,280,303,283,"3.487","-3.487",,,35,15,3,0,0,1,17,48.6,3,8.6,2.2902,0.72993,0.52868,-0.52066,"90.3",157,20,6.666666666666667,2.857142857142857,5.74,-1.21,-0.14,2.39,0.2,1,"-2.294078947",0.18,0.21,"2.294078947",0.022,0.020000000000000018,0.009,0.013,41.7,,,,,,,
151,699114,"Balcazar, Leo",2023,151,100,0.3,0.167,0.471,0.467,0.404,0.356,0.235,9,30,87.6,7.7,2235,86.7,86.55,29,63,88,-0.20000000000000284,6.25,104,143,111,141,292,315,289,"-2.591","2.591",,,38,18,6,2,0,1,12,31.6,8,21.1,2.50616,0.58926,0.23126,-0.01762,"91.4",171,44.44444444444444,5.555555555555555,2.631578947368421,5.73,-0.48,0.05,2.08,0.447,1,"1.71589404",0.396,0.391,"-1.71589404",0.065,0.05099999999999999,0.076,0.048,46,,,,,,,
151,673461,"Céspedes, Yoelqui",2023,152,99.3,0.348,0.196,0.395,0.543,0.378,0.307,0.286,16,46,85.1,15.8,2177,87.2,87.14,24,106,45,-0.10000000000000853,6.19,102,150,112,148,289,316,284,"-1.814","1.814",,,46,39,9,6,0,1,7,15.2,0,0,2.46404,0.57193,0.31407,0.0762,"90.5",137,30.76923076923077,5.128205128205128,4.3478260869565215,5.68,-0.77,0.09,2.26,0.348,2,"1.201324503",0.286,0.432,"-1.201324503",0.062,0.062,0.111,0.071,22.6,,,,,,,
150,681468,"Rosier, Corey",2023,150,100,0.282,0.077,0.379,0.359,0.325,0.312,0.273,11,39,82.8,12.7,2125,87.8,87.83,16,70,80,0,6.34,114,145,100,150,277,314,289,"1.158","-1.158",,,44,29,8,3,0,0,10,22.7,4,9.1,2.25013,0.75213,0.49553,-0.46487,"90.1",167,24.137931034482758,0,0,5.88,-1.06,-0.24,2.29,0.364,0,"-0.772",0.356,0.327,"0.772",0.009,0.008000000000000007,0.032,0.013,22.9,,,,,,,
150,678225,"Bae, Ji Hwan",2023,150,100,0.344,0.188,0.476,0.531,0.43,0.331,0.238,11,32,89.9,0.9,2190,88.4,88.48,15,68,82,0.09999999999999432,6.15,114,147,109,151,290,322,298,"-2.58","2.58",,,39,22,7,3,0,1,10,25.6,7,17.9,2.29267,0.6412,0.4016,-0.3228,"91.0",124,40.909090909090914,4.545454545454546,2.564102564102564,5.74,-0.66,-0.15,2.32,0.462,1,"1.72",0.375,0.354,"-1.72",0.106,0.08700000000000002,0.177,0.099,22.1,,,,,,,
149,692027,"Sanabria, Jose",2023,149,100,0.217,0,0.333,0.217,0.296,0.267,0.168,5,23,82.6,-5.4,2245,88.6,89.11,13,60,89,0.5,6.33,115,148,115,155,288,306,279,"0.985","-0.985",,,29,15,5,0,0,0,8,27.6,6,20.7,2.2898,0.62196,0.24811,0.09446,"89.0",132,20,0,0,5.62,-0.93,-0.07,2.24,0.379,0,"-0.661073826",0.34,0.187,"0.661073826",0.049,0.03899999999999998,0.03,0.029,21.7,,,,,,,
148,650619,"Viloria, Meibrys",2023,148,100,0.211,0.132,0.292,0.342,0.278,0.187,0.137,8,38,84,3.7,2197,87.8,88.07,15,63,85,0.29999999999999716,6.3,121,148,116,151,297,321,298,"0.987","-0.987",,,42,25,5,2,0,1,13,31,4,9.5,2.43764,0.54446,0.32284,-0.14405,"90.2",125,28.000000000000004,0,0,5.93,-0.74,-0.01,2.27,0.286,0,"-0.666891892",0.219,0.171,"0.666891892",0.074,0.06699999999999998,0.171,0.091,23.8,,,,,,,
148,681538,"Molfetta, Christian",2023,149,99.3,0.133,0,0.19,0.133,0.17,0.177,0.133,4,30,76.9,3,2238,88.7,88.82,17,64,84,0.09999999999999432,6.15,109,149,116,149,309,322,284,"5.559","-5.559",,,33,21,4,0,0,0,9,27.3,3,9.1,2.5323,0.38199,0.33966,0.08196,"88.8",108,9.523809523809524,0,0,5.86,-1.1,0.22,2.2,0.212,0,"-3.756081081",0.212,0.152,"3.756081081",0,0,-0.019,-0.007,26.6,,,,,,,
147,621563,"Wendle, Joey",2023,147,100,0.189,0.243,0.192,0.432,0.256,0.227,0.218,7,37,87.4,1.5,2240,88.7,88.82,20,76,71,0.09999999999999432,6.31,113,144,110,148,283,318,277,"2.944","-2.944",,,37,28,3,1,1,2,9,24.3,0,0,2.40497,0.53313,0.43476,-0.16333,"91.0",142,28.57142857142857,3.571428571428571,2.7027027027027026,5.97,-0.46,-0.1,2.42,0.189,1,"-2.002721088",0.218,0.31,"2.002721088",-0.029,-0.028999999999999998,0.122,0.029,26.3,,,,,,,
146,674951,"Podkul, Nick",2023,146,100,0.28,0.28,0.278,0.56,0.446,0.435,0.288,7,25,88.4,17.4,2190,86.5,86.26,17,59,87,-0.20000000000000284,6.19,108,148,120,146,295,322,287,"-2.36","2.36",,,34,20,4,1,0,2,5,14.7,5,14.7,2.72027,0.38717,0.32945,-0.10644,"91.8",159,55.00000000000001,10,5.88235294117647,5.95,-0.09,0.18,2.25,0.471,2,"1.616438356",0.476,0.511,"-1.616438356",-0.008,-0.0050000000000000044,0.049,0.011,28.8,,,,,,,
146,687242,"Miknis, Justin",2023,146,100,0.13,0,0.214,0.13,0.265,0.325,0.198,3,23,92.6,11.5,2312,87.7,87.55,14,53,93,-0.20000000000000284,6.18,113,146,115,147,269,306,287,"1.707","-1.707",,,31,14,3,0,0,0,9,29,8,25.8,2.32568,0.68418,0.46233,-0.27082,"91.1",129,53.84615384615385,0,0,5.8,-1.08,0.14,2.29,0.355,0,"-1.169178082",0.412,0.235,"1.169178082",-0.068,-0.056999999999999995,-0.105,-0.06,26.4,,,,,,,
145,691176,"Domínguez, Jasson",2023,145,100,0.419,0.161,0.464,0.581,0.465,0.342,0.292,13,31,91.3,12.4,2129,86.2,86.1,8,68,77,-0.10000000000000853,6.11,113,147,119,150,287,323,299,"-4.395","4.395",,,36,28,9,3,1,0,3,8.3,5,13.9,2.54807,0.56444,0.31421,-0.31421,"91.9",143,39.285714285714285,3.571428571428571,2.7777777777777777,5.83,-0.72,-0.12,2.36,0.5,1,"3.031034483",0.391,0.364,"-3.031034483",0.127,0.10899999999999999,0.217,0.123,11.8,,,,,,,
145,678111,"Penner, Ty",2023,145,100,0.118,0.029,0.19,0.147,0.176,0.234,0.175,4,34,90.2,12,2244,87,86.87,21,60,85,-0.09999999999999432,6.28,118,142,112,145,272,307,288,"4.916","-4.916",,,38,21,3,1,0,0,13,34.2,3,7.9,2.40255,0.65694,0.47897,-0.45124,"93.2",117,47.61904761904761,4.761904761904762,2.631578947368421,5.54,-1.56,-0.14,2.45,0.211,1,"-3.390344828",0.261,0.24,"3.390344828",-0.057,-0.05000000000000002,-0.093,-0.058,35,,,,,,,
145,668667,"Cabrera, Daniel",2023,145,100,0.263,0.053,0.333,0.316,0.415,0.361,0.169,5,19,85.8,2.3,2268,88.2,88.15,8,43,102,0,6.26,105,144,115,144,284,308,293,"-2.701","2.701",,,30,15,4,1,0,0,4,13.3,10,33.3,2.20552,0.75972,0.59924,-0.45966,"90.4",139,33.33333333333333,0,0,5.65,-1.3,-0.02,2.38,0.533,0,"1.862758621",0.474,0.211,"-1.862758621",0.094,0.05900000000000005,0.105,0.054,18.6,,,,,,,
143,688507,"Nigro, Frank",2023,143,100,0.069,0.034,0.1,0.103,0.194,0.273,0.173,2,29,82.2,13.3,2298,87.7,87.54,26,63,80,-0.20000000000000284,6.23,106,146,117,142,285,304,275,"4.767","-4.767",,,36,20,1,1,0,0,9,25,7,19.4,2.27517,0.73678,0.41979,-0.03168,"89.8",119,20,0,0,5.82,-0.29,-0.03,2.5,0.25,0,"-3.333566434",0.334,0.221,"3.333566434",-0.104,-0.08400000000000002,-0.118,-0.079,41.3,,,,,,,
143,683671,"Hernandez, Luis",2023,143,100,0.185,0.037,0.313,0.222,0.263,0.206,0.103,5,27,76.5,34.3,2237,88,87.73,25,61,82,-0.29999999999999716,6.11,104,144,114,143,290,313,288,"1.531","-1.531",,,34,16,4,1,0,0,12,35.3,6,17.6,2.12622,0.85734,0.39415,0.06261,"89.0",164,12.5,0,0,5.92,-0.39,0.24,2.35,0.324,0,"-1.070629371",0.259,0.14,"1.070629371",0.082,0.065,0.082,0.057,41,,,,,,,
141,650506,"Gomez, Jose",2023,142,99.3,0.184,0,0.241,0.184,0.176,0.207,0.199,7,38,80.4,2.6,2175,88.8,89.04,25,82,59,0.20000000000000284,6.23,106,150,113,148,304,326,291,"5.477","-5.477",,,39,29,7,0,0,0,9,23.1,1,2.6,2.39894,0.50603,0.32386,-0.02014,"89.4",106,20.689655172413794,0,0,5.76,-0.61,0.25,2.4,0.205,0,"-3.884397163",0.22,0.249,"3.884397163",-0.015,-0.015000000000000013,-0.065,-0.031,30.5,,,,,,,
141,681888,"Cullen, Greg",2023,141,100,0.207,0.103,0.227,0.31,0.292,0.365,0.287,6,29,88.2,12,2195,87.9,87.92,14,59,82,0,6.31,114,145,116,150,285,313,283,"-0.245","0.245",,,34,23,5,0,0,1,6,17.6,4,11.8,2.34021,0.6595,0.50305,-0.44121,"91.4",130,43.47826086956522,8.695652173913043,5.88235294117647,5.63,-1.49,-0.08,2.13,0.324,2,"0.173758865",0.392,0.431,"-0.173758865",-0.08,-0.068,-0.121,-0.073,23.7,,,,,,,
140,687044,"Yake, Ernie",2023,141,99.3,0.265,0.294,0.28,0.559,0.379,0.245,0.192,9,34,84.5,23.6,2235,89.8,89.88,14,59,81,0.10000000000000853,6.32,116,146,108,149,282,318,280,"-3.057","3.057",,,38,27,3,4,0,2,7,18.4,4,10.5,2.12686,0.73571,0.45643,-0.33743,"90.2",183,18.51851851851852,0,0,5.82,-1.41,-0.04,2.33,0.342,0,"2.183571429",0.277,0.252,"-2.183571429",0.073,0.065,0.307,0.134,23.7,,,,,,,
140,608336,"Gallo, Joey",2023,140,100,0.172,0.241,0.176,0.414,0.288,0.338,0.206,5,29,93.6,34,2217,89.2,89.29,25,66,74,0.09999999999999432,6.32,114,143,125,150,295,330,294,"0.901","-0.901",,,34,19,2,1,0,2,11,32.4,4,11.8,2.178,0.72564,0.29329,-0.15943,"95.0",181,73.68421052631578,26.31578947368421,14.705882352941178,5.94,-0.22,-0.19,2.47,0.265,5,"-0.643571429",0.293,0.519,"0.643571429",-0.034,-0.02799999999999997,-0.105,-0.05,37.9,,,,,,,
139,641933,"O'Neill, Tyler",2023,139,100,0.231,0.038,0.316,0.269,0.295,0.266,0.182,6,26,85.2,14.5,2157,89.5,89.47,14,56,83,0,6.13,103,151,121,146,304,328,296,"0.684","-0.684",,,31,19,5,1,0,0,7,22.6,5,16.1,2.05871,0.80957,0.49669,0.03842,"90.4",167,31.57894736842105,0,0,5.9,-0.68,0.17,2.42,0.355,0,"-0.492086331",0.314,0.24,"0.492086331",0.049,0.04099999999999998,0.029,0.029,25,,,,,,,
139,663807,"Dalesandro, Nick",2023,139,100,0.207,0.034,0.316,0.241,0.256,0.258,0.209,6,29,87.2,4.9,2225,87.5,87.84,13,58,81,0.29999999999999716,6.26,106,150,114,148,304,331,293,"2.549","-2.549",,,33,19,5,1,0,0,10,30.3,4,12.1,2.56496,0.54288,0.17072,0.16309,"90.1",130,31.57894736842105,0,0,5.89,-0.97,0.24,2.43,0.303,0,"-1.83381295",0.305,0.243,"1.83381295",-0.002,-0.0020000000000000018,-0.002,-0.002,22.4,,,,,,,
139,691586,"Hidalgo, Renny",2023,140,99.3,0.25,0.167,0.357,0.417,0.376,0.357,0.235,6,24,87.6,16.1,2285,87.8,87.97,27,71,68,0.20000000000000284,6.28,108,144,112,145,290,303,276,"-0.261","0.261",,,31,15,4,1,0,1,9,29,7,22.6,2.45683,0.52856,0.41246,0.00304,"90.3",141,33.33333333333333,6.666666666666667,3.225806451612903,5.65,-0.54,0.13,2.23,0.419,1,"0.187769784",0.408,0.367,"-0.187769784",0.015,0.01100000000000001,0.05,0.019,38,,,,,,,
139,594807,"Duvall, Adam",2023,139,100,0.208,0.292,0.214,0.5,0.362,0.395,0.256,5,24,92.2,23.6,2083,87.9,87.89,13,55,84,0,6.22,104,148,118,145,298,321,287,"0.239","-0.239",,,29,16,2,1,0,2,8,27.6,5,17.2,2.32317,0.66877,0.48806,0.22173,"91.1",162,31.25,12.5,6.896551724137931,5.84,-1.36,0.12,2.38,0.345,2,"-0.171942446",0.384,0.543,"0.171942446",-0.048,-0.039000000000000035,-0.043,-0.033,23.6,,,,,,,
139,444489,"Piña, Manny",2023,139,100,0.324,0.235,0.333,0.559,0.408,0.362,0.298,11,34,86.6,9.1,2295,88.2,88.45,6,58,81,0.29999999999999716,6.18,105,149,119,147,300,330,294,"-1.767","1.767",,,38,29,7,2,0,2,5,13.2,3,7.9,2.23288,0.71705,0.24804,0.22674,"90.8",140,24.137931034482758,6.896551724137931,5.263157894736842,5.91,-0.73,0.07,2.29,0.395,2,"1.271223022",0.372,0.461,"-1.271223022",0.026,0.02300000000000002,0.098,0.046,10.3,,,,,,,
139,665487,"Tatis Jr., Fernando",2023,139,100,0.515,0.697,0.435,1.212,0.712,0.522,0.365,17,33,94,19.4,2257,90.4,90.47,12,71,68,0.09999999999999432,6.31,113,151,121,146,301,326,303,"-12.91","12.91",,,39,30,8,2,0,7,3,7.7,6,15.4,2.28137,0.53761,0.40935,0.16849,"93.9",165,60,20,15.384615384615385,5.69,-1.22,0.1,2.44,0.59,6,"9.287769784",0.462,0.812,"-9.287769784",0.15,0.12799999999999995,0.4,0.19,16.9,,,,,,,
138,541645,"García, Avisaíl",2023,138,100,0.269,0.423,0.308,0.692,0.443,0.435,0.267,7,26,91.4,2.1,2167,88.2,88.19,16,57,81,0,6.26,102,150,121,145,311,332,293,"-3.649","3.649",,,31,16,2,2,0,3,10,32.3,5,16.1,2.23384,0.72594,0.42175,0.23533,"92.1",142,50,31.25,16.129032258064516,5.6,-0.77,-0.09,2.23,0.387,5,"2.644202899",0.385,0.664,"-2.644202899",0.002,0.0020000000000000018,0.028,0.008,28.1,,,,,,,
138,807720,"Forrester, Garret",2023,138,100,0.278,0,0.455,0.278,0.417,0.42,0.256,5,18,93,21.2,2258,87.6,87.44,7,27,111,-0.19999999999998863,6.17,103,145,122,147,283,322,293,"-2.048","2.048",,,29,11,5,0,0,0,7,24.1,10,34.5,2.21826,0.78606,0.43268,0.22616,"91.4",167,36.36363636363637,0,0,5.8,-1.11,0.4,2.18,0.552,0,"1.484057971",0.538,0.316,"-1.484057971",0.022,0.014000000000000012,-0.038,-0.003,25.9,,,,,,,
137,642133,"Tellez, Rowdy",2023,137,100,0.226,0.161,0.261,0.387,0.285,0.289,0.238,7,31,93.1,7.6,2145,88.2,88.53,12,58,79,0.29999999999999716,6.36,115,147,126,152,295,322,304,"0.71","-0.71",,,33,24,4,2,0,1,7,21.2,2,6.1,2.3062,0.65822,0.44971,-0.44676,"93.2",134,58.333333333333336,8.333333333333332,6.0606060606060606,5.76,-1.21,-0.21,2.35,0.273,2,"-0.518248175",0.284,0.375,"0.518248175",-0.012,-0.010999999999999954,0.012,-0.004,20.7,,,,,,,
137,606992,"Haase, Eric",2023,137,100,0.154,0.115,0.167,0.269,0.225,0.273,0.206,4,26,85.5,19.7,2197,88.1,88.13,17,62,75,0,6.28,112,166,121,147,285,322,283,"2.712","-2.712",,,30,19,3,0,0,1,8,26.7,3,10,2.36277,0.61168,0.40088,-0.17109,"90.8",156,21.052631578947366,5.263157894736842,3.3333333333333335,5.69,-0.1,0.23,2.57,0.233,1,"-1.979562044",0.285,0.312,"1.979562044",-0.052,-0.05199999999999996,-0.043,-0.048,27.4,,,,,,,
136,699090,"Garcia, Luis",2023,136,100,0.214,0,0.333,0.214,0.271,0.29,0.226,6,28,78.4,8,2316,87.3,86.82,32,70,66,-0.5,6.06,104,144,113,145,286,301,271,"1.838","-1.838",,,35,18,6,0,0,0,11,31.4,6,17.1,2.38279,0.67467,0.29949,-0.1289,"89.3",156,11.11111111111111,0,0,5.84,-0.56,0.32,2.34,0.343,0,"-1.351470588",0.352,0.259,"1.351470588",-0.012,-0.008999999999999952,-0.045,-0.019,45.7,,,,,,,
135,685332,"Mendoza, Carlos",2023,135,100,0.2,0.15,0.188,0.35,0.352,0.345,0.204,4,20,85.4,8.6,2331,89.3,89.24,10,43,92,-0.09999999999999432,6.21,110,145,103,149,266,300,282,"-2.045","2.045",,,29,17,3,0,0,1,4,13.8,8,27.6,2.182,0.70319,0.50304,-0.51978,"90.6",152,29.411764705882355,0,0,5.7,-1.45,-0.17,2.21,0.414,0,"1.514814815",0.42,0.288,"-1.514814815",-0.004,-0.006000000000000005,0.062,0.007,23.3,,,,,,,
135,694580,"Alderman, Kemp",2023,135,100,0.219,0.188,0.318,0.406,0.293,0.28,0.216,7,32,88.3,-2.2,2315,87.2,87.12,36,80,55,-0.10000000000000853,6.25,105,142,118,141,296,310,282,"1.584","-1.584",,,38,22,2,4,1,0,12,31.6,2,5.3,2.29526,0.73793,0.23386,0.00492,"93.3",130,40.909090909090914,13.636363636363635,7.894736842105263,5.59,-1.1,0.13,2.39,0.289,3,"-1.173333333",0.3,0.317,"1.173333333",0.003,-0.01100000000000001,0.089,0.013,45,,,,,,,
134,668833,"McCullough, Morgan",2023,135,99.3,0.296,0.222,0.438,0.519,0.388,0.3,0.21,8,27,87.6,12.2,2186,89.2,89.3,15,50,84,0.09999999999999432,6.32,115,142,109,147,284,318,286,"-0.706","0.706",,,31,17,5,1,1,1,10,32.3,3,9.7,2.24119,0.6597,0.46343,-0.30373,"90.0",149,23.52941176470588,11.76470588235294,6.451612903225806,5.95,-0.71,-0.13,2.31,0.387,2,"0.526865672",0.312,0.351,"-0.526865672",0.086,0.07500000000000001,0.168,0.088,30,,,,,,,
130,663979,"Datres, Kyle",2023,130,100,0.222,0.148,0.429,0.37,0.295,0.259,0.176,6,27,85.8,7.5,2049,88.4,89.13,25,56,74,0.6999999999999886,6.42,114,148,118,147,301,327,295,"-0.248","0.248",,,32,14,4,0,2,0,14,43.8,4,12.5,2.36108,0.56285,0.28731,0.01869,"89.9",139,28.57142857142857,7.142857142857142,3.125,5.46,-0.75,-0.03,2.39,0.313,1,"0.190769231",0.285,0.259,"-0.190769231",0.046,0.028000000000000025,0.111,0.036,44.6,,,,,,,
129,516472,"Arcia, Francisco",2023,129,100,0.219,0.094,0.318,0.313,0.268,0.245,0.214,7,32,79.3,1.8,2241,87.8,87.84,16,59,70,0,6.23,115,145,115,150,282,324,286,"1.826","-1.826",,,35,22,4,3,0,0,10,28.6,2,5.7,2.3724,0.62333,0.43403,-0.08287,"89.6",96,9.090909090909092,0,0,5.57,-1.05,0.03,2.39,0.286,0,"-1.415503876",0.281,0.248,"1.415503876",0.005,0.004999999999999949,0.065,0.023,27.1,,,,,,,
129,703601,"Clark, Max",2023,129,100,0.174,0.043,0.308,0.217,0.305,0.31,0.182,4,23,84.8,-10.8,2279,88.2,88.2,9,35,94,0,6.23,115,147,112,144,271,295,285,"0.615","-0.615",,,31,13,3,1,0,0,10,32.3,8,25.8,2.22636,0.72752,0.41039,-0.47054,"90.9",137,23.076923076923077,0,0,5.67,-1.5,-0.23,2.35,0.387,0,"-0.476744186",0.393,0.222,"0.476744186",-0.008,-0.006000000000000005,-0.005,-0.005,25.7,,,,,,,
129,694497,"Carter, Evan",2023,129,100,0.353,0.029,0.429,0.382,0.371,0.344,0.297,12,34,87.5,9.8,2164,89,89,10,51,78,0,6.23,111,145,114,151,294,321,306,"-1.955","1.955",,,39,28,11,1,0,0,6,15.4,4,10.3,2.33023,0.5769,0.48597,-0.13605,"92.8",147,39.285714285714285,0,0,5.65,-0.34,-0.09,2.39,0.436,0,"1.515503876",0.387,0.375,"-1.515503876",0.056,0.04899999999999999,0.007,0.027,19.6,,,,,,,
128,608348,"Kelly, Carson",2023,128,100,0.345,0.103,0.455,0.448,0.374,0.28,0.234,10,29,83.9,12.6,2231,88.5,88.89,8,60,68,0.4000000000000057,6.36,103,150,123,147,303,321,295,"-0.697","0.697",,,34,22,7,3,0,0,8,23.5,3,8.8,2.30227,0.61828,0.30906,0.24719,"89.9",161,22.727272727272727,0,0,5.63,-0.93,0.04,2.35,0.412,0,"0.54453125",0.319,0.294,"-0.54453125",0.111,0.09299999999999997,0.154,0.094,13.3,,,,,,,
128,571745,"Haniger, Mitch",2023,128,100,0.167,0.2,0.125,0.367,0.292,0.293,0.18,5,30,86.6,21.3,2163,87.4,87.91,13,66,62,0.5,6.41,109,152,120,144,312,324,295,"1.128","-1.128",,,35,26,3,0,0,2,4,11.4,2,5.7,2.42477,0.57258,0.25654,0.00094,"90.7",149,34.61538461538461,7.6923076923076925,5.714285714285714,5.66,-0.36,-0.1,2.19,0.286,2,"-0.88125",0.297,0.354,"0.88125",-0.013,-0.01100000000000001,0.013,-0.001,19.7,,,,,,,
128,545341,"Grichuk, Randal",2023,128,100,0.091,0.03,0.111,0.121,0.142,0.219,0.165,3,33,88.3,20.2,2110,88,88.93,12,58,70,0.9000000000000057,6.47,106,151,118,145,292,329,300,"3.806","-3.806",,,36,27,2,1,0,0,6,16.7,3,8.3,2.34102,0.59452,0.40914,0.16383,"91.3",164,34.61538461538461,3.8461538461538463,2.7777777777777777,5.73,-0.77,0.07,2.37,0.167,1,"-2.9734375",0.236,0.242,"2.9734375",-0.074,-0.06899999999999998,-0.121,-0.077,20.7,,,,,,,
124,673516,"Mesa, Victor",2023,124,100,0.206,0.088,0.214,0.294,0.255,0.233,0.199,7,34,88.8,-3.6,2134,89.7,89.85,10,60,64,0.09999999999999432,6.28,106,151,118,148,299,315,277,"2.137","-2.137",,,37,29,6,0,0,1,5,13.5,2,5.4,2.25411,0.70258,0.50303,-0.04205,"90.6",106,31.03448275862069,0,0,5.7,-0.3,-0.01,2.36,0.27,0,"-1.723387097",0.264,0.242,"1.723387097",0.007,0.006000000000000005,0.052,0.022,16.7,,,,,,,
123,641511,"Delay, Jason",2023,123,100,0.357,0.143,0.455,0.5,0.399,0.285,0.248,10,28,83,14.6,2223,88,87.99,18,59,64,0,6.15,105,150,121,147,297,319,283,"-1.361","1.361",,,31,22,6,4,0,0,6,19.4,3,9.7,2.45179,0.51919,0.16065,0.05008,"89.8",154,27.27272727272727,0,0,5.95,-1.5,0.14,2.34,0.419,0,"1.106504065",0.321,0.302,"-1.106504065",0.109,0.09799999999999998,0.198,0.114,30.5,,,,,,,
123,543543,"Miller, Brad",2023,123,100,0.222,0.259,0.286,0.481,0.334,0.331,0.241,6,27,87.1,-0.9,2157,89.4,89.8,22,66,57,0.3999999999999915,6.3,117,147,126,151,298,319,300,"-0.389","0.389",,,30,16,3,1,0,2,11,36.7,2,6.7,2.2335,0.62756,0.31398,-0.3387,"90.8",134,31.25,12.5,6.666666666666667,5.79,-1.24,-0.21,2.34,0.3,2,"0.316260163",0.317,0.443,"-0.316260163",-0.019,-0.017000000000000015,0.038,0.003,33.3,,,,,,,
122,669003,"Mitchell, Garrett",2023,122,100,0.188,0.063,0.231,0.25,0.231,0.295,0.25,6,32,93.4,0.8,2140,88.9,88.68,14,60,62,-0.20000000000000284,6.09,120,148,121,150,291,309,294,"1.059","-1.059",,,35,26,5,0,1,0,6,17.1,2,5.7,2.14574,0.77306,0.46238,-0.17664,"92.6",136,46.15384615384615,7.6923076923076925,5.714285714285714,5.9,-0.16,-0.23,2.34,0.257,2,"-0.868032787",0.314,0.343,"0.868032787",-0.062,-0.056999999999999995,-0.093,-0.064,23.3,,,,,,,
122,804614,"Vargas, Marco",2023,122,100,0.308,0,0.421,0.308,0.34,0.337,0.282,8,26,82.2,9,2226,87.4,87.31,15,52,70,-0.10000000000000853,6.23,116,144,112,142,280,303,281,"-0.909","0.909",,,31,19,8,0,0,0,7,22.6,5,16.1,2.23361,0.78992,0.49016,-0.47016,"89.9",154,15.789473684210526,0,0,5.66,-1.21,0.03,2.39,0.419,0,"0.745081967",0.398,0.33,"-0.745081967",0.026,0.020999999999999963,-0.022,0.003,28.8,,,,,,,
121,800522,"Briceño, Josue",2023,121,100,0.308,0.154,0.381,0.462,0.376,0.337,0.285,8,26,89.3,10,2256,88.5,88.28,14,63,58,-0.20000000000000284,6.14,117,147,135,146,275,296,285,"-0.012","0.012",,,30,21,4,4,0,0,5,16.7,4,13.3,2.25463,0.68628,0.52306,-0.6019,"92.0",159,38.095238095238095,0,0,5.6,-1.29,0,2.09,0.4,0,"0.009917355",0.38,0.369,"-0.009917355",0.023,0.020000000000000018,0.093,0.039,22.2,,,,,,,
121,703158,"Mejia, Jonathan",2023,121,100,0.107,0.036,0.167,0.143,0.198,0.275,0.2,3,28,84.4,1.3,2254,88.2,87.91,19,55,66,-0.29999999999999716,6.13,110,145,113,147,281,301,277,"3.537","-3.537",,,33,18,2,1,0,0,10,30.3,4,12.1,2.13909,0.82983,0.61033,-0.61033,"90.6",130,22.22222222222222,5.555555555555555,3.0303030303030303,5.67,-0.89,-0.1,2.29,0.242,1,"-2.923140496",0.321,0.257,"2.923140496",-0.093,-0.07900000000000001,-0.114,-0.077,34.5,,,,,,,
121,571976,"Myers, Wil",2023,121,100,0.185,0.111,0.211,0.296,0.239,0.307,0.245,5,27,90.9,8.2,2224,87.6,87.5,18,55,66,-0.09999999999999432,6.11,106,149,121,143,295,318,288,"2.493","-2.493",,,29,20,4,0,0,1,7,24.1,2,6.9,2.55322,0.44692,0.2185,0.0185,"92.3",158,35,10,6.896551724137931,5.79,-0.92,-0.01,2.21,0.241,2,"-2.060330579",0.297,0.417,"2.060330579",-0.06,-0.055999999999999994,-0.121,-0.068,32.7,,,,,,,
120,691770,"Bishop, Braylon",2023,121,99.2,0.077,0,0.154,0.077,0.187,0.212,0.104,2,26,86.4,5.6,2176,89.1,88.94,18,47,73,-0.19999999999998863,6.23,107,145,101,144,274,300,284,"4.1","-4.1",,,32,13,2,0,0,0,13,40.6,5,15.6,1.96583,0.94866,0.627,-0.477,"89.4",125,15.384615384615385,0,0,5.79,-1.06,-0.09,2.43,0.25,0,"-3.416666667",0.272,0.123,"3.416666667",-0.027,-0.02200000000000002,-0.046,-0.025,38.3,,,,,,,
120,693073,"Campbell, Clayton",2023,120,100,0.2,0.15,0.4,0.35,0.311,0.327,0.212,4,20,85.4,26.5,2307,86.8,86.68,19,46,74,-0.09999999999999432,6.16,97,142,120,143,282,298,281,"0.874","-0.874",,,26,10,2,1,1,0,11,42.3,4,15.4,2.40642,0.65613,0.17874,-0.11286,"89.6",192,30,10,3.8461538461538463,5.78,-0.78,0.2,2.22,0.346,1,"-0.728333333",0.357,0.375,"0.728333333",-0.012,-0.01100000000000001,-0.025,-0.016,41.3,,,,,,,
117,665650,"Fox, Lucius",2023,118,99.2,0.2,0,0.333,0.2,0.232,0.233,0.188,5,25,84.4,2.7,2171,88,87.78,16,53,64,-0.20000000000000284,6.13,108,144,107,148,284,311,289,"1.679","-1.679",,,28,15,5,0,0,0,10,35.7,3,10.7,2.26154,0.72154,0.55878,-0.55878,"90.2",141,33.33333333333333,0,0,5.97,-0.94,-0.1,2.34,0.286,0,"-1.435042735",0.275,0.219,"1.435042735",0.012,0.010999999999999954,-0.019,-0.001,30.2,,,,,,,
116,543281,"Harrison, Josh",2023,116,100,0.222,0.148,0.294,0.37,0.309,0.279,0.199,6,27,90.4,20.3,2257,88.6,88.84,18,63,53,0.20000000000000284,6.3,110,150,118,145,290,314,284,"0.18","-0.18",,,31,18,4,1,0,1,9,29,3,9.7,2.25379,0.69741,0.29313,0.20948,"91.0",177,44.44444444444444,0,0,5.73,-0.27,0.39,2.53,0.323,0,"-0.155172414",0.302,0.303,"0.155172414",0.023,0.02100000000000002,0.067,0.03,28.6,,,,,,,
116,814430,"Callahan, Brett",2023,116,100,0.211,0.105,0.286,0.316,0.351,0.368,0.214,4,19,80.4,12.1,2249,88.5,88.34,13,53,63,-0.20000000000000284,6.16,110,144,117,142,275,300,286,"-0.875","0.875",,,28,14,3,0,1,0,5,17.9,6,21.4,2.06517,0.87474,0.57267,-0.53112,"89.8",193,12.5,6.25,3.571428571428571,5.71,-1.16,-0.17,2.27,0.423,1,"0.754310345",0.426,0.367,"-0.754310345",-0.003,-0.0030000000000000027,-0.051,-0.017,24.5,,,,,,,
115,664238,"Moore, Dylan",2023,115,100,0.2,0.04,0.313,0.24,0.276,0.259,0.176,5,25,88.8,21.6,2220,88.2,87.89,17,48,67,-0.29999999999999716,6.14,105,146,112,142,292,319,287,"1.144","-1.144",,,30,16,4,1,0,0,9,30,4,13.3,2.45252,0.52509,0.37974,0.20687,"91.1",175,25,0,0,5.76,-1.69,0.11,2.13,0.333,0,"-0.994782609",0.313,0.216,"0.994782609",0.024,0.020000000000000018,0.024,0.017,35.4,,,,,,,
113,663891,"Maldonado, Nelson",2023,113,100,0.267,0.2,0.3,0.467,0.433,0.415,0.255,4,15,86.3,27.7,2205,89.8,89.77,11,49,64,0,6.21,99,152,117,148,295,312,280,"-1.675","1.675",,,22,11,3,0,0,1,4,18.2,7,31.8,2.16186,0.68549,0.3646,0.29168,"89.9",158,45.45454545454545,18.181818181818183,9.090909090909092,6.12,-1.46,0.21,2.5,0.5,2,"1.482300885",0.492,0.414,"-1.482300885",0.012,0.008000000000000007,0.053,0.018,22.4,,,,,,,
112,694380,"Moss, Jack",2023,112,100,0.235,0,0.286,0.235,0.337,0.383,0.261,4,17,86.9,15.4,2142,89,88.96,11,52,60,0,6.24,111,145,114,138,285,303,286,"0.654","-0.654",,,27,14,4,0,0,0,5,18.5,8,29.6,1.93589,0.96696,0.65661,-0.50589,"89.6",185,42.857142857142854,0,0,5.78,-1.43,-0.2,2.39,0.444,0,"-0.583928571",0.478,0.32,"0.583928571",-0.026,-0.033999999999999975,-0.085,-0.046,21.2,,,,,,,
111,641598,"Garver, Mitch",2023,111,100,0.316,0.421,0.4,0.737,0.497,0.39,0.221,6,19,93.1,12.8,2175,87,87.21,13,41,70,0.20000000000000284,6.03,106,149,124,143,297,325,307,"-3.488","3.488",,,25,12,2,2,0,2,7,28,6,24,2.47622,0.53209,0.2155,-0.09117,"91.6",144,33.33333333333333,25,12,5.85,-0.43,0.28,2.34,0.48,3,"3.142342342",0.408,0.48,"-3.142342342",0.095,0.07200000000000001,0.257,0.107,31.7,,,,,,,
111,543592,"Nola, Austin",2023,111,100,0.185,0.037,0.263,0.222,0.229,0.223,0.178,5,27,83.7,10.4,2286,88.9,89.3,12,48,63,0.3999999999999915,6.24,103,149,118,144,300,321,292,"3.029","-3.029",,,30,19,4,1,0,0,8,26.7,3,10,2.25703,0.63838,0.28818,0.14455,"89.5",140,10.526315789473683,0,0,5.78,-1.05,0.03,2.49,0.267,0,"-2.728828829",0.26,0.216,"2.728828829",0.007,0.007000000000000006,0.006,0.006,25,,,,,,,
109,675394,"Olmstead, Johnny",2023,111,98.2,0.25,0.25,0.333,0.5,0.326,0.214,0.175,7,28,81.1,26.1,2303,85.7,85.23,16,52,57,-0.5,6.12,102,147,116,146,297,311,275,"-0.109","0.109",,,29,19,2,4,0,1,9,31,1,3.4,2.50872,0.65926,0.14037,0.08881,"89.8",163,21.052631578947366,0,0,5.58,-0.86,0.23,2.42,0.276,0,"0.1",0.204,0.284,"-0.1",0.075,0.07200000000000004,0.216,0.112,30.8,,,,,,,
109,667727,"Walker, Steele",2023,109,100,0.115,0.038,0.167,0.154,0.158,0.232,0.19,3,26,90.5,12.9,2259,87.7,87.54,18,58,51,-0.20000000000000284,6.16,108,144,109,151,274,297,278,"3.59","-3.59",,,28,18,2,1,0,0,8,28.6,1,3.6,2.63917,0.36889,0.17844,-0.24193,"91.6",176,38.88888888888889,0,0,5.99,-1.44,-0.19,2.34,0.179,0,"-3.293577982",0.248,0.269,"3.293577982",-0.075,-0.069,-0.115,-0.074,31,,,,,,,
108,702068,"Gabrielson, Cole",2023,108,100,0.167,0.033,0.238,0.2,0.209,0.277,0.24,5,30,90.6,11.5,2338,87.9,87.91,15,50,58,0,6.35,102,144,116,141,281,297,265,"3.344","-3.344",,,33,21,4,1,0,0,9,27.3,2,6.1,2.30481,0.6912,0.36806,0.33491,"91.2",139,42.857142857142854,0,0,5.6,-1.29,0.22,2.25,0.242,0,"-3.096296296",0.309,0.296,"3.096296296",-0.073,-0.067,-0.096,-0.068,30,,,,,,,
107,801187,"Adkison, Chase",2023,107,100,0.346,0.038,0.375,0.385,0.335,0.321,0.314,9,26,84.2,10.3,2268,90,90.08,8,50,57,0.09999999999999432,6.26,99,145,115,145,292,312,277,"-0.749","0.749",,,31,24,8,1,0,0,4,12.9,3,9.7,1.85822,0.96841,0.57645,0.05215,"89.6",187,12.5,0,0,5.73,-0.64,0.25,2.44,0.387,0,"0.7",0.364,0.368,"-0.7",0.032,0.02300000000000002,0.017,0.014,16,,,,,,,
107,666128,"Feliciano, Mario",2023,107,100,0.154,0.115,0.19,0.269,0.216,0.284,0.247,4,26,88.4,13,2288,86.9,86.79,10,52,55,-0.10000000000000853,6.23,104,148,115,145,298,313,279,"2.583","-2.583",,,28,21,1,3,0,0,5,17.9,1,3.6,2.41785,0.64598,0.21617,0.08664,"90.7",133,38.095238095238095,4.761904761904762,3.571428571428571,5.91,-0.72,0.18,2.41,0.214,1,"-2.414018692",0.3,0.34,"2.414018692",-0.093,-0.086,-0.071,-0.068,19.2,,,,,,,
107,678894,"Peguero, Liover",2023,107,100,0.24,0.2,0.238,0.44,0.328,0.352,0.282,6,25,88.2,2.8,2219,88.3,88.21,9,43,64,-0.09999999999999432,6.14,141,147,113,144,303,322,292,"-0.974","0.974",,,28,22,4,0,1,1,3,10.7,3,10.7,2.40093,0.55589,0.30252,0.21804,"92.4",150,36.36363636363637,9.090909090909092,7.142857142857142,6,-0.72,0.14,2.35,0.321,2,"0.910280374",0.359,0.449,"-0.910280374",-0.042,-0.03799999999999998,-0.009,-0.024,20.9,,,,,,,
107,670210,"Fryman, Branden",2023,109,98.2,0.222,0.148,0.294,0.37,0.267,0.283,0.268,6,27,84,17,2277,88.2,88.36,22,63,44,0.20000000000000284,6.3,104,147,108,143,289,313,282,"1.551","-1.551",,,28,18,4,1,0,1,9,32.1,1,3.6,2.38636,0.56925,0.12813,0.04252,"90.4",142,33.33333333333333,0,0,5.96,-0.98,0.23,2.26,0.25,0,"-1.44953271",0.294,0.346,"1.44953271",-0.046,-0.043999999999999984,0.024,-0.016,34.9,,,,,,,
106,699013,"Valdez, Esmerlyn",2023,106,100,0.25,0.15,0.455,0.4,0.329,0.244,0.168,5,20,87.3,-9.8,2353,86.3,86.19,19,47,59,-0.09999999999999432,6.18,103,146,114,142,276,301,280,"-1.332","1.332",,,23,11,3,1,1,0,9,39.1,2,8.7,2.51877,0.58283,0.41368,0.075,"91.6",111,45.45454545454545,0,0,5.67,-1.13,0.12,2.39,0.348,0,"1.256603774",0.276,0.239,"-1.256603774",0.082,0.07199999999999995,0.161,0.085,40.4,,,,,,,
106,501303,"Adrianza, Ehire",2023,106,100,0.143,0.071,0.16,0.214,0.188,0.213,0.184,4,28,82.8,19.7,2181,88.5,88.36,9,49,57,-0.09999999999999432,6.17,117,148,115,149,284,307,292,"4.266","-4.266",,,30,25,2,2,0,0,3,10,2,6.7,2.0916,0.84132,0.545,-0.545,"88.9",158,8,0,0,5.77,-0.92,-0.17,2.28,0.2,0,"-4.024528302",0.238,0.228,"4.024528302",-0.041,-0.03799999999999998,-0.014,-0.025,18.4,,,,,,,
106,677597,"Chirinos, Roberto",2023,106,100,0.24,0.04,0.316,0.28,0.277,0.355,0.332,6,25,76.8,-0.3,2274,86.2,86.07,20,60,46,-0.10000000000000853,6.26,111,149,118,147,285,303,272,"2.138","-2.138",,,28,19,5,1,0,0,6,21.4,3,10.7,2.47472,0.65457,0.1741,-0.13771,"90.0",119,15.789473684210526,0,0,5.71,-0.27,-0.05,2.58,0.321,0,"-2.016981132",0.403,0.374,"2.016981132",-0.092,-0.08200000000000002,-0.094,-0.078,33.3,,,,,,,
106,664874,"Zavala, Seby",2023,106,100,0.227,0.136,0.25,0.364,0.289,0.359,0.321,5,22,89.5,8.1,2188,89,89.07,19,55,51,0.09999999999999432,6.24,107,149,117,147,292,315,286,"1.889","-1.889",,,24,17,4,0,0,1,5,20.8,2,8.3,2.42085,0.47708,0.33434,0.11528,"91.1",161,47.05882352941176,5.88235294117647,4.166666666666666,5.99,-0.95,0.08,2.29,0.292,1,"-1.782075472",0.377,0.449,"1.782075472",-0.094,-0.08500000000000002,-0.085,-0.07,34.5,,,,,,,
104,669282,"Murphy, Tanner",2023,104,100,0.292,0.125,0.5,0.417,0.318,0.246,0.225,7,24,89,7.8,2177,89.9,90.07,16,44,60,0.19999999999998863,6.31,105,146,114,145,292,315,276,"0.746","-0.746",,,25,14,4,3,0,0,10,40,1,4,2.10894,0.73,0.51856,0.28279,"91.9",152,28.57142857142857,0,0,5.95,-1.26,0.09,2.37,0.32,0,"-0.717307692",0.258,0.297,"0.717307692",0.067,0.062,0.12,0.072,36.4,,,,,,,
104,647255,"Kirwer, Tanner",2023,104,100,0.115,0,0.158,0.115,0.158,0.19,0.135,3,26,84.2,23.3,2281,88.3,88.45,20,56,48,0.10000000000000853,6.23,101,148,101,145,290,313,285,"4.409","-4.409",,,30,19,3,0,0,0,8,26.7,3,10,2.28846,0.66115,0.22596,-0.17423,"89.6",135,21.052631578947366,0,0,5.63,-0.88,0.12,2.44,0.2,0,"-4.239423077",0.219,0.178,"4.239423077",-0.02,-0.01899999999999999,-0.063,-0.032,35.7,,,,,,,
103,571466,"Barnhart, Tucker",2023,103,100,0.227,0.045,0.417,0.273,0.291,0.226,0.15,5,22,79.4,-2.3,2196,86.9,86.79,14,45,58,-0.10000000000000853,6.16,117,145,120,151,288,309,289,"0.664","-0.664",,,26,12,4,1,0,0,10,38.5,4,15.4,2.59592,0.47388,0.33534,-0.42175,"89.4",105,8.333333333333332,0,0,5.66,-0.76,-0.14,2.3,0.346,0,"-0.644660194",0.281,0.175,"0.644660194",0.077,0.06499999999999995,0.098,0.065,31.1,,,,,,,
103,692390,"Cordoba, Jose",2023,103,100,0.321,0.143,0.375,0.464,0.371,0.285,0.242,9,28,85.1,12,2303,88.5,88.27,21,63,40,-0.20000000000000284,6.11,103,142,113,140,282,301,280,"-0.717","0.717",,,31,24,6,2,1,0,4,12.9,1,3.2,2.10243,0.83806,0.34505,-0.0899,"90.3",135,20.833333333333336,0,0,5.95,-0.64,0.12,2.56,0.387,0,"0.696116505",0.315,0.308,"-0.696116505",0.079,0.07200000000000001,0.156,0.086,33.3,,,,,,,
103,687601,"Marrero, Wendell",2023,103,100,0.167,0.111,0.333,0.278,0.298,0.324,0.188,3,18,95.7,-4.3,2196,88.5,88.5,17,47,56,0,6.25,104,147,109,145,286,317,292,"0.474","-0.474",,,23,9,1,2,0,0,9,39.1,5,21.7,2.18738,0.76245,0.44225,-0.21637,"91.1",122,66.66666666666666,11.11111111111111,4.3478260869565215,5.65,-0.92,-0.31,2.45,0.348,1,"-0.460194175",0.365,0.33,"0.460194175",-0.021,-0.017000000000000015,-0.052,-0.026,36.2,,,,,,,
101,805808,"McGonigle, Kevin",2023,102,99,0.292,0.167,0.3,0.458,0.36,0.33,0.278,7,24,87.2,10.2,2295,89.2,88.99,7,44,57,-0.20000000000000284,6.15,111,143,108,140,271,299,284,"-0.112","0.112",,,29,21,5,1,0,1,4,13.8,4,13.8,2.06119,0.84139,0.45178,-0.32347,"91.0",169,19.047619047619047,0,0,5.69,-1.23,-0.3,2.42,0.379,0,"0.110891089",0.368,0.37,"-0.110891089",0.014,0.01100000000000001,0.088,0.03,15.9,,,,,,,
100,694671,"Langford, Wyatt",2023,100,100,0.368,0.158,0.538,0.526,0.468,0.37,0.235,7,19,88.9,15.2,2050,86.9,86.98,5,37,63,0.09999999999999432,6.35,107,149,122,145,284,312,271,"-3.539","3.539",,,26,13,4,3,0,0,6,23.1,6,23.1,2.5486,0.5023,0.4306,0.2382,"92.4",146,46.15384615384615,7.6923076923076925,3.8461538461538463,5.48,-0.71,-0.13,2.33,0.538,1,"3.539",0.441,0.342,"-3.539",0.133,0.09700000000000003,0.184,0.098,13.5,,,,,,,
99,696282,"Kotowski, Dakota",2023,99,100,0.143,0.19,0.182,0.333,0.23,0.276,0.188,3,21,91.4,-0.1,2321,86.9,86.85,25,55,44,-0.10000000000000853,6.25,108,147,115,144,293,311,283,"1.875","-1.875",,,24,12,1,1,0,1,10,41.7,2,8.3,2.50707,0.54576,0.50737,-0.05525,"91.6",158,58.333333333333336,16.666666666666664,8.333333333333332,5.6,-0.7,0.33,2.21,0.208,2,"-1.893939394",0.248,0.401,"1.893939394",-0.045,-0.04000000000000001,-0.068,-0.046,45.5,,,,,,,
99,691397,"Garcia, Juan",2023,99,100,0.08,0,0.111,0.08,0.092,0.148,0.123,2,25,81.7,12.9,2267,87.5,87.58,11,52,47,0.09999999999999432,6.3,108,147,115,143,285,314,290,"5.725","-5.725",,,27,18,2,0,0,0,8,29.6,0,0,2.22485,0.79566,0.47381,0.20701,"89.8",145,27.77777777777778,0,0,5.73,-1.03,0.16,2.33,0.111,0,"-5.782828283",0.157,0.155,"5.782828283",-0.043,-0.046,-0.075,-0.056,21.2,,,,,,,
98,596103,"Slater, Austin",2023,98,100,0.333,0.19,0.462,0.524,0.406,0.313,0.235,7,21,94.3,11.4,2345,86.9,87.31,18,50,48,0.3999999999999915,6.47,106,150,120,146,302,329,302,"-1.458","1.458",,,24,14,5,1,0,1,7,29.2,3,12.5,2.58633,0.46306,0.22551,0.04878,"92.1",197,57.14285714285714,14.285714285714285,8.333333333333332,5.47,-0.98,0.22,2.36,0.417,2,"1.487755102",0.331,0.374,"-1.487755102",0.098,0.08599999999999997,0.15,0.093,36,,,,,,,
97,703150,"Cabrera, Ricky",2023,97,100,0.316,0,0.429,0.316,0.406,0.416,0.311,6,19,87.9,16.9,2325,86.9,86.95,15,43,54,0.09999999999999432,6.22,109,148,120,144,291,306,273,"-2.413","2.413",,,27,14,6,0,0,0,5,18.5,5,18.5,2.42959,0.62124,0.2967,0.24041,"91.0",145,28.57142857142857,0,0,5.78,-1.39,-0.07,2.46,0.519,0,"2.487628866",0.515,0.358,"-2.487628866",0.005,0.0040000000000000036,-0.042,-0.01,34.9,,,,,,,
97,690841,"O'Neill, Matt",2023,97,100,0.105,0.158,0.111,0.263,0.226,0.177,0.092,2,19,86.4,-4.6,2100,85.7,85.52,13,36,61,-0.20000000000000284,6.15,106,148,117,144,296,319,282,"1.136","-1.136",,,22,10,1,0,0,1,9,40.9,3,13.6,2.58598,0.56938,0.2866,-0.33443,"90.4",124,30,0,0,5.63,0.82,0.06,2.21,0.227,0,"-1.171134021",0.216,0.128,"1.171134021",0.013,0.01100000000000001,0.135,0.049,36.1,,,,,,,
95,695238,"Wagner, Will",2023,95,100,0.577,0.115,0.625,0.692,0.561,0.473,0.453,15,26,91.8,4.2,2139,88.3,88.51,1,34,61,0.20000000000000284,6.22,112,147,119,148,275,304,287,"-4.897","4.897",,,28,24,12,3,0,0,2,7.1,2,7.1,2.32326,0.61411,0.49872,-0.36447,"93.3",159,50,4.166666666666666,3.571428571428571,6.07,-0.8,-0.2,2.66,0.607,1,"5.154736842",0.492,0.597,"-5.154736842",0.124,0.11499999999999999,0.095,0.088,2.9,,,,,,,
95,670427,"Duzenack, Camden",2023,96,99,0.182,0.091,0.2,0.273,0.271,0.272,0.205,4,22,81.8,0.7,2199,87.6,87.85,5,38,57,0.30000000000001137,6.25,103,151,116,147,306,324,296,"0.855","-0.855",,,26,20,2,2,0,0,2,7.7,4,15.4,2.48368,0.51274,0.35621,0.04989,"90.4",152,20,0,0,5.75,-0.71,0.19,2.44,0.308,0,"-0.9",0.328,0.241,"0.9",-0.023,-0.020000000000000018,0.032,-0.001,13.2,,,,,,,
95,669233,"Bullard, Tony",2023,95,100,0.208,0.208,0.267,0.417,0.277,0.298,0.252,5,24,83.6,7.8,2283,87.4,87.05,15,53,42,-0.30000000000001137,6.09,105,143,118,144,296,309,282,"1.439","-1.439",,,25,16,3,0,1,1,8,32,1,4,2.28937,0.73842,0.30681,0.14234,"89.8",170,13.333333333333334,6.666666666666667,4,5.73,-1.06,0.26,2.3,0.24,1,"-1.514736842",0.283,0.404,"1.514736842",-0.044,-0.04299999999999998,0.013,-0.021,28.3,,,,,,,
94,663682,"Salvatore, Mike",2023,95,98.9,0.136,0.045,0.167,0.182,0.204,0.251,0.18,3,22,82.9,17.3,2300,89.1,89.42,5,35,59,0.30000000000001137,6.32,113,148,115,146,292,317,278,"2.424","-2.424",,,25,18,2,1,0,0,4,16,3,12,2.33074,0.57085,0.11862,0.03309,"89.4",175,16.666666666666664,5.555555555555555,4,5.75,-1.13,0.17,2.28,0.24,1,"-2.578723404",0.278,0.263,"2.578723404",-0.044,-0.038000000000000034,-0.081,-0.047,14.3,,,,,,,
94,672861,"Luis, Carlos",2023,94,100,0.304,0.087,0.389,0.391,0.317,0.208,0.196,7,23,87.4,-13.6,2289,86.8,87.51,8,45,49,0.7000000000000028,6.54,117,157,127,152,268,294,272,"0.597","-0.597",,,24,18,5,2,0,0,5,20.8,1,4.2,2.58362,0.46766,0.03957,0.11828,"91.6",99,27.77777777777778,0,0,5.75,-0.98,-0.18,2.62,0.333,0,"-0.635106383",0.229,0.231,"0.635106383",0.108,0.10400000000000001,0.16,0.109,17.8,,,,,,,
94,805795,"Miller, Aidan",2023,94,100,0.316,0.158,0.375,0.474,0.397,0.406,0.316,6,19,86.7,16.3,2248,87.4,87.49,2,33,61,0.09999999999999432,6.27,104,148,112,144,282,306,273,"-0.857","0.857",,,23,16,4,1,1,0,3,13,4,17.4,2.23245,0.77564,0.41883,-0.06904,"91.1",163,43.75,6.25,4.3478260869565215,5.74,-0.24,0.25,2.25,0.435,1,"0.911702128",0.435,0.481,"-0.911702128",0,0,-0.007,-0.009,6.1,,,,,,,
93,682877,"Brito, Juan",2023,93,100,0.214,0.071,0.3,0.286,0.359,0.336,0.182,3,14,87,4.7,2133,88.3,88.6,10,33,60,0.29999999999999716,6.37,112,144,119,148,269,313,268,"-0.312","0.312",,,20,10,2,1,0,0,4,20,6,30,2.29484,0.65538,0.33527,-0.33527,"91.6",163,30,0,0,5.94,-0.7,-0.1,2.52,0.45,0,"0.335483871",0.427,0.24,"-0.335483871",0.032,0.02300000000000002,0.046,0.023,30.3,,,,,,,
91,700685,"Witt, Paul",2023,91,100,0.222,0.111,0.308,0.333,0.277,0.242,0.169,4,18,87.1,15.2,2208,86.5,86.71,10,46,45,0.20000000000000284,6.27,110,149,113,149,292,313,285,"1.339","-1.339",,,23,13,2,2,0,0,7,30.4,2,8.7,2.57736,0.6167,0.28912,0.28912,"91.7",189,15.384615384615385,0,0,5.62,-1.99,0.11,2.35,0.304,0,"-1.471428571",0.28,0.223,"1.471428571",0.053,0.023999999999999966,0.11,0.035,21.7,,,,,,,
91,694192,"Chourio, Jackson",2023,91,100,0.333,0.143,0.333,0.476,0.361,0.433,0.335,7,21,90.8,0,2184,88.5,88.25,8,40,51,-0.29999999999999716,6.06,106,148,116,143,294,310,289,"-0.025","0.025",,,24,21,4,3,0,0,1,4.2,2,8.3,2.30484,0.63264,0.4056,0.05549,"94.6",146,57.14285714285714,4.761904761904762,4.166666666666666,5.87,-0.14,-0.02,2.26,0.375,1,"0.027472527",0.411,0.474,"-0.027472527",-0.002,-0.035999999999999976,0.002,-0.072,20,,,,,,,
90,664120,"McDowell, Max",2023,90,100,0.318,0.091,0.438,0.409,0.33,0.302,0.271,7,22,92,14.3,2186,87.4,87.28,8,43,47,-0.10000000000000853,6.2,105,149,119,143,303,314,288,"-0.168","0.168",,,23,16,5,2,0,0,6,26.1,1,4.3,2.37844,0.64111,0.09767,-0.16522,"92.0",170,43.75,6.25,4.3478260869565215,5.99,-0.62,0.22,2.14,0.348,1,"0.186666667",0.302,0.395,"-0.186666667",0.047,0.045999999999999985,0.014,0.028,18.6,,,,,,,
87,681023,"Rey, Brian",2023,87,100,0.217,0.087,0.278,0.304,0.243,0.277,0.262,5,23,91,0.7,2264,88.3,88.24,14,48,39,-0.09999999999999432,6.21,103,152,120,147,285,313,281,"1.275","-1.275",,,24,18,3,2,0,0,5,20.8,1,4.2,2.32839,0.63954,0.28931,-0.09897,"93.7",142,50,0,0,5.8,-0.7,0.07,2.34,0.25,0,"-1.465517241",0.293,0.334,"1.465517241",-0.045,-0.04299999999999998,-0.03,-0.034,29.2,,,,,,,
86,692633,"Palencia, Manuel",2023,86,100,0.31,0,0.333,0.31,0.288,0.28,0.284,9,29,85.4,-3.6,2291,86.8,86.83,5,49,37,0,6.3,107,147,118,144,289,304,274,"1.151","-1.151",,,30,27,9,0,0,0,2,6.7,1,3.3,2.4157,0.64372,0.33488,0.04395,"90.9",119,33.33333333333333,0,0,5.63,-0.62,-0.01,2.52,0.333,0,"-1.338372093",0.308,0.322,"1.338372093",0.026,0.025000000000000022,-0.012,0.008,10.2,,,,,,,
85,641432,"Calhoun, Willie",2023,85,100,0.333,0.095,0.389,0.429,0.345,0.288,0.279,7,21,92.4,9.8,2205,88.1,87.92,6,44,41,-0.19999999999998863,6.29,119,147,120,153,281,313,279,"-0.272","0.272",,,22,18,5,2,0,0,3,13.6,1,4.5,2.32118,0.66647,0.54941,-0.52965,"92.6",133,50,0,0,5.99,-1.76,0.02,2.48,0.364,0,"0.32",0.312,0.343,"-0.32",0.054,0.05199999999999999,0.086,0.057,13.6,,,,,,,
85,553882,"Narváez, Omar",2023,85,100,0.2,0.067,0.25,0.267,0.283,0.277,0.196,3,15,83.4,10.6,2086,87.5,87.81,6,42,43,0.29999999999999716,6.41,117,145,118,149,299,319,306,"0.791","-0.791",,,18,12,2,1,0,0,3,16.7,3,16.7,2.27788,0.75118,0.34882,-0.06271,"89.3",128,25,0,0,5.99,-0.87,-0.19,2.23,0.333,0,"-0.930588235",0.33,0.252,"0.930588235",0.004,0.0030000000000000027,0.015,0.006,14.3,,,,,,,
85,595777,"Profar, Jurickson",2023,85,100,0.357,0.429,0.273,0.786,0.507,0.399,0.287,5,14,90.5,15.3,2208,89.9,90.31,6,34,51,0.3999999999999915,6.29,115,145,119,151,296,336,305,"-2.519","2.519",,,20,13,3,0,0,2,2,10,5,25,2.20729,0.61635,0.35424,-0.35424,"91.4",175,53.84615384615385,7.6923076923076925,5,5.93,-1.56,-0.07,2.28,0.5,1,"2.963529412",0.452,0.466,"-2.963529412",0.07,0.04799999999999999,0.32,0.108,17.6,,,,,,,
82,624503,"Gordon, Nick",2023,82,100,0.1,0.05,0.154,0.15,0.185,0.242,0.177,2,20,87.6,16.5,2206,87.6,87.51,19,52,30,-0.09999999999999432,6.14,120,145,115,152,279,312,291,"3.208","-3.208",,,23,13,1,1,0,0,7,30.4,2,8.7,2.42878,0.56889,0.29817,0.16598,"89.2",148,8.333333333333332,0,0,5.75,0.02,-0.01,2.51,0.217,0,"-3.912195122",0.289,0.213,"3.912195122",-0.077,-0.07199999999999998,-0.063,-0.057,36.5,,,,,,,
80,649810,"Gomez, Dariel",2023,80,100,0.308,0.462,0.4,0.769,0.503,0.346,0.175,4,13,91.3,13,2172,88.2,88.41,13,31,49,0.20000000000000284,6.28,116,147,127,148,277,321,298,"-2.288","2.288",,,17,7,2,0,0,2,6,35.3,4,23.5,2.398,0.56835,0.6755,-0.54525,"91.7",164,71.42857142857143,14.285714285714285,5.88235294117647,5.88,-1.6,-0.21,2.24,0.471,1,"2.86",0.369,0.39,"-2.86",0.133,0.10199999999999998,0.379,0.157,41.9,,,,,,,
80,665923,"Ruiz, Esteury",2023,82,97.6,0.389,0.333,0.5,0.722,0.476,0.305,0.231,7,18,88.5,17.5,2224,88.3,89.2,10,38,42,0.9000000000000057,6.5,108,150,111,144,303,333,307,"-1.894","1.894",,,19,13,4,1,1,1,5,26.3,1,5.3,2.34212,0.5835,0.38912,0.04788,"92.0",159,46.15384615384615,15.384615384615385,10.526315789473683,5.51,-0.72,0.18,2.36,0.421,2,"2.3675",0.272,0.446,"-2.3675",0.158,0.14899999999999997,0.276,0.171,26.3,,,,,,,
80,681995,"Rodriguez, Eric",2023,80,100,0.263,0.053,0.313,0.316,0.28,0.307,0.294,5,19,83.7,14.3,2245,86.2,86.44,6,28,52,0.20000000000000284,6.3,108,147,115,142,299,320,278,"1.262","-1.262",,,22,16,4,1,0,0,4,18.2,2,9.1,2.50888,0.64363,0.23975,-0.0385,"89.6",147,12.5,0,0,5.95,-1.5,0.24,2.25,0.318,0,"-1.5775",0.345,0.349,"1.5775",-0.031,-0.02699999999999997,-0.033,-0.027,21.4,,,,,,,
80,664056,"Bader, Harrison",2023,80,100,0.105,0,0.125,0.105,0.15,0.411,0.33,2,19,90.6,15.9,2102,89,88.88,4,30,50,-0.09999999999999432,6.34,107,151,115,145,301,321,281,"2.605","-2.605",,,21,16,2,0,0,0,3,14.3,2,9.5,2.2675,0.65337,0.574,-0.365,"92.2",182,37.5,12.5,9.523809523809524,5.68,1.12,0.17,2.06,0.19,2,"-3.25625",0.393,0.57,"3.25625",-0.225,-0.203,-0.465,-0.261,13.3,,,,,,,
80,800176,"Sanchez, Carlos",2023,80,100,0.188,0.125,0.375,0.313,0.287,0.237,0.14,3,16,89.3,-0.5,2306,89,89.18,16,38,42,0.20000000000000284,6.31,121,146,120,139,285,304,290,"1.21","-1.21",,,19,8,1,2,0,0,8,42.1,3,15.8,1.85575,1.04487,0.45835,-0.48823,"91.7",103,50,0,0,5.85,-1.15,0.04,2.42,0.316,0,"-1.5125",0.276,0.205,"1.5125",0.048,0.03999999999999998,0.108,0.05,42.1,,,,,,,
79,676116,"Noda, Ryan",2023,79,100,0.4,0.8,0.4,1.2,0.669,0.622,0.358,4,10,95,18,2160,89.1,89.39,5,20,59,0.30000000000001137,6.19,121,145,130,152,305,343,303,"-6.567","6.567",,,17,7,0,2,0,2,3,17.6,7,41.2,2.37241,0.50291,0.42772,-0.24266,"94.3",174,71.42857142857143,42.857142857142854,17.647058823529413,5.91,-0.96,-0.1,2.16,0.647,3,"8.312658228",0.622,1.033,"-8.312658228",0.042,0.025000000000000022,0.167,0.047,25,,,,,,,
79,657656,"Laureano, Ramón",2023,79,100,0.467,0.333,0.545,0.8,0.57,0.368,0.216,7,15,89.7,4.4,2098,83.6,84.12,4,32,47,0.5,6.38,110,150,122,146,309,326,298,"-3.014","3.014",,,19,12,4,2,0,1,3,15.8,3,15.8,2.9838,0.30418,0.20551,0.03551,"91.4",169,50,16.666666666666664,10.526315789473683,5.32,0.21,0.17,1.97,0.579,2,"3.815189873",0.381,0.462,"-3.815189873",0.251,0.19799999999999995,0.338,0.202,12.5,,,,,,,
79,669134,"Campusano, Luis",2023,79,100,0.333,0.267,0.364,0.6,0.444,0.358,0.291,5,15,87,17.3,2232,88,88.63,6,34,45,0.5999999999999943,6.38,102,152,118,146,299,320,296,"-1.4","1.4",,,18,12,3,1,0,1,3,16.7,3,16.7,2.29835,0.65897,0.01696,0.1838,"89.5",159,25,0,0,5.96,-1.14,0.26,2.5,0.444,0,"1.772151899",0.409,0.381,"-1.772151899",0.042,0.03500000000000003,0.219,0.086,17.6,,,,,,,
78,692387,"Burns, Jake",2023,78,100,0.059,0,0.125,0.059,0.088,0.176,0.144,1,17,86.5,22.1,2271,87.4,87.26,15,40,38,-0.10000000000000853,6.13,111,142,119,146,281,306,286,"3.894","-3.894",,,18,8,1,0,0,0,9,50,1,5.6,2.26513,0.75731,0.27436,-0.36513,"89.3",129,37.5,0,0,5.95,-0.35,-0.26,2.46,0.111,0,"-4.992307692",0.192,0.192,"4.992307692",-0.085,-0.081,-0.133,-0.088,37.5,,,,,,,
77,669394,"Burger, Jake",2023,77,100,0.2,0.05,0.222,0.25,0.209,0.226,0.212,4,20,88.6,8.4,2328,88.1,88.14,12,45,32,0,6.25,107,148,113,143,294,323,290,"2.334","-2.334",,,22,18,3,1,0,0,3,13.6,1,4.5,2.54844,0.42532,0.17156,-0.03364,"90.6",128,16.666666666666664,0,0,5.85,-0.85,0.08,2.15,0.227,0,"-3.031168831",0.248,0.252,"3.031168831",-0.012,-0.02099999999999999,-0.002,-0.017,26.7,,,,,,,
76,676811,"Nieporte, Quincy",2023,76,100,0.222,0,0.308,0.222,0.246,0.201,0.154,4,18,85.3,13.7,2322,90.3,89.87,13,46,30,-0.3999999999999915,6.08,106,147,125,149,282,300,276,"1.071","-1.071",,,20,13,4,0,0,0,5,25,2,10,1.94395,0.88842,0.44882,0.4025,"89.0",150,15.384615384615385,0,0,5.69,-1.25,0.21,2.37,0.3,0,"-1.409210526",0.238,0.183,"1.409210526",0.068,0.062,0.039,0.045,28.3,,,,,,,
76,658677,"Lara, Gilbert",2023,76,100,0.15,0,0.2,0.15,0.159,0.186,0.168,3,20,83.3,10.1,2245,87.2,87.11,12,46,30,-0.10000000000000853,6.09,112,151,118,149,288,308,281,"3.462","-3.462",,,21,15,3,0,0,0,5,23.8,1,4.8,2.51776,0.5075,0.2075,0.0125,"90.6",114,13.333333333333334,0,0,6.03,-1.1,0.06,2.35,0.19,0,"-4.555263158",0.208,0.199,"4.555263158",-0.018,-0.017999999999999988,-0.049,-0.027,26.1,,,,,,,
76,661733,"Burt, Max",2023,76,100,0.125,0,0.154,0.125,0.227,0.235,0.126,2,16,82,12.5,2155,87.5,87.76,11,32,44,0.29999999999999716,6.34,106,144,114,143,298,327,290,"1.792","-1.792",,,20,13,2,0,0,0,3,15,4,20,2.30158,0.73882,0.46921,0.05421,"89.0",100,7.6923076923076925,0,0,6.05,-0.77,0.06,2.2,0.3,0,"-2.357894737",0.301,0.143,"2.357894737",-0.001,-0.0010000000000000009,-0.018,-0.008,34.4,,,,,,,
76,690903,"Dunn, Lucas",2023,76,100,0.053,0.158,0,0.211,0.135,0.219,0.192,1,19,76.6,1.7,2283,85.8,86.4,15,40,36,0.6000000000000085,6.5,115,159,126,146,257,293,267,"3.142","-3.142",,,20,14,0,0,0,1,5,25,1,5,2.60487,0.51934,-0.155,-0.05737,"90.4",126,28.57142857142857,0,0,5.87,-1.13,0.29,2.38,0.1,0,"-4.134210526",0.233,0.256,"4.134210526",-0.139,-0.133,-0.045,-0.084,37.5,,,,,,,
75,682626,"Alvarez, Francisco",2023,75,100,0.25,0.438,0.333,0.688,0.433,0.265,0.103,4,16,93.6,29.8,2205,87.1,87.15,14,35,40,0.10000000000000853,6.41,106,147,120,145,296,320,284,"-1.141","1.141",,,19,8,1,1,0,2,8,42.1,3,15.8,2.394,0.68178,0.2332,0.0748,"93.8",201,62.5,37.5,15.789473684210526,5.73,-0.91,0.46,2.18,0.368,3,"1.521333333",0.245,0.354,"-1.521333333",0.147,0.123,0.334,0.168,40,,,,,,,
75,695020,"Murray, Tanner",2023,75,100,0.2,0.2,0.286,0.4,0.249,0.241,0.246,4,20,90.2,9.2,2248,87,87.81,10,44,31,0.7999999999999972,6.53,111,149,115,147,288,308,278,"1.629","-1.629",,,20,14,0,4,0,0,6,30,0,0,2.5468,0.51784,0.33653,-0.1168,"92.2",136,50,0,0,5.98,-0.77,0.09,2.24,0.2,0,"-2.172",0.246,0.316,"2.172",-0.046,-0.045999999999999985,0.084,0.008,22.7,,,,,,,
75,592200,"Casali, Curt",2023,75,100,0.261,0.043,0.375,0.304,0.266,0.239,0.209,6,23,84.4,6.2,2183,89.9,90.07,9,41,34,0.19999999999998863,6.27,100,150,118,146,286,322,290,"1.916","-1.916",,,24,16,5,1,0,0,7,29.2,0,0,2.22013,0.62187,0.52453,0.37147,"90.4",158,25,0,0,5.73,-1.3,0.15,2.42,0.292,0,"-2.554666667",0.242,0.301,"2.554666667",0.052,0.04999999999999999,0.003,0.027,22,,,,,,,
74,663898,"Rodgers, Brendan",2023,74,100,0.35,0.25,0.353,0.6,0.415,0.348,0.283,7,20,84.7,4.7,2310,87.2,87.79,10,35,39,0.5999999999999943,6.29,111,151,119,148,303,322,299,"-1.902","1.902",,,21,18,4,2,0,1,2,9.5,1,4.8,2.70108,0.30378,0.22568,0.06973,"91.2",131,33.33333333333333,11.11111111111111,9.523809523809524,5.53,-0.68,0.13,2.16,0.381,2,"2.57027027",0.317,0.493,"-2.57027027",0.067,0.064,0.107,0.067,28.6,,,,,,,
72,641938,"Pabst, Arden",2023,72,100,0.4,0.4,0.375,0.8,0.566,0.415,0.241,4,10,87.3,1.3,2300,90.5,90.39,7,29,43,-0.09999999999999432,6.17,107,152,117,147,285,312,280,"-2.75","2.75",,,15,9,2,1,0,1,1,6.7,5,33.3,2.1275,0.67931,0.23056,0.14917,"90.5",169,22.22222222222222,11.11111111111111,6.666666666666667,5.97,-1.18,0.16,2.47,0.6,1,"3.819444444",0.494,0.412,"-3.819444444",0.159,0.10599999999999998,0.388,0.151,24.1,,,,,,,
72,681862,"Pita, Matt",2023,72,100,0.231,0.615,0.125,0.846,0.481,0.325,0.169,3,13,86.2,22.1,2240,88.3,88.16,7,34,38,-0.09999999999999432,6.22,107,143,114,142,278,301,286,"-1.568","1.568",,,16,10,0,0,1,2,3,18.8,2,12.5,2.21958,0.74704,0.22583,0.21167,"90.4",166,36.36363636363637,9.090909090909092,6.25,5.81,-1.2,-0.02,2.41,0.375,1,"2.177777778",0.325,0.408,"-2.177777778",0.062,0.04999999999999999,0.438,0.156,20.6,,,,,,,
71,687073,"Contreras, Yan",2023,71,100,0.308,0.154,0.444,0.462,0.417,0.464,0.312,4,13,88.7,23.2,2264,85.8,85.74,13,33,38,-0.09999999999999432,6.26,105,146,112,146,289,300,273,"-0.95","0.95",,,17,9,2,2,0,0,4,23.5,2,11.8,2.57282,0.55986,0.39225,-0.23507,"92.2",181,44.44444444444444,22.22222222222222,11.76470588235294,5.46,0.09,0.15,2.18,0.471,2,"1.338028169",0.474,0.616,"-1.338028169",-0.004,-0.0030000000000000027,-0.154,-0.047,39.4,,,,,,,
71,641820,"Mancini, Trey",2023,71,100,0.316,0.421,0.333,0.737,0.435,0.272,0.254,6,19,87.6,11.5,2153,88,88.8,14,39,32,0.7999999999999972,6.55,105,148,119,146,301,320,291,"-1.721","1.721",,,19,14,2,2,0,2,5,26.3,0,0,2.51197,0.45,0.44563,0.00056,"91.4",135,35.714285714285715,7.142857142857142,5.263157894736842,5.79,-0.47,0.23,2.29,0.316,1,"2.423943662",0.254,0.388,"-2.423943662",0.062,0.062,0.349,0.163,35.9,,,,,,,
70,686894,"Wiemer, Joey",2023,70,100,0.105,0.158,0.063,0.263,0.171,0.302,0.273,2,19,92.1,1.1,2182,88.9,88.71,8,34,36,-0.20000000000000284,6.11,111,150,117,146,296,311,296,"3.367","-3.367",,,21,17,1,0,0,1,3,14.3,1,4.8,2.24557,0.65843,0.54914,0.38657,"93.3",141,47.05882352941176,5.88235294117647,4.761904761904762,5.84,-1.38,-0.18,2.29,0.143,1,"-4.81",0.297,0.416,"4.81",-0.168,-0.154,-0.153,-0.131,23.5,,,,,,,
67,678021,"Northcut, Nicholas",2023,67,100,0.111,0,0.167,0.111,0.13,0.171,0.116,2,18,89.1,19.2,2243,87.7,87.52,14,31,36,-0.20000000000000284,6.25,108,152,121,146,289,319,290,"3.453","-3.453",,,19,12,2,0,0,0,6,31.6,1,5.3,2.44866,0.65045,0.13313,-0.12119,"91.8",198,41.66666666666667,0,0,5.89,-0.41,0.24,2.52,0.158,0,"-5.153731343",0.163,0.224,"5.153731343",-0.005,-0.0050000000000000044,-0.113,-0.041,45.2,,,,,,,
67,691006,"Parada, Kevin",2023,67,100,0.077,0,0.167,0.077,0.152,0.296,0.198,1,13,87.8,4.8,2288,87.4,88.05,15,35,32,0.5999999999999943,6.56,107,147,115,145,296,318,292,"2.606","-2.606",,,15,6,1,0,0,0,7,46.7,2,13.3,2.3606,0.65836,0.3909,0.3909,"90.4",148,33.33333333333333,16.666666666666664,6.666666666666667,5.8,-1.57,0.57,2.14,0.2,1,"-3.889552239",0.305,0.364,"3.889552239",-0.121,-0.10499999999999998,-0.287,-0.144,42.9,,,,,,,
67,691402,"Salcedo, Andruw",2023,67,100,0.188,0.063,0.25,0.25,0.218,0.315,0.284,3,16,87.7,12.1,2276,87,87.26,7,24,43,0.29999999999999716,6.31,108,148,115,147,282,303,277,"1.964","-1.964",,,17,12,2,1,0,0,4,23.5,1,5.9,2.30403,0.73075,0.4206,-0.4206,"92.2",171,33.33333333333333,0,0,5.61,-0.15,-0.15,2.53,0.235,0,"-2.931343284",0.327,0.393,"2.931343284",-0.096,-0.09200000000000003,-0.143,-0.097,29.2,,,,,,,
67,664040,"Lowe, Brandon",2023,67,100,0.214,0.143,0.333,0.357,0.321,0.292,0.2,3,14,90.6,14.6,2156,87.6,87.65,10,36,31,0.10000000000000853,6.1,111,145,114,148,293,319,298,"0.374","-0.374",,,17,9,1,2,0,0,5,29.4,3,17.6,2.39313,0.59388,0.42537,-0.17045,"91.9",156,44.44444444444444,0,0,5.79,0.63,-0.45,2.15,0.353,0,"-0.558208955",0.342,0.276,"0.558208955",0.014,0.010999999999999954,0.081,0.029,27.8,,,,,,,
66,667240,"Matthews, Jason",2023,66,100,0.143,0.214,0.125,0.357,0.267,0.186,0.091,2,14,78.7,-1,2160,87,87.11,12,30,36,0.09999999999999432,6.24,101,147,107,147,294,325,287,"1.956","-1.956",,,16,9,1,0,0,1,5,31.3,2,12.5,2.72,0.32046,0.22182,0.03879,"90.1",126,22.22222222222222,11.11111111111111,6.25,5.74,-1.06,0.3,2.16,0.25,1,"-2.963636364",0.205,0.184,"2.963636364",0.052,0.04500000000000001,0.173,0.081,40,,,,,,,
66,692190,"Antonia, Donovan",2023,66,100,0.25,0.25,0.25,0.5,0.356,0.252,0.193,4,16,82.1,1.5,2286,88.2,88.42,10,36,30,0.20000000000000284,6.33,105,143,113,139,286,314,282,"0.365","-0.365",,,18,13,2,1,0,1,3,16.7,2,11.1,2.14485,0.83734,0.40215,0.06585,"89.7",134,23.076923076923077,0,0,5.73,-0.37,0.18,2.33,0.333,0,"-0.553030303",0.282,0.265,"0.553030303",0.057,0.051000000000000045,0.235,0.104,27.8,,,,,,,
65,663457,"Nootbaar, Lars",2023,65,100,0.467,0.467,0.455,0.933,0.592,0.572,0.422,7,15,94.7,18.2,2154,86.8,87.27,5,22,43,0.5,6.43,104,146,123,151,291,328,301,"-3.293","3.293",,,16,13,4,1,0,2,2,12.5,1,6.3,2.45585,0.60046,0.39215,-0.55892,"94.3",194,53.84615384615385,23.076923076923077,18.75,5.9,-0.87,-0.46,2.28,0.5,3,"5.066153846",0.458,0.934,"-5.066153846",0.045,0.04199999999999998,-0.001,0.02,22.7,,,,,,,
64,572204,"Thompson, Trayce",2023,64,100,0.375,0.438,0.556,0.813,0.505,0.493,0.294,6,16,97.5,28.2,2171,87,87.4,13,28,36,0.4000000000000057,6.26,98,150,123,145,310,325,294,"-1.693","1.693",,,17,10,1,4,0,1,6,35.3,0,0,2.58703,0.44453,0.26203,0.06422,"94.8",237,50,40,23.52941176470588,5.82,-1.13,0.04,2.51,0.412,4,"2.6453125",0.335,0.874,"-2.6453125",0.081,0.07699999999999996,-0.061,0.012,46.4,,,,,,,
64,446334,"Longoria, Evan",2023,64,100,0,0,0,0,0.232,0.26,0.04,0,8,91.1,24,2245,88.3,88.68,6,22,42,0.4000000000000057,6.24,117,149,119,149,312,334,305,"0.989","-0.989",,,12,5,0,0,0,0,3,25,4,33.3,2.37453,0.56266,0.09844,0.09844,"89.7",152,20,0,0,5.71,-1.93,0.08,2.42,0.333,0,"-1.5453125",0.36,0.061,"1.5453125",-0.04,-0.02699999999999997,-0.061,-0.028,27.3,,,,,,,
63,665862,"Chisholm Jr., Jazz",2023,63,100,0.25,0.083,0.273,0.333,0.362,0.394,0.3,3,12,88.6,19.5,2114,85.3,85.5,4,25,38,0.20000000000000284,6.33,114,144,114,149,307,328,316,"-0.303","0.303",,,16,11,2,1,0,0,1,6.3,4,25,2.68476,0.47143,0.03419,-0.37935,"90.5",176,36.36363636363637,0,0,5.9,0.45,-0.27,2.23,0.438,0,"0.480952381",0.475,0.385,"-0.480952381",-0.05,-0.03699999999999998,-0.052,-0.032,16,,,,,,,
62,691011,"Romo, Drew",2023,62,100,0.353,0.176,0.462,0.529,0.393,0.222,0.207,6,17,82.9,8.6,2072,87.3,88.09,10,39,23,0.7999999999999972,6.37,111,147,117,149,299,326,297,"-0.779","0.779",,,18,13,4,1,1,0,4,22.2,0,0,2.50113,0.49452,0.40919,-0.40919,"90.4",105,15.384615384615385,0,0,5.38,0.63,-0.14,2.01,0.389,0,"1.256451613",0.251,0.231,"-1.256451613",0.146,0.138,0.298,0.171,25.6,,,,,,,
61,699082,"Aponte, Yhoangel",2023,61,100,0.429,0.357,0.625,0.786,0.541,0.418,0.308,6,14,88.2,10.8,2259,88.6,88.22,12,26,35,-0.3999999999999915,6.12,111,145,114,146,291,302,274,"-2.861","2.861",,,17,9,4,0,1,1,5,29.4,3,17.6,2.30492,0.6518,0.41033,0.00016,"92.3",155,44.44444444444444,11.11111111111111,5.88235294117647,5.92,-0.96,0.63,2.27,0.529,1,"4.690163934",0.43,0.533,"-4.690163934",0.121,0.09900000000000003,0.253,0.123,46.2,,,,,,,
61,666185,"Carlson, Dylan",2023,61,100,0.333,0.111,0.333,0.444,0.425,0.414,0.286,3,9,81.3,12.2,2108,87.7,87.86,1,23,38,0.20000000000000284,6.37,108,143,123,146,289,328,296,"-0.501","0.501",,,12,9,2,1,0,0,0,0,3,25,2.44246,0.56279,0.2723,-0.2723,"89.2",177,11.11111111111111,11.11111111111111,8.333333333333332,5.52,-1.47,-0.23,2.26,0.5,1,"0.821311475",0.464,0.472,"-0.821311475",0.047,0.035999999999999976,-0.028,0.011,4.3,,,,,,,
61,696285,"Young, Jacob",2023,61,100,0.294,0.176,0.286,0.471,0.326,0.281,0.24,5,17,84.5,1.4,2101,87.8,87.8,9,32,29,0,6.31,106,152,103,147,296,324,303,"0.057","-0.057",,,17,15,4,0,0,1,2,11.8,0,0,2.35066,0.64541,0.39902,-0.3223,"90.1",148,20,13.333333333333334,11.76470588235294,5.68,-0.15,-0.02,2.26,0.294,2,"-0.093442623",0.24,0.422,"0.093442623",0.054,0.05399999999999999,0.049,0.045,28.1,,,,,,,
60,462101,"Andrus, Elvis",2023,60,100,0.357,0.214,0.333,0.571,0.415,0.329,0.267,5,14,90.6,9.5,2268,86.9,86.72,5,28,32,-0.20000000000000284,6.16,109,151,118,147,288,315,282,"-0.682","0.682",,,15,13,4,0,0,1,1,6.7,1,6.7,2.54783,0.5222,0.36167,-0.07967,"92.7",156,46.15384615384615,7.6923076923076925,6.666666666666667,5.61,0.1,-0.2,2.36,0.4,1,"1.136666667",0.316,0.446,"-1.136666667",0.09,0.08400000000000002,0.125,0.086,17.9,,,,,,,
60,680771,"Gil, Mateo",2023,60,100,0,0,0,0,0.05,0.144,0.094,0,13,80.2,16,2294,88.9,89.03,9,31,29,0.09999999999999432,6.26,103,147,117,147,292,310,279,"3.627","-3.627",,,14,8,0,0,0,0,5,35.7,1,7.1,2.34633,0.57169,0.19183,0.0785,"89.4",137,25,0,0,5.93,-0.85,0.09,2.35,0.071,0,"-6.045",0.158,0.145,"6.045",-0.094,-0.08700000000000001,-0.145,-0.094,29,,,,,,,
60,673062,"Dale, Jarryd",2023,60,100,0.3,0,0.5,0.3,0.364,0.344,0.252,3,10,81.5,-2.7,2213,89.3,89.35,8,28,32,0,6.07,112,173,116,147,296,306,281,"-0.11","0.11",,,13,6,3,0,0,0,4,30.8,3,23.1,2.203,0.6525,0.4255,0.37217,"88.8",137,0,0,0,5.98,-1.55,0.02,2.4,0.462,0,"0.183333333",0.425,0.289,"-0.183333333",0.048,0.03700000000000003,0.011,0.02,28.6,,,,,,,
59,699816,"Loftin, Jackson",2023,59,100,0.385,0.231,0.417,0.615,0.487,0.404,0.323,5,13,86.1,16,2212,89.1,89.77,4,26,33,0.7000000000000028,6.52,108,150,116,146,285,330,290,"-2.151","2.151",,,17,12,2,3,0,0,1,5.9,4,23.5,1.98797,0.89661,0.48103,0.07138,"89.9",171,8.333333333333332,0,0,5.67,-0.22,-0.09,2.4,0.529,0,"3.645762712",0.483,0.402,"-3.645762712",0.062,0.04600000000000004,0.213,0.083,15.4,,,,,,,
59,690997,"McLean, Nolan",2023,59,100,0.111,0,0.25,0.111,0.228,0.277,0.149,1,9,90.5,35,2316,87.1,87.07,9,17,42,0,6.24,105,142,116,144,289,311,275,"1.289","-1.289",,,13,4,1,0,0,0,6,46.2,3,23.1,2.27559,0.76881,0.3739,0.07966,"93.0",207,75,0,0,5.55,-0.83,0.38,2.51,0.308,0,"-2.184745763",0.342,0.197,"2.184745763",-0.038,-0.03400000000000003,-0.086,-0.049,52.9,,,,,,,
59,642851,"Wynns, Austin",2023,59,100,0.154,0.308,0.125,0.462,0.311,0.2,0.125,2,13,84,5.2,2082,87.2,87,6,23,36,-0.20000000000000284,6.26,108,150,115,145,304,316,280,"-1.139","1.139",,,15,9,0,1,0,1,4,26.7,1,6.7,2.44746,0.60254,0.32932,0.19136,"91.2",138,33.33333333333333,0,0,5.87,-1.32,0.23,2.32,0.267,0,"1.930508475",0.242,0.163,"-1.930508475",0.029,0.025000000000000022,0.299,0.111,26.1,,,,,,,
59,443558,"Cruz, Nelson",2023,59,100,0.313,0.25,0.333,0.563,0.389,0.363,0.285,5,16,93.8,10.7,2263,89.3,89.93,8,30,29,0.6000000000000085,6.39,104,153,121,148,314,333,303,"-0.607","0.607",,,17,13,3,1,0,1,3,17.6,0,0,2.23508,0.63203,0.22695,0.11102,"93.3",192,46.15384615384615,7.6923076923076925,5.88235294117647,5.6,-0.27,-0.13,2.25,0.353,1,"1.028813559",0.327,0.52,"-1.028813559",0.028,0.025999999999999968,0.043,0.026,26.7,,,,,,,
58,571657,"Farmer, Kyle",2023,58,100,0.308,0.385,0.375,0.692,0.451,0.413,0.308,4,13,96,13.3,2259,86.6,86.7,5,26,32,0.10000000000000853,6.24,105,151,125,148,285,320,276,"-1.749","1.749",,,15,9,1,2,0,1,4,26.7,2,13.3,2.33328,0.74879,0.19621,-0.05379,"93.8",191,55.55555555555556,22.22222222222222,13.333333333333334,5.61,0.15,-0.09,2.18,0.4,2,"3.015517241",0.401,0.578,"-3.015517241",0,-0.0010000000000000009,0.114,0.038,19.2,,,,,,,
58,621550,"Wisdom, Patrick",2023,58,100,0.2,0.4,0.25,0.6,0.387,0.383,0.189,2,10,99,29.2,2201,87.6,87.89,10,23,35,0.30000000000001137,6.41,,,,,,,,"-1.948","1.948",,,12,5,0,1,0,1,5,41.7,2,16.7,2.30759,0.70828,0.265,0.0381,"93.0",252,100,20,8.333333333333332,5.75,-0.65,0.32,2.43,0.333,1,"3.35862069",0.324,0.599,"-3.35862069",0.011,0.009000000000000008,0.001,0.004,43.5,,,,,,,
58,694812,"McDonough, Tyler",2023,58,100,0.25,0.25,0.333,0.5,0.338,0.246,0.212,3,12,89.5,-3.7,2185,89.1,88.88,6,21,37,-0.19999999999998863,6.18,117,149,106,153,269,306,285,"0.142","-0.142",,,14,9,1,1,1,0,3,21.4,1,7.1,2.30345,0.60862,0.33362,-0.33362,"91.0",87,30,0,0,6.05,-1.54,0.03,2.27,0.308,0,"-0.244827586",0.272,0.268,"0.244827586",0.038,0.035999999999999976,0.232,0.092,28.6,,,,,,,
58,807726,"Peck, John",2023,59,98.3,0.091,0,0.125,0.091,0.175,0.212,0.129,1,11,91.9,12.5,2352,89.3,88.64,6,27,31,-0.7000000000000028,5.97,100,145,117,147,289,296,275,"1.906","-1.906",,,13,8,1,0,0,0,3,23.1,2,15.4,2.06345,0.84069,0.40845,0.19328,"91.1",121,50,0,0,5.85,-0.89,0.6,2.13,0.231,0,"-3.286206897",0.263,0.153,"3.286206897",-0.038,-0.032,-0.062,-0.037,22.2,,,,,,,
58,621439,"Buxton, Byron",2023,58,100,0.167,0,0.286,0.167,0.225,0.223,0.143,2,12,89.8,17.4,2225,87.8,88.02,6,27,31,0.20000000000000284,6.33,109,151,119,145,284,322,293,"1.24","-1.24",,,14,7,2,0,0,0,5,35.7,2,14.3,2.24828,0.74672,0.205,0.2319,"91.5",160,57.14285714285714,0,0,6.09,-0.67,0.1,2.42,0.286,0,"-2.137931034",0.265,0.188,"2.137931034",0.024,0.020999999999999963,-0.021,0.002,22.2,,,,,,,
57,687263,"Neto, Zach",2023,58,98.3,0.333,0.583,0.333,0.917,0.552,0.313,0.136,4,12,80.5,9.5,2180,85.8,86.22,7,28,29,0.4000000000000057,6.26,110,151,123,147,305,330,284,"-2.02","2.02",,,15,8,1,1,0,2,4,26.7,1,6.7,2.54263,0.55526,0.3193,0.07719,"90.2",164,25,12.5,6.666666666666667,5.71,0.56,0.12,2.34,0.467,1,"3.543859649",0.309,0.383,"-3.543859649",0.197,0.15800000000000003,0.534,0.239,25,,,,,,,
57,673548,"Suzuki, Seiya",2023,57,100,0.308,0.231,0.273,0.538,0.357,0.296,0.237,4,13,86.7,7,2215,87.4,87.58,0,19,38,0.19999999999998863,6.37,121,145,120,149,283,315,277,"-0.29","0.29",,,15,12,3,0,0,1,2,13.3,1,6.7,2.19316,0.81228,0.3586,0.08632,"92.9",143,33.33333333333333,8.333333333333332,6.666666666666667,5.99,-0.53,0.27,2.06,0.333,1,"0.50877193",0.282,0.395,"-0.50877193",0.071,0.051000000000000045,0.143,0.061,0,,,,,,,
57,681679,"Consuegra, Stanley",2023,57,100,0.091,0.091,0.143,0.182,0.162,0.122,0.076,1,11,87.8,29.6,2340,86.7,86.35,5,22,35,-0.4000000000000057,6.11,109,151,120,147,297,317,283,"2.025","-2.025",,,12,7,0,1,0,0,4,33.3,1,8.3,2.2707,0.81596,0.45368,-0.20596,"90.0",107,14.285714285714285,0,0,5.58,-0.78,0.25,2.28,0.167,0,"-3.552631579",0.153,0.083,"3.552631579",0.015,0.014000000000000012,0.099,0.04,22.7,,,,,,,
56,815734,"Jasso, Dylan",2023,56,100,0.071,0.071,0.077,0.143,0.165,0.263,0.195,1,14,82.5,12.6,2288,88.2,88.05,3,22,34,-0.20000000000000284,6.19,109,147,119,143,287,307,278,"2.737","-2.737",,,16,13,0,1,0,0,1,6.3,2,12.5,2.27268,0.69339,0.21464,0.21464,"89.5",183,15.384615384615385,0,0,5.91,-1.5,0,2.56,0.188,0,"-4.8875",0.296,0.274,"4.8875",-0.124,-0.10799999999999998,-0.131,-0.098,13.6,,,,,,,
55,676919,"Diaz, Brent",2023,55,100,0.357,0.429,0.333,0.786,0.503,0.367,0.252,5,14,94.5,20.9,2278,88.8,88.53,8,27,28,-0.29999999999999716,6.05,108,151,117,147,306,316,288,"-3.167","3.167",,,16,11,3,0,0,2,3,18.8,2,12.5,2.21927,0.69036,0.2313,0.10278,"93.1",199,63.63636363636363,9.090909090909092,6.25,5.76,-0.32,-0.04,2.49,0.438,1,"5.758181818",0.345,0.519,"-5.758181818",0.105,0.09300000000000003,0.267,0.136,29.6,,,,,,,
54,700246,"Williams, Carson",2023,54,100,0.077,0.077,0.143,0.154,0.176,0.208,0.127,1,13,83.3,7.4,2121,89.8,89.34,12,23,31,-0.5,6.01,105,150,117,147,294,326,289,"2.254","-2.254",,,15,7,0,1,0,0,6,40,2,13.3,1.85241,0.99648,0.53358,-0.06113,"92.0",156,28.57142857142857,0,0,5.88,-0.33,0.25,2.47,0.2,0,"-4.174074074",0.244,0.182,"4.174074074",-0.05,-0.043999999999999984,-0.028,-0.032,52.2,,,,,,,
54,690998,"Miller, Jackson",2023,54,100,0.182,0,0.286,0.182,0.275,0.324,0.221,2,11,85.6,3.9,2319,85.6,85.41,9,25,29,-0.19999999999998863,6.18,,,,,,,,"0.721","-0.721",,,14,7,2,0,0,0,4,28.6,3,21.4,2.47426,0.68944,0.5163,-0.25,"89.9",158,14.285714285714285,0,0,5.85,-0.42,-0.21,2.43,0.357,0,"-1.335185185",0.388,0.292,"1.335185185",-0.039,-0.031000000000000028,-0.11,-0.049,36,,,,,,,
54,514888,"Altuve, Jose",2023,54,100,0.077,0,0.091,0.077,0.068,0.181,0.146,1,13,84.6,-4.1,2140,88.3,88.68,7,25,29,0.4000000000000057,6.46,106,149,116,146,286,304,281,"2.443","-2.443",,,13,11,1,0,0,0,2,15.4,0,0,2.28944,0.66407,0.245,-0.12574,"90.7",113,27.27272727272727,9.090909090909092,7.6923076923076925,5.86,0.05,0.1,2.25,0.077,1,"-4.524074074",0.146,0.285,"4.524074074",-0.069,-0.06899999999999999,-0.208,-0.113,28,,,,,,,
54,647378,"Yerzy, Andy",2023,54,100,0.25,0.583,0.167,0.833,0.458,0.498,0.334,3,12,92,2.4,2180,89.8,90.26,5,20,34,0.5,6.55,113,137,111,144,296,316,286,"-1.86","1.86",,,13,8,0,1,0,2,4,30.8,1,7.7,2.14926,0.70074,0.36321,-0.26811,"94.6",219,50,50,30.76923076923077,6.03,-1.48,-0.25,2.18,0.308,4,"3.444444444",0.385,0.832,"-3.444444444",-0.084,-0.07700000000000001,0.001,-0.04,25,,,,,,,
54,650489,"Castro, Willi",2023,54,100,0.182,0,0.333,0.182,0.243,0.346,0.223,2,11,98,28,2208,88.8,89.4,8,17,37,0.6000000000000085,6.41,124,148,138,154,293,318,287,"0.952","-0.952",,,13,6,2,0,0,0,5,38.5,2,15.4,2.22019,0.695,0.53352,-0.53352,"95.8",225,83.33333333333334,16.666666666666664,7.6923076923076925,5.99,-1.33,-0.22,2.29,0.308,1,"-1.762962963",0.343,0.456,"1.762962963",-0.041,-0.03500000000000003,-0.274,-0.103,47.1,,,,,,,
53,645302,"Robles, Victor",2023,53,100,0.364,0.636,0.333,1,0.587,0.432,0.252,4,11,82.7,30.3,2309,87.4,87.52,6,19,34,0.09999999999999432,6.38,107,145,114,144,299,323,293,"-2.781","2.781",,,14,8,1,1,0,2,3,21.4,3,21.4,2.50415,0.51283,0.10849,-0.23453,"92.5",242,37.5,25,14.285714285714285,5.68,-0.53,0.12,2.31,0.5,2,"5.247169811",0.412,0.615,"-5.247169811",0.112,0.08800000000000002,0.385,0.155,31.6,,,,,,,
53,693805,"Avila, Kliubert",2023,53,100,0.214,0,0.3,0.214,0.223,0.272,0.252,3,14,84.1,10.2,2218,88.7,88.95,7,24,29,0.29999999999999716,6.37,97,142,107,139,289,307,279,"1.83","-1.83",,,15,10,3,0,0,0,4,26.7,1,6.7,2.04962,0.88547,0.29385,0.01846,"90.2",118,20,0,0,5.69,-1.32,0.14,2.37,0.267,0,"-3.452830189",0.302,0.3,"3.452830189",-0.038,-0.034999999999999976,-0.086,-0.049,29.2,,,,,,,
53,686634,"Estep, Chase",2023,53,100,0.357,0.143,0.455,0.5,0.389,0.312,0.266,5,14,95.5,8,2126,88.1,88.05,4,26,27,-0.09999999999999432,6.3,109,149,119,153,269,308,284,"-0.7","0.7",,,15,11,3,2,0,0,3,20,1,6.7,2.47679,0.49189,0.45585,-0.48981,"94.1",145,63.63636363636363,0,0,6.18,-1.71,0.13,1.92,0.4,0,"1.320754717",0.315,0.403,"-1.320754717",0.091,0.08500000000000002,0.097,0.077,15.4,,,,,,,
52,703245,"Sosa, Andres",2023,52,100,0.2,0.1,0.25,0.3,0.355,0.333,0.195,2,10,81.8,24.5,2337,88.9,88.48,6,21,31,-0.4000000000000057,6.1,98,139,120,144,287,301,268,"-0.304","0.304",,,14,8,1,1,0,0,2,14.3,2,14.3,2.31269,0.6486,0.35635,0.24519,"89.3",94,25,0,0,5.66,-1.92,0.01,2.6,0.429,0,"0.584615385",0.425,0.219,"-0.584615385",0.005,0.0040000000000000036,0.081,0.022,28.6,,,,,,,
52,680571,"Jenista, Greyson",2023,52,100,0.154,0.077,0.286,0.231,0.202,0.155,0.119,2,13,90.8,19.1,2120,87,87.36,12,31,21,0.4000000000000057,6.36,115,146,134,154,284,321,293,"1.72","-1.72",,,14,7,1,1,0,0,6,42.9,1,7.1,2.61885,0.43255,0.54019,-0.55788,"91.6",183,28.57142857142857,0,0,6.02,-1.15,-0.15,2.49,0.214,0,"-3.307692308",0.182,0.145,"3.307692308",0.035,0.032,0.086,0.047,38.7,,,,,,,
52,663647,"Hayes, Ke'Bryan",2023,52,100,0.111,0,0.143,0.111,0.248,0.4,0.288,1,9,98.6,5.9,2227,88.2,88.38,6,27,25,0.20000000000000284,6.2,112,145,122,143,309,323,286,"0.884","-0.884",,,12,7,1,0,0,0,2,16.7,3,25,2.16173,0.83902,0.2625,0.2625,"91.9",179,71.42857142857143,0,0,5.84,-2.11,0.27,2.56,0.333,0,"-1.7",0.466,0.417,"1.7",-0.177,-0.133,-0.306,-0.152,22.2,,,,,,,
51,656541,"Hilliard, Sam",2023,51,100,0.308,0,0.5,0.308,0.351,0.322,0.254,4,13,83.9,7.3,2192,88.7,89.15,11,26,25,0.5,6.39,114,145,112,154,305,323,314,"-0.306","0.306",,,16,8,4,0,0,0,5,31.3,3,18.8,2.30902,0.62941,0.38569,-0.43863,"90.8",144,37.5,0,0,5.8,0.1,-0.23,2.52,0.438,0,"0.6",0.394,0.285,"-0.6",0.054,0.043999999999999984,0.023,0.029,42.3,,,,,,,
51,592273,"Drury, Brandon",2023,51,100,0.182,0.273,0.167,0.455,0.276,0.297,0.275,2,11,96.1,10.4,2186,89.4,89.81,5,22,29,0.3999999999999915,6.28,106,146,124,147,301,333,289,"0.955","-0.955",,,13,7,1,0,0,1,5,38.5,1,7.7,2.31529,0.54078,0.18588,0.18588,"92.7",182,57.14285714285714,14.285714285714285,7.6923076923076925,5.95,-2.06,0.21,2.64,0.231,1,"-1.87254902",0.311,0.392,"1.87254902",-0.093,-0.07999999999999999,0.063,-0.021,22.7,,,,,,,
50,688808,"Martin, David",2023,50,100,0.25,0,0.273,0.25,0.204,0.233,0.203,3,12,87.1,7.9,2236,86,86.74,2,26,24,0.7000000000000028,6.48,100,144,114,146,281,320,300,"1.513","-1.513",,,13,11,3,0,0,0,2,15.4,0,0,2.5782,0.5352,0.016,-0.0596,"89.3",122,9.090909090909092,0,0,5.36,1.24,-0.06,2.32,0.231,0,"-3.026",0.236,0.248,"3.026",0.047,-0.004999999999999977,0.002,-0.029,7.7,,,,,,,
50,670032,"Lopez, Nicky",2023,50,100,0.3,0.1,0.333,0.4,0.392,0.347,0.239,3,10,84.5,9.1,2187,87.3,86.91,4,19,31,-0.3999999999999915,5.96,119,268,86,153,302,283,146,"-0.718","0.718",,,13,9,2,1,0,0,1,7.7,3,23.1,2.5266,0.4984,0.3608,-0.3908,"89.9",192,22.22222222222222,0,0,5.82,-1.68,-0.11,2.27,0.462,0,"1.436",0.414,0.331,"-1.436",0.061,0.04800000000000004,0.069,0.045,21.1,,,,,,,
50,545121,"Vargas, Ildemaro",2023,50,100,0.1,0,0.125,0.1,0.143,0.243,0.186,1,10,92.4,8.4,2182,86.5,86.46,2,17,33,0,6.29,107,148,117,150,276,309,292,"1.894","-1.894",,,11,8,1,0,0,0,2,18.2,1,9.1,2.4574,0.6404,-0.0044,0.0044,"92.4",132,50,12.5,9.090909090909092,6.27,0.5,0.01,2.52,0.182,1,"-3.788",0.26,0.279,"3.788",-0.086,-0.07800000000000001,-0.179,-0.1,11.8,,,,,,,
50,678323,"Cerda, Allan",2023,50,100,0.091,0.182,0.167,0.273,0.189,0.236,0.165,1,11,86.8,30.8,2323,85.6,85.18,8,22,28,-0.3999999999999915,6.02,102,153,116,149,290,309,280,"1.605","-1.605",,,12,6,0,0,1,0,5,41.7,1,8.3,2.6808,0.4702,0.1762,-0.1498,"90.9",177,50,0,0,5.86,-0.89,0.19,2.18,0.167,0,"-3.21",0.235,0.294,"3.21",-0.074,-0.06799999999999998,-0.021,-0.047,36.4,,,,,,,
49,543939,"Wong, Kolten",2023,49,100,0.538,0.385,0.545,0.923,0.623,0.391,0.32,7,13,83.4,14.5,2174,90.1,90.3,5,26,23,0.20000000000000284,6.22,106,145,110,145,298,324,301,"-3.001","3.001",,,14,12,4,2,0,1,1,7.1,1,7.1,2.03959,0.77388,0.6498,-0.52776,"90.6",185,33.33333333333333,8.333333333333332,7.142857142857142,5.46,-1.13,-0.19,2.29,0.571,1,"6.124489796",0.369,0.544,"-6.124489796",0.218,0.20199999999999996,0.379,0.232,19.2,,,,,,,
49,669289,"Espinal, Santiago",2023,49,100,0.308,0.077,0.364,0.385,0.352,0.365,0.336,4,13,79.6,9.9,2278,88.5,88.41,4,23,26,-0.09999999999999432,6.21,109,148,120,144,280,298,270,"-0.083","0.083",,,15,11,3,1,0,0,2,13.3,2,13.3,2.21163,0.74286,0.51083,0.04875,"89.4",149,9.090909090909092,0,0,5.85,-0.14,0.35,2.27,0.4,0,"0.169387755",0.424,0.381,"-0.169387755",-0.028,-0.023999999999999966,0.004,-0.013,17.4,,,,,,,
48,696065,"Perez, Jake",2023,48,100,0,0,0,0,0.077,0.136,0.053,0,7,81.2,17.5,2290,88.9,89.31,7,17,31,0.3999999999999915,6.25,102,150,110,145,298,313,287,"2.067","-2.067",,,9,2,0,0,0,0,6,66.7,1,11.1,2.28271,0.59708,0.18187,0.03604,"88.2",156,0,0,0,5.64,-0.93,0.19,2.13,0.111,0,"-4.30625",0.172,0.054,"4.30625",-0.053,-0.060999999999999985,-0.054,-0.059,41.2,,,,,,,
47,694943,"Gonzalez, Juan",2023,47,100,0.375,0.25,0.5,0.625,0.518,0.434,0.237,3,8,96.2,26.5,2270,85.7,85.71,4,16,31,0,6.45,111,147,124,148,294,315,279,"-1.437","1.437",,,12,6,1,2,0,0,2,16.7,2,16.7,2.45787,0.70319,0.34043,0.32383,"93.4",229,66.66666666666666,16.666666666666664,8.333333333333332,5.57,-0.81,0.16,2.44,0.583,1,"3.057446809",0.491,0.495,"-3.057446809",0.138,0.09199999999999997,0.13,0.084,25,,,,,,,
47,807728,"Graham, Carter",2023,47,100,0.154,0,0.2,0.154,0.245,0.343,0.231,2,13,78.1,4.3,2346,86.9,86.92,4,21,26,0,6.23,104,147,119,145,294,302,277,"2.123","-2.123",,,16,10,2,0,0,0,3,18.8,1,6.3,2.35532,0.6934,0.19783,0.02739,"90.2",126,30,10,6.25,5.99,-1.07,-0.03,2.5,0.313,1,"-4.517021277",0.376,0.368,"4.517021277",-0.077,-0.063,-0.214,-0.098,19,,,,,,,
47,542208,"Pérez, Carlos",2023,47,100,0.385,0.154,0.385,0.538,0.437,0.326,0.248,5,13,78.9,15.5,2106,88.4,88.53,0,22,25,0.09999999999999432,6.24,101,151,124,145,304,329,298,"-1.186","1.186",,,15,13,3,2,0,0,0,0,1,6.7,2.53128,0.41,0.61362,0.0217,"90.5",103,23.076923076923077,7.6923076923076925,6.666666666666667,5.89,-0.21,0.13,2.34,0.467,1,"2.523404255",0.348,0.377,"-2.523404255",0.137,0.11900000000000005,0.161,0.111,0,,,,,,,
47,669470,"Wallace, Paxton",2023,47,100,0.5,0.083,0.857,0.583,0.489,0.187,0.149,6,12,100.4,-10.3,2217,90.1,90.26,12,26,21,0.20000000000000284,6.25,104,152,119,147,273,327,291,"-1.641","1.641",,,13,7,5,1,0,0,5,38.5,1,7.7,2.07702,0.74681,0.37894,0.15255,"95.4",103,71.42857142857143,0,0,5.83,-1.42,0.33,2.08,0.538,0,"3.491489362",0.214,0.185,"-3.491489362",0.351,0.32400000000000007,0.398,0.302,46.2,,,,,,,
47,608671,"Jankowski, Travis",2023,47,100,0.3,0.1,0.429,0.4,0.367,0.333,0.262,3,10,93.1,-4.3,2136,89,89.79,2,14,33,0.7999999999999972,6.4,104,148,111,148,293,320,317,"-0.491","0.491",,,12,7,2,1,0,0,3,25,2,16.7,2.24468,0.61638,0.73809,-0.42702,"92.2",132,42.857142857142854,0,0,5.53,-0.55,-0.26,2.34,0.417,0,"1.044680851",0.385,0.334,"-1.044680851",0.038,0.03199999999999997,0.066,0.034,14.3,,,,,,,
46,572816,"Dickerson, Corey",2023,46,100,0.2,0.1,0.333,0.3,0.257,0.37,0.32,2,10,94.8,13.7,2158,87.9,87.41,11,28,18,-0.5,6.04,108,145,129,152,289,323,311,"0.815","-0.815",,,11,6,1,1,0,0,4,36.4,1,9.1,2.29848,0.69783,0.21891,-0.21804,"92.7",203,50,16.666666666666664,9.090909090909092,5.97,-0.03,-0.02,2.36,0.273,1,"-1.77173913",0.382,0.472,"1.77173913",-0.12,-0.10899999999999999,-0.172,-0.113,39.3,,,,,,,
46,682985,"Greene, Riley",2023,46,100,0.5,0.333,0.556,0.833,0.565,0.566,0.497,6,12,97.3,10.9,2086,86.9,87.24,5,23,23,0.29999999999999716,6.5,112,144,126,154,285,328,298,"-2.086","2.086",,,12,10,4,1,0,1,2,16.7,0,0,2.435,0.634,0.49674,-0.49674,"94.4",167,60,10,8.333333333333332,5.86,-1.91,-0.19,2.57,0.5,1,"4.534782609",0.497,0.827,"-4.534782609",0.003,0.0030000000000000027,0.006,-0.001,21.7,,,,,,,
46,681132,"Ferguson, Max",2023,46,100,0.083,0.083,0.143,0.167,0.096,0.283,0.268,1,12,87.4,10.3,2078,88.2,88.3,9,26,20,0.09999999999999432,6.27,99,144,115,147,281,316,225,"2.929","-2.929",,,13,7,0,1,0,0,6,46.2,0,0,2.32109,0.64957,0.37565,-0.56391,"91.0",177,42.857142857142854,28.57142857142857,15.384615384615385,5.75,-0.84,0.12,2.41,0.077,2,"-6.367391304",0.249,0.444,"6.367391304",-0.185,-0.172,-0.277,-0.187,34.6,,,,,,,
45,692478,"Arias, Victor",2023,45,100,0.273,0.273,0.2,0.545,0.399,0.445,0.338,3,11,86.1,9.9,2305,89,88.32,3,18,27,-0.7000000000000028,6.08,104,144,109,149,291,303,281,"-0.781","0.781",,,13,11,2,0,0,1,0,0,1,7.7,2.19844,0.73733,0.57422,-0.30978,"90.7",143,18.181818181818183,9.090909090909092,7.6923076923076925,5.69,-0.75,-0.25,2.31,0.385,1,"1.735555556",0.44,0.601,"-1.735555556",-0.065,-0.05499999999999999,-0.056,-0.046,16.7,,,,,,,
45,676803,"Hoover, Connor",2023,45,100,0.2,0,0.333,0.2,0.371,0.355,0.163,1,5,92.7,43.7,2450,88.9,88.49,3,16,29,-0.4000000000000057,5.96,122,143,117,151,288,317,291,"-0.169","0.169",,,8,3,1,0,0,0,2,25,3,37.5,2.33378,0.56956,0.01756,0.01933,"89.9",141,0,0,0,5.6,-1.43,-0.3,2.58,0.5,0,"0.375555556",0.477,0.18,"-0.375555556",0.037,0.02300000000000002,0.02,0.016,18.8,,,,,,,
44,669016,"Marsh, Brandon",2023,44,100,0.5,0.167,0.6,0.667,0.579,0.64,0.607,3,6,86.4,19,2265,87.8,87.69,3,12,32,-0.09999999999999432,6.28,118,149,115,153,285,316,305,"-2.062","2.062",,,10,5,2,1,0,0,1,10,4,40,2.52932,0.50136,0.26727,-0.52,"91.5",169,40,0,0,6.32,0.24,-0.13,2.13,0.7,0,"4.686363636",0.764,0.763,"-4.686363636",-0.107,-0.06400000000000006,-0.096,-0.061,25,,,,,,,
44,668860,"Emshoff, Kale",2023,44,100,0.25,0.25,0.4,0.5,0.416,0.303,0.125,2,8,76.8,7,2127,87.6,88.57,7,22,22,1,6.67,107,152,118,146,290,323,281,"-0.785","0.785",,,11,5,0,2,0,0,3,27.3,3,27.3,2.26614,0.74023,-0.11455,-0.14455,"91.4",136,60,0,0,6.19,-0.48,0.24,2.39,0.455,0,"1.784090909",0.364,0.252,"-1.784090909",0.125,0.09100000000000003,0.248,0.113,31.8,,,,,,,
44,815459,"Friedrick, Ross",2023,44,100,0.583,0.25,0.545,0.833,0.615,0.503,0.392,7,12,91,12.2,2176,87.4,87.1,5,23,21,-0.30000000000001137,6.05,114,145,121,145,299,323,280,"-3.587","3.587",,,13,12,6,0,0,1,0,0,1,7.7,2.13977,0.87682,0.60523,-0.12886,"94.6",218,41.66666666666667,16.666666666666664,15.384615384615385,5.92,-0.27,0.17,2.33,0.615,2,"8.152272727",0.442,0.764,"-8.152272727",0.191,0.173,0.069,0.112,21.7,,,,,,,
44,660821,"Sánchez, Jesús",2023,44,100,0.25,0.25,0.25,0.5,0.343,0.376,0.302,3,12,91.4,13.2,2282,84.7,84,6,21,23,-0.7000000000000028,5.83,119,149,122,153,295,319,292,"0.133","-0.133",,,13,9,2,0,0,1,3,23.1,1,7.7,2.69773,0.51659,0.07837,0.05837,"94.8",160,55.55555555555556,11.11111111111111,7.6923076923076925,5.72,1.58,-0.36,2.16,0.308,1,"-0.302272727",0.356,0.519,"0.302272727",-0.052,-0.04799999999999999,-0.019,-0.033,28.6,,,,,,,
43,669245,"Pearson, Jacob",2023,44,97.7,0.222,0,0.286,0.222,0.287,0.239,0.128,2,9,94.8,12.6,2225,89.5,89.62,3,16,27,0.09999999999999432,6.23,,,,,,,,"0.862","-0.862",,,11,7,2,0,0,0,2,18.2,2,18.2,2.26093,0.60833,0.57558,-0.15326,"92.0",97,57.14285714285714,0,0,5.87,-0.39,-0.05,2.58,0.364,0,"-2.004651163",0.286,0.196,"2.004651163",0.094,0.07800000000000001,0.026,0.048,18.8,,,,,,,
43,687125,"Rosario, Dilan",2023,45,95.6,0.333,0,0.5,0.333,0.395,0.365,0.268,2,6,83.1,-1.8,2254,90.9,91.3,2,14,29,0.3999999999999915,6.32,105,147,109,143,296,315,283,"-0.268","0.268",,,8,4,2,0,0,0,2,25,2,25,2.23651,0.54512,0.39698,0.41093,"89.0",107,0,0,0,5.62,-1.72,0.11,2.41,0.5,0,"0.623255814",0.451,0.313,"-0.623255814",0.065,0.04899999999999999,0.02,0.03,14.3,,,,,,,
43,676423,"Rock, Dylan",2023,43,100,0,0,0,0,0.261,0.349,0.148,0,5,81,55,2323,89,88.64,5,11,32,-0.4000000000000057,6.15,122,149,114,145,303,310,279,"0.45","-0.45",,,8,2,0,0,0,0,3,37.5,3,37.5,1.97674,0.9393,0.72791,0.35628,"89.9",157,0,0,0,5.68,-0.95,0.16,2.41,0.375,0,"-1.046511628",0.467,0.169,"1.046511628",-0.148,-0.09200000000000003,-0.169,-0.088,45.5,,,,,,,
43,686981,"Dixon, Brenden",2023,43,100,0.3,0.3,0.5,0.6,0.406,0.269,0.166,3,10,78.4,20.2,2067,87.9,87.91,11,26,17,0,6.32,96,144,114,141,297,319,290,"0.045","-0.045",,,11,5,2,0,0,1,5,45.5,1,9.1,2.29233,0.6993,0.37488,0.08233,"90.9",160,40,20,9.090909090909092,5.86,-0.45,0.31,2.55,0.364,1,"-0.104651163",0.242,0.378,"0.104651163",0.134,0.122,0.222,0.137,42.3,,,,,,,
43,605119,"Anderson, Brian",2023,43,100,0.25,0,0.333,0.25,0.316,0.279,0.187,2,8,87.2,27.2,2224,88.4,88.84,8,17,26,0.3999999999999915,6.48,107,153,117,146,311,321,286,"0.432","-0.432",,,10,6,2,0,0,0,2,20,2,20,2.26047,0.68674,0.38907,-0.18442,"90.7",176,16.666666666666664,0,0,5.63,-0.73,0.29,2.14,0.4,0,"-1.004651163",0.35,0.21,"1.004651163",0.063,0.050000000000000044,0.04,0.037,47.1,,,,,,,
42,690350,"Battle, Kyle",2023,42,100,0.25,0.125,0.667,0.375,0.352,0.263,0.164,2,8,91.1,21.3,2213,87.4,87.74,10,18,24,0.29999999999999716,6.46,110,150,116,148,291,324,294,"0.004","-0.004",,,10,3,1,1,0,0,5,50,2,20,2.0869,0.93952,0.36976,0.16833,"90.3",103,33.33333333333333,0,0,5.76,-1.58,0.3,2.54,0.4,0,"-0.00952381",0.331,0.186,"0.00952381",0.086,0.069,0.189,0.089,55.6,,,,,,,
42,671739,"Harris II, Michael",2023,42,100,0.143,0,0.25,0.143,0.253,0.355,0.253,1,7,89.7,-6,2105,89,88.83,8,23,19,-0.20000000000000284,6.18,,,,,,,,"0.755","-0.755",,,9,4,1,0,0,0,3,33.3,2,22.2,2.30905,0.6,0.74833,-0.67881,"90.9",156,50,0,0,5.9,-0.8,0.01,2.44,0.333,0,"-1.797619048",0.419,0.341,"1.797619048",-0.11,-0.08599999999999997,-0.198,-0.102,34.8,,,,,,,
42,667351,"Leyton, Brandon",2023,42,100,0.2,0.2,0.286,0.4,0.249,0.167,0.173,2,10,86.9,3.6,2247,90,89.86,7,22,20,-0.09999999999999432,6.29,102,149,119,146,281,306,277,"0.184","-0.184",,,10,7,0,2,0,0,3,30,0,0,2.32929,0.52571,0.46429,0.31762,"91.3",104,28.57142857142857,0,0,5.86,-1.33,0.29,2.34,0.2,0,"-0.438095238",0.173,0.216,"0.438095238",0.027,0.027000000000000024,0.184,0.082,31.8,,,,,,,
40,802531,"Farquhar, Trent",2023,40,100,0,0,0,0,0.139,0.222,0.108,0,8,83.7,25.2,2277,86.7,86.61,5,17,23,-0.10000000000000853,6.31,112,145,98,142,268,299,281,"0.739","-0.739",,,10,6,0,0,0,0,2,20,2,20,2.52575,0.57625,0.62925,-0.62925,"88.6",187,0,0,0,5.89,-2.27,-0.17,2.42,0.2,0,"-1.8475",0.286,0.135,"1.8475",-0.108,-0.08599999999999997,-0.135,-0.083,29.4,,,,,,,
39,624512,"McGuire, Reese",2023,39,100,0.2,0.1,0.25,0.3,0.257,0.245,0.183,2,10,85.6,10.8,2023,87.8,87.55,8,23,16,-0.20000000000000284,6.11,115,144,113,150,289,316,292,"0.379","-0.379",,,11,8,1,1,0,0,2,18.2,1,9.1,2.50923,0.47359,0.57615,-0.56846,"89.7",149,25,0,0,5.96,-1.3,-0.49,2.61,0.273,0,"-0.971794872",0.257,0.285,"0.971794872",0.017,0.016000000000000014,0.015,0.012,34.8,,,,,,,
39,642731,"Estrada, Thairo",2023,39,100,0.091,0,0.125,0.091,0.08,0.136,0.148,1,11,69.4,-0.8,2177,88.5,89.26,7,22,17,0.7999999999999972,6.02,109,149,117,147,302,326,283,"1.96","-1.96",,,11,8,1,0,0,0,3,27.3,0,0,2.49026,0.62974,0.42897,-0.1941,"88.2",117,0,0,0,5.99,-0.03,0.06,2.58,0.091,0,"-5.025641026",0.148,0.162,"5.025641026",-0.057,-0.056999999999999995,-0.071,-0.056,31.8,,,,,,,
39,670541,"Alvarez, Yordan",2023,39,100,0.333,0.111,0.375,0.444,0.4,0.424,0.388,3,9,86,17.5,2205,87.2,87.25,3,16,23,0,6.27,112,143,123,148,290,321,294,"-1.014","1.014",,,11,8,2,1,0,0,1,9.1,2,18.2,2.45692,0.59237,0.20769,0.15744,"91.6",174,25,0,0,5.77,-0.27,0.18,2.52,0.455,0,"2.6",0.499,0.453,"-2.6",-0.055,-0.043999999999999984,-0.009,-0.024,18.8,,,,,,,
39,573262,"Yastrzemski, Mike",2023,39,100,0,0,0,0,0.265,0.342,0.138,0,5,69.4,18,2061,87.5,87.5,7,13,26,0,6.23,112,147,122,151,291,326,293,"0.375","-0.375",,,8,1,0,0,0,0,4,50,2,25,2.47256,0.52641,0.34077,0.04282,"88.0",133,0,0,0,5.84,1.23,-0.41,2.12,0.375,0,"-0.961538462",0.461,0.144,"0.961538462",-0.138,-0.08600000000000002,-0.144,-0.077,53.8,,,,,,,
39,687035,"Arias, Bryan",2023,39,100,0.4,0.4,0.5,0.8,0.586,0.512,0.325,2,5,99.6,-1.5,2167,88.1,88.65,3,9,30,0.5,6.51,106,151,117,145,291,306,286,"-2.206","2.206",,,9,4,0,2,0,0,1,11.1,4,44.4,2.11385,0.85,0.49,0.29737,"97.2",155,75,25,11.11111111111111,5.51,-1.7,0.16,2.55,0.667,1,"5.656410256",0.625,0.547,"-5.656410256",0.075,0.04200000000000004,0.253,0.074,33.3,,,,,,,
39,656775,"Mullins, Cedric",2023,39,100,0.1,0.3,0,0.4,0.245,0.19,0.111,1,10,88.2,36.1,2240,84.6,84.79,7,23,16,0.20000000000000284,6.35,122,148,113,154,296,329,295,"0.366","-0.366",,,11,9,0,0,0,1,1,9.1,1,9.1,2.66179,0.59385,-0.08263,0.11316,"93.0",192,44.44444444444444,0,0,5.84,0.11,-0.34,1.89,0.182,0,"-0.938461538",0.192,0.224,"0.938461538",-0.011,-0.010000000000000009,0.176,0.055,30.4,,,,,,,
38,678276,"Ferrer, Jose",2023,38,100,0.286,0,0.5,0.286,0.308,0.292,0.248,2,7,96.3,8,2184,90.4,90.99,6,18,20,0.5999999999999943,6.57,98,143,111,142,295,312,280,"0.115","-0.115",,,8,4,2,0,0,0,3,37.5,1,12.5,1.79763,1.01289,0.31921,0.08921,"91.0",160,75,0,0,5.81,-0.68,0.18,2.43,0.375,0,"-0.302631579",0.342,0.288,"0.302631579",0.038,0.032999999999999974,-0.002,0.016,33.3,,,,,,,
38,686681,"Massey, Michael",2023,38,100,0.182,0.091,0.25,0.273,0.235,0.151,0.105,2,11,84.2,39.6,2292,90.7,91.08,6,21,17,0.3999999999999915,6.39,108,141,116,147,280,327,285,"1.046","-1.046",,,12,8,1,1,0,0,3,25,1,8.3,1.89026,0.88763,0.28568,-0.11703,"91.2",129,12.5,0,0,5.99,-0.28,-0.09,2.24,0.25,0,"-2.752631579",0.179,0.132,"2.752631579",0.077,0.07100000000000001,0.141,0.084,28.6,,,,,,,
37,667442,"Hollis, Connor",2023,37,100,0.6,0.4,0.6,1,0.684,0.555,0.438,3,5,88.6,1,2165,89.2,89.96,1,13,24,0.7999999999999972,6.55,111,150,119,144,287,296,259,"-2.899","2.899",,,9,5,1,2,0,0,0,0,4,44.4,2.08081,0.79216,0.33216,0.33216,"91.7",130,40,0,0,5.77,-1.99,0.34,2.42,0.778,0,"7.835135135",0.688,0.586,"-7.835135135",0.162,0.09000000000000008,0.414,0.129,7.7,,,,,,,
37,805704,"Anthony, Keaton",2023,37,100,0.143,0,0.167,0.143,0.339,0.427,0.278,1,7,87.2,34.8,2351,86.4,86.3,3,13,24,-0.10000000000000853,6.24,102,149,113,148,282,302,275,"-0.243","0.243",,,11,6,1,0,0,0,1,9.1,2,18.2,2.37973,0.73556,0.14162,0.01946,"89.9",182,16.666666666666664,0,0,5.93,-1.79,0.12,2.68,0.455,0,"0.656756757",0.54,0.336,"-0.656756757",-0.135,-0.08500000000000002,-0.193,-0.088,23.1,,,,,,,
37,808767,"Wegner, Jared",2023,37,100,0.25,0.083,0.429,0.333,0.251,0.129,0.138,3,12,91.9,-2,2200,88.5,88.86,8,18,19,0.4000000000000057,6.44,94,148,115,144,283,314,294,"1.132","-1.132",,,12,7,2,1,0,0,5,41.7,0,0,2.14892,0.78973,0.46568,0.07541,"93.2",116,42.857142857142854,0,0,5.81,-0.3,0.19,2.3,0.25,0,"-3.059459459",0.138,0.157,"3.059459459",0.112,0.11199999999999999,0.176,0.122,44.4,,,,,,,
36,681286,"Schwartz, JT",2023,36,100,0.125,0,0.2,0.125,0.11,0.166,0.182,1,8,88.7,-3.2,2299,87.1,87.58,4,22,14,0.5,6.53,112,146,118,148,285,320,298,"1.739","-1.739",,,8,5,1,0,0,0,3,37.5,0,0,2.4575,0.586,0.60917,-0.58028,"90.6",117,40,0,0,5.72,-0.71,-0.31,2.43,0.125,0,"-4.830555556",0.182,0.2,"4.830555556",-0.057,-0.056999999999999995,-0.075,-0.056,18.2,,,,,,,
36,686948,"Baldwin, Drake",2023,36,100,0.333,0.25,0.375,0.583,0.388,0.33,0.286,4,12,95.5,14.3,2170,87.8,87.94,7,23,13,0.10000000000000853,6.22,115,144,122,148,303,318,301,"-0.313","0.313",,,12,9,3,0,0,1,3,25,0,0,2.35222,0.61444,0.32861,-0.05083,"93.8",177,55.55555555555556,11.11111111111111,8.333333333333332,5.97,-0.71,-0.03,2.3,0.333,1,"0.869444444",0.286,0.486,"-0.869444444",0.047,0.04700000000000004,0.097,0.058,30.4,,,,,,,
36,686555,"Collins, Isaac",2023,36,100,0,0,0,0,0.155,0.336,0.228,0,7,92.7,-2.7,1997,88.2,87.88,4,14,22,-0.29999999999999716,6.16,121,144,104,153,275,310,286,"1.335","-1.335",,,9,6,0,0,0,0,1,11.1,2,22.2,2.135,0.86771,0.64611,-0.64611,"91.1",89,33.33333333333333,0,0,6.15,-1.73,0.09,2.03,0.222,0,"-3.708333333",0.4,0.313,"3.708333333",-0.228,-0.17800000000000002,-0.313,-0.181,28.6,,,,,,,
35,502110,"Martinez, J.D.",2023,35,100,0.125,0.125,0.167,0.25,0.216,0.174,0.108,1,8,85.6,1.3,2179,89.1,90.11,5,19,16,1,6.83,110,151,117,148,280,305,267,"1.231","-1.231",,,9,6,0,1,0,0,2,22.2,1,11.1,1.99914,0.89143,0.33618,-0.035,"91.5",135,50,0,0,5.62,-0.03,0.15,2.41,0.222,0,"-3.517142857",0.207,0.147,"3.517142857",0.017,0.015000000000000013,0.103,0.042,26.3,,,,,,,
35,642350,"Siri, Jose",2023,35,100,0.125,0.125,0.333,0.25,0.155,0.177,0.17,1,8,84.7,20,2252,85.7,86.25,11,19,16,0.5999999999999943,6.48,116,153,121,147,291,307,283,"1.417","-1.417",,,8,3,0,1,0,0,5,62.5,0,0,2.74371,0.42057,-0.02543,-0.02543,"90.4",224,33.33333333333333,33.33333333333333,12.5,6.2,-1.54,0.29,1.96,0.125,1,"-4.048571429",0.17,0.251,"4.048571429",-0.045,-0.04500000000000001,-0.001,-0.022,57.9,,,,,,,
35,518595,"d'Arnaud, Travis",2023,35,100,0,0,0,0,0.139,0.311,0.202,0,8,95.1,17,2258,87.7,87.76,6,16,19,0.09999999999999432,6.19,111,150,123,148,314,322,300,"1.669","-1.669",,,10,5,0,0,0,0,3,30,2,20,2.32857,0.65,0.04912,-0.06853,"92.5",211,80,0,0,6.27,-0.61,0.24,2.22,0.2,0,"-4.768571429",0.362,0.317,"4.768571429",-0.202,-0.16199999999999998,-0.317,-0.172,37.5,,,,,,,
34,670548,"Mena, Jose",2023,34,100,0,0,0,0,0.07,0.17,0.115,0,9,87.8,25.3,2382,87.8,88.01,9,17,17,0.20000000000000284,6.27,116,150,119,148,295,306,273,"2.449","-2.449",,,10,6,0,0,0,0,3,30,1,10,2.38,0.59941,0.02706,0.08882,"89.5",161,16.666666666666664,0,0,5.7,-1.32,0.4,2.21,0.1,0,"-7.202941176",0.204,0.141,"7.202941176",-0.115,-0.10399999999999998,-0.141,-0.1,52.9,,,,,,,
34,806367,"Hill, Turner",2023,34,100,0.5,0.375,0.5,0.875,0.572,0.28,0.289,4,8,85,-5.1,2106,88,88.13,2,18,16,0.09999999999999432,6.33,123,144,111,149,286,306,279,"-1.388","1.388",,,8,8,2,1,1,0,0,0,0,0,2.46559,0.52029,0.60471,-0.48706,"90.2",129,25,0,0,5.65,-0.65,-0.02,2.26,0.5,0,"4.082352941",0.289,0.361,"-4.082352941",0.211,0.21100000000000002,0.514,0.292,11.1,,,,,,,
33,690924,"Fulford, Braxton",2023,33,100,0.5,0.625,0.6,1.125,0.677,0.597,0.452,4,8,88.8,10.7,2167,90.2,91.44,3,13,20,1.2000000000000028,6.67,107,148,121,147,303,331,298,"-2.565","2.565",,,10,6,1,2,0,1,2,20,2,20,2.19515,0.60848,0.31424,0.15364,"92.1",215,33.33333333333333,16.666666666666664,10,5.59,-1.36,-0.17,2.22,0.6,1,"7.772727273",0.561,0.907,"-7.772727273",0.048,0.038999999999999924,0.218,0.08,23.1,,,,,,,
33,681487,"Emery, Robert",2023,33,100,0.333,0.167,0.5,0.5,0.403,0.178,0.078,2,6,83.4,-14.5,2235,85.6,85.18,2,14,19,-0.3999999999999915,6.05,99,146,117,147,299,313,281,"-0.327","0.327",,,7,4,1,1,0,0,2,28.6,1,14.3,3.00848,0.1603,-0.28606,0.15576,"88.6",115,0,0,0,5.74,-0.08,0.01,2.52,0.429,0,"0.990909091",0.21,0.135,"-0.990909091",0.255,0.219,0.365,0.225,14.3,,,,,,,
32,453568,"Blackmon, Charlie",2023,32,100,0.3,0.2,0.333,0.5,0.337,0.353,0.335,3,10,87.4,17.3,2340,88.1,89.4,1,19,13,1.3000000000000114,6.73,117,147,130,152,294,325,299,"0.453","-0.453",,,10,9,1,2,0,0,1,10,0,0,2.23812,0.68625,0.13219,-0.15906,"91.0",196,33.33333333333333,0,0,5.98,-0.61,-0.38,2.55,0.3,0,"-1.415625",0.335,0.479,"1.415625",-0.035,-0.03500000000000003,0.021,-0.016,5.3,,,,,,,
32,622046,"Shaw, Chris",2023,32,100,0.2,0.2,0.333,0.4,0.377,0.43,0.22,1,5,94.7,34,2363,87.1,87.4,3,6,26,0.30000000000001137,6.57,116,139,118,146,281,314,279,"-0.23","0.23",,,7,3,0,1,0,0,2,28.6,2,28.6,2.38406,0.66437,0.40844,-0.34406,"97.6",302,66.66666666666666,33.33333333333333,14.285714285714285,5.87,-0.2,-0.01,2.41,0.429,1,"0.71875",0.443,0.561,"-0.71875",-0.02,-0.014000000000000012,-0.161,-0.053,50,,,,,,,
32,622534,"Margot, Manuel",2023,32,100,0.833,0.167,0.833,1,0.771,0.515,0.491,5,6,90.1,7.8,1998,85.1,84.95,0,14,18,-0.19999999999998863,6.35,104,142,116,141,275,316,279,"-3.769","3.769",,,8,6,4,1,0,0,0,0,2,25,2.64875,0.59656,0.50094,0.30031,"91.6",130,50,0,0,5.94,-0.62,-0.08,2.33,0.875,0,"11.778125",0.619,0.549,"-11.778125",0.342,0.256,0.451,0.256,0,,,,,,,
32,641552,"Ellison, Karl",2023,32,100,0.556,0.222,0.625,0.778,0.571,0.369,0.351,5,9,90.9,17.1,2302,86.9,86.57,3,18,14,-0.30000000000001137,6.01,98,153,115,148,299,323,285,"-1.301","1.301",,,9,8,3,2,0,0,1,11.1,0,0,2.48125,0.56969,0.0129,-0.09742,"91.7",187,25,0,0,5.81,-0.43,0.12,2.2,0.556,0,"4.065625",0.351,0.514,"-4.065625",0.205,0.20500000000000007,0.264,0.202,16.7,,,,,,,
32,672515,"Moreno, Gabriel",2023,32,100,0.5,0.167,0.5,0.667,0.554,0.515,0.469,3,6,88.2,13.3,2311,84.4,84.51,1,12,20,0.09999999999999432,6.07,102,148,115,141,321,321,296,"-2.192","2.192",,,8,6,2,1,0,0,0,0,1,12.5,3.09031,0.1329,-0.03419,-0.03419,"89.8",149,16.666666666666664,0,0,5.79,-2.02,0.16,2.09,0.625,0,"6.85",0.602,0.564,"-6.85",0.031,0.02300000000000002,0.103,0.039,8.3,,,,,,,
32,669318,"Turney, Cole",2023,32,100,0.286,0.143,0.5,0.429,0.391,0.394,0.236,2,7,87.1,22,2234,87.7,87.73,5,14,18,0,6.17,105,148,124,146,274,289,270,"-0.455","0.455",,,9,4,1,1,0,0,3,33.3,2,22.2,2.27281,0.69875,0.4775,-0.46687,"90.8",166,50,25,11.11111111111111,5.67,-0.84,-0.34,1.9,0.444,1,"1.421875",0.406,0.504,"-1.421875",0.05,0.03799999999999998,-0.075,-0.003,35.7,,,,,,,
32,663837,"Vierling, Matt",2023,32,100,0.143,0,0.2,0.143,0.126,0.339,0.247,1,7,90.9,13.2,2230,89.2,88.54,3,16,16,-0.7000000000000028,5.98,113,148,118,149,299,324,283,"1.404","-1.404",,,7,5,1,0,0,0,2,28.6,0,0,2.25781,0.65719,0.57,0.57,"92.2",105,40,20,14.285714285714285,5.56,-2.38,0.17,2.14,0.143,1,"-4.3875",0.247,0.578,"4.3875",-0.104,-0.10400000000000001,-0.435,-0.213,18.8,,,,,,,
31,543305,"Hicks, Aaron",2023,31,100,0.125,0,0.2,0.125,0.11,0.167,0.183,1,8,93,13.8,2112,92.1,91.92,4,13,18,-0.19999999999998863,6.05,122,151,121,152,294,312,286,"1.676","-1.676",,,8,5,1,0,0,0,3,37.5,0,0,1.85452,0.84,0.87839,-0.87839,"91.4",162,20,0,0,5.9,0.23,-0.29,2.61,0.125,0,"-5.406451613",0.183,0.195,"5.406451613",-0.058,-0.057999999999999996,-0.07,-0.057,30.8,,,,,,,
31,800082,"Lantigua, Andriel",2023,31,100,0.143,0,0.25,0.143,0.253,0.204,0.069,1,7,82,-13.3,2134,86.8,86.92,8,17,14,0.10000000000000853,6.24,99,149,117,144,284,298,274,"0.681","-0.681",,,9,4,1,0,0,0,3,33.3,2,22.2,2.43645,0.6171,0.56839,-0.23613,"88.5",118,0,0,0,5.48,0.2,0.26,2.55,0.333,0,"-2.196774194",0.276,0.072,"2.196774194",0.074,0.056999999999999995,0.071,0.049,47.1,,,,,,,
31,657027,"Tanielu, Nick",2023,31,100,0.167,0,0.25,0.167,0.284,0.336,0.225,1,6,81.4,13.7,2163,90.1,90.57,4,11,20,0.5,6.31,108,150,118,147,297,331,299,"0.3","-0.3",,,8,4,1,0,0,0,2,25,2,25,2.20097,0.61613,0.37161,0.15677,"90.2",113,25,0,0,5.86,-1.62,0.13,2.57,0.375,0,"-0.967741935",0.419,0.269,"0.967741935",-0.058,-0.043999999999999984,-0.102,-0.052,36.4,,,,,,,
30,672842,"Florentino, Francis",2023,30,100,0.143,0,0.143,0.143,0.175,0.344,0.296,1,7,84.3,-2,2225,86.9,86.49,2,12,18,-0.4000000000000057,6.03,,,,,,,,"0.66","-0.66",,,9,7,1,0,0,0,1,11.1,1,11.1,2.33933,0.71367,0.81433,-0.11633,"92.8",140,42.857142857142854,14.285714285714285,11.11111111111111,5.67,-0.14,0.04,2.41,0.222,1,"-2.2",0.345,0.5,"2.2",-0.153,-0.12299999999999997,-0.357,-0.169,16.7,,,,,,,
30,670764,"Walls, Taylor",2023,30,100,0.429,0.429,0.5,0.857,0.558,0.345,0.26,3,7,94,25.8,2105,88.4,88.7,4,14,16,0.29999999999999716,6.45,95,139,116,145,273,314,288,"-1.605","1.605",,,8,5,2,0,0,1,2,25,1,12.5,2.17333,0.754,0.77467,-0.77467,"91.1",151,60,0,0,5.09,-2.47,-0.25,2.55,0.5,0,"5.35",0.352,0.43,"-5.35",0.169,0.14800000000000002,0.427,0.213,28.6,,,,,,,
30,657108,"White, Evan",2023,30,100,0.143,0,0.25,0.143,0.256,0.308,0.203,1,7,96,-5.5,2093,87.7,88,7,17,13,0.29999999999999716,6.51,106,150,122,141,297,310,228,"0.77","-0.77",,,9,4,1,0,0,0,3,33.3,1,11.1,2.298,0.69667,0.431,0.431,"93.5",132,75,0,0,6.18,-1.98,-0.11,2.11,0.333,0,"-2.566666667",0.38,0.243,"2.566666667",-0.06,-0.046999999999999986,-0.1,-0.052,41.2,,,,,,,
30,800140,"Chirinos, Kendry",2023,30,100,0,0,0,0,0.348,0.384,0.075,0,4,87.1,-4,2319,87.2,86.87,1,5,25,-0.29999999999999716,6.18,112,146,116,150,292,304,273,"-0.012","0.012",,,8,3,0,0,0,0,1,12.5,4,50,2.46333,0.61367,0.275,0.07167,"90.9",157,33.33333333333333,0,0,5.87,-1.49,0.73,2.38,0.5,0,"0.04",0.537,0.093,"-0.04",-0.075,-0.03700000000000003,-0.093,-0.036,20,,,,,,,
29,680418,"Cropley, Tyler",2023,29,100,0.2,0.4,0.5,0.6,0.377,0.208,0.103,1,5,89.7,-4.5,2411,89.7,89.75,4,15,14,0.09999999999999432,6.23,100,138,107,135,293,316,292,"-0.32","0.32",,,6,2,0,0,1,0,3,50,1,16.7,2.12655,0.7525,0.14357,0.14357,"90.1",166,50,0,0,5.77,-1.99,0.25,2.46,0.333,0,"1.103448276",0.253,0.157,"-1.103448276",0.097,0.08000000000000002,0.443,0.169,26.7,,,,,,,
29,676280,"Dearden, Tyler",2023,29,100,0.125,0,0.167,0.125,0.11,0.243,0.241,1,8,87.5,9,2090,88.4,88.1,4,12,17,-0.30000000000001137,6.17,113,146,116,151,275,312,287,"1.647","-1.647",,,8,6,1,0,0,0,2,25,0,0,2.46138,0.51414,0.32,-0.32,"91.1",158,33.33333333333333,0,0,6.01,-2.24,-0.07,2.26,0.125,0,"-5.679310345",0.241,0.324,"5.679310345",-0.116,-0.11599999999999999,-0.199,-0.133,33.3,,,,,,,
28,641313,"Anderson, Tim",2023,28,100,0.2,0.1,0.222,0.3,0.213,0.309,0.305,2,10,82.8,-7.2,2162,86.6,86.7,2,15,13,0.10000000000000853,6.25,108,147,118,144,286,306,290,"1.191","-1.191",,,10,9,1,1,0,0,1,10,0,0,2.31893,0.74036,0.13321,-0.22607,"91.8",112,44.44444444444444,11.11111111111111,10,6.02,-0.1,0.12,2.41,0.2,1,"-4.253571429",0.305,0.411,"4.253571429",-0.105,-0.10499999999999998,-0.111,-0.096,13.3,,,,,,,
28,669227,"Simmons, Kendall",2023,28,100,0,0,0,0,0.232,0.274,0.063,0,4,88.6,19,2379,89.3,89.04,3,9,19,-0.29999999999999716,6.17,,,,,,,,"0.508","-0.508",,,6,2,0,0,0,0,2,33.3,2,33.3,2.03536,0.86821,0.34143,0.20786,"93.5",78,50,0,0,5.62,-1.72,0.33,2.12,0.333,0,"-1.814285714",0.375,0.079,"1.814285714",-0.063,-0.04199999999999998,-0.079,-0.042,33.3,,,,,,,
28,681351,"O'Hoppe, Logan",2023,28,100,0.6,0,0.75,0.6,0.557,0.43,0.372,3,5,91.9,12.3,2047,86.4,87.28,4,11,17,0.8999999999999915,6.66,106,148,118,145,326,340,288,"-1.196","1.196",,,6,4,3,0,0,0,1,16.7,1,16.7,2.53214,0.53357,0.25393,-0.24964,"91.2",182,50,0,0,5.91,2.53,0.28,2.3,0.667,0,"4.271428571",0.477,0.488,"-4.271428571",0.228,0.19000000000000006,0.112,0.127,36.4,,,,,,,
28,701496,"Cowles, Ben",2023,28,100,0.222,0,0.5,0.222,0.196,0.107,0.09,2,9,82.7,-6.3,2185,88.4,88.69,8,18,10,0.29999999999999716,6.37,102,146,114,146,291,321,296,"1.156","-1.156",,,9,4,2,0,0,0,5,55.6,0,0,1.90321,1.03643,0.25741,0.20481,"90.3",123,50,0,0,6.02,-1.43,-0.11,2.63,0.222,0,"-4.128571429",0.09,0.16,"4.128571429",0.132,0.132,0.062,0.089,44.4,,,,,,,
27,641355,"Bellinger, Cody",2023,27,100,0.143,0,0.167,0.143,0.11,0.146,0.147,1,7,81.1,-5.3,2193,88.1,88.49,4,10,17,0.4000000000000057,6.35,118,148,123,153,294,308,289,"1.647","-1.647",,,8,6,1,0,0,0,2,25,0,0,2.35741,0.61667,0.26296,-0.26296,"89.6",143,16.666666666666664,0,0,6.27,-1.46,-0.16,2.84,0.125,0,"-6.1",0.15,0.182,"6.1",-0.004,-0.024999999999999994,-0.039,-0.036,40,,,,,,,
26,669242,"Edman, Tommy",2023,26,100,0.25,0,0.4,0.25,0.221,0.086,0.093,2,8,84.5,33.8,2208,90.5,90.74,4,11,15,0.20000000000000284,6.42,106,145,107,146,281,317,292,"0.592","-0.592",,,8,5,2,0,0,0,3,37.5,0,0,2.15692,0.64923,0.29308,-0.29308,"91.6",153,20,0,0,5.99,-0.65,-0.13,2.38,0.25,0,"-2.276923077",0.093,0.107,"2.276923077",0.157,0.157,0.143,0.135,36.4,,,,,,,
26,656448,"Garrett, Stone",2023,26,100,0.5,0,0.667,0.5,0.441,0.244,0.261,4,8,74.8,18.8,2130,87.8,87.77,5,12,14,0,6.29,116,153,124,149,302,322,295,"-0.595","0.595",,,8,6,4,0,0,0,2,25,0,0,2.27038,0.72769,0.33885,0.08038,"88.6",165,0,0,0,5.89,-0.72,0.22,2.1,0.5,0,"2.288461538",0.261,0.29,"-2.288461538",0.239,0.239,0.21,0.197,41.7,,,,,,,
25,572041,"Pollock, AJ",2023,25,100,0.167,0.167,0.333,0.333,0.277,0.268,0.206,1,6,86.5,3.3,2218,87.1,87.38,3,8,17,0.30000000000001137,6.39,119,151,116,148,296,316,286,"0.462","-0.462",,,7,3,0,1,0,0,3,42.9,1,14.3,2.3324,0.6892,0.3392,0.2576,"90.0",83,33.33333333333333,0,0,5.65,-1.11,0.35,1.83,0.286,0,"-1.848",0.319,0.251,"1.848",-0.039,-0.03300000000000003,0.082,0.009,37.5,,,,,,,
24,667690,"Stubbs, C.J.",2023,24,100,0.75,0.25,1,1,0.752,0.175,0.19,3,4,97.9,7,2204,90.1,90.79,0,10,14,0.7000000000000028,6.39,113,152,124,147,303,336,308,"-1.164","1.164",,,4,3,2,1,0,0,1,25,0,0,2.17625,0.62917,0.22375,-0.25292,"91.3",174,66.66666666666666,0,0,5.85,0.18,0.45,2.17,0.75,0,"4.85",0.19,0.208,"-4.85",0.56,0.56,0.792,0.577,0,,,,,,,
24,691968,"Bannister, Zion",2023,24,100,0.25,0.5,0.5,0.75,0.453,0.326,0.172,1,4,98,24.5,2304,89.7,90.03,4,9,15,0.29999999999999716,6.22,115,144,111,144,296,326,309,"-0.372","0.372",,,5,2,0,0,1,0,2,40,1,20,2.48958,0.34208,0.43167,-0.43167,"92.0",68,50,0,0,5.96,-1.27,-0.62,2.09,0.4,0,"1.55",0.338,0.398,"-1.55",0.078,0.062,0.352,0.127,44.4,,,,,,,
23,593643,"Alberto, Hanser",2023,23,100,0.444,0.111,0.444,0.556,0.432,0.239,0.246,4,9,75.8,15.1,2068,86.3,86.46,2,18,5,0.20000000000000284,6.24,102,144,115,138,274,304,277,"-0.39","0.39",,,9,9,3,1,0,0,0,0,0,0,2.3813,0.69435,0.19261,-0.51435,"88.9",176,12.5,0,0,5.97,0.44,0.19,2.3,0.444,0,"1.695652174",0.246,0.309,"-1.695652174",0.198,0.198,0.247,0.193,11.1,,,,,,,
23,663697,"India, Jonathan",2023,23,100,0.2,0.2,0.25,0.4,0.323,0.64,0.373,1,5,90.6,19,2180,89.3,88.98,2,11,12,-0.29999999999999716,5.88,108,153,113,145,293,313,275,"-0.136","0.136",,,6,4,0,1,0,0,1,16.7,1,16.7,2.26565,0.60783,0.45435,0.45435,"91.1",191,50,50,33.33333333333333,5.59,-1.9,0.27,2.3,0.333,2,"0.591304348",0.478,1.174,"-0.591304348",-0.173,-0.14499999999999996,-0.774,-0.317,18.2,,,,,,,
22,641584,"Fraley, Jake",2023,22,100,0.125,0,0.143,0.125,0.11,0.189,0.206,1,8,79.4,6.4,2178,90.7,90.86,1,13,9,0.20000000000000284,6.3,99,145,101,146,279,317,294,"1.004","-1.004",,,8,7,1,0,0,0,1,12.5,0,0,1.83727,0.95182,0.58136,0.255,"88.1",140,0,0,0,6.09,0.64,-0.34,2.21,0.125,0,"-4.563636364",0.206,0.236,"4.563636364",-0.081,-0.08099999999999999,-0.111,-0.079,7.7,,,,,,,
22,689763,"Castillo, Kyler",2023,22,100,0,0,0,0,0.174,0.215,0.047,0,3,88,36,2298,87.6,87.44,1,9,13,-0.19999999999998863,6.28,111,145,118,148,289,298,263,"0.586","-0.586",,,4,2,0,0,0,0,1,25,1,25,2.40682,0.63045,0.13273,0.63545,"88.5",182,0,0,0,5.83,-0.59,-0.28,2.68,0.25,0,"-2.663636364",0.285,0.086,"2.663636364",-0.047,-0.034999999999999976,-0.086,-0.041,11.1,,,,,,,
22,686758,"Shockley, Dylan",2023,22,100,0,0,0,0,0,0.089,0.082,0,6,80.1,14.3,2416,88.5,87.97,6,10,12,-0.5,6.15,97,150,115,141,295,320,280,"2.007","-2.007",,,6,3,0,0,0,0,3,50,0,0,2.32455,0.63273,0.36318,0.29409,"89.8",157,33.33333333333333,0,0,6.03,-1.82,0.35,2.09,0,0,"-9.122727273",0.082,0.128,"9.122727273",-0.082,-0.082,-0.128,-0.089,60,,,,,,,
21,681624,"Pages, Andy",2023,21,100,0,0,0,0,0.174,0.212,0.05,0,3,93,22,2263,87.1,87.31,5,9,12,0.20000000000000284,6.44,99,149,117,138,290,323,296,"0.622","-0.622",,,4,1,0,0,0,0,2,50,1,25,2.35905,0.75474,-0.24905,-0.24905,"89.3",144,0,0,0,6.24,-1.85,0.37,2.47,0.25,0,"-2.961904762",0.288,0.082,"2.961904762",-0.05,-0.03799999999999998,-0.082,-0.038,55.6,,,,,,,
21,592178,"Bryant, Kris",2023,21,100,0.25,0,0.5,0.25,0.316,0.363,0.26,1,4,85.8,22,2153,88.3,89.04,5,12,9,0.7000000000000028,6.26,114,149,120,147,309,331,312,"0.127","-0.127",,,5,2,1,0,0,0,2,40,1,20,2.5019,0.40857,0.06762,0.06762,"90.9",195,0,0,0,5.74,-2.53,-0.4,2.5,0.4,0,"-0.604761905",0.408,0.387,"0.604761905",-0.01,-0.007999999999999952,-0.137,-0.047,41.7,,,,,,,
21,643549,"Snyder, Taylor",2023,21,100,0,0,0,0,0,0.013,0.013,0,5,79.5,-19,2249,88.1,88.04,7,13,8,-0.09999999999999432,6.39,104,153,119,146,288,323,299,"1.501","-1.501",,,5,1,0,0,0,0,4,80,0,0,2.40381,0.59333,0.08286,0.08286,"92.2",9,0,0,0,5.61,-1.75,-0.21,2.43,0,0,"-7.147619048",0.013,0.016,"7.147619048",-0.013,-0.013,-0.016,-0.013,53.8,,,,,,,
21,682452,"Berbesi, Cesar",2023,21,100,0.4,0.2,0.667,0.6,0.475,0.266,0.177,2,5,87.7,-16.7,2323,87,87.51,6,11,10,0.5,6.48,109,147,103,151,281,319,291,"-0.738","0.738",,,6,3,1,1,0,0,2,33.3,0,0,2.6319,0.40714,-0.148,0.148,"91.7",170,66.66666666666666,0,0,5.68,-2.02,0.28,2.17,0.5,0,"3.514285714",0.314,0.227,"-3.514285714",0.223,0.186,0.373,0.209,54.5,,,,,,,
21,678849,"Espinosa, Rolando",2023,21,100,0,0,0,0,0,0.189,0.104,0,5,85.7,32.7,2276,89.1,89.79,4,8,13,0.7000000000000028,6.34,110,152,117,147,285,322,287,"1.498","-1.498",,,5,3,0,0,0,0,2,40,0,0,1.96333,0.89524,0.33286,-0.39857,"91.6",176,33.33333333333333,33.33333333333333,20,6.2,-0.4,0.29,2.62,0,1,"-7.133333333",0.104,0.364,"7.133333333",-0.104,-0.104,-0.364,-0.189,50,,,,,,,
21,663760,"Grenier, Cadyn",2023,21,100,1,0,1,1,0.808,0.523,0.403,3,3,95,11,2163,86.4,86.8,1,6,15,0.3999999999999915,6.33,92,148,105,140,293,316,294,"-1.954","1.954",,,5,3,3,0,0,0,0,0,2,40,2.5319,0.54048,0.27619,0.27619,"92.2",177,66.66666666666666,0,0,5.23,-2.05,0.17,2.39,1,0,"9.304761905",0.642,0.52,"-9.304761905",0.597,0.358,0.48,0.285,16.7,,,,,,,
20,669671,"Lavey, Justin",2023,20,100,0.5,0,0.5,0.5,0.569,0.626,0.597,1,2,102.5,4.5,2212,87,86.85,1,8,12,-0.20000000000000284,6.21,109,147,116,144,292,300,286,"-0.653","0.653",,,4,2,1,0,0,0,0,0,2,50,2.709,0.3515,0.256,-0.67,"92.4",175,100,0,0,5.57,-0.64,0.03,2.37,0.75,0,"3.265",0.798,0.682,"-3.265",-0.097,-0.04800000000000004,-0.182,-0.057,12.5,,,,,,,
20,643376,"Jansen, Danny",2023,20,100,0.5,0.625,0.5,1.125,0.672,0.565,0.336,4,8,83.8,32.3,2034,87,87.55,2,12,8,0.5999999999999943,6.67,85,148,130,150,285,311,289,"-1.694","1.694",,,8,7,1,2,0,1,1,12.5,0,0,2.2995,0.7585,0.0215,-0.0695,"94.4",240,42.857142857142854,28.57142857142857,25,5.89,-1.35,0.37,2.32,0.5,2,"8.47",0.336,1.059,"-8.47",0.164,0.16399999999999998,0.066,0.107,16.7,,,,,,,
20,683228,"Thomas, Jared",2023,20,100,0,0,0,0,0.237,0.369,0.191,0,4,94.9,25.3,2272,86.4,86.35,0,6,14,0,6.26,119,145,100,144,269,298,281,"0.172","-0.172",,,6,3,0,0,0,0,1,16.7,1,16.7,2.3705,0.738,0.57,-0.57,"92.2",126,66.66666666666666,0,0,6,-2.05,-0.09,1.9,0.333,0,"-0.86",0.46,0.261,"0.86",-0.191,-0.127,-0.261,-0.132,0,,,,,,,
19,699278,"Centeno, Andres",2023,19,100,0,0,0,0,0,0.068,0.041,0,5,94.6,28,2602,89.2,88.93,7,11,8,-0.29999999999999716,6.06,97,141,116,147,288,298,277,"1.547","-1.547",,,5,1,0,0,0,0,4,80,0,0,2.36789,0.51842,0.14579,0.22474,"89.9",225,0,0,0,5.6,-1.91,0.27,2.41,0,0,"-8.142105263",0.041,0.124,"8.142105263",-0.041,-0.041,-0.124,-0.068,63.6,,,,,,,
19,695078,"Walters, Jean",2023,19,100,0,0,0,0,0,0.086,0.096,0,4,73.4,-26.7,2021,87.8,88.7,2,10,9,0.9000000000000057,6.56,121,143,117,147,285,321,304,"1.242","-1.242",,,4,3,0,0,0,0,1,25,0,0,2.34789,0.61105,0.14789,-0.14789,"91.0",56,33.33333333333333,0,0,5.7,0.32,0.02,2.19,0,0,"-6.536842105",0.096,0.096,"6.536842105",-0.096,-0.096,-0.096,-0.086,20,,,,,,,
19,669475,"Claunch, Troy",2023,19,100,0.25,0,1,0.25,0.221,0.153,0.153,1,4,91.8,18,2326,89.4,89.72,4,9,10,0.29999999999999716,6.36,100,150,103,146,303,323,274,"0.444","-0.444",,,4,1,1,0,0,0,3,75,0,0,2.24895,0.61316,0.04316,0.04316,"88.9",234,0,0,0,5.98,-1.62,0.53,2.22,0.25,0,"-2.336842105",0.153,0.203,"2.336842105",0.097,0.097,0.047,0.068,44.4,,,,,,,
18,666182,"Bichette, Bo",2023,18,100,0.8,0.6,0.6,1.4,0.775,0.593,0.476,4,5,98.4,8.3,2291,91.5,91.34,0,10,8,-0.20000000000000284,5.99,87,144,117,145,280,308,289,"-1.811","1.811",,,6,6,3,0,0,1,0,0,0,0,1.91222,0.81444,0.62647,0.48294,"94.3",184,66.66666666666666,33.33333333333333,33.33333333333333,5.71,-0.69,0.11,2,0.667,2,"10.061111111",0.419,1.199,"-10.061111111",0.324,0.24800000000000005,0.201,0.182,0,,,,,,,
18,682090,"Turner, Gionti",2023,18,100,0.333,0,0.5,0.333,0.395,0.428,0.342,1,3,86.6,-1.5,2239,87.1,87.52,6,9,9,0.4000000000000057,6.5,107,149,104,149,285,324,291,"-0.343","0.343",,,4,2,1,0,0,0,1,25,1,25,2.42056,0.62278,-0.03722,-0.14611,"92.5",79,50,0,0,5.77,-0.44,0.6,1.87,0.5,0,"1.905555556",0.506,0.434,"-1.905555556",-0.009,-0.006000000000000005,-0.101,-0.033,66.7,,,,,,,
18,669413,"Chavez, Frainyer",2023,18,100,0,0,0,0,0,0.08,0.054,0,3,79.1,2.5,2081,87.5,87.43,2,11,7,-0.09999999999999432,6.05,121,145,119,149,284,305,313,"0.912","-0.912",,,3,2,0,0,0,0,1,33.3,0,0,2.40667,0.55111,0.36778,-0.36778,"89.3",33,50,0,0,5.6,-1.9,-0.37,2.47,0,0,"-5.066666667",0.054,0.14,"5.066666667",-0.054,-0.054,-0.14,-0.08,18.2,,,,,,,
18,679733,"Salinas, Raimfer",2023,18,100,0,0,0,0,0,0.083,0.083,0,4,75,21.3,2368,89.6,89.58,3,11,7,0,6.26,116,152,114,147,297,296,267,"1.214","-1.214",,,4,3,0,0,0,0,1,25,0,0,2.28722,0.58,0.18778,0.18778,"90.7",121,33.33333333333333,0,0,5.8,-1.79,0.31,2.37,0,0,"-6.744444444",0.083,0.099,"6.744444444",-0.083,-0.083,-0.099,-0.083,27.3,,,,,,,
17,682276,"Cordova, Jose",2023,17,100,0.2,0.2,0.25,0.4,0.249,0.286,0.313,1,5,53.8,-16,2211,84.7,84.09,5,11,6,-0.6000000000000085,5.85,111,152,122,146,297,312,280,"0.521","-0.521",,,5,4,0,1,0,0,1,20,0,0,3.19824,0.05647,0.45176,0.45176,"88.0",91,0,0,0,4.98,-2.13,0.23,2.28,0.2,0,"-3.064705882",0.313,0.327,"3.064705882",-0.113,-0.11299999999999999,0.073,-0.037,45.5,,,,,,,
17,670190,"Bins, Carter",2023,17,100,0,0,0,0,0.182,0.182,0,0,3,89.2,70,2483,87.1,87.04,5,10,7,-0.09999999999999432,6.28,116,145,131,149,281,315,289,"0.487","-0.487",,,4,1,0,0,0,0,2,50,0,0,2.37529,0.66353,-0.05824,-0.23588,"88.2",185,0,0,0,5.78,-1.01,0.31,2.07,0.25,0,"-2.864705882",0.25,0,"2.864705882",0,0,0,0,50,,,,,,,
16,683469,"Saunders, Warren",2023,16,100,0,0,0,0,0,0.099,0.109,0,4,79.9,16.7,2350,82.9,82.99,3,6,10,0.09999999999999432,6.23,,,,,,,,"1.191","-1.191",,,4,3,0,0,0,0,1,25,0,0,3.0275,0.30562,-0.62125,-0.62125,"88.7",141,0,0,0,5.85,-1.87,0.53,2.16,0,0,"-7.44375",0.109,0.117,"7.44375",-0.109,-0.109,-0.117,-0.099,50,,,,,,,
16,683110,"Ojeda Jr., Miguel",2023,16,100,0,0,0,0,0,0.035,0.036,0,3,89,-16,2085,90.4,90.98,3,12,4,0.5999999999999943,6.38,,,,,,,,"0.929","-0.929",,,3,1,0,0,0,0,2,66.7,0,0,2.37625,0.40625,0.58,0.58,"88.1",127,0,0,0,5.96,-1.78,0.22,2.16,0,0,"-5.80625",0.036,0.041,"5.80625",-0.036,-0.036,-0.041,-0.035,25,,,,,,,
16,684093,"Mejia, Adony",2023,16,100,0,0,,0,0.174,0.174,,0,3,,,2146,88.3,87.33,5,7,9,-1,5.64,118,151,115,149,276,311,269,"0.543","-0.543",,,4,0,0,0,0,0,3,75,1,25,1.83063,1.12,0.44313,0.16063,"88.0",149,,,,6.5,0.45,0,3.04,0.25,,"-3.39375",0.25,,"3.39375",,0,,0,71.4,,,,,,,
16,641521,"Díaz, Edwin",2023,16,100,0.5,1.5,,2,0.857,0.366,0.015,1,2,99.1,46,2112,89.2,89.4,3,6,10,0.20000000000000284,6.29,103,142,111,143,296,320,309,"-2.732","2.732",,,4,1,0,0,0,1,1,25,1,25,2.15937,0.73125,0.32125,-0.05875,"90.8",254,100,0,0,5.75,-0.97,-0.32,2.66,0.75,0,"17.075",0.507,0.037,"-17.075",0.485,0.243,1.963,0.491,50,,,,,,,
16,813859,"Schwartz, Nick",2023,17,94.1,0.167,0.167,0.2,0.333,0.277,0.26,0.155,1,6,89.8,11.2,2237,88,88.07,3,8,8,0.09999999999999432,6.23,100,141,97,149,297,329,285,"0.638","-0.638",,,7,5,0,1,0,0,1,14.3,1,14.3,2.37375,0.63,0.38313,-0.03563,"92.1",192,40,0,0,6.03,0.07,0.1,3.22,0.286,0,"-3.9875",0.276,0.303,"3.9875",0.012,0.009999999999999953,0.03,0.017,37.5,,,,,,,
15,676973,"Donovan, Joe",2023,15,100,0.4,0,1,0.4,0.353,0.215,0.228,2,5,95.7,3.5,2244,85.8,85.6,4,9,6,-0.20000000000000284,6.18,108,150,114,143,296,308,276,"0.012","-0.012",,,5,2,2,0,0,0,3,60,0,0,2.77333,0.374,-0.02733,-0.02733,"91.1",162,50,0,0,5.81,-2.49,-0.12,2.3,0.4,0,"-0.08",0.228,0.263,"0.08",0.172,0.17200000000000001,0.137,0.138,44.4,,,,,,,
14,668883,"Williams, Steven",2023,14,100,0,0,0,0,0,0.04,0.034,0,4,76.7,42,2438,87.8,87.74,8,9,5,-0.09999999999999432,6.05,106,147,105,154,280,331,294,"1.216","-1.216",,,4,1,0,0,0,0,3,75,0,0,2.47786,0.47714,0.07286,-0.19857,"88.0",258,0,0,0,5.66,-0.22,-0.18,1.95,0,0,"-8.685714286",0.034,0.055,"8.685714286",-0.034,-0.034,-0.055,-0.04,88.9,,,,,,,
13,665750,"Taveras, Leody",2023,13,100,0.5,0.75,0.5,1.25,0.717,0.69,0.476,2,4,94,8.3,1879,82.5,82.49,1,5,8,0,6.28,123,145,101,148,285,317,297,"-1.055","1.055",,,5,3,1,0,0,1,1,20,1,20,3.09,0.30692,0.44154,-0.44154,"95.0",155,66.66666666666666,33.33333333333333,20,5.65,-1.34,0.34,2,0.6,1,"8.115384615",0.581,1.189,"-8.115384615",0.024,0.019000000000000017,0.061,0.027,20,,,,,,,
13,643265,"Cooper, Garrett",2023,13,100,0,0,0,0,0,0.67,0.447,0,4,94.7,19.3,2273,86.8,87.13,0,9,4,0.29999999999999716,6.63,109,149,117,148,283,306,272,"1.178","-1.178",,,4,3,0,0,0,0,1,25,0,0,2.34385,0.72538,0.01231,0.01231,"92.9",165,66.66666666666666,33.33333333333333,25,6.03,-1.58,-0.02,2.21,0,1,"-9.061538462",0.447,1.192,"9.061538462",-0.447,-0.447,-1.192,-0.67,0,,,,,,,
12,800597,"McClaughry, Nik",2023,12,100,0.5,1,1,1.5,0.755,0.315,0.102,1,2,95.5,22,2210,89.9,90.13,2,4,8,0.19999999999998863,6.18,118,152,111,148,298,319,291,"-1.569","1.569",,,3,1,0,0,1,0,1,33.3,1,33.3,2.24,0.57583,0.2675,0.2675,"95.5",352,100,0,0,5.31,-2.28,0.19,2.8,0.667,0,"13.075",0.401,0.203,"-13.075",0.398,0.266,1.297,0.44,50,,,,,,,
11,806657,"Livesey, Hudson",2023,11,100,0,0,,0,0,0,,0,2,,,2213,87,86,2,6,5,-1,5.72,112,150,119,147,289,317,298,"0.579","-0.579",,,2,0,0,0,0,0,2,100,0,0,2.59182,0.50727,0.04091,-0.04091,"88.0",129,,,,6.35,-1.59,0.1,1.92,0,,"-5.263636364",,,"5.263636364",,,,0,33.3,,,,,,,
11,696141,"Wrobleski, Ryan",2023,11,100,0.5,0,1,0.5,0.526,0.247,0.025,1,2,73.2,-4,2361,90,90.25,3,5,6,0.20000000000000284,6.03,118,152,119,146,310,334,318,"-0.588","0.588",,,3,1,1,0,0,0,1,33.3,1,33.3,2.57091,0.23545,0.08182,-0.40545,"88.0",18,0,0,0,5.47,-0.29,0.11,3.3,0.667,0,"5.345454545",0.35,0.025,"-5.345454545",0.475,0.31700000000000006,0.475,0.279,60,,,,,,,
11,676425,"Carrion, Julio",2023,11,100,0.333,0,1,0.333,0.294,0.275,0.294,1,3,92.1,12,2432,86.9,87.68,3,7,4,0.7999999999999972,6.41,117,154,117,147,300,347,300,"0.101","-0.101",,,3,1,1,0,0,0,2,66.7,0,0,2.57727,0.43455,-0.24818,-0.24818,"89.0",55,0,0,0,5.43,-1.37,-0.03,2.48,0.333,0,"-0.918181818",0.294,0.33,"0.918181818",0.039,0.039000000000000035,0.003,0.019,42.9,,,,,,,
11,657023,"Susnara, Tim",2023,11,100,0,0,0,0,0.174,0.326,0.22,0,3,97.4,8,1929,85.2,85.54,5,6,5,0.29999999999999716,6.51,116,150,119,152,286,324,289,"0.631","-0.631",,,4,1,0,0,0,0,2,50,1,25,2.93364,0.24182,0.21,-0.23,"97.4",159,100,0,0,5.66,-0.47,-0.43,1.84,0.25,0,"-5.736363636",0.415,0.241,"5.736363636",-0.22,-0.16499999999999998,-0.241,-0.152,83.3,,,,,,,
9,680799,"Gray, Seth",2023,9,100,0.25,0,0.333,0.25,0.221,0.239,0.266,1,4,64.1,36,2350,89.9,89.78,2,6,3,-0.10000000000000853,6.14,86,143,115,150,291,313,298,"0.416","-0.416",,,4,3,1,0,0,0,1,25,0,0,1.97667,0.86667,0.14,-0.48,"88.0",165,0,0,0,5.55,-0.16,0.54,2.69,0.25,0,"-4.622222222",0.266,0.276,"4.622222222",-0.016,-0.016000000000000014,-0.026,-0.018,33.3,,,,,,,
9,672355,"Quintero, Alison",2023,9,100,0,0,0,0,0.232,0.505,0.44,0,2,86.9,-20.5,2082,90.4,90.72,0,3,6,0.29999999999999716,6.16,106,151,115,144,303,313,286,"0.266","-0.266",,,3,2,0,0,0,0,0,0,1,33.3,2.15111,0.65333,0.77556,0.92444,"91.4",57,50,0,0,6.09,-0.78,-0.45,1.89,0.333,0,"-2.955555556",0.627,0.49,"2.955555556",-0.44,-0.294,-0.49,-0.273,0,,,,,,,
9,658652,"Campos, Oscar",2023,10,90,0.5,0,0.5,0.5,0.441,0.367,0.391,2,4,105.5,-8.3,2248,90.9,90.77,0,5,4,-0.10000000000000853,6.29,105,147,113,149,290,294,273,"-1.308","1.308",,,4,4,2,0,0,0,0,0,0,0,2.17889,0.60778,0.33,-0.01889,"102.0",69,100,0,0,5.87,-0.94,-0.1,2.14,0.5,0,"14.533333333",0.391,0.441,"-14.533333333",0.109,0.10899999999999999,0.059,0.074,0,,,,,,,
8,686819,"Wright, Chris",2023,8,100,0.5,0.5,1,1,0.622,0.276,0.205,1,2,98.5,22,1958,89.6,89.23,2,3,5,-0.3999999999999915,6.18,125,147,105,152,282,302,273,"-0.387","0.387",,,2,1,0,1,0,0,1,50,0,0,1.86875,0.99625,0.7475,0.7475,"98.5",325,100,0,0,6.02,2.15,0.25,2.4,0.5,0,"4.8375",0.205,0.449,"-4.8375",0.295,0.29500000000000004,0.551,0.346,66.7,,,,,,,
8,682801,"Romero, Noelberth",2023,8,100,0,0,0,0,0,0.253,0.277,0,2,72.7,-5.5,2109,87.7,88.48,0,5,3,0.7999999999999972,6.48,112,152,114,146,300,317,281,"0.641","-0.641",,,2,2,0,0,0,0,0,0,0,0,2.6425,0.33625,0.5825,-0.5825,"90.8",65,0,0,0,5.55,2.42,-0.31,2.51,0,0,"-8.0125",0.277,0.291,"8.0125",-0.277,-0.277,-0.291,-0.253,0,,,,,,,
7,685722,"Mantecón, Michael",2023,7,100,0,0,0,0,0,0.089,0.096,0,3,94.6,16.5,2326,85,86.06,2,5,2,1.0999999999999943,6.99,110,153,117,146,294,308,281,"0.903","-0.903",,,3,2,0,0,0,0,1,33.3,0,0,3.21286,-0.01571,-0.15429,0.15429,"92.4",110,50,0,0,6.29,2.11,-0.13,1.46,0,0,"-12.9",0.096,0.112,"12.9",-0.096,-0.096,-0.112,-0.089,40,,,,,,,
7,664913,"Brown, Seth",2023,7,100,0.5,0,1,0.5,0.441,0.246,0.262,1,2,87.9,8,2237,82.8,82.64,2,3,4,-0.20000000000000284,6.07,129,150,128,151,299,336,304,"-0.141","0.141",,,2,1,1,0,0,0,1,50,0,0,2.92143,0.42857,-0.01286,-0.01286,"88.0",127,0,0,0,6.12,2.31,-0.51,1.84,0.5,0,"2.014285714",0.262,0.299,"-2.014285714",0.238,0.238,0.201,0.195,66.7,,,,,,,
6,702750,"Duran, Edinson",2023,6,100,0,0,0,0,0,0.067,0.074,0,2,62.2,8,1820,82.8,83.87,1,3,3,1.1000000000000085,7.05,112,142,115,150,285,319,293,"0.628","-0.628",,,2,1,0,0,0,0,1,50,0,0,2.715,0.68,-0.295,-0.295,"88.0",145,0,0,0,5.31,-2.28,0.7,1.96,0,0,"-10.466666667",0.074,0.077,"10.466666667",-0.074,-0.074,-0.077,-0.067,33.3,,,,,,,
6,683058,"Bellony, Isaac",2023,6,100,,,,,0.696,0.696,,0,0,,,2089,88,87.43,1,2,4,-0.5999999999999943,5.92,116,151,120,152,299,308,284,"-0.465","0.465",,,1,0,0,0,0,0,0,0,1,100,2.655,0.32167,0.12833,-0.12833,"89.0",3,,,,5.18,-1.63,-1.48,1.92,1,,"7.75",1,,"-7.75",,0,,0,50,,,,,,,
5,683649,"Santos, Angeudis",2023,5,100,,,,,0.696,0.696,,0,0,,,2125,78.2,77.58,0,0,5,-0.6000000000000085,5.94,113,144,118,149,296,315,287,"-0.349","0.349",,,1,0,0,0,0,0,0,0,1,100,4.07,-0.3,-0.36,0.36,,,,,,6.31,-1.64,-0.16,2.43,1,,"6.98",1,,"-6.98",,0,,0,,,,,,,,
5,691758,"Placencia, Erison",2023,5,100,0,0,0,0,0,0.145,0.146,0,1,92.1,-16,1945,86.7,86.84,1,3,2,0.09999999999999432,6.02,96,148,120,141,280,308,271,"0.352","-0.352",,,1,1,0,0,0,0,0,0,0,0,2.36,0.64,-0.054,-0.054,"90.1",96,0,0,0,5.88,-2.19,0.23,2.46,0,0,"-7.04",0.146,0.18,"7.04",-0.146,-0.146,-0.18,-0.145,33.3,,,,,,,
4,689328,"Creal, Ashton",2023,4,100,0,0,,0,0,0,,0,1,,,2098,93.7,93.6,1,2,2,-0.10000000000000853,6.33,,,,,,,,"0.287","-0.287",,,1,0,0,0,0,0,1,100,0,0,1.755,0.88,0.2875,0.2875,"88.0",2,,,,6.5,-0.41,0.25,1.86,0,,"-7.175",,,"7.175",,,,0,50,,,,,,,
3,671287,"Clarke, Phil",2023,3,100,1,0,1,1,0.883,0.188,0.209,1,1,84.4,0,2124,93.1,92.5,1,2,1,-0.5999999999999943,5.8,119,147,107,153,282,323,287,"-0.359","0.359",,,1,1,1,0,0,0,0,0,0,0,2.14667,0.48333,0.65333,-0.65333,"88.0",46,0,0,0,6.23,-2.09,0.56,1.93,1,0,"11.966666667",0.209,0.219,"-11.966666667",0.791,0.791,0.781,0.695,50,,,,,,,
2,592205,"Casteel, Ryan",2023,2,100,,,,,,,,,,,,2261,87.4,87.35,1,1,1,0,6.4,,,,,,,,"0.021","-0.021",,,,,,,,,,,,,2.76,0.27,0.375,0.375,,,,,,6.37,-2.02,1.13,2.1,,,"-1.05",,,"1.05",,,,,100,,,,,,,
2,679404,"Rangel, Oscar",2023,3,66.7,,,,,,,,,,,,2174,96,96.5,0,1,1,0.5,6.65,125,148,125,154,289,317,296,"0.165","-0.165",,,,,,,,,,,,,1.435,1.045,1,-1,"88.0",181,,,,5.7,-2.91,-0.48,2.48,,,"-8.25",,,"8.25",,,,,0,,,,,,,